學年度,學校類別,學校代碼,學校名稱,等級別,原住民在學數,全體在學數,原住民佔比
104,大專校院,0001,國立政治大學,二專,0,,
104,大專校院,0001,國立政治大學,五專,0,,
104,大專校院,0001,國立政治大學,博士班,5,963.0,0.00519
104,大專校院,0001,國立政治大學,學士班,155,9736.0,0.01592
104,大專校院,0001,國立政治大學,碩士班,49,5548.0,0.00883
104,大專校院,0002,國立清華大學,二專,0,,
104,大專校院,0002,國立清華大學,五專,0,,
104,大專校院,0002,國立清華大學,博士班,6,1681.0,0.00357
104,大專校院,0002,國立清華大學,學士班,36,6315.0,0.0057
104,大專校院,0002,國立清華大學,碩士班,12,4339.0,0.00277
104,大專校院,0003,國立臺灣大學,二專,0,,
104,大專校院,0003,國立臺灣大學,五專,0,,
104,大專校院,0003,國立臺灣大學,博士班,7,3965.0,0.00177
104,大專校院,0003,國立臺灣大學,學士班,293,16533.0,0.01772
104,大專校院,0003,國立臺灣大學,碩士班,19,11260.0,0.00169
104,大專校院,0004,國立臺灣師範大學,二專,0,,
104,大專校院,0004,國立臺灣師範大學,五專,0,,
104,大專校院,0004,國立臺灣師範大學,博士班,12,1388.0,0.00865
104,大專校院,0004,國立臺灣師範大學,學士班,206,7919.0,0.02601
104,大專校院,0004,國立臺灣師範大學,碩士班,27,5774.0,0.00468
104,大專校院,0005,國立成功大學,二專,0,,
104,大專校院,0005,國立成功大學,五專,0,,
104,大專校院,0005,國立成功大學,博士班,5,2171.0,0.0023
104,大專校院,0005,國立成功大學,學士班,101,11402.0,0.00886
104,大專校院,0005,國立成功大學,碩士班,12,7663.0,0.00157
104,大專校院,0006,國立中興大學,二專,0,,
104,大專校院,0006,國立中興大學,五專,0,,
104,大專校院,0006,國立中興大學,博士班,2,1116.0,0.00179
104,大專校院,0006,國立中興大學,學士班,79,9138.0,0.00865
104,大專校院,0006,國立中興大學,碩士班,14,4887.0,0.00286
104,大專校院,0007,國立交通大學,二專,0,,
104,大專校院,0007,國立交通大學,五專,0,,
104,大專校院,0007,國立交通大學,博士班,4,1836.0,0.00218
104,大專校院,0007,國立交通大學,學士班,25,5437.0,0.0046
104,大專校院,0007,國立交通大學,碩士班,8,6810.0,0.00117
104,大專校院,0008,國立中央大學,二專,0,,
104,大專校院,0008,國立中央大學,五專,0,,
104,大專校院,0008,國立中央大學,博士班,0,1096.0,0.0
104,大專校院,0008,國立中央大學,學士班,26,6117.0,0.00425
104,大專校院,0008,國立中央大學,碩士班,0,4749.0,0.0
104,大專校院,0009,國立中山大學,二專,0,,
104,大專校院,0009,國立中山大學,五專,0,,
104,大專校院,0009,國立中山大學,博士班,0,852.0,0.0
104,大專校院,0009,國立中山大學,學士班,22,4681.0,0.0047
104,大專校院,0009,國立中山大學,碩士班,0,3779.0,0.0
104,大專校院,0012,國立臺灣海洋大學,二專,0,,
104,大專校院,0012,國立臺灣海洋大學,五專,0,,
104,大專校院,0012,國立臺灣海洋大學,博士班,0,321.0,0.0
104,大專校院,0012,國立臺灣海洋大學,學士班,46,6288.0,0.00732
104,大專校院,0012,國立臺灣海洋大學,碩士班,9,2000.0,0.0045
104,大專校院,0013,國立中正大學,二專,0,,
104,大專校院,0013,國立中正大學,五專,0,,
104,大專校院,0013,國立中正大學,博士班,1,591.0,0.00169
104,大專校院,0013,國立中正大學,學士班,65,6727.0,0.00966
104,大專校院,0013,國立中正大學,碩士班,30,4361.0,0.00688
104,大專校院,0014,國立高雄師範大學,二專,0,,
104,大專校院,0014,國立高雄師範大學,五專,0,,
104,大專校院,0014,國立高雄師範大學,博士班,7,478.0,0.01464
104,大專校院,0014,國立高雄師範大學,學士班,49,3471.0,0.01412
104,大專校院,0014,國立高雄師範大學,碩士班,39,2682.0,0.01454
104,大專校院,0015,國立彰化師範大學,二專,0,,
104,大專校院,0015,國立彰化師範大學,五專,0,,
104,大專校院,0015,國立彰化師範大學,博士班,0,464.0,0.0
104,大專校院,0015,國立彰化師範大學,學士班,71,4850.0,0.01464
104,大專校院,0015,國立彰化師範大學,碩士班,15,2810.0,0.00534
104,大專校院,0016,國立陽明大學,二專,0,,
104,大專校院,0016,國立陽明大學,五專,0,,
104,大專校院,0016,國立陽明大學,博士班,1,934.0,0.00107
104,大專校院,0016,國立陽明大學,學士班,21,2100.0,0.01
104,大專校院,0016,國立陽明大學,碩士班,9,1293.0,0.00696
104,大專校院,0017,國立臺北大學,二專,0,,
104,大專校院,0017,國立臺北大學,五專,0,,
104,大專校院,0017,國立臺北大學,博士班,1,182.0,0.00549
104,大專校院,0017,國立臺北大學,學士班,113,7786.0,0.01451
104,大專校院,0017,國立臺北大學,碩士班,7,1797.0,0.0039
104,大專校院,0018,國立嘉義大學,二專,0,,
104,大專校院,0018,國立嘉義大學,五專,0,,
104,大專校院,0018,國立嘉義大學,博士班,1,185.0,0.00541
104,大專校院,0018,國立嘉義大學,學士班,160,10022.0,0.01596
104,大專校院,0018,國立嘉義大學,碩士班,10,2486.0,0.00402
104,大專校院,0019,國立高雄大學,二專,0,,
104,大專校院,0019,國立高雄大學,五專,0,,
104,大專校院,0019,國立高雄大學,博士班,0,17.0,0.0
104,大專校院,0019,國立高雄大學,學士班,31,4353.0,0.00712
104,大專校院,0019,國立高雄大學,碩士班,0,1046.0,0.0
104,大專校院,0020,國立東華大學,二專,0,,
104,大專校院,0020,國立東華大學,五專,0,,
104,大專校院,0020,國立東華大學,博士班,11,375.0,0.02933
104,大專校院,0020,國立東華大學,學士班,482,7477.0,0.06446
104,大專校院,0020,國立東華大學,碩士班,193,2322.0,0.08312
104,大專校院,0021,國立暨南國際大學,二專,0,,
104,大專校院,0021,國立暨南國際大學,五專,0,,
104,大專校院,0021,國立暨南國際大學,博士班,7,317.0,0.02208
104,大專校院,0021,國立暨南國際大學,學士班,121,4393.0,0.02754
104,大專校院,0021,國立暨南國際大學,碩士班,27,1429.0,0.01889
104,大專校院,0022,國立臺灣科技大學,二專,0,,
104,大專校院,0022,國立臺灣科技大學,五專,0,,
104,大專校院,0022,國立臺灣科技大學,博士班,0,958.0,0.0
104,大專校院,0022,國立臺灣科技大學,學士班,94,5524.0,0.01702
104,大專校院,0022,國立臺灣科技大學,碩士班,3,3964.0,0.00076
104,大專校院,0023,國立雲林科技大學,二專,0,,
104,大專校院,0023,國立雲林科技大學,五專,0,,
104,大專校院,0023,國立雲林科技大學,博士班,2,478.0,0.00418
104,大專校院,0023,國立雲林科技大學,學士班,88,6490.0,0.01356
104,大專校院,0023,國立雲林科技大學,碩士班,8,2894.0,0.00276
104,大專校院,0024,國立屏東科技大學,二專,0,,
104,大專校院,0024,國立屏東科技大學,五專,0,,
104,大專校院,0024,國立屏東科技大學,博士班,1,245.0,0.00408
104,大專校院,0024,國立屏東科技大學,學士班,158,9424.0,0.01677
104,大專校院,0024,國立屏東科技大學,碩士班,56,1785.0,0.03137
104,大專校院,0025,國立臺北科技大學,二專,0,,
104,大專校院,0025,國立臺北科技大學,五專,0,,
104,大專校院,0025,國立臺北科技大學,博士班,0,684.0,0.0
104,大專校院,0025,國立臺北科技大學,學士班,69,7191.0,0.0096
104,大專校院,0025,國立臺北科技大學,碩士班,4,4050.0,0.00099
104,大專校院,0026,國立高雄第一科技大學,二專,0,,
104,大專校院,0026,國立高雄第一科技大學,五專,0,,
104,大專校院,0026,國立高雄第一科技大學,博士班,1,232.0,0.00431
104,大專校院,0026,國立高雄第一科技大學,學士班,92,5647.0,0.01629
104,大專校院,0026,國立高雄第一科技大學,碩士班,4,1830.0,0.00219
104,大專校院,0027,國立高雄應用科技大學,二專,0,,
104,大專校院,0027,國立高雄應用科技大學,五專,0,,
104,大專校院,0027,國立高雄應用科技大學,博士班,1,299.0,0.00334
104,大專校院,0027,國立高雄應用科技大學,學士班,136,9345.0,0.01455
104,大專校院,0027,國立高雄應用科技大學,碩士班,9,2527.0,0.00356
104,大專校院,0028,國立臺北藝術大學,二專,0,,
104,大專校院,0028,國立臺北藝術大學,五專,1,83.0,0.01205
104,大專校院,0028,國立臺北藝術大學,博士班,1,67.0,0.01493
104,大專校院,0028,國立臺北藝術大學,學士班,39,1773.0,0.022
104,大專校院,0028,國立臺北藝術大學,碩士班,14,1141.0,0.01227
104,大專校院,0029,國立臺灣藝術大學,二專,0,,
104,大專校院,0029,國立臺灣藝術大學,五專,0,,
104,大專校院,0029,國立臺灣藝術大學,博士班,0,90.0,0.0
104,大專校院,0029,國立臺灣藝術大學,學士班,55,4254.0,0.01293
104,大專校院,0029,國立臺灣藝術大學,碩士班,1,1140.0,0.00088
104,大專校院,0030,國立臺東大學,二專,0,,
104,大專校院,0030,國立臺東大學,五專,0,,
104,大專校院,0030,國立臺東大學,博士班,0,38.0,0.0
104,大專校院,0030,國立臺東大學,學士班,228,3719.0,0.06131
104,大專校院,0030,國立臺東大學,碩士班,137,943.0,0.14528
104,大專校院,0031,國立宜蘭大學,二專,0,,
104,大專校院,0031,國立宜蘭大學,五專,0,,
104,大專校院,0031,國立宜蘭大學,博士班,0,14.0,0.0
104,大專校院,0031,國立宜蘭大學,學士班,91,4793.0,0.01899
104,大專校院,0031,國立宜蘭大學,碩士班,3,681.0,0.00441
104,大專校院,0032,國立聯合大學,二專,0,,
104,大專校院,0032,國立聯合大學,五專,0,,
104,大專校院,0032,國立聯合大學,博士班,0,9.0,0.0
104,大專校院,0032,國立聯合大學,學士班,77,7445.0,0.01034
104,大專校院,0032,國立聯合大學,碩士班,2,440.0,0.00455
104,大專校院,0033,國立虎尾科技大學,二專,0,,
104,大專校院,0033,國立虎尾科技大學,五專,0,,
104,大專校院,0033,國立虎尾科技大學,博士班,0,26.0,0.0
104,大專校院,0033,國立虎尾科技大學,學士班,93,8936.0,0.01041
104,大專校院,0033,國立虎尾科技大學,碩士班,3,1100.0,0.00273
104,大專校院,0034,國立高雄海洋科技大學,二專,0,,
104,大專校院,0034,國立高雄海洋科技大學,五專,15,506.0,0.02964
104,大專校院,0034,國立高雄海洋科技大學,博士班,0,9.0,0.0
104,大專校院,0034,國立高雄海洋科技大學,學士班,96,6719.0,0.01429
104,大專校院,0034,國立高雄海洋科技大學,碩士班,3,511.0,0.00587
104,大專校院,0035,國立臺南藝術大學,二專,0,,
104,大專校院,0035,國立臺南藝術大學,五專,2,166.0,0.01205
104,大專校院,0035,國立臺南藝術大學,博士班,0,41.0,0.0
104,大專校院,0035,國立臺南藝術大學,學士班,14,730.0,0.01918
104,大專校院,0035,國立臺南藝術大學,碩士班,7,593.0,0.0118
104,大專校院,0036,國立臺南大學,二專,0,,
104,大專校院,0036,國立臺南大學,五專,0,,
104,大專校院,0036,國立臺南大學,博士班,0,169.0,0.0
104,大專校院,0036,國立臺南大學,學士班,57,4107.0,0.01388
104,大專校院,0036,國立臺南大學,碩士班,11,1720.0,0.0064
104,大專校院,0037,國立臺北教育大學,二專,0,,
104,大專校院,0037,國立臺北教育大學,五專,0,,
104,大專校院,0037,國立臺北教育大學,博士班,1,132.0,0.00758
104,大專校院,0037,國立臺北教育大學,學士班,58,3319.0,0.01748
104,大專校院,0037,國立臺北教育大學,碩士班,31,2155.0,0.01439
104,大專校院,0038,國立新竹教育大學,二專,0,,
104,大專校院,0038,國立新竹教育大學,五專,0,,
104,大專校院,0038,國立新竹教育大學,博士班,5,82.0,0.06098
104,大專校院,0038,國立新竹教育大學,學士班,55,2573.0,0.02138
104,大專校院,0038,國立新竹教育大學,碩士班,39,1331.0,0.0293
104,大專校院,0039,國立臺中教育大學,二專,0,,
104,大專校院,0039,國立臺中教育大學,五專,0,,
104,大專校院,0039,國立臺中教育大學,博士班,0,126.0,0.0
104,大專校院,0039,國立臺中教育大學,學士班,85,3379.0,0.02516
104,大專校院,0039,國立臺中教育大學,碩士班,22,1523.0,0.01445
104,大專校院,0042,國立澎湖科技大學,二專,0,,
104,大專校院,0042,國立澎湖科技大學,五專,0,,
104,大專校院,0042,國立澎湖科技大學,博士班,0,,
104,大專校院,0042,國立澎湖科技大學,學士班,38,2869.0,0.01325
104,大專校院,0042,國立澎湖科技大學,碩士班,0,115.0,0.0
104,大專校院,0043,國立勤益科技大學,二專,0,8.0,0.0
104,大專校院,0043,國立勤益科技大學,五專,0,,
104,大專校院,0043,國立勤益科技大學,博士班,0,12.0,0.0
104,大專校院,0043,國立勤益科技大學,學士班,129,10396.0,0.01241
104,大專校院,0043,國立勤益科技大學,碩士班,6,902.0,0.00665
104,大專校院,0044,國立體育大學,二專,0,,
104,大專校院,0044,國立體育大學,五專,0,,
104,大專校院,0044,國立體育大學,博士班,3,137.0,0.0219
104,大專校院,0044,國立體育大學,學士班,120,1696.0,0.07075
104,大專校院,0044,國立體育大學,碩士班,10,528.0,0.01894
104,大專校院,0046,國立臺北護理健康大學,二專,0,,
104,大專校院,0046,國立臺北護理健康大學,五專,0,,
104,大專校院,0046,國立臺北護理健康大學,博士班,0,60.0,0.0
104,大專校院,0046,國立臺北護理健康大學,學士班,91,3829.0,0.02377
104,大專校院,0046,國立臺北護理健康大學,碩士班,13,768.0,0.01693
104,大專校院,0047,國立高雄餐旅大學,二專,3,278.0,0.01079
104,大專校院,0047,國立高雄餐旅大學,五專,2,213.0,0.00939
104,大專校院,0047,國立高雄餐旅大學,博士班,0,24.0,0.0
104,大專校院,0047,國立高雄餐旅大學,學士班,106,4502.0,0.02355
104,大專校院,0047,國立高雄餐旅大學,碩士班,2,284.0,0.00704
104,大專校院,0048,國立金門大學,二專,0,,
104,大專校院,0048,國立金門大學,五專,0,,
104,大專校院,0048,國立金門大學,博士班,0,,
104,大專校院,0048,國立金門大學,學士班,60,4137.0,0.0145
104,大專校院,0048,國立金門大學,碩士班,0,252.0,0.0
104,大專校院,0049,國立臺灣體育運動大學,二專,0,,
104,大專校院,0049,國立臺灣體育運動大學,五專,0,,
104,大專校院,0049,國立臺灣體育運動大學,博士班,0,,
104,大專校院,0049,國立臺灣體育運動大學,學士班,256,2802.0,0.09136
104,大專校院,0049,國立臺灣體育運動大學,碩士班,30,390.0,0.07692
104,大專校院,0050,國立臺中科技大學,二專,4,248.0,0.01613
104,大專校院,0050,國立臺中科技大學,五專,83,3825.0,0.0217
104,大專校院,0050,國立臺中科技大學,博士班,0,,
104,大專校院,0050,國立臺中科技大學,學士班,141,9245.0,0.01525
104,大專校院,0050,國立臺中科技大學,碩士班,2,557.0,0.00359
104,大專校院,0051,國立臺北商業大學,二專,4,213.0,0.01878
104,大專校院,0051,國立臺北商業大學,五專,43,1978.0,0.02174
104,大專校院,0051,國立臺北商業大學,博士班,0,,
104,大專校院,0051,國立臺北商業大學,學士班,107,4478.0,0.02389
104,大專校院,0051,國立臺北商業大學,碩士班,2,176.0,0.01136
104,大專校院,0052,國立屏東大學,二專,0,,
104,大專校院,0052,國立屏東大學,五專,0,,
104,大專校院,0052,國立屏東大學,博士班,4,51.0,0.07843
104,大專校院,0052,國立屏東大學,學士班,291,7305.0,0.03984
104,大專校院,0052,國立屏東大學,碩士班,65,1391.0,0.04673
104,大專校院,0144,國立臺灣戲曲學院,二專,0,,
104,大專校院,0144,國立臺灣戲曲學院,五專,0,,
104,大專校院,0144,國立臺灣戲曲學院,博士班,0,,
104,大專校院,0144,國立臺灣戲曲學院,學士班,24,575.0,0.04174
104,大專校院,0144,國立臺灣戲曲學院,碩士班,0,,
104,大專校院,0221,國立臺南護理專科學校,二專,8,183.0,0.04372
104,大專校院,0221,國立臺南護理專科學校,五專,61,1763.0,0.0346
104,大專校院,0221,國立臺南護理專科學校,博士班,0,,
104,大專校院,0221,國立臺南護理專科學校,學士班,0,,
104,大專校院,0221,國立臺南護理專科學校,碩士班,0,,
104,大專校院,0222,國立臺東專科學校,二專,53,603.0,0.08789
104,大專校院,0222,國立臺東專科學校,五專,130,660.0,0.19697
104,大專校院,0222,國立臺東專科學校,博士班,0,,
104,大專校院,0222,國立臺東專科學校,學士班,0,,
104,大專校院,0222,國立臺東專科學校,碩士班,0,,
104,空大及附設進修學校,0A01,國立空中大學,二專,92,,
104,空大及附設進修學校,0A01,國立空中大學,五專,0,,
104,空大及附設進修學校,0A01,國立空中大學,博士班,0,,
104,空大及附設進修學校,0A01,國立空中大學,學士班,329,,
104,空大及附設進修學校,0A01,國立空中大學,碩士班,0,,
104,空大及附設進修學校,0A09,國立臺中科技大學附進修專校,二專,7,,
104,空大及附設進修學校,0A09,國立臺中科技大學附進修專校,五專,0,,
104,空大及附設進修學校,0A09,國立臺中科技大學附進修專校,博士班,0,,
104,空大及附設進修學校,0A09,國立臺中科技大學附進修專校,學士班,0,,
104,空大及附設進修學校,0A09,國立臺中科技大學附進修專校,碩士班,0,,
104,空大及附設進修學校,0A10,國立臺北商業大學附進修專校,二專,36,,
104,空大及附設進修學校,0A10,國立臺北商業大學附進修專校,五專,0,,
104,空大及附設進修學校,0A10,國立臺北商業大學附進修專校,博士班,0,,
104,空大及附設進修學校,0A10,國立臺北商業大學附進修專校,學士班,0,,
104,空大及附設進修學校,0A10,國立臺北商業大學附進修專校,碩士班,0,,
104,空大及附設進修學校,0A11,國立勤益科技大學附進修專校,二專,9,,
104,空大及附設進修學校,0A11,國立勤益科技大學附進修專校,五專,0,,
104,空大及附設進修學校,0A11,國立勤益科技大學附進修專校,博士班,0,,
104,空大及附設進修學校,0A11,國立勤益科技大學附進修專校,學士班,0,,
104,空大及附設進修學校,0A11,國立勤益科技大學附進修專校,碩士班,0,,
104,空大及附設進修學校,0A12,國立臺北科技大學附進修學院,二專,0,,
104,空大及附設進修學校,0A12,國立臺北科技大學附進修學院,五專,0,,
104,空大及附設進修學校,0A12,國立臺北科技大學附進修學院,博士班,0,,
104,空大及附設進修學校,0A12,國立臺北科技大學附進修學院,學士班,3,,
104,空大及附設進修學校,0A12,國立臺北科技大學附進修學院,碩士班,0,,
104,空大及附設進修學校,0A13,國立高雄應用科技大學附進修學院,二專,0,,
104,空大及附設進修學校,0A13,國立高雄應用科技大學附進修學院,五專,0,,
104,空大及附設進修學校,0A13,國立高雄應用科技大學附進修學院,博士班,0,,
104,空大及附設進修學校,0A13,國立高雄應用科技大學附進修學院,學士班,8,,
104,空大及附設進修學校,0A13,國立高雄應用科技大學附進修學院,碩士班,0,,
104,空大及附設進修學校,0A14,國立虎尾科技大學附進修學院,二專,0,,
104,空大及附設進修學校,0A14,國立虎尾科技大學附進修學院,五專,0,,
104,空大及附設進修學校,0A14,國立虎尾科技大學附進修學院,博士班,0,,
104,空大及附設進修學校,0A14,國立虎尾科技大學附進修學院,學士班,1,,
104,空大及附設進修學校,0A14,國立虎尾科技大學附進修學院,碩士班,0,,
104,空大及附設進修學校,0A15,國立勤益科技大學附進修學院,二專,0,,
104,空大及附設進修學校,0A15,國立勤益科技大學附進修學院,五專,0,,
104,空大及附設進修學校,0A15,國立勤益科技大學附進修學院,博士班,0,,
104,空大及附設進修學校,0A15,國立勤益科技大學附進修學院,學士班,3,,
104,空大及附設進修學校,0A15,國立勤益科技大學附進修學院,碩士班,0,,
104,空大及附設進修學校,0A16,國立臺中科技大學附進修學院,二專,0,,
104,空大及附設進修學校,0A16,國立臺中科技大學附進修學院,五專,0,,
104,空大及附設進修學校,0A16,國立臺中科技大學附進修學院,博士班,0,,
104,空大及附設進修學校,0A16,國立臺中科技大學附進修學院,學士班,12,,
104,空大及附設進修學校,0A16,國立臺中科技大學附進修學院,碩士班,0,,
104,空大及附設進修學校,0A17,國立臺北商業大學附空中進院,二專,56,,
104,空大及附設進修學校,0A17,國立臺北商業大學附空中進院,五專,0,,
104,空大及附設進修學校,0A17,國立臺北商業大學附空中進院,博士班,0,,
104,空大及附設進修學校,0A17,國立臺北商業大學附空中進院,學士班,67,,
104,空大及附設進修學校,0A17,國立臺北商業大學附空中進院,碩士班,0,,
104,空大及附設進修學校,0A18,國立臺中科技大學附空中進院,二專,42,,
104,空大及附設進修學校,0A18,國立臺中科技大學附空中進院,五專,0,,
104,空大及附設進修學校,0A18,國立臺中科技大學附空中進院,博士班,0,,
104,空大及附設進修學校,0A18,國立臺中科技大學附空中進院,學士班,19,,
104,空大及附設進修學校,0A18,國立臺中科技大學附空中進院,碩士班,0,,
104,大專校院,1001,東海大學,二專,0,,
104,大專校院,1001,東海大學,五專,0,,
104,大專校院,1001,東海大學,博士班,1,227.0,0.00441
104,大專校院,1001,東海大學,學士班,54,14469.0,0.00373
104,大專校院,1001,東海大學,碩士班,8,2237.0,0.00358
104,大專校院,1002,輔仁大學,二專,0,,
104,大專校院,1002,輔仁大學,五專,0,,
104,大專校院,1002,輔仁大學,博士班,1,453.0,0.00221
104,大專校院,1002,輔仁大學,學士班,333,23168.0,0.01437
104,大專校院,1002,輔仁大學,碩士班,43,3806.0,0.0113
104,大專校院,1003,東吳大學,二專,0,,
104,大專校院,1003,東吳大學,五專,0,,
104,大專校院,1003,東吳大學,博士班,0,102.0,0.0
104,大專校院,1003,東吳大學,學士班,145,13342.0,0.01087
104,大專校院,1003,東吳大學,碩士班,4,2352.0,0.0017
104,大專校院,1004,中原大學,二專,0,,
104,大專校院,1004,中原大學,五專,0,,
104,大專校院,1004,中原大學,博士班,0,354.0,0.0
104,大專校院,1004,中原大學,學士班,128,13280.0,0.00964
104,大專校院,1004,中原大學,碩士班,0,2683.0,0.0
104,大專校院,1005,淡江大學,二專,0,,
104,大專校院,1005,淡江大學,五專,0,,
104,大專校院,1005,淡江大學,博士班,0,496.0,0.0
104,大專校院,1005,淡江大學,學士班,146,23346.0,0.00625
104,大專校院,1005,淡江大學,碩士班,5,3199.0,0.00156
104,大專校院,1006,中國文化大學,二專,0,,
104,大專校院,1006,中國文化大學,五專,0,,
104,大專校院,1006,中國文化大學,博士班,0,505.0,0.0
104,大專校院,1006,中國文化大學,學士班,399,24005.0,0.01662
104,大專校院,1006,中國文化大學,碩士班,6,2184.0,0.00275
104,大專校院,1007,逢甲大學,二專,0,,
104,大專校院,1007,逢甲大學,五專,0,,
104,大專校院,1007,逢甲大學,博士班,0,408.0,0.0
104,大專校院,1007,逢甲大學,學士班,74,18037.0,0.0041
104,大專校院,1007,逢甲大學,碩士班,3,2756.0,0.00109
104,大專校院,1008,靜宜大學,二專,0,,
104,大專校院,1008,靜宜大學,五專,0,,
104,大專校院,1008,靜宜大學,博士班,0,36.0,0.0
104,大專校院,1008,靜宜大學,學士班,101,11493.0,0.00879
104,大專校院,1008,靜宜大學,碩士班,1,906.0,0.0011
104,大專校院,1009,長庚大學,二專,0,,
104,大專校院,1009,長庚大學,五專,0,,
104,大專校院,1009,長庚大學,博士班,0,550.0,0.0
104,大專校院,1009,長庚大學,學士班,30,5218.0,0.00575
104,大專校院,1009,長庚大學,碩士班,4,1618.0,0.00247
104,大專校院,1010,元智大學,二專,0,,
104,大專校院,1010,元智大學,五專,0,,
104,大專校院,1010,元智大學,博士班,1,307.0,0.00326
104,大專校院,1010,元智大學,學士班,37,7223.0,0.00512
104,大專校院,1010,元智大學,碩士班,9,1890.0,0.00476
104,大專校院,1011,中華大學,二專,0,,
104,大專校院,1011,中華大學,五專,0,,
104,大專校院,1011,中華大學,博士班,1,126.0,0.00794
104,大專校院,1011,中華大學,學士班,69,7441.0,0.00927
104,大專校院,1011,中華大學,碩士班,1,906.0,0.0011
104,大專校院,1012,大葉大學,二專,0,,
104,大專校院,1012,大葉大學,五專,0,,
104,大專校院,1012,大葉大學,博士班,1,128.0,0.00781
104,大專校院,1012,大葉大學,學士班,128,10442.0,0.01226
104,大專校院,1012,大葉大學,碩士班,17,1321.0,0.01287
104,大專校院,1013,華梵大學,二專,0,,
104,大專校院,1013,華梵大學,五專,0,,
104,大專校院,1013,華梵大學,博士班,0,53.0,0.0
104,大專校院,1013,華梵大學,學士班,20,2613.0,0.00765
104,大專校院,1013,華梵大學,碩士班,4,576.0,0.00694
104,大專校院,1014,義守大學,二專,0,,
104,大專校院,1014,義守大學,五專,0,,
104,大專校院,1014,義守大學,博士班,1,137.0,0.0073
104,大專校院,1014,義守大學,學士班,641,15501.0,0.04135
104,大專校院,1014,義守大學,碩士班,8,1028.0,0.00778
104,大專校院,1015,世新大學,二專,0,,
104,大專校院,1015,世新大學,五專,0,,
104,大專校院,1015,世新大學,博士班,1,76.0,0.01316
104,大專校院,1015,世新大學,學士班,276,10163.0,0.02716
104,大專校院,1015,世新大學,碩士班,14,1611.0,0.00869
104,大專校院,1016,銘傳大學,二專,0,,
104,大專校院,1016,銘傳大學,五專,0,,
104,大專校院,1016,銘傳大學,博士班,0,59.0,0.0
104,大專校院,1016,銘傳大學,學士班,172,17787.0,0.00967
104,大專校院,1016,銘傳大學,碩士班,0,1567.0,0.0
104,大專校院,1017,實踐大學,二專,0,,
104,大專校院,1017,實踐大學,五專,0,,
104,大專校院,1017,實踐大學,博士班,0,14.0,0.0
104,大專校院,1017,實踐大學,學士班,351,15015.0,0.02338
104,大專校院,1017,實踐大學,碩士班,2,587.0,0.00341
104,大專校院,1018,朝陽科技大學,二專,0,,
104,大專校院,1018,朝陽科技大學,五專,0,,
104,大專校院,1018,朝陽科技大學,博士班,0,89.0,0.0
104,大專校院,1018,朝陽科技大學,學士班,165,15033.0,0.01098
104,大專校院,1018,朝陽科技大學,碩士班,5,1227.0,0.00407
104,大專校院,1019,高雄醫學大學,二專,0,,
104,大專校院,1019,高雄醫學大學,五專,0,,
104,大專校院,1019,高雄醫學大學,博士班,1,325.0,0.00308
104,大專校院,1019,高雄醫學大學,學士班,76,5761.0,0.01319
104,大專校院,1019,高雄醫學大學,碩士班,1,808.0,0.00124
104,大專校院,1020,南華大學,二專,0,,
104,大專校院,1020,南華大學,五專,0,,
104,大專校院,1020,南華大學,博士班,0,36.0,0.0
104,大專校院,1020,南華大學,學士班,70,4464.0,0.01568
104,大專校院,1020,南華大學,碩士班,8,1055.0,0.00758
104,大專校院,1021,真理大學,二專,0,,
104,大專校院,1021,真理大學,五專,0,,
104,大專校院,1021,真理大學,博士班,0,,
104,大專校院,1021,真理大學,學士班,143,8349.0,0.01713
104,大專校院,1021,真理大學,碩士班,3,170.0,0.01765
104,大專校院,1022,大同大學,二專,0,,
104,大專校院,1022,大同大學,五專,0,,
104,大專校院,1022,大同大學,博士班,0,134.0,0.0
104,大專校院,1022,大同大學,學士班,9,3733.0,0.00241
104,大專校院,1022,大同大學,碩士班,1,825.0,0.00121
104,大專校院,1023,南臺科技大學,二專,0,,
104,大專校院,1023,南臺科技大學,五專,0,,
104,大專校院,1023,南臺科技大學,博士班,0,72.0,0.0
104,大專校院,1023,南臺科技大學,學士班,118,17801.0,0.00663
104,大專校院,1023,南臺科技大學,碩士班,3,1447.0,0.00207
104,大專校院,1024,崑山科技大學,二專,0,,
104,大專校院,1024,崑山科技大學,五專,0,,
104,大專校院,1024,崑山科技大學,博士班,0,34.0,0.0
104,大專校院,1024,崑山科技大學,學士班,114,11973.0,0.00952
104,大專校院,1024,崑山科技大學,碩士班,11,629.0,0.01749
104,大專校院,1025,嘉南藥理大學,二專,0,,
104,大專校院,1025,嘉南藥理大學,五專,0,,
104,大專校院,1025,嘉南藥理大學,博士班,0,,
104,大專校院,1025,嘉南藥理大學,學士班,341,16440.0,0.02074
104,大專校院,1025,嘉南藥理大學,碩士班,4,531.0,0.00753
104,大專校院,1026,樹德科技大學,二專,0,,
104,大專校院,1026,樹德科技大學,五專,0,,
104,大專校院,1026,樹德科技大學,博士班,0,26.0,0.0
104,大專校院,1026,樹德科技大學,學士班,180,10526.0,0.0171
104,大專校院,1026,樹德科技大學,碩士班,7,795.0,0.00881
104,大專校院,1027,慈濟大學,二專,0,,
104,大專校院,1027,慈濟大學,五專,0,,
104,大專校院,1027,慈濟大學,博士班,0,104.0,0.0
104,大專校院,1027,慈濟大學,學士班,75,2934.0,0.02556
104,大專校院,1027,慈濟大學,碩士班,21,382.0,0.05497
104,大專校院,1028,臺北醫學大學,二專,0,,
104,大專校院,1028,臺北醫學大學,五專,0,,
104,大專校院,1028,臺北醫學大學,博士班,0,408.0,0.0
104,大專校院,1028,臺北醫學大學,學士班,54,4651.0,0.01161
104,大專校院,1028,臺北醫學大學,碩士班,0,836.0,0.0
104,大專校院,1029,中山醫學大學,二專,0,,
104,大專校院,1029,中山醫學大學,五專,0,,
104,大專校院,1029,中山醫學大學,博士班,0,225.0,0.0
104,大專校院,1029,中山醫學大學,學士班,138,6665.0,0.02071
104,大專校院,1029,中山醫學大學,碩士班,0,614.0,0.0
104,大專校院,1030,龍華科技大學,二專,0,11.0,0.0
104,大專校院,1030,龍華科技大學,五專,0,38.0,0.0
104,大專校院,1030,龍華科技大學,博士班,0,,
104,大專校院,1030,龍華科技大學,學士班,123,10694.0,0.0115
104,大專校院,1030,龍華科技大學,碩士班,0,425.0,0.0
104,大專校院,1031,輔英科技大學,二專,0,,
104,大專校院,1031,輔英科技大學,五專,88,2901.0,0.03033
104,大專校院,1031,輔英科技大學,博士班,0,,
104,大專校院,1031,輔英科技大學,學士班,99,6509.0,0.01521
104,大專校院,1031,輔英科技大學,碩士班,1,169.0,0.00592
104,大專校院,1032,明新科技大學,二專,0,63.0,0.0
104,大專校院,1032,明新科技大學,五專,0,,
104,大專校院,1032,明新科技大學,博士班,0,,
104,大專校院,1032,明新科技大學,學士班,215,12734.0,0.01688
104,大專校院,1032,明新科技大學,碩士班,5,578.0,0.00865
104,大專校院,1033,長榮大學,二專,0,,
104,大專校院,1033,長榮大學,五專,0,,
104,大專校院,1033,長榮大學,博士班,1,37.0,0.02703
104,大專校院,1033,長榮大學,學士班,257,9930.0,0.02588
104,大專校院,1033,長榮大學,碩士班,7,627.0,0.01116
104,大專校院,1034,弘光科技大學,二專,2,67.0,0.02985
104,大專校院,1034,弘光科技大學,五專,11,269.0,0.04089
104,大專校院,1034,弘光科技大學,博士班,0,,
104,大專校院,1034,弘光科技大學,學士班,196,12376.0,0.01584
104,大專校院,1034,弘光科技大學,碩士班,2,294.0,0.0068
104,大專校院,1035,中國醫藥大學,二專,0,,
104,大專校院,1035,中國醫藥大學,五專,0,,
104,大專校院,1035,中國醫藥大學,博士班,0,356.0,0.0
104,大專校院,1035,中國醫藥大學,學士班,113,6453.0,0.01751
104,大專校院,1035,中國醫藥大學,碩士班,5,557.0,0.00898
104,大專校院,1036,健行科技大學,二專,1,46.0,0.02174
104,大專校院,1036,健行科技大學,五專,2,28.0,0.07143
104,大專校院,1036,健行科技大學,博士班,0,,
104,大專校院,1036,健行科技大學,學士班,250,11571.0,0.02161
104,大專校院,1036,健行科技大學,碩士班,0,456.0,0.0
104,大專校院,1037,正修科技大學,二專,0,2.0,0.0
104,大專校院,1037,正修科技大學,五專,0,13.0,0.0
104,大專校院,1037,正修科技大學,博士班,0,12.0,0.0
104,大專校院,1037,正修科技大學,學士班,220,16765.0,0.01312
104,大專校院,1037,正修科技大學,碩士班,4,469.0,0.00853
104,大專校院,1038,萬能科技大學,二專,0,15.0,0.0
104,大專校院,1038,萬能科技大學,五專,0,,
104,大專校院,1038,萬能科技大學,博士班,0,,
104,大專校院,1038,萬能科技大學,學士班,347,10782.0,0.03218
104,大專校院,1038,萬能科技大學,碩士班,5,250.0,0.02
104,大專校院,1039,玄奘大學,二專,0,,
104,大專校院,1039,玄奘大學,五專,0,,
104,大專校院,1039,玄奘大學,博士班,0,9.0,0.0
104,大專校院,1039,玄奘大學,學士班,186,5260.0,0.03536
104,大專校院,1039,玄奘大學,碩士班,10,590.0,0.01695
104,大專校院,1040,建國科技大學,二專,0,2.0,0.0
104,大專校院,1040,建國科技大學,五專,0,,
104,大專校院,1040,建國科技大學,博士班,0,,
104,大專校院,1040,建國科技大學,學士班,57,8782.0,0.00649
104,大專校院,1040,建國科技大學,碩士班,2,225.0,0.00889
104,大專校院,1041,明志科技大學,二專,0,,
104,大專校院,1041,明志科技大學,五專,0,15.0,0.0
104,大專校院,1041,明志科技大學,博士班,0,,
104,大專校院,1041,明志科技大學,學士班,46,4056.0,0.01134
104,大專校院,1041,明志科技大學,碩士班,1,461.0,0.00217
104,大專校院,1042,高苑科技大學,二專,0,6.0,0.0
104,大專校院,1042,高苑科技大學,五專,0,,
104,大專校院,1042,高苑科技大學,博士班,0,,
104,大專校院,1042,高苑科技大學,學士班,216,7092.0,0.03046
104,大專校院,1042,高苑科技大學,碩士班,5,426.0,0.01174
104,大專校院,1043,大仁科技大學,二專,0,,
104,大專校院,1043,大仁科技大學,五專,0,1.0,0.0
104,大專校院,1043,大仁科技大學,博士班,0,,
104,大專校院,1043,大仁科技大學,學士班,383,7261.0,0.05275
104,大專校院,1043,大仁科技大學,碩士班,10,206.0,0.04854
104,大專校院,1044,聖約翰科技大學,二專,0,,
104,大專校院,1044,聖約翰科技大學,五專,1,96.0,0.01042
104,大專校院,1044,聖約翰科技大學,博士班,0,,
104,大專校院,1044,聖約翰科技大學,學士班,80,4927.0,0.01624
104,大專校院,1044,聖約翰科技大學,碩士班,0,235.0,0.0
104,大專校院,1045,嶺東科技大學,二專,0,20.0,0.0
104,大專校院,1045,嶺東科技大學,五專,0,,
104,大專校院,1045,嶺東科技大學,博士班,0,,
104,大專校院,1045,嶺東科技大學,學士班,112,10020.0,0.01118
104,大專校院,1045,嶺東科技大學,碩士班,2,359.0,0.00557
104,大專校院,1046,中國科技大學,二專,0,,
104,大專校院,1046,中國科技大學,五專,0,,
104,大專校院,1046,中國科技大學,博士班,0,,
104,大專校院,1046,中國科技大學,學士班,181,12053.0,0.01502
104,大專校院,1046,中國科技大學,碩士班,1,192.0,0.00521
104,大專校院,1047,中臺科技大學,二專,0,,
104,大專校院,1047,中臺科技大學,五專,0,,
104,大專校院,1047,中臺科技大學,博士班,0,20.0,0.0
104,大專校院,1047,中臺科技大學,學士班,139,9103.0,0.01527
104,大專校院,1047,中臺科技大學,碩士班,6,408.0,0.01471
104,大專校院,1048,亞洲大學,二專,0,,
104,大專校院,1048,亞洲大學,五專,0,,
104,大專校院,1048,亞洲大學,博士班,0,159.0,0.0
104,大專校院,1048,亞洲大學,學士班,160,11168.0,0.01433
104,大專校院,1048,亞洲大學,碩士班,0,1106.0,0.0
104,大專校院,1049,開南大學,二專,0,,
104,大專校院,1049,開南大學,五專,0,,
104,大專校院,1049,開南大學,博士班,0,,
104,大專校院,1049,開南大學,學士班,220,8886.0,0.02476
104,大專校院,1049,開南大學,碩士班,16,628.0,0.02548
104,大專校院,1050,佛光大學,二專,0,,
104,大專校院,1050,佛光大學,五專,0,,
104,大專校院,1050,佛光大學,博士班,0,52.0,0.0
104,大專校院,1050,佛光大學,學士班,98,3017.0,0.03248
104,大專校院,1050,佛光大學,碩士班,22,872.0,0.02523
104,大專校院,1051,台南應用科技大學,二專,0,,
104,大專校院,1051,台南應用科技大學,五專,19,1199.0,0.01585
104,大專校院,1051,台南應用科技大學,博士班,0,,
104,大專校院,1051,台南應用科技大學,學士班,136,11443.0,0.01188
104,大專校院,1051,台南應用科技大學,碩士班,5,305.0,0.01639
104,大專校院,1052,遠東科技大學,二專,1,39.0,0.02564
104,大專校院,1052,遠東科技大學,五專,0,,
104,大專校院,1052,遠東科技大學,博士班,0,,
104,大專校院,1052,遠東科技大學,學士班,110,7875.0,0.01397
104,大專校院,1052,遠東科技大學,碩士班,4,209.0,0.01914
104,大專校院,1053,元培醫事科技大學,二專,0,,
104,大專校院,1053,元培醫事科技大學,五專,0,,
104,大專校院,1053,元培醫事科技大學,博士班,0,,
104,大專校院,1053,元培醫事科技大學,學士班,111,6756.0,0.01643
104,大專校院,1053,元培醫事科技大學,碩士班,7,256.0,0.02734
104,大專校院,1054,景文科技大學,二專,0,,
104,大專校院,1054,景文科技大學,五專,0,,
104,大專校院,1054,景文科技大學,博士班,0,,
104,大專校院,1054,景文科技大學,學士班,142,7956.0,0.01785
104,大專校院,1054,景文科技大學,碩士班,3,156.0,0.01923
104,大專校院,1055,中華醫事科技大學,二專,0,95.0,0.0
104,大專校院,1055,中華醫事科技大學,五專,27,2194.0,0.01231
104,大專校院,1055,中華醫事科技大學,博士班,0,,
104,大專校院,1055,中華醫事科技大學,學士班,63,7086.0,0.00889
104,大專校院,1055,中華醫事科技大學,碩士班,0,54.0,0.0
104,大專校院,1056,東南科技大學,二專,0,19.0,0.0
104,大專校院,1056,東南科技大學,五專,0,,
104,大專校院,1056,東南科技大學,博士班,0,,
104,大專校院,1056,東南科技大學,學士班,168,7292.0,0.02304
104,大專校院,1056,東南科技大學,碩士班,2,173.0,0.01156
104,大專校院,1057,德明財經科技大學,二專,0,1.0,0.0
104,大專校院,1057,德明財經科技大學,五專,0,,
104,大專校院,1057,德明財經科技大學,博士班,0,,
104,大專校院,1057,德明財經科技大學,學士班,96,9096.0,0.01055
104,大專校院,1057,德明財經科技大學,碩士班,0,129.0,0.0
104,大專校院,1058,明道大學,二專,0,,
104,大專校院,1058,明道大學,五專,0,,
104,大專校院,1058,明道大學,博士班,0,13.0,0.0
104,大專校院,1058,明道大學,學士班,80,5265.0,0.01519
104,大專校院,1058,明道大學,碩士班,1,293.0,0.00341
104,大專校院,1060,南開科技大學,二專,0,5.0,0.0
104,大專校院,1060,南開科技大學,五專,13,1088.0,0.01195
104,大專校院,1060,南開科技大學,博士班,0,,
104,大專校院,1060,南開科技大學,學士班,61,4987.0,0.01223
104,大專校院,1060,南開科技大學,碩士班,3,239.0,0.01255
104,大專校院,1061,中華科技大學,二專,0,,
104,大專校院,1061,中華科技大學,五專,0,,
104,大專校院,1061,中華科技大學,博士班,0,,
104,大專校院,1061,中華科技大學,學士班,151,7695.0,0.01962
104,大專校院,1061,中華科技大學,碩士班,11,391.0,0.02813
104,大專校院,1062,僑光科技大學,二專,1,255.0,0.00392
104,大專校院,1062,僑光科技大學,五專,3,149.0,0.02013
104,大專校院,1062,僑光科技大學,博士班,0,,
104,大專校院,1062,僑光科技大學,學士班,107,9942.0,0.01076
104,大專校院,1062,僑光科技大學,碩士班,0,140.0,0.0
104,大專校院,1063,育達科技大學,二專,0,,
104,大專校院,1063,育達科技大學,五專,0,,
104,大專校院,1063,育達科技大學,博士班,0,,
104,大專校院,1063,育達科技大學,學士班,109,5256.0,0.02074
104,大專校院,1063,育達科技大學,碩士班,7,209.0,0.03349
104,大專校院,1064,美和科技大學,二專,1,7.0,0.14286
104,大專校院,1064,美和科技大學,五專,207,1824.0,0.11349
104,大專校院,1064,美和科技大學,博士班,0,,
104,大專校院,1064,美和科技大學,學士班,493,5928.0,0.08316
104,大專校院,1064,美和科技大學,碩士班,14,310.0,0.04516
104,大專校院,1065,吳鳳科技大學,二專,0,3.0,0.0
104,大專校院,1065,吳鳳科技大學,五專,0,,
104,大專校院,1065,吳鳳科技大學,博士班,0,,
104,大專校院,1065,吳鳳科技大學,學士班,85,5327.0,0.01596
104,大專校院,1065,吳鳳科技大學,碩士班,1,126.0,0.00794
104,大專校院,1066,環球科技大學,二專,26,297.0,0.08754
104,大專校院,1066,環球科技大學,五專,0,,
104,大專校院,1066,環球科技大學,博士班,0,,
104,大專校院,1066,環球科技大學,學士班,350,5931.0,0.05901
104,大專校院,1066,環球科技大學,碩士班,9,188.0,0.04787
104,大專校院,1067,台灣首府大學,二專,0,,
104,大專校院,1067,台灣首府大學,五專,0,,
104,大專校院,1067,台灣首府大學,博士班,0,,
104,大專校院,1067,台灣首府大學,學士班,126,4020.0,0.03134
104,大專校院,1067,台灣首府大學,碩士班,0,74.0,0.0
104,大專校院,1068,中州科技大學,二專,1,11.0,0.09091
104,大專校院,1068,中州科技大學,五專,0,,
104,大專校院,1068,中州科技大學,博士班,0,,
104,大專校院,1068,中州科技大學,學士班,64,4279.0,0.01496
104,大專校院,1068,中州科技大學,碩士班,1,105.0,0.00952
104,大專校院,1069,修平科技大學,二專,0,23.0,0.0
104,大專校院,1069,修平科技大學,五專,0,,
104,大專校院,1069,修平科技大學,博士班,0,,
104,大專校院,1069,修平科技大學,學士班,80,6305.0,0.01269
104,大專校院,1069,修平科技大學,碩士班,2,68.0,0.02941
104,大專校院,1070,長庚科技大學,二專,0,,
104,大專校院,1070,長庚科技大學,五專,56,1280.0,0.04375
104,大專校院,1070,長庚科技大學,博士班,0,,
104,大專校院,1070,長庚科技大學,學士班,136,6005.0,0.02265
104,大專校院,1070,長庚科技大學,碩士班,1,86.0,0.01163
104,大專校院,1071,臺北城市科技大學,二專,3,145.0,0.02069
104,大專校院,1071,臺北城市科技大學,五專,25,1625.0,0.01538
104,大專校院,1071,臺北城市科技大學,博士班,0,,
104,大專校院,1071,臺北城市科技大學,學士班,145,8137.0,0.01782
104,大專校院,1071,臺北城市科技大學,碩士班,0,111.0,0.0
104,大專校院,1072,大華科技大學,二專,5,257.0,0.01946
104,大專校院,1072,大華科技大學,五專,48,1136.0,0.04225
104,大專校院,1072,大華科技大學,博士班,0,,
104,大專校院,1072,大華科技大學,學士班,78,2724.0,0.02863
104,大專校院,1072,大華科技大學,碩士班,0,33.0,0.0
104,大專校院,1073,醒吾科技大學,二專,0,10.0,0.0
104,大專校院,1073,醒吾科技大學,五專,25,1302.0,0.0192
104,大專校院,1073,醒吾科技大學,博士班,0,,
104,大專校院,1073,醒吾科技大學,學士班,176,7244.0,0.0243
104,大專校院,1073,醒吾科技大學,碩士班,1,129.0,0.00775
104,大專校院,1074,南榮科技大學,二專,6,257.0,0.02335
104,大專校院,1074,南榮科技大學,五專,3,308.0,0.00974
104,大專校院,1074,南榮科技大學,博士班,0,,
104,大專校院,1074,南榮科技大學,學士班,154,3252.0,0.04736
104,大專校院,1074,南榮科技大學,碩士班,0,72.0,0.0
104,大專校院,1075,文藻外語大學,二專,0,,
104,大專校院,1075,文藻外語大學,五專,52,1776.0,0.02928
104,大專校院,1075,文藻外語大學,博士班,0,,
104,大專校院,1075,文藻外語大學,學士班,71,7411.0,0.00958
104,大專校院,1075,文藻外語大學,碩士班,5,184.0,0.02717
104,大專校院,1076,華夏科技大學,二專,9,312.0,0.02885
104,大專校院,1076,華夏科技大學,五專,5,527.0,0.00949
104,大專校院,1076,華夏科技大學,博士班,0,,
104,大專校院,1076,華夏科技大學,學士班,42,4255.0,0.00987
104,大專校院,1076,華夏科技大學,碩士班,0,89.0,0.0
104,大專校院,1077,慈濟科技大學,二專,0,,
104,大專校院,1077,慈濟科技大學,五專,580,1244.0,0.46624
104,大專校院,1077,慈濟科技大學,博士班,0,,
104,大專校院,1077,慈濟科技大學,學士班,183,1475.0,0.12407
104,大專校院,1077,慈濟科技大學,碩士班,0,24.0,0.0
104,大專校院,1078,致理科技大學,二專,2,90.0,0.02222
104,大專校院,1078,致理科技大學,五專,25,1619.0,0.01544
104,大專校院,1078,致理科技大學,博士班,0,,
104,大專校院,1078,致理科技大學,學士班,116,9965.0,0.01164
104,大專校院,1078,致理科技大學,碩士班,0,62.0,0.0
104,大專校院,1079,康寧大學,二專,15,405.0,0.03704
104,大專校院,1079,康寧大學,五專,72,2903.0,0.0248
104,大專校院,1079,康寧大學,博士班,0,,
104,大專校院,1079,康寧大學,學士班,84,1799.0,0.04669
104,大專校院,1079,康寧大學,碩士班,2,305.0,0.00656
104,大專校院,1125,中信?融管?學院,二專,0,,
104,大專校院,1125,中信?融管?學院,五專,0,,
104,大專校院,1125,中信?融管?學院,博士班,0,,
104,大專校院,1125,中信?融管?學院,學士班,3,206.0,0.01456
104,大專校院,1125,中信?融管?學院,碩士班,0,,
104,大專校院,1148,大漢技術學院,二專,81,238.0,0.34034
104,大專校院,1148,大漢技術學院,五專,0,,
104,大專校院,1148,大漢技術學院,博士班,0,,
104,大專校院,1148,大漢技術學院,學士班,455,1389.0,0.32757
104,大專校院,1148,大漢技術學院,碩士班,17,93.0,0.1828
104,大專校院,1159,和春技術學院,二專,36,484.0,0.07438
104,大專校院,1159,和春技術學院,五專,5,358.0,0.01397
104,大專校院,1159,和春技術學院,博士班,0,,
104,大專校院,1159,和春技術學院,學士班,158,2444.0,0.06465
104,大專校院,1159,和春技術學院,碩士班,0,26.0,0.0
104,大專校院,1166,亞東技術學院,二專,0,15.0,0.0
104,大專校院,1166,亞東技術學院,五專,0,,
104,大專校院,1166,亞東技術學院,博士班,0,,
104,大專校院,1166,亞東技術學院,學士班,53,4855.0,0.01092
104,大專校院,1166,亞東技術學院,碩士班,0,47.0,0.0
104,大專校院,1168,桃園創新技術學院,二專,0,93.0,0.0
104,大專校院,1168,桃園創新技術學院,五專,4,133.0,0.03008
104,大專校院,1168,桃園創新技術學院,博士班,0,,
104,大專校院,1168,桃園創新技術學院,學士班,205,4912.0,0.04173
104,大專校院,1168,桃園創新技術學院,碩士班,2,48.0,0.04167
104,大專校院,1176,稻江科技暨管理學院,二專,0,,
104,大專校院,1176,稻江科技暨管理學院,五專,0,,
104,大專校院,1176,稻江科技暨管理學院,博士班,0,,
104,大專校院,1176,稻江科技暨管理學院,學士班,132,2244.0,0.05882
104,大專校院,1176,稻江科技暨管理學院,碩士班,3,137.0,0.0219
104,大專校院,1179,德霖技術學院,二專,16,552.0,0.02899
104,大專校院,1179,德霖技術學院,五專,30,1702.0,0.01763
104,大專校院,1179,德霖技術學院,博士班,0,,
104,大專校院,1179,德霖技術學院,學士班,112,5182.0,0.02161
104,大專校院,1179,德霖技術學院,碩士班,0,,
104,大專校院,1182,蘭陽技術學院,二專,0,,
104,大專校院,1182,蘭陽技術學院,五專,31,747.0,0.0415
104,大專校院,1182,蘭陽技術學院,博士班,0,,
104,大專校院,1182,蘭陽技術學院,學士班,46,952.0,0.04832
104,大專校院,1182,蘭陽技術學院,碩士班,0,,
104,大專校院,1183,黎明技術學院,二專,4,69.0,0.05797
104,大專校院,1183,黎明技術學院,五專,10,911.0,0.01098
104,大專校院,1183,黎明技術學院,博士班,0,,
104,大專校院,1183,黎明技術學院,學士班,98,3691.0,0.02655
104,大專校院,1183,黎明技術學院,碩士班,0,,
104,大專校院,1184,東方設計學院,二專,0,2.0,0.0
104,大專校院,1184,東方設計學院,五專,28,1643.0,0.01704
104,大專校院,1184,東方設計學院,博士班,0,14.0,0.0
104,大專校院,1184,東方設計學院,學士班,34,2079.0,0.01635
104,大專校院,1184,東方設計學院,碩士班,1,119.0,0.0084
104,大專校院,1185,經國管理暨健康學院,二專,0,,
104,大專校院,1185,經國管理暨健康學院,五專,58,1654.0,0.03507
104,大專校院,1185,經國管理暨健康學院,博士班,0,,
104,大專校院,1185,經國管理暨健康學院,學士班,67,2488.0,0.02693
104,大專校院,1185,經國管理暨健康學院,碩士班,1,68.0,0.01471
104,大專校院,1187,崇右技術學院,二專,0,,
104,大專校院,1187,崇右技術學院,五專,16,703.0,0.02276
104,大專校院,1187,崇右技術學院,博士班,0,,
104,大專校院,1187,崇右技術學院,學士班,106,2485.0,0.04266
104,大專校院,1187,崇右技術學院,碩士班,1,70.0,0.01429
104,大專校院,1188,大同技術學院,二專,0,29.0,0.0
104,大專校院,1188,大同技術學院,五專,7,206.0,0.03398
104,大專校院,1188,大同技術學院,博士班,0,,
104,大專校院,1188,大同技術學院,學士班,115,2413.0,0.04766
104,大專校院,1188,大同技術學院,碩士班,0,,
104,大專校院,1189,亞太創意技術學院,二專,5,128.0,0.03906
104,大專校院,1189,亞太創意技術學院,五專,0,,
104,大專校院,1189,亞太創意技術學院,博士班,0,,
104,大專校院,1189,亞太創意技術學院,學士班,63,1289.0,0.04888
104,大專校院,1189,亞太創意技術學院,碩士班,3,73.0,0.0411
104,大專校院,1192,臺灣觀光學院,二專,10,76.0,0.13158
104,大專校院,1192,臺灣觀光學院,五專,57,205.0,0.27805
104,大專校院,1192,臺灣觀光學院,博士班,0,,
104,大專校院,1192,臺灣觀光學院,學士班,232,1244.0,0.1865
104,大專校院,1192,臺灣觀光學院,碩士班,3,28.0,0.10714
104,大專校院,1195,馬偕醫學院,二專,0,,
104,大專校院,1195,馬偕醫學院,五專,0,,
104,大專校院,1195,馬偕醫學院,博士班,0,,
104,大專校院,1195,馬偕醫學院,學士班,22,617.0,0.03566
104,大專校院,1195,馬偕醫學院,碩士班,0,23.0,0.0
104,大專校院,1196,法鼓文理學院,二專,0,,
104,大專校院,1196,法鼓文理學院,五專,0,,
104,大專校院,1196,法鼓文理學院,博士班,0,11.0,0.0
104,大專校院,1196,法鼓文理學院,學士班,0,52.0,0.0
104,大專校院,1196,法鼓文理學院,碩士班,1,116.0,0.00862
104,大專校院,1197,台北海洋技術學院,二專,14,396.0,0.03535
104,大專校院,1197,台北海洋技術學院,五專,24,1450.0,0.01655
104,大專校院,1197,台北海洋技術學院,博士班,0,,
104,大專校院,1197,台北海洋技術學院,學士班,106,4629.0,0.0229
104,大專校院,1197,台北海洋技術學院,碩士班,0,15.0,0.0
104,大專校院,1282,馬偕醫護管理專科學校,二專,6,394.0,0.01523
104,大專校院,1282,馬偕醫護管理專科學校,五專,535,3922.0,0.13641
104,大專校院,1282,馬偕醫護管理專科學校,博士班,0,,
104,大專校院,1282,馬偕醫護管理專科學校,學士班,0,,
104,大專校院,1282,馬偕醫護管理專科學校,碩士班,0,,
104,大專校院,1283,仁德醫護管理專科學校,二專,6,472.0,0.01271
104,大專校院,1283,仁德醫護管理專科學校,五專,238,6031.0,0.03946
104,大專校院,1283,仁德醫護管理專科學校,博士班,0,,
104,大專校院,1283,仁德醫護管理專科學校,學士班,0,,
104,大專校院,1283,仁德醫護管理專科學校,碩士班,0,,
104,大專校院,1284,樹人醫護管理專科學校,二專,5,488.0,0.01025
104,大專校院,1284,樹人醫護管理專科學校,五專,207,6543.0,0.03164
104,大專校院,1284,樹人醫護管理專科學校,博士班,0,,
104,大專校院,1284,樹人醫護管理專科學校,學士班,0,,
104,大專校院,1284,樹人醫護管理專科學校,碩士班,0,,
104,大專校院,1285,慈惠醫護管理專科學校,二專,57,462.0,0.12338
104,大專校院,1285,慈惠醫護管理專科學校,五專,628,5883.0,0.10675
104,大專校院,1285,慈惠醫護管理專科學校,博士班,0,,
104,大專校院,1285,慈惠醫護管理專科學校,學士班,0,,
104,大專校院,1285,慈惠醫護管理專科學校,碩士班,0,,
104,大專校院,1286,耕莘健康管理專科學校,二專,0,73.0,0.0
104,大專校院,1286,耕莘健康管理專科學校,五專,177,4979.0,0.03555
104,大專校院,1286,耕莘健康管理專科學校,博士班,0,,
104,大專校院,1286,耕莘健康管理專科學校,學士班,0,,
104,大專校院,1286,耕莘健康管理專科學校,碩士班,0,,
104,大專校院,1287,敏惠醫護管理專科學校,二專,0,,
104,大專校院,1287,敏惠醫護管理專科學校,五專,78,3819.0,0.02042
104,大專校院,1287,敏惠醫護管理專科學校,博士班,0,,
104,大專校院,1287,敏惠醫護管理專科學校,學士班,0,,
104,大專校院,1287,敏惠醫護管理專科學校,碩士班,0,,
104,大專校院,1288,高美醫護管理專科學校,二專,30,233.0,0.12876
104,大專校院,1288,高美醫護管理專科學校,五專,62,619.0,0.10016
104,大專校院,1288,高美醫護管理專科學校,博士班,0,,
104,大專校院,1288,高美醫護管理專科學校,學士班,0,,
104,大專校院,1288,高美醫護管理專科學校,碩士班,0,,
104,大專校院,1289,育英醫護管理專科學校,二專,0,,
104,大專校院,1289,育英醫護管理專科學校,五專,34,2009.0,0.01692
104,大專校院,1289,育英醫護管理專科學校,博士班,0,,
104,大專校院,1289,育英醫護管理專科學校,學士班,0,,
104,大專校院,1289,育英醫護管理專科學校,碩士班,0,,
104,大專校院,1290,崇仁醫護管理專科學校,二專,0,,
104,大專校院,1290,崇仁醫護管理專科學校,五專,43,3387.0,0.0127
104,大專校院,1290,崇仁醫護管理專科學校,博士班,0,,
104,大專校院,1290,崇仁醫護管理專科學校,學士班,0,,
104,大專校院,1290,崇仁醫護管理專科學校,碩士班,0,,
104,大專校院,1291,聖母醫護管理專科學校,二專,0,,
104,大專校院,1291,聖母醫護管理專科學校,五專,360,3597.0,0.10008
104,大專校院,1291,聖母醫護管理專科學校,博士班,0,,
104,大專校院,1291,聖母醫護管理專科學校,學士班,0,,
104,大專校院,1291,聖母醫護管理專科學校,碩士班,0,,
104,大專校院,1292,新生醫護管理專科學校,二專,5,123.0,0.04065
104,大專校院,1292,新生醫護管理專科學校,五專,454,5913.0,0.07678
104,大專校院,1292,新生醫護管理專科學校,博士班,0,,
104,大專校院,1292,新生醫護管理專科學校,學士班,0,,
104,大專校院,1292,新生醫護管理專科學校,碩士班,0,,
104,空大及附設進修學校,1A01,高苑科技大學附進修專校,二專,6,,
104,空大及附設進修學校,1A01,高苑科技大學附進修專校,五專,0,,
104,空大及附設進修學校,1A01,高苑科技大學附進修專校,博士班,0,,
104,空大及附設進修學校,1A01,高苑科技大學附進修專校,學士班,0,,
104,空大及附設進修學校,1A01,高苑科技大學附進修專校,碩士班,0,,
104,空大及附設進修學校,1A02,和春技術學院附進修專校,二專,53,,
104,空大及附設進修學校,1A02,和春技術學院附進修專校,五專,0,,
104,空大及附設進修學校,1A02,和春技術學院附進修專校,博士班,0,,
104,空大及附設進修學校,1A02,和春技術學院附進修專校,學士班,0,,
104,空大及附設進修學校,1A02,和春技術學院附進修專校,碩士班,0,,
104,空大及附設進修學校,1A03,環球科技大學附進修專校,二專,12,,
104,空大及附設進修學校,1A03,環球科技大學附進修專校,五專,0,,
104,空大及附設進修學校,1A03,環球科技大學附進修專校,博士班,0,,
104,空大及附設進修學校,1A03,環球科技大學附進修專校,學士班,0,,
104,空大及附設進修學校,1A03,環球科技大學附進修專校,碩士班,0,,
104,空大及附設進修學校,1A05,景文科技大學附進修專校,二專,6,,
104,空大及附設進修學校,1A05,景文科技大學附進修專校,五專,0,,
104,空大及附設進修學校,1A05,景文科技大學附進修專校,博士班,0,,
104,空大及附設進修學校,1A05,景文科技大學附進修專校,學士班,0,,
104,空大及附設進修學校,1A05,景文科技大學附進修專校,碩士班,0,,
104,空大及附設進修學校,1A06,中州科技大學附進修專校,二專,3,,
104,空大及附設進修學校,1A06,中州科技大學附進修專校,五專,0,,
104,空大及附設進修學校,1A06,中州科技大學附進修專校,博士班,0,,
104,空大及附設進修學校,1A06,中州科技大學附進修專校,學士班,0,,
104,空大及附設進修學校,1A06,中州科技大學附進修專校,碩士班,0,,
104,空大及附設進修學校,1A07,美和科技大學附進修專校,二專,22,,
104,空大及附設進修學校,1A07,美和科技大學附進修專校,五專,0,,
104,空大及附設進修學校,1A07,美和科技大學附進修專校,博士班,0,,
104,空大及附設進修學校,1A07,美和科技大學附進修專校,學士班,0,,
104,空大及附設進修學校,1A07,美和科技大學附進修專校,碩士班,0,,
104,空大及附設進修學校,1A08,南開科技大學附進修專校,二專,1,,
104,空大及附設進修學校,1A08,南開科技大學附進修專校,五專,0,,
104,空大及附設進修學校,1A08,南開科技大學附進修專校,博士班,0,,
104,空大及附設進修學校,1A08,南開科技大學附進修專校,學士班,0,,
104,空大及附設進修學校,1A08,南開科技大學附進修專校,碩士班,0,,
104,空大及附設進修學校,1A09,東方設計學院附進修專校,二專,22,,
104,空大及附設進修學校,1A09,東方設計學院附進修專校,五專,0,,
104,空大及附設進修學校,1A09,東方設計學院附進修專校,博士班,0,,
104,空大及附設進修學校,1A09,東方設計學院附進修專校,學士班,0,,
104,空大及附設進修學校,1A09,東方設計學院附進修專校,碩士班,0,,
104,空大及附設進修學校,1A10,遠東科技大學附進修專校,二專,1,,
104,空大及附設進修學校,1A10,遠東科技大學附進修專校,五專,0,,
104,空大及附設進修學校,1A10,遠東科技大學附進修專校,博士班,0,,
104,空大及附設進修學校,1A10,遠東科技大學附進修專校,學士班,0,,
104,空大及附設進修學校,1A10,遠東科技大學附進修專校,碩士班,0,,
104,空大及附設進修學校,1A11,吳鳳科技大學附進修專校,二專,6,,
104,空大及附設進修學校,1A11,吳鳳科技大學附進修專校,五專,0,,
104,空大及附設進修學校,1A11,吳鳳科技大學附進修專校,博士班,0,,
104,空大及附設進修學校,1A11,吳鳳科技大學附進修專校,學士班,0,,
104,空大及附設進修學校,1A11,吳鳳科技大學附進修專校,碩士班,0,,
104,空大及附設進修學校,1A13,亞太創意技術學院附進修專校,二專,13,,
104,空大及附設進修學校,1A13,亞太創意技術學院附進修專校,五專,0,,
104,空大及附設進修學校,1A13,亞太創意技術學院附進修專校,博士班,0,,
104,空大及附設進修學校,1A13,亞太創意技術學院附進修專校,學士班,0,,
104,空大及附設進修學校,1A13,亞太創意技術學院附進修專校,碩士班,0,,
104,空大及附設進修學校,1A14,醒吾科技大學附進修專校,二專,19,,
104,空大及附設進修學校,1A14,醒吾科技大學附進修專校,五專,0,,
104,空大及附設進修學校,1A14,醒吾科技大學附進修專校,博士班,0,,
104,空大及附設進修學校,1A14,醒吾科技大學附進修專校,學士班,0,,
104,空大及附設進修學校,1A14,醒吾科技大學附進修專校,碩士班,0,,
104,空大及附設進修學校,1A15,蘭陽技術學院附進修專校,二專,13,,
104,空大及附設進修學校,1A15,蘭陽技術學院附進修專校,五專,0,,
104,空大及附設進修學校,1A15,蘭陽技術學院附進修專校,博士班,0,,
104,空大及附設進修學校,1A15,蘭陽技術學院附進修專校,學士班,0,,
104,空大及附設進修學校,1A15,蘭陽技術學院附進修專校,碩士班,0,,
104,空大及附設進修學校,1A16,修平科技大學附進修專校,二專,4,,
104,空大及附設進修學校,1A16,修平科技大學附進修專校,五專,0,,
104,空大及附設進修學校,1A16,修平科技大學附進修專校,博士班,0,,
104,空大及附設進修學校,1A16,修平科技大學附進修專校,學士班,0,,
104,空大及附設進修學校,1A16,修平科技大學附進修專校,碩士班,0,,
104,空大及附設進修學校,1A17,嶺東科技大學附進修專校,二專,3,,
104,空大及附設進修學校,1A17,嶺東科技大學附進修專校,五專,0,,
104,空大及附設進修學校,1A17,嶺東科技大學附進修專校,博士班,0,,
104,空大及附設進修學校,1A17,嶺東科技大學附進修專校,學士班,0,,
104,空大及附設進修學校,1A17,嶺東科技大學附進修專校,碩士班,0,,
104,空大及附設進修學校,1A18,崑山科技大學附進修專校,二專,1,,
104,空大及附設進修學校,1A18,崑山科技大學附進修專校,五專,0,,
104,空大及附設進修學校,1A18,崑山科技大學附進修專校,博士班,0,,
104,空大及附設進修學校,1A18,崑山科技大學附進修專校,學士班,0,,
104,空大及附設進修學校,1A18,崑山科技大學附進修專校,碩士班,0,,
104,空大及附設進修學校,1A19,萬能科技大學附進修專校,二專,4,,
104,空大及附設進修學校,1A19,萬能科技大學附進修專校,五專,0,,
104,空大及附設進修學校,1A19,萬能科技大學附進修專校,博士班,0,,
104,空大及附設進修學校,1A19,萬能科技大學附進修專校,學士班,0,,
104,空大及附設進修學校,1A19,萬能科技大學附進修專校,碩士班,0,,
104,空大及附設進修學校,1A20,中國科技大學附進修專校,二專,12,,
104,空大及附設進修學校,1A20,中國科技大學附進修專校,五專,0,,
104,空大及附設進修學校,1A20,中國科技大學附進修專校,博士班,0,,
104,空大及附設進修學校,1A20,中國科技大學附進修專校,學士班,0,,
104,空大及附設進修學校,1A20,中國科技大學附進修專校,碩士班,0,,
104,空大及附設進修學校,1A21,中華科技大學附進修專校,二專,11,,
104,空大及附設進修學校,1A21,中華科技大學附進修專校,五專,0,,
104,空大及附設進修學校,1A21,中華科技大學附進修專校,博士班,0,,
104,空大及附設進修學校,1A21,中華科技大學附進修專校,學士班,0,,
104,空大及附設進修學校,1A21,中華科技大學附進修專校,碩士班,0,,
104,空大及附設進修學校,1A22,正修科技大學附進修專校,二專,19,,
104,空大及附設進修學校,1A22,正修科技大學附進修專校,五專,0,,
104,空大及附設進修學校,1A22,正修科技大學附進修專校,博士班,0,,
104,空大及附設進修學校,1A22,正修科技大學附進修專校,學士班,0,,
104,空大及附設進修學校,1A22,正修科技大學附進修專校,碩士班,0,,
104,空大及附設進修學校,1A24,德明財經科技大學附進修專校,二專,2,,
104,空大及附設進修學校,1A24,德明財經科技大學附進修專校,五專,0,,
104,空大及附設進修學校,1A24,德明財經科技大學附進修專校,博士班,0,,
104,空大及附設進修學校,1A24,德明財經科技大學附進修專校,學士班,0,,
104,空大及附設進修學校,1A24,德明財經科技大學附進修專校,碩士班,0,,
104,空大及附設進修學校,1A26,東南科技大學附進修專校,二專,4,,
104,空大及附設進修學校,1A26,東南科技大學附進修專校,五專,0,,
104,空大及附設進修學校,1A26,東南科技大學附進修專校,博士班,0,,
104,空大及附設進修學校,1A26,東南科技大學附進修專校,學士班,0,,
104,空大及附設進修學校,1A26,東南科技大學附進修專校,碩士班,0,,
104,空大及附設進修學校,1A27,明新科技大學附進修專校,二專,12,,
104,空大及附設進修學校,1A27,明新科技大學附進修專校,五專,0,,
104,空大及附設進修學校,1A27,明新科技大學附進修專校,博士班,0,,
104,空大及附設進修學校,1A27,明新科技大學附進修專校,學士班,0,,
104,空大及附設進修學校,1A27,明新科技大學附進修專校,碩士班,0,,
104,空大及附設進修學校,1A28,桃園創新技術學院附進修專校,二專,6,,
104,空大及附設進修學校,1A28,桃園創新技術學院附進修專校,五專,0,,
104,空大及附設進修學校,1A28,桃園創新技術學院附進修專校,博士班,0,,
104,空大及附設進修學校,1A28,桃園創新技術學院附進修專校,學士班,0,,
104,空大及附設進修學校,1A28,桃園創新技術學院附進修專校,碩士班,0,,
104,空大及附設進修學校,1A29,臺北城市科技大學附進修專校,二專,13,,
104,空大及附設進修學校,1A29,臺北城市科技大學附進修專校,五專,0,,
104,空大及附設進修學校,1A29,臺北城市科技大學附進修專校,博士班,0,,
104,空大及附設進修學校,1A29,臺北城市科技大學附進修專校,學士班,0,,
104,空大及附設進修學校,1A29,臺北城市科技大學附進修專校,碩士班,0,,
104,空大及附設進修學校,1A30,大同技術學院附進修專校,二專,4,,
104,空大及附設進修學校,1A30,大同技術學院附進修專校,五專,0,,
104,空大及附設進修學校,1A30,大同技術學院附進修專校,博士班,0,,
104,空大及附設進修學校,1A30,大同技術學院附進修專校,學士班,0,,
104,空大及附設進修學校,1A30,大同技術學院附進修專校,碩士班,0,,
104,空大及附設進修學校,1A31,大仁科技大學附進修專校,二專,38,,
104,空大及附設進修學校,1A31,大仁科技大學附進修專校,五專,0,,
104,空大及附設進修學校,1A31,大仁科技大學附進修專校,博士班,0,,
104,空大及附設進修學校,1A31,大仁科技大學附進修專校,學士班,0,,
104,空大及附設進修學校,1A31,大仁科技大學附進修專校,碩士班,0,,
104,空大及附設進修學校,1A33,崇右技術學院附進修專校,二專,34,,
104,空大及附設進修學校,1A33,崇右技術學院附進修專校,五專,0,,
104,空大及附設進修學校,1A33,崇右技術學院附進修專校,博士班,0,,
104,空大及附設進修學校,1A33,崇右技術學院附進修專校,學士班,0,,
104,空大及附設進修學校,1A33,崇右技術學院附進修專校,碩士班,0,,
104,空大及附設進修學校,1A36,經國管理暨健康學院附進修專校,二專,24,,
104,空大及附設進修學校,1A36,經國管理暨健康學院附進修專校,五專,0,,
104,空大及附設進修學校,1A36,經國管理暨健康學院附進修專校,博士班,0,,
104,空大及附設進修學校,1A36,經國管理暨健康學院附進修專校,學士班,0,,
104,空大及附設進修學校,1A36,經國管理暨健康學院附進修專校,碩士班,0,,
104,空大及附設進修學校,1A37,建國科技大學附進修專校,二專,4,,
104,空大及附設進修學校,1A37,建國科技大學附進修專校,五專,0,,
104,空大及附設進修學校,1A37,建國科技大學附進修專校,博士班,0,,
104,空大及附設進修學校,1A37,建國科技大學附進修專校,學士班,0,,
104,空大及附設進修學校,1A37,建國科技大學附進修專校,碩士班,0,,
104,空大及附設進修學校,1A39,正修科技大學附進修學院,二專,0,,
104,空大及附設進修學校,1A39,正修科技大學附進修學院,五專,0,,
104,空大及附設進修學校,1A39,正修科技大學附進修學院,博士班,0,,
104,空大及附設進修學校,1A39,正修科技大學附進修學院,學士班,0,,
104,空大及附設進修學校,1A39,正修科技大學附進修學院,碩士班,0,,
104,空大及附設進修學校,1A41,高苑科技大學附進修學院,二專,0,,
104,空大及附設進修學校,1A41,高苑科技大學附進修學院,五專,0,,
104,空大及附設進修學校,1A41,高苑科技大學附進修學院,博士班,0,,
104,空大及附設進修學校,1A41,高苑科技大學附進修學院,學士班,5,,
104,空大及附設進修學校,1A41,高苑科技大學附進修學院,碩士班,0,,
104,空大及附設進修學校,1A42,建國科技大學附進修學院,二專,0,,
104,空大及附設進修學校,1A42,建國科技大學附進修學院,五專,0,,
104,空大及附設進修學校,1A42,建國科技大學附進修學院,博士班,0,,
104,空大及附設進修學校,1A42,建國科技大學附進修學院,學士班,0,,
104,空大及附設進修學校,1A42,建國科技大學附進修學院,碩士班,0,,
104,空大及附設進修學校,1A44,和春技術學院附進修學院,二專,0,,
104,空大及附設進修學校,1A44,和春技術學院附進修學院,五專,0,,
104,空大及附設進修學校,1A44,和春技術學院附進修學院,博士班,0,,
104,空大及附設進修學校,1A44,和春技術學院附進修學院,學士班,35,,
104,空大及附設進修學校,1A44,和春技術學院附進修學院,碩士班,0,,
104,空大及附設進修學校,1A48,臺北城市科技大學附進修學院,二專,0,,
104,空大及附設進修學校,1A48,臺北城市科技大學附進修學院,五專,0,,
104,空大及附設進修學校,1A48,臺北城市科技大學附進修學院,博士班,0,,
104,空大及附設進修學校,1A48,臺北城市科技大學附進修學院,學士班,11,,
104,空大及附設進修學校,1A48,臺北城市科技大學附進修學院,碩士班,0,,
104,空大及附設進修學校,1A49,德明財經科技大學附進修學院,二專,0,,
104,空大及附設進修學校,1A49,德明財經科技大學附進修學院,五專,0,,
104,空大及附設進修學校,1A49,德明財經科技大學附進修學院,博士班,0,,
104,空大及附設進修學校,1A49,德明財經科技大學附進修學院,學士班,1,,
104,空大及附設進修學校,1A49,德明財經科技大學附進修學院,碩士班,0,,
104,空大及附設進修學校,1A50,中國科技大學附進修學院,二專,0,,
104,空大及附設進修學校,1A50,中國科技大學附進修學院,五專,0,,
104,空大及附設進修學校,1A50,中國科技大學附進修學院,博士班,0,,
104,空大及附設進修學校,1A50,中國科技大學附進修學院,學士班,6,,
104,空大及附設進修學校,1A50,中國科技大學附進修學院,碩士班,0,,
104,空大及附設進修學校,1A51,致理科技大學附進修學院,二專,0,,
104,空大及附設進修學校,1A51,致理科技大學附進修學院,五專,0,,
104,空大及附設進修學校,1A51,致理科技大學附進修學院,博士班,0,,
104,空大及附設進修學校,1A51,致理科技大學附進修學院,學士班,0,,
104,空大及附設進修學校,1A51,致理科技大學附進修學院,碩士班,0,,
104,空大及附設進修學校,1A52,醒吾科技大學附進修學院,二專,0,,
104,空大及附設進修學校,1A52,醒吾科技大學附進修學院,五專,0,,
104,空大及附設進修學校,1A52,醒吾科技大學附進修學院,博士班,0,,
104,空大及附設進修學校,1A52,醒吾科技大學附進修學院,學士班,5,,
104,空大及附設進修學校,1A52,醒吾科技大學附進修學院,碩士班,0,,
104,空大及附設進修學校,1A54,桃園創新技術學院附進修學院,二專,0,,
104,空大及附設進修學校,1A54,桃園創新技術學院附進修學院,五專,0,,
104,空大及附設進修學校,1A54,桃園創新技術學院附進修學院,博士班,0,,
104,空大及附設進修學校,1A54,桃園創新技術學院附進修學院,學士班,13,,
104,空大及附設進修學校,1A54,桃園創新技術學院附進修學院,碩士班,0,,
104,空大及附設進修學校,1A56,明新科技大學附進修學院,二專,0,,
104,空大及附設進修學校,1A56,明新科技大學附進修學院,五專,0,,
104,空大及附設進修學校,1A56,明新科技大學附進修學院,博士班,0,,
104,空大及附設進修學校,1A56,明新科技大學附進修學院,學士班,5,,
104,空大及附設進修學校,1A56,明新科技大學附進修學院,碩士班,0,,
104,空大及附設進修學校,1A57,修平科技大學附進修學院,二專,0,,
104,空大及附設進修學校,1A57,修平科技大學附進修學院,五專,0,,
104,空大及附設進修學校,1A57,修平科技大學附進修學院,博士班,0,,
104,空大及附設進修學校,1A57,修平科技大學附進修學院,學士班,4,,
104,空大及附設進修學校,1A57,修平科技大學附進修學院,碩士班,0,,
104,空大及附設進修學校,1A58,環球科技大學附進修學院,二專,0,,
104,空大及附設進修學校,1A58,環球科技大學附進修學院,五專,0,,
104,空大及附設進修學校,1A58,環球科技大學附進修學院,博士班,0,,
104,空大及附設進修學校,1A58,環球科技大學附進修學院,學士班,5,,
104,空大及附設進修學校,1A58,環球科技大學附進修學院,碩士班,0,,
104,空大及附設進修學校,1A59,吳鳳科技大學附進修學院,二專,0,,
104,空大及附設進修學校,1A59,吳鳳科技大學附進修學院,五專,0,,
104,空大及附設進修學校,1A59,吳鳳科技大學附進修學院,博士班,0,,
104,空大及附設進修學校,1A59,吳鳳科技大學附進修學院,學士班,6,,
104,空大及附設進修學校,1A59,吳鳳科技大學附進修學院,碩士班,0,,
104,空大及附設進修學校,1A61,遠東科技大學附進修學院,二專,0,,
104,空大及附設進修學校,1A61,遠東科技大學附進修學院,五專,0,,
104,空大及附設進修學校,1A61,遠東科技大學附進修學院,博士班,0,,
104,空大及附設進修學校,1A61,遠東科技大學附進修學院,學士班,2,,
104,空大及附設進修學校,1A61,遠東科技大學附進修學院,碩士班,0,,
104,空大及附設進修學校,1A62,美和科技大學附進修學院,二專,0,,
104,空大及附設進修學校,1A62,美和科技大學附進修學院,五專,0,,
104,空大及附設進修學校,1A62,美和科技大學附進修學院,博士班,0,,
104,空大及附設進修學校,1A62,美和科技大學附進修學院,學士班,82,,
104,空大及附設進修學校,1A62,美和科技大學附進修學院,碩士班,0,,
104,空大及附設進修學校,1A63,大仁科技大學附進修學院,二專,0,,
104,空大及附設進修學校,1A63,大仁科技大學附進修學院,五專,0,,
104,空大及附設進修學校,1A63,大仁科技大學附進修學院,博士班,0,,
104,空大及附設進修學校,1A63,大仁科技大學附進修學院,學士班,0,,
104,空大及附設進修學校,1A63,大仁科技大學附進修學院,碩士班,0,,
104,空大及附設進修學校,1A64,蘭陽技術學院附進修學院,二專,0,,
104,空大及附設進修學校,1A64,蘭陽技術學院附進修學院,五專,0,,
104,空大及附設進修學校,1A64,蘭陽技術學院附進修學院,博士班,0,,
104,空大及附設進修學校,1A64,蘭陽技術學院附進修學院,學士班,3,,
104,空大及附設進修學校,1A64,蘭陽技術學院附進修學院,碩士班,0,,
104,空大及附設進修學校,1A65,經國管理暨健康學院附進修學院,二專,0,,
104,空大及附設進修學校,1A65,經國管理暨健康學院附進修學院,五專,0,,
104,空大及附設進修學校,1A65,經國管理暨健康學院附進修學院,博士班,0,,
104,空大及附設進修學校,1A65,經國管理暨健康學院附進修學院,學士班,11,,
104,空大及附設進修學校,1A65,經國管理暨健康學院附進修學院,碩士班,0,,
104,空大及附設進修學校,1A67,崇右技術學院附進修學院,二專,0,,
104,空大及附設進修學校,1A67,崇右技術學院附進修學院,五專,0,,
104,空大及附設進修學校,1A67,崇右技術學院附進修學院,博士班,0,,
104,空大及附設進修學校,1A67,崇右技術學院附進修學院,學士班,104,,
104,空大及附設進修學校,1A67,崇右技術學院附進修學院,碩士班,0,,
104,空大及附設進修學校,1A68,南開科技大學附進修學院,二專,0,,
104,空大及附設進修學校,1A68,南開科技大學附進修學院,五專,0,,
104,空大及附設進修學校,1A68,南開科技大學附進修學院,博士班,0,,
104,空大及附設進修學校,1A68,南開科技大學附進修學院,學士班,5,,
104,空大及附設進修學校,1A68,南開科技大學附進修學院,碩士班,0,,
104,空大及附設進修學校,1A70,亞太創意技術學院附進修學院,二專,0,,
104,空大及附設進修學校,1A70,亞太創意技術學院附進修學院,五專,0,,
104,空大及附設進修學校,1A70,亞太創意技術學院附進修學院,博士班,0,,
104,空大及附設進修學校,1A70,亞太創意技術學院附進修學院,學士班,9,,
104,空大及附設進修學校,1A70,亞太創意技術學院附進修學院,碩士班,0,,
104,空大及附設進修學校,1A75,元培醫事科技大學附進修專校,二專,6,,
104,空大及附設進修學校,1A75,元培醫事科技大學附進修專校,五專,0,,
104,空大及附設進修學校,1A75,元培醫事科技大學附進修專校,博士班,0,,
104,空大及附設進修學校,1A75,元培醫事科技大學附進修專校,學士班,0,,
104,空大及附設進修學校,1A75,元培醫事科技大學附進修專校,碩士班,0,,
104,空大及附設進修學校,1A76,東方設計學院附進修學院,二專,0,,
104,空大及附設進修學校,1A76,東方設計學院附進修學院,五專,0,,
104,空大及附設進修學校,1A76,東方設計學院附進修學院,博士班,0,,
104,空大及附設進修學校,1A76,東方設計學院附進修學院,學士班,3,,
104,空大及附設進修學校,1A76,東方設計學院附進修學院,碩士班,0,,
104,空大及附設進修學校,1A77,華夏科技大學附進修學院,二專,0,,
104,空大及附設進修學校,1A77,華夏科技大學附進修學院,五專,0,,
104,空大及附設進修學校,1A77,華夏科技大學附進修學院,博士班,0,,
104,空大及附設進修學校,1A77,華夏科技大學附進修學院,學士班,3,,
104,空大及附設進修學校,1A77,華夏科技大學附進修學院,碩士班,0,,
104,空大及附設進修學校,1A78,華夏科技大學附進修專校,二專,5,,
104,空大及附設進修學校,1A78,華夏科技大學附進修專校,五專,0,,
104,空大及附設進修學校,1A78,華夏科技大學附進修專校,博士班,0,,
104,空大及附設進修學校,1A78,華夏科技大學附進修專校,學士班,0,,
104,空大及附設進修學校,1A78,華夏科技大學附進修專校,碩士班,0,,
104,空大及附設進修學校,1A79,樹德科技大學附進修專校,二專,22,,
104,空大及附設進修學校,1A79,樹德科技大學附進修專校,五專,0,,
104,空大及附設進修學校,1A79,樹德科技大學附進修專校,博士班,0,,
104,空大及附設進修學校,1A79,樹德科技大學附進修專校,學士班,0,,
104,空大及附設進修學校,1A79,樹德科技大學附進修專校,碩士班,0,,
104,空大及附設進修學校,1A82,慈濟科技大學附進修學院,二專,0,,
104,空大及附設進修學校,1A82,慈濟科技大學附進修學院,五專,0,,
104,空大及附設進修學校,1A82,慈濟科技大學附進修學院,博士班,0,,
104,空大及附設進修學校,1A82,慈濟科技大學附進修學院,學士班,6,,
104,空大及附設進修學校,1A82,慈濟科技大學附進修學院,碩士班,0,,
104,空大及附設進修學校,1A83,台北海洋技術學院附進修專校,二專,1,,
104,空大及附設進修學校,1A83,台北海洋技術學院附進修專校,五專,0,,
104,空大及附設進修學校,1A83,台北海洋技術學院附進修專校,博士班,0,,
104,空大及附設進修學校,1A83,台北海洋技術學院附進修專校,學士班,0,,
104,空大及附設進修學校,1A83,台北海洋技術學院附進修專校,碩士班,0,,
104,宗教研修學院,1R02,基督教台灣浸會神學院,二專,0,,
104,宗教研修學院,1R02,基督教台灣浸會神學院,五專,0,,
104,宗教研修學院,1R02,基督教台灣浸會神學院,博士班,0,,
104,宗教研修學院,1R02,基督教台灣浸會神學院,學士班,0,,
104,宗教研修學院,1R02,基督教台灣浸會神學院,碩士班,3,,
104,宗教研修學院,1R03,臺北基督學院,二專,0,,
104,宗教研修學院,1R03,臺北基督學院,五專,0,,
104,宗教研修學院,1R03,臺北基督學院,博士班,0,,
104,宗教研修學院,1R03,臺北基督學院,學士班,6,,
104,宗教研修學院,1R03,臺北基督學院,碩士班,0,,
104,大專校院,3002,臺北市立大學,二專,0,,
104,大專校院,3002,臺北市立大學,五專,0,,
104,大專校院,3002,臺北市立大學,博士班,1,251.0,0.00398
104,大專校院,3002,臺北市立大學,學士班,302,5082.0,0.05943
104,大專校院,3002,臺北市立大學,碩士班,34,2240.0,0.01518
104,空大及附設進修學校,3A01,高雄市立空中大學,二專,0,,
104,空大及附設進修學校,3A01,高雄市立空中大學,五專,0,,
104,空大及附設進修學校,3A01,高雄市立空中大學,博士班,0,,
104,空大及附設進修學校,3A01,高雄市立空中大學,學士班,46,,
104,空大及附設進修學校,3A01,高雄市立空中大學,碩士班,0,,
105,大專校院,0001,國立政治大學,二專,0,,
105,大專校院,0001,國立政治大學,五專,0,,
105,大專校院,0001,國立政治大學,博士班,5,981.0,0.0051
105,大專校院,0001,國立政治大學,學士班,129,9711.0,0.01328
105,大專校院,0001,國立政治大學,碩士班,49,5680.0,0.00863
105,大專校院,0002,國立清華大學,二專,0,,
105,大專校院,0002,國立清華大學,五專,0,,
105,大專校院,0002,國立清華大學,博士班,4,1645.0,0.00243
105,大專校院,0002,國立清華大學,學士班,45,6369.0,0.00707
105,大專校院,0002,國立清華大學,碩士班,13,4452.0,0.00292
105,大專校院,0003,國立臺灣大學,二專,0,,
105,大專校院,0003,國立臺灣大學,五專,0,,
105,大專校院,0003,國立臺灣大學,博士班,7,3813.0,0.00184
105,大專校院,0003,國立臺灣大學,學士班,279,16499.0,0.01691
105,大專校院,0003,國立臺灣大學,碩士班,15,11471.0,0.00131
105,大專校院,0004,國立臺灣師範大學,二專,0,,
105,大專校院,0004,國立臺灣師範大學,五專,0,,
105,大專校院,0004,國立臺灣師範大學,博士班,14,1366.0,0.01025
105,大專校院,0004,國立臺灣師範大學,學士班,220,8028.0,0.0274
105,大專校院,0004,國立臺灣師範大學,碩士班,34,5913.0,0.00575
105,大專校院,0005,國立成功大學,二專,0,,
105,大專校院,0005,國立成功大學,五專,0,,
105,大專校院,0005,國立成功大學,博士班,4,1939.0,0.00206
105,大專校院,0005,國立成功大學,學士班,105,11453.0,0.00917
105,大專校院,0005,國立成功大學,碩士班,15,7727.0,0.00194
105,大專校院,0006,國立中興大學,二專,0,,
105,大專校院,0006,國立中興大學,五專,0,,
105,大專校院,0006,國立中興大學,博士班,3,1028.0,0.00292
105,大專校院,0006,國立中興大學,學士班,75,9156.0,0.00819
105,大專校院,0006,國立中興大學,碩士班,19,4863.0,0.00391
105,大專校院,0007,國立交通大學,二專,0,,
105,大專校院,0007,國立交通大學,五專,0,,
105,大專校院,0007,國立交通大學,博士班,4,1745.0,0.00229
105,大專校院,0007,國立交通大學,學士班,27,5478.0,0.00493
105,大專校院,0007,國立交通大學,碩士班,6,6860.0,0.00087
105,大專校院,0008,國立中央大學,二專,0,,
105,大專校院,0008,國立中央大學,五專,0,,
105,大專校院,0008,國立中央大學,博士班,1,1073.0,0.00093
105,大專校院,0008,國立中央大學,學士班,30,6107.0,0.00491
105,大專校院,0008,國立中央大學,碩士班,8,4763.0,0.00168
105,大專校院,0009,國立中山大學,二專,0,,
105,大專校院,0009,國立中山大學,五專,0,,
105,大專校院,0009,國立中山大學,博士班,0,829.0,0.0
105,大專校院,0009,國立中山大學,學士班,33,4756.0,0.00694
105,大專校院,0009,國立中山大學,碩士班,0,3832.0,0.0
105,大專校院,0012,國立臺灣海洋大學,二專,0,,
105,大專校院,0012,國立臺灣海洋大學,五專,0,,
105,大專校院,0012,國立臺灣海洋大學,博士班,0,296.0,0.0
105,大專校院,0012,國立臺灣海洋大學,學士班,60,6373.0,0.00941
105,大專校院,0012,國立臺灣海洋大學,碩士班,10,2038.0,0.00491
105,大專校院,0013,國立中正大學,二專,0,,
105,大專校院,0013,國立中正大學,五專,0,,
105,大專校院,0013,國立中正大學,博士班,2,570.0,0.00351
105,大專校院,0013,國立中正大學,學士班,69,6672.0,0.01034
105,大專校院,0013,國立中正大學,碩士班,24,4293.0,0.00559
105,大專校院,0014,國立高雄師範大學,二專,0,,
105,大專校院,0014,國立高雄師範大學,五專,0,,
105,大專校院,0014,國立高雄師範大學,博士班,8,467.0,0.01713
105,大專校院,0014,國立高雄師範大學,學士班,55,3525.0,0.0156
105,大專校院,0014,國立高雄師範大學,碩士班,39,2616.0,0.01491
105,大專校院,0015,國立彰化師範大學,二專,0,,
105,大專校院,0015,國立彰化師範大學,五專,0,,
105,大專校院,0015,國立彰化師範大學,博士班,0,482.0,0.0
105,大專校院,0015,國立彰化師範大學,學士班,80,4864.0,0.01645
105,大專校院,0015,國立彰化師範大學,碩士班,7,2846.0,0.00246
105,大專校院,0016,國立陽明大學,二專,0,,
105,大專校院,0016,國立陽明大學,五專,0,,
105,大專校院,0016,國立陽明大學,博士班,2,930.0,0.00215
105,大專校院,0016,國立陽明大學,學士班,21,2121.0,0.0099
105,大專校院,0016,國立陽明大學,碩士班,10,1284.0,0.00779
105,大專校院,0017,國立臺北大學,二專,0,,
105,大專校院,0017,國立臺北大學,五專,0,,
105,大專校院,0017,國立臺北大學,博士班,1,192.0,0.00521
105,大專校院,0017,國立臺北大學,學士班,103,7781.0,0.01324
105,大專校院,0017,國立臺北大學,碩士班,10,1794.0,0.00557
105,大專校院,0018,國立嘉義大學,二專,0,,
105,大專校院,0018,國立嘉義大學,五專,0,,
105,大專校院,0018,國立嘉義大學,博士班,1,191.0,0.00524
105,大專校院,0018,國立嘉義大學,學士班,153,9941.0,0.01539
105,大專校院,0018,國立嘉義大學,碩士班,18,2413.0,0.00746
105,大專校院,0019,國立高雄大學,二專,0,,
105,大專校院,0019,國立高雄大學,五專,0,,
105,大專校院,0019,國立高雄大學,博士班,0,22.0,0.0
105,大專校院,0019,國立高雄大學,學士班,30,4408.0,0.00681
105,大專校院,0019,國立高雄大學,碩士班,0,1081.0,0.0
105,大專校院,0020,國立東華大學,二專,0,,
105,大專校院,0020,國立東華大學,五專,0,,
105,大專校院,0020,國立東華大學,博士班,16,358.0,0.04469
105,大專校院,0020,國立東華大學,學士班,490,7597.0,0.0645
105,大專校院,0020,國立東華大學,碩士班,192,2290.0,0.08384
105,大專校院,0021,國立暨南國際大學,二專,0,,
105,大專校院,0021,國立暨南國際大學,五專,0,,
105,大專校院,0021,國立暨南國際大學,博士班,8,347.0,0.02305
105,大專校院,0021,國立暨南國際大學,學士班,170,4572.0,0.03718
105,大專校院,0021,國立暨南國際大學,碩士班,37,1434.0,0.0258
105,大專校院,0022,國立臺灣科技大學,二專,0,,
105,大專校院,0022,國立臺灣科技大學,五專,0,,
105,大專校院,0022,國立臺灣科技大學,博士班,1,990.0,0.00101
105,大專校院,0022,國立臺灣科技大學,學士班,97,5643.0,0.01719
105,大專校院,0022,國立臺灣科技大學,碩士班,5,4096.0,0.00122
105,大專校院,0023,國立雲林科技大學,二專,0,,
105,大專校院,0023,國立雲林科技大學,五專,0,,
105,大專校院,0023,國立雲林科技大學,博士班,4,451.0,0.00887
105,大專校院,0023,國立雲林科技大學,學士班,75,6511.0,0.01152
105,大專校院,0023,國立雲林科技大學,碩士班,10,2790.0,0.00358
105,大專校院,0024,國立屏東科技大學,二專,0,,
105,大專校院,0024,國立屏東科技大學,五專,0,,
105,大專校院,0024,國立屏東科技大學,博士班,1,255.0,0.00392
105,大專校院,0024,國立屏東科技大學,學士班,156,9394.0,0.01661
105,大專校院,0024,國立屏東科技大學,碩士班,53,1701.0,0.03116
105,大專校院,0025,國立臺北科技大學,二專,0,,
105,大專校院,0025,國立臺北科技大學,五專,0,,
105,大專校院,0025,國立臺北科技大學,博士班,0,695.0,0.0
105,大專校院,0025,國立臺北科技大學,學士班,67,7715.0,0.00868
105,大專校院,0025,國立臺北科技大學,碩士班,3,4158.0,0.00072
105,大專校院,0026,國立高雄第一科技大學,二專,0,,
105,大專校院,0026,國立高雄第一科技大學,五專,0,,
105,大專校院,0026,國立高雄第一科技大學,博士班,1,227.0,0.00441
105,大專校院,0026,國立高雄第一科技大學,學士班,97,5722.0,0.01695
105,大專校院,0026,國立高雄第一科技大學,碩士班,5,1781.0,0.00281
105,大專校院,0027,國立高雄應用科技大學,二專,0,,
105,大專校院,0027,國立高雄應用科技大學,五專,0,,
105,大專校院,0027,國立高雄應用科技大學,博士班,0,276.0,0.0
105,大專校院,0027,國立高雄應用科技大學,學士班,116,9244.0,0.01255
105,大專校院,0027,國立高雄應用科技大學,碩士班,9,2499.0,0.0036
105,大專校院,0028,國立臺北藝術大學,二專,0,,
105,大專校院,0028,國立臺北藝術大學,五專,0,87.0,0.0
105,大專校院,0028,國立臺北藝術大學,博士班,1,81.0,0.01235
105,大專校院,0028,國立臺北藝術大學,學士班,41,1813.0,0.02261
105,大專校院,0028,國立臺北藝術大學,碩士班,10,1135.0,0.00881
105,大專校院,0029,國立臺灣藝術大學,二專,0,,
105,大專校院,0029,國立臺灣藝術大學,五專,0,,
105,大專校院,0029,國立臺灣藝術大學,博士班,1,100.0,0.01
105,大專校院,0029,國立臺灣藝術大學,學士班,80,4363.0,0.01834
105,大專校院,0029,國立臺灣藝術大學,碩士班,8,1219.0,0.00656
105,大專校院,0030,國立臺東大學,二專,0,,
105,大專校院,0030,國立臺東大學,五專,0,,
105,大專校院,0030,國立臺東大學,博士班,2,40.0,0.05
105,大專校院,0030,國立臺東大學,學士班,252,3721.0,0.06772
105,大專校院,0030,國立臺東大學,碩士班,129,886.0,0.1456
105,大專校院,0031,國立宜蘭大學,二專,0,,
105,大專校院,0031,國立宜蘭大學,五專,0,,
105,大專校院,0031,國立宜蘭大學,博士班,0,10.0,0.0
105,大專校院,0031,國立宜蘭大學,學士班,114,4802.0,0.02374
105,大專校院,0031,國立宜蘭大學,碩士班,4,675.0,0.00593
105,大專校院,0032,國立聯合大學,二專,0,,
105,大專校院,0032,國立聯合大學,五專,0,,
105,大專校院,0032,國立聯合大學,博士班,0,9.0,0.0
105,大專校院,0032,國立聯合大學,學士班,84,7448.0,0.01128
105,大專校院,0032,國立聯合大學,碩士班,3,418.0,0.00718
105,大專校院,0033,國立虎尾科技大學,二專,0,,
105,大專校院,0033,國立虎尾科技大學,五專,0,,
105,大專校院,0033,國立虎尾科技大學,博士班,0,27.0,0.0
105,大專校院,0033,國立虎尾科技大學,學士班,96,8993.0,0.01067
105,大專校院,0033,國立虎尾科技大學,碩士班,6,1071.0,0.0056
105,大專校院,0034,國立高雄海洋科技大學,二專,0,,
105,大專校院,0034,國立高雄海洋科技大學,五專,18,516.0,0.03488
105,大專校院,0034,國立高雄海洋科技大學,博士班,0,20.0,0.0
105,大專校院,0034,國立高雄海洋科技大學,學士班,89,6698.0,0.01329
105,大專校院,0034,國立高雄海洋科技大學,碩士班,4,504.0,0.00794
105,大專校院,0035,國立臺南藝術大學,二專,0,,
105,大專校院,0035,國立臺南藝術大學,五專,0,162.0,0.0
105,大專校院,0035,國立臺南藝術大學,博士班,0,35.0,0.0
105,大專校院,0035,國立臺南藝術大學,學士班,12,755.0,0.01589
105,大專校院,0035,國立臺南藝術大學,碩士班,6,577.0,0.0104
105,大專校院,0036,國立臺南大學,二專,0,,
105,大專校院,0036,國立臺南大學,五專,0,,
105,大專校院,0036,國立臺南大學,博士班,0,172.0,0.0
105,大專校院,0036,國立臺南大學,學士班,54,4020.0,0.01343
105,大專校院,0036,國立臺南大學,碩士班,14,1687.0,0.0083
105,大專校院,0037,國立臺北教育大學,二專,0,,
105,大專校院,0037,國立臺北教育大學,五專,0,,
105,大專校院,0037,國立臺北教育大學,博士班,1,137.0,0.0073
105,大專校院,0037,國立臺北教育大學,學士班,83,3364.0,0.02467
105,大專校院,0037,國立臺北教育大學,碩士班,31,2156.0,0.01438
105,大專校院,0038,國立清華大學南大校區(原：國立新竹教育大學),二專,0,,
105,大專校院,0038,國立清華大學南大校區(原：國立新竹教育大學),五專,0,,
105,大專校院,0038,國立清華大學南大校區(原：國立新竹教育大學),博士班,8,91.0,0.08791
105,大專校院,0038,國立清華大學南大校區(原：國立新竹教育大學),學士班,58,2637.0,0.02199
105,大專校院,0038,國立清華大學南大校區(原：國立新竹教育大學),碩士班,49,1353.0,0.03622
105,大專校院,0039,國立臺中教育大學,二專,0,,
105,大專校院,0039,國立臺中教育大學,五專,0,,
105,大專校院,0039,國立臺中教育大學,博士班,0,126.0,0.0
105,大專校院,0039,國立臺中教育大學,學士班,66,3347.0,0.01972
105,大專校院,0039,國立臺中教育大學,碩士班,36,1548.0,0.02326
105,大專校院,0042,國立澎湖科技大學,二專,0,,
105,大專校院,0042,國立澎湖科技大學,五專,0,,
105,大專校院,0042,國立澎湖科技大學,博士班,0,,
105,大專校院,0042,國立澎湖科技大學,學士班,38,2897.0,0.01312
105,大專校院,0042,國立澎湖科技大學,碩士班,0,121.0,0.0
105,大專校院,0043,國立勤益科技大學,二專,0,1.0,0.0
105,大專校院,0043,國立勤益科技大學,五專,0,,
105,大專校院,0043,國立勤益科技大學,博士班,0,15.0,0.0
105,大專校院,0043,國立勤益科技大學,學士班,110,10346.0,0.01063
105,大專校院,0043,國立勤益科技大學,碩士班,3,873.0,0.00344
105,大專校院,0044,國立體育大學,二專,0,,
105,大專校院,0044,國立體育大學,五專,0,,
105,大專校院,0044,國立體育大學,博士班,1,134.0,0.00746
105,大專校院,0044,國立體育大學,學士班,128,1747.0,0.07327
105,大專校院,0044,國立體育大學,碩士班,11,556.0,0.01978
105,大專校院,0046,國立臺北護理健康大學,二專,0,,
105,大專校院,0046,國立臺北護理健康大學,五專,0,,
105,大專校院,0046,國立臺北護理健康大學,博士班,0,65.0,0.0
105,大專校院,0046,國立臺北護理健康大學,學士班,93,4024.0,0.02311
105,大專校院,0046,國立臺北護理健康大學,碩士班,10,740.0,0.01351
105,大專校院,0047,國立高雄餐旅大學,二專,1,276.0,0.00362
105,大專校院,0047,國立高雄餐旅大學,五專,2,209.0,0.00957
105,大專校院,0047,國立高雄餐旅大學,博士班,0,25.0,0.0
105,大專校院,0047,國立高雄餐旅大學,學士班,116,4574.0,0.02536
105,大專校院,0047,國立高雄餐旅大學,碩士班,1,247.0,0.00405
105,大專校院,0048,國立金門大學,二專,0,,
105,大專校院,0048,國立金門大學,五專,0,,
105,大專校院,0048,國立金門大學,博士班,0,,
105,大專校院,0048,國立金門大學,學士班,52,4249.0,0.01224
105,大專校院,0048,國立金門大學,碩士班,0,266.0,0.0
105,大專校院,0049,國立臺灣體育運動大學,二專,0,,
105,大專校院,0049,國立臺灣體育運動大學,五專,0,,
105,大專校院,0049,國立臺灣體育運動大學,博士班,0,,
105,大專校院,0049,國立臺灣體育運動大學,學士班,231,2752.0,0.08394
105,大專校院,0049,國立臺灣體育運動大學,碩士班,15,371.0,0.04043
105,大專校院,0050,國立臺中科技大學,二專,2,165.0,0.01212
105,大專校院,0050,國立臺中科技大學,五專,71,3687.0,0.01926
105,大專校院,0050,國立臺中科技大學,博士班,0,,
105,大專校院,0050,國立臺中科技大學,學士班,132,9357.0,0.01411
105,大專校院,0050,國立臺中科技大學,碩士班,1,548.0,0.00182
105,大專校院,0051,國立臺北商業大學,二專,1,44.0,0.02273
105,大專校院,0051,國立臺北商業大學,五專,43,1985.0,0.02166
105,大專校院,0051,國立臺北商業大學,博士班,0,,
105,大專校院,0051,國立臺北商業大學,學士班,102,4609.0,0.02213
105,大專校院,0051,國立臺北商業大學,碩士班,2,176.0,0.01136
105,大專校院,0052,國立屏東大學,二專,0,,
105,大專校院,0052,國立屏東大學,五專,0,,
105,大專校院,0052,國立屏東大學,博士班,4,47.0,0.08511
105,大專校院,0052,國立屏東大學,學士班,290,7356.0,0.03942
105,大專校院,0052,國立屏東大學,碩士班,79,1467.0,0.05385
105,大專校院,0144,國立臺灣戲曲學院,二專,0,,
105,大專校院,0144,國立臺灣戲曲學院,五專,0,,
105,大專校院,0144,國立臺灣戲曲學院,博士班,0,,
105,大專校院,0144,國立臺灣戲曲學院,學士班,26,627.0,0.04147
105,大專校院,0144,國立臺灣戲曲學院,碩士班,0,,
105,大專校院,0221,國立臺南護理專科學校,二專,6,170.0,0.03529
105,大專校院,0221,國立臺南護理專科學校,五專,54,1774.0,0.03044
105,大專校院,0221,國立臺南護理專科學校,博士班,0,,
105,大專校院,0221,國立臺南護理專科學校,學士班,0,,
105,大專校院,0221,國立臺南護理專科學校,碩士班,0,,
105,大專校院,0222,國立臺東專科學校,二專,54,640.0,0.08438
105,大專校院,0222,國立臺東專科學校,五專,129,623.0,0.20706
105,大專校院,0222,國立臺東專科學校,博士班,0,,
105,大專校院,0222,國立臺東專科學校,學士班,0,,
105,大專校院,0222,國立臺東專科學校,碩士班,0,,
105,空大及附設進修學校,0A01,國立空中大學,二專,91,,
105,空大及附設進修學校,0A01,國立空中大學,五專,0,,
105,空大及附設進修學校,0A01,國立空中大學,博士班,0,,
105,空大及附設進修學校,0A01,國立空中大學,學士班,353,,
105,空大及附設進修學校,0A01,國立空中大學,碩士班,0,,
105,空大及附設進修學校,0A09,國立臺中科技大學附進修專校,二專,7,,
105,空大及附設進修學校,0A09,國立臺中科技大學附進修專校,五專,0,,
105,空大及附設進修學校,0A09,國立臺中科技大學附進修專校,博士班,0,,
105,空大及附設進修學校,0A09,國立臺中科技大學附進修專校,學士班,0,,
105,空大及附設進修學校,0A09,國立臺中科技大學附進修專校,碩士班,0,,
105,空大及附設進修學校,0A10,國立臺北商業大學附進修專校,二專,40,,
105,空大及附設進修學校,0A10,國立臺北商業大學附進修專校,五專,0,,
105,空大及附設進修學校,0A10,國立臺北商業大學附進修專校,博士班,0,,
105,空大及附設進修學校,0A10,國立臺北商業大學附進修專校,學士班,0,,
105,空大及附設進修學校,0A10,國立臺北商業大學附進修專校,碩士班,0,,
105,空大及附設進修學校,0A11,國立勤益科技大學附進修專校,二專,1,,
105,空大及附設進修學校,0A11,國立勤益科技大學附進修專校,五專,0,,
105,空大及附設進修學校,0A11,國立勤益科技大學附進修專校,博士班,0,,
105,空大及附設進修學校,0A11,國立勤益科技大學附進修專校,學士班,0,,
105,空大及附設進修學校,0A11,國立勤益科技大學附進修專校,碩士班,0,,
105,空大及附設進修學校,0A13,國立高雄應用科技大學附進修學院,二專,0,,
105,空大及附設進修學校,0A13,國立高雄應用科技大學附進修學院,五專,0,,
105,空大及附設進修學校,0A13,國立高雄應用科技大學附進修學院,博士班,0,,
105,空大及附設進修學校,0A13,國立高雄應用科技大學附進修學院,學士班,8,,
105,空大及附設進修學校,0A13,國立高雄應用科技大學附進修學院,碩士班,0,,
105,空大及附設進修學校,0A14,國立虎尾科技大學附進修學院,二專,0,,
105,空大及附設進修學校,0A14,國立虎尾科技大學附進修學院,五專,0,,
105,空大及附設進修學校,0A14,國立虎尾科技大學附進修學院,博士班,0,,
105,空大及附設進修學校,0A14,國立虎尾科技大學附進修學院,學士班,1,,
105,空大及附設進修學校,0A14,國立虎尾科技大學附進修學院,碩士班,0,,
105,空大及附設進修學校,0A15,國立勤益科技大學附進修學院,二專,0,,
105,空大及附設進修學校,0A15,國立勤益科技大學附進修學院,五專,0,,
105,空大及附設進修學校,0A15,國立勤益科技大學附進修學院,博士班,0,,
105,空大及附設進修學校,0A15,國立勤益科技大學附進修學院,學士班,5,,
105,空大及附設進修學校,0A15,國立勤益科技大學附進修學院,碩士班,0,,
105,空大及附設進修學校,0A16,國立臺中科技大學附進修學院,二專,0,,
105,空大及附設進修學校,0A16,國立臺中科技大學附進修學院,五專,0,,
105,空大及附設進修學校,0A16,國立臺中科技大學附進修學院,博士班,0,,
105,空大及附設進修學校,0A16,國立臺中科技大學附進修學院,學士班,5,,
105,空大及附設進修學校,0A16,國立臺中科技大學附進修學院,碩士班,0,,
105,空大及附設進修學校,0A17,國立臺北商業大學附空中進院,二專,82,,
105,空大及附設進修學校,0A17,國立臺北商業大學附空中進院,五專,0,,
105,空大及附設進修學校,0A17,國立臺北商業大學附空中進院,博士班,0,,
105,空大及附設進修學校,0A17,國立臺北商業大學附空中進院,學士班,64,,
105,空大及附設進修學校,0A17,國立臺北商業大學附空中進院,碩士班,0,,
105,空大及附設進修學校,0A18,國立臺中科技大學附空中進院,二專,43,,
105,空大及附設進修學校,0A18,國立臺中科技大學附空中進院,五專,0,,
105,空大及附設進修學校,0A18,國立臺中科技大學附空中進院,博士班,0,,
105,空大及附設進修學校,0A18,國立臺中科技大學附空中進院,學士班,20,,
105,空大及附設進修學校,0A18,國立臺中科技大學附空中進院,碩士班,0,,
105,大專校院,1001,東海大學,二專,0,,
105,大專校院,1001,東海大學,五專,0,,
105,大專校院,1001,東海大學,博士班,3,235.0,0.01277
105,大專校院,1001,東海大學,學士班,45,14319.0,0.00314
105,大專校院,1001,東海大學,碩士班,7,2098.0,0.00334
105,大專校院,1002,輔仁大學,二專,0,,
105,大專校院,1002,輔仁大學,五專,0,,
105,大專校院,1002,輔仁大學,博士班,1,438.0,0.00228
105,大專校院,1002,輔仁大學,學士班,330,23240.0,0.0142
105,大專校院,1002,輔仁大學,碩士班,47,3868.0,0.01215
105,大專校院,1003,東吳大學,二專,0,,
105,大專校院,1003,東吳大學,五專,0,,
105,大專校院,1003,東吳大學,博士班,0,116.0,0.0
105,大專校院,1003,東吳大學,學士班,113,13398.0,0.00843
105,大專校院,1003,東吳大學,碩士班,4,2403.0,0.00166
105,大專校院,1004,中原大學,二專,0,,
105,大專校院,1004,中原大學,五專,0,,
105,大專校院,1004,中原大學,博士班,0,364.0,0.0
105,大專校院,1004,中原大學,學士班,140,13524.0,0.01035
105,大專校院,1004,中原大學,碩士班,0,2543.0,0.0
105,大專校院,1005,淡江大學,二專,0,,
105,大專校院,1005,淡江大學,五專,0,,
105,大專校院,1005,淡江大學,博士班,0,487.0,0.0
105,大專校院,1005,淡江大學,學士班,147,23072.0,0.00637
105,大專校院,1005,淡江大學,碩士班,5,3060.0,0.00163
105,大專校院,1006,中國文化大學,二專,0,,
105,大專校院,1006,中國文化大學,五專,0,,
105,大專校院,1006,中國文化大學,博士班,6,513.0,0.0117
105,大專校院,1006,中國文化大學,學士班,428,23721.0,0.01804
105,大專校院,1006,中國文化大學,碩士班,24,2070.0,0.01159
105,大專校院,1007,逢甲大學,二專,0,,
105,大專校院,1007,逢甲大學,五專,0,,
105,大專校院,1007,逢甲大學,博士班,0,425.0,0.0
105,大專校院,1007,逢甲大學,學士班,59,18034.0,0.00327
105,大專校院,1007,逢甲大學,碩士班,1,2779.0,0.00036
105,大專校院,1008,靜宜大學,二專,0,,
105,大專校院,1008,靜宜大學,五專,0,,
105,大專校院,1008,靜宜大學,博士班,0,39.0,0.0
105,大專校院,1008,靜宜大學,學士班,90,11420.0,0.00788
105,大專校院,1008,靜宜大學,碩士班,0,891.0,0.0
105,大專校院,1009,長庚大學,二專,0,,
105,大專校院,1009,長庚大學,五專,0,,
105,大專校院,1009,長庚大學,博士班,0,558.0,0.0
105,大專校院,1009,長庚大學,學士班,27,5363.0,0.00503
105,大專校院,1009,長庚大學,碩士班,6,1485.0,0.00404
105,大專校院,1010,元智大學,二專,0,,
105,大專校院,1010,元智大學,五專,0,,
105,大專校院,1010,元智大學,博士班,0,297.0,0.0
105,大專校院,1010,元智大學,學士班,35,7247.0,0.00483
105,大專校院,1010,元智大學,碩士班,13,1820.0,0.00714
105,大專校院,1011,中華大學,二專,0,,
105,大專校院,1011,中華大學,五專,0,,
105,大專校院,1011,中華大學,博士班,2,114.0,0.01754
105,大專校院,1011,中華大學,學士班,56,6783.0,0.00826
105,大專校院,1011,中華大學,碩士班,0,856.0,0.0
105,大專校院,1012,大葉大學,二專,0,,
105,大專校院,1012,大葉大學,五專,0,,
105,大專校院,1012,大葉大學,博士班,1,128.0,0.00781
105,大專校院,1012,大葉大學,學士班,135,10446.0,0.01292
105,大專校院,1012,大葉大學,碩士班,9,1194.0,0.00754
105,大專校院,1013,華梵大學,二專,0,,
105,大專校院,1013,華梵大學,五專,0,,
105,大專校院,1013,華梵大學,博士班,0,50.0,0.0
105,大專校院,1013,華梵大學,學士班,16,2243.0,0.00713
105,大專校院,1013,華梵大學,碩士班,3,453.0,0.00662
105,大專校院,1014,義守大學,二專,0,,
105,大專校院,1014,義守大學,五專,0,,
105,大專校院,1014,義守大學,博士班,0,122.0,0.0
105,大專校院,1014,義守大學,學士班,525,15295.0,0.03432
105,大專校院,1014,義守大學,碩士班,7,956.0,0.00732
105,大專校院,1015,世新大學,二專,0,,
105,大專校院,1015,世新大學,五專,0,,
105,大專校院,1015,世新大學,博士班,2,78.0,0.02564
105,大專校院,1015,世新大學,學士班,293,10236.0,0.02862
105,大專校院,1015,世新大學,碩士班,14,1498.0,0.00935
105,大專校院,1016,銘傳大學,二專,0,,
105,大專校院,1016,銘傳大學,五專,0,,
105,大專校院,1016,銘傳大學,博士班,0,73.0,0.0
105,大專校院,1016,銘傳大學,學士班,160,17696.0,0.00904
105,大專校院,1016,銘傳大學,碩士班,1,1580.0,0.00063
105,大專校院,1017,實踐大學,二專,0,,
105,大專校院,1017,實踐大學,五專,0,,
105,大專校院,1017,實踐大學,博士班,0,20.0,0.0
105,大專校院,1017,實踐大學,學士班,353,14852.0,0.02377
105,大專校院,1017,實踐大學,碩士班,2,588.0,0.0034
105,大專校院,1018,朝陽科技大學,二專,0,,
105,大專校院,1018,朝陽科技大學,五專,0,,
105,大專校院,1018,朝陽科技大學,博士班,0,88.0,0.0
105,大專校院,1018,朝陽科技大學,學士班,197,14870.0,0.01325
105,大專校院,1018,朝陽科技大學,碩士班,9,1183.0,0.00761
105,大專校院,1019,高雄醫學大學,二專,0,,
105,大專校院,1019,高雄醫學大學,五專,0,,
105,大專校院,1019,高雄醫學大學,博士班,1,334.0,0.00299
105,大專校院,1019,高雄醫學大學,學士班,77,5707.0,0.01349
105,大專校院,1019,高雄醫學大學,碩士班,1,855.0,0.00117
105,大專校院,1020,南華大學,二專,0,,
105,大專校院,1020,南華大學,五專,0,,
105,大專校院,1020,南華大學,博士班,0,38.0,0.0
105,大專校院,1020,南華大學,學士班,71,4545.0,0.01562
105,大專校院,1020,南華大學,碩士班,11,1010.0,0.01089
105,大專校院,1021,真理大學,二專,0,,
105,大專校院,1021,真理大學,五專,0,,
105,大專校院,1021,真理大學,博士班,0,,
105,大專校院,1021,真理大學,學士班,148,7526.0,0.01967
105,大專校院,1021,真理大學,碩士班,2,196.0,0.0102
105,大專校院,1022,大同大學,二專,0,,
105,大專校院,1022,大同大學,五專,0,,
105,大專校院,1022,大同大學,博士班,1,121.0,0.00826
105,大專校院,1022,大同大學,學士班,12,3770.0,0.00318
105,大專校院,1022,大同大學,碩士班,1,776.0,0.00129
105,大專校院,1023,南臺科技大學,二專,0,,
105,大專校院,1023,南臺科技大學,五專,0,,
105,大專校院,1023,南臺科技大學,博士班,0,82.0,0.0
105,大專校院,1023,南臺科技大學,學士班,116,17709.0,0.00655
105,大專校院,1023,南臺科技大學,碩士班,1,1344.0,0.00074
105,大專校院,1024,崑山科技大學,二專,0,,
105,大專校院,1024,崑山科技大學,五專,0,,
105,大專校院,1024,崑山科技大學,博士班,0,35.0,0.0
105,大專校院,1024,崑山科技大學,學士班,98,11867.0,0.00826
105,大專校院,1024,崑山科技大學,碩士班,4,585.0,0.00684
105,大專校院,1025,嘉南藥理大學,二專,0,,
105,大專校院,1025,嘉南藥理大學,五專,0,,
105,大專校院,1025,嘉南藥理大學,博士班,0,,
105,大專校院,1025,嘉南藥理大學,學士班,306,15780.0,0.01939
105,大專校院,1025,嘉南藥理大學,碩士班,4,506.0,0.00791
105,大專校院,1026,樹德科技大學,二專,0,,
105,大專校院,1026,樹德科技大學,五專,0,,
105,大專校院,1026,樹德科技大學,博士班,0,28.0,0.0
105,大專校院,1026,樹德科技大學,學士班,176,10203.0,0.01725
105,大專校院,1026,樹德科技大學,碩士班,4,726.0,0.00551
105,大專校院,1027,慈濟大學,二專,0,,
105,大專校院,1027,慈濟大學,五專,0,,
105,大專校院,1027,慈濟大學,博士班,1,117.0,0.00855
105,大專校院,1027,慈濟大學,學士班,77,2983.0,0.02581
105,大專校院,1027,慈濟大學,碩士班,24,360.0,0.06667
105,大專校院,1028,臺北醫學大學,二專,0,,
105,大專校院,1028,臺北醫學大學,五專,0,,
105,大專校院,1028,臺北醫學大學,博士班,0,437.0,0.0
105,大專校院,1028,臺北醫學大學,學士班,49,4662.0,0.01051
105,大專校院,1028,臺北醫學大學,碩士班,0,874.0,0.0
105,大專校院,1029,中山醫學大學,二專,0,,
105,大專校院,1029,中山醫學大學,五專,0,,
105,大專校院,1029,中山醫學大學,博士班,0,211.0,0.0
105,大專校院,1029,中山醫學大學,學士班,131,6557.0,0.01998
105,大專校院,1029,中山醫學大學,碩士班,0,617.0,0.0
105,大專校院,1030,龍華科技大學,二專,0,7.0,0.0
105,大專校院,1030,龍華科技大學,五專,1,87.0,0.01149
105,大專校院,1030,龍華科技大學,博士班,0,,
105,大專校院,1030,龍華科技大學,學士班,105,10556.0,0.00995
105,大專校院,1030,龍華科技大學,碩士班,1,455.0,0.0022
105,大專校院,1031,輔英科技大學,二專,0,,
105,大專校院,1031,輔英科技大學,五專,85,2774.0,0.03064
105,大專校院,1031,輔英科技大學,博士班,0,,
105,大專校院,1031,輔英科技大學,學士班,117,6416.0,0.01824
105,大專校院,1031,輔英科技大學,碩士班,3,164.0,0.01829
105,大專校院,1032,明新科技大學,二專,2,25.0,0.08
105,大專校院,1032,明新科技大學,五專,0,,
105,大專校院,1032,明新科技大學,博士班,0,,
105,大專校院,1032,明新科技大學,學士班,196,12181.0,0.01609
105,大專校院,1032,明新科技大學,碩士班,5,598.0,0.00836
105,大專校院,1033,長榮大學,二專,0,,
105,大專校院,1033,長榮大學,五專,0,,
105,大專校院,1033,長榮大學,博士班,2,40.0,0.05
105,大專校院,1033,長榮大學,學士班,260,9684.0,0.02685
105,大專校院,1033,長榮大學,碩士班,6,560.0,0.01071
105,大專校院,1034,弘光科技大學,二專,2,71.0,0.02817
105,大專校院,1034,弘光科技大學,五專,9,264.0,0.03409
105,大專校院,1034,弘光科技大學,博士班,0,3.0,0.0
105,大專校院,1034,弘光科技大學,學士班,188,12452.0,0.0151
105,大專校院,1034,弘光科技大學,碩士班,1,310.0,0.00323
105,大專校院,1035,中國醫藥大學,二專,0,,
105,大專校院,1035,中國醫藥大學,五專,0,,
105,大專校院,1035,中國醫藥大學,博士班,0,361.0,0.0
105,大專校院,1035,中國醫藥大學,學士班,110,6458.0,0.01703
105,大專校院,1035,中國醫藥大學,碩士班,0,591.0,0.0
105,大專校院,1036,健行科技大學,二專,0,5.0,0.0
105,大專校院,1036,健行科技大學,五專,2,26.0,0.07692
105,大專校院,1036,健行科技大學,博士班,0,,
105,大專校院,1036,健行科技大學,學士班,253,10552.0,0.02398
105,大專校院,1036,健行科技大學,碩士班,1,401.0,0.00249
105,大專校院,1037,正修科技大學,二專,0,68.0,0.0
105,大專校院,1037,正修科技大學,五專,0,3.0,0.0
105,大專校院,1037,正修科技大學,博士班,0,12.0,0.0
105,大專校院,1037,正修科技大學,學士班,185,16637.0,0.01112
105,大專校院,1037,正修科技大學,碩士班,5,507.0,0.00986
105,大專校院,1038,萬能科技大學,二專,0,,
105,大專校院,1038,萬能科技大學,五專,0,,
105,大專校院,1038,萬能科技大學,博士班,0,,
105,大專校院,1038,萬能科技大學,學士班,314,10622.0,0.02956
105,大專校院,1038,萬能科技大學,碩士班,3,254.0,0.01181
105,大專校院,1039,玄奘大學,二專,0,,
105,大專校院,1039,玄奘大學,五專,0,,
105,大專校院,1039,玄奘大學,博士班,0,7.0,0.0
105,大專校院,1039,玄奘大學,學士班,134,4602.0,0.02912
105,大專校院,1039,玄奘大學,碩士班,8,549.0,0.01457
105,大專校院,1040,建國科技大學,二專,0,,
105,大專校院,1040,建國科技大學,五專,0,,
105,大專校院,1040,建國科技大學,博士班,0,,
105,大專校院,1040,建國科技大學,學士班,52,8389.0,0.0062
105,大專校院,1040,建國科技大學,碩士班,1,183.0,0.00546
105,大專校院,1041,明志科技大學,二專,0,,
105,大專校院,1041,明志科技大學,五專,0,,
105,大專校院,1041,明志科技大學,博士班,0,4.0,0.0
105,大專校院,1041,明志科技大學,學士班,41,4132.0,0.00992
105,大專校院,1041,明志科技大學,碩士班,2,450.0,0.00444
105,大專校院,1042,高苑科技大學,二專,0,,
105,大專校院,1042,高苑科技大學,五專,0,,
105,大專校院,1042,高苑科技大學,博士班,0,,
105,大專校院,1042,高苑科技大學,學士班,200,6387.0,0.03131
105,大專校院,1042,高苑科技大學,碩士班,4,422.0,0.00948
105,大專校院,1043,大仁科技大學,二專,0,,
105,大專校院,1043,大仁科技大學,五專,0,,
105,大專校院,1043,大仁科技大學,博士班,0,,
105,大專校院,1043,大仁科技大學,學士班,436,6691.0,0.06516
105,大專校院,1043,大仁科技大學,碩士班,12,218.0,0.05505
105,大專校院,1044,聖約翰科技大學,二專,0,,
105,大專校院,1044,聖約翰科技大學,五專,1,221.0,0.00452
105,大專校院,1044,聖約翰科技大學,博士班,0,,
105,大專校院,1044,聖約翰科技大學,學士班,86,4242.0,0.02027
105,大專校院,1044,聖約翰科技大學,碩士班,0,213.0,0.0
105,大專校院,1045,嶺東科技大學,二專,0,,
105,大專校院,1045,嶺東科技大學,五專,0,,
105,大專校院,1045,嶺東科技大學,博士班,0,,
105,大專校院,1045,嶺東科技大學,學士班,103,10018.0,0.01028
105,大專校院,1045,嶺東科技大學,碩士班,1,371.0,0.0027
105,大專校院,1046,中國科技大學,二專,0,,
105,大專校院,1046,中國科技大學,五專,0,,
105,大專校院,1046,中國科技大學,博士班,0,,
105,大專校院,1046,中國科技大學,學士班,107,11713.0,0.00914
105,大專校院,1046,中國科技大學,碩士班,1,175.0,0.00571
105,大專校院,1047,中臺科技大學,二專,0,,
105,大專校院,1047,中臺科技大學,五專,0,,
105,大專校院,1047,中臺科技大學,博士班,0,21.0,0.0
105,大專校院,1047,中臺科技大學,學士班,132,8983.0,0.01469
105,大專校院,1047,中臺科技大學,碩士班,9,435.0,0.02069
105,大專校院,1048,亞洲大學,二專,0,,
105,大專校院,1048,亞洲大學,五專,0,,
105,大專校院,1048,亞洲大學,博士班,0,164.0,0.0
105,大專校院,1048,亞洲大學,學士班,157,11009.0,0.01426
105,大專校院,1048,亞洲大學,碩士班,0,1115.0,0.0
105,大專校院,1049,開南大學,二專,0,,
105,大專校院,1049,開南大學,五專,0,,
105,大專校院,1049,開南大學,博士班,0,,
105,大專校院,1049,開南大學,學士班,183,7669.0,0.02386
105,大專校院,1049,開南大學,碩士班,15,596.0,0.02517
105,大專校院,1050,佛光大學,二專,0,,
105,大專校院,1050,佛光大學,五專,0,,
105,大專校院,1050,佛光大學,博士班,1,55.0,0.01818
105,大專校院,1050,佛光大學,學士班,87,3145.0,0.02766
105,大專校院,1050,佛光大學,碩士班,23,783.0,0.02937
105,大專校院,1051,台南應用科技大學,二專,0,,
105,大專校院,1051,台南應用科技大學,五專,21,1200.0,0.0175
105,大專校院,1051,台南應用科技大學,博士班,0,,
105,大專校院,1051,台南應用科技大學,學士班,115,11440.0,0.01005
105,大專校院,1051,台南應用科技大學,碩士班,3,271.0,0.01107
105,大專校院,1052,遠東科技大學,二專,2,35.0,0.05714
105,大專校院,1052,遠東科技大學,五專,0,,
105,大專校院,1052,遠東科技大學,博士班,0,,
105,大專校院,1052,遠東科技大學,學士班,84,7081.0,0.01186
105,大專校院,1052,遠東科技大學,碩士班,1,229.0,0.00437
105,大專校院,1053,元培醫事科技大學,二專,0,,
105,大專校院,1053,元培醫事科技大學,五專,0,,
105,大專校院,1053,元培醫事科技大學,博士班,0,,
105,大專校院,1053,元培醫事科技大學,學士班,105,6494.0,0.01617
105,大專校院,1053,元培醫事科技大學,碩士班,8,280.0,0.02857
105,大專校院,1054,景文科技大學,二專,0,,
105,大專校院,1054,景文科技大學,五專,0,,
105,大專校院,1054,景文科技大學,博士班,0,,
105,大專校院,1054,景文科技大學,學士班,142,7536.0,0.01884
105,大專校院,1054,景文科技大學,碩士班,2,161.0,0.01242
105,大專校院,1055,中華醫事科技大學,二專,0,122.0,0.0
105,大專校院,1055,中華醫事科技大學,五專,21,2443.0,0.0086
105,大專校院,1055,中華醫事科技大學,博士班,0,,
105,大專校院,1055,中華醫事科技大學,學士班,41,6856.0,0.00598
105,大專校院,1055,中華醫事科技大學,碩士班,0,105.0,0.0
105,大專校院,1056,東南科技大學,二專,0,1.0,0.0
105,大專校院,1056,東南科技大學,五專,0,,
105,大專校院,1056,東南科技大學,博士班,0,,
105,大專校院,1056,東南科技大學,學士班,152,6726.0,0.0226
105,大專校院,1056,東南科技大學,碩士班,1,184.0,0.00543
105,大專校院,1057,德明財經科技大學,二專,0,,
105,大專校院,1057,德明財經科技大學,五專,0,,
105,大專校院,1057,德明財經科技大學,博士班,0,,
105,大專校院,1057,德明財經科技大學,學士班,100,8819.0,0.01134
105,大專校院,1057,德明財經科技大學,碩士班,0,135.0,0.0
105,大專校院,1058,明道大學,二專,0,,
105,大專校院,1058,明道大學,五專,0,,
105,大專校院,1058,明道大學,博士班,0,13.0,0.0
105,大專校院,1058,明道大學,學士班,60,4699.0,0.01277
105,大專校院,1058,明道大學,碩士班,1,256.0,0.00391
105,大專校院,1060,南開科技大學,二專,0,,
105,大專校院,1060,南開科技大學,五專,13,1026.0,0.01267
105,大專校院,1060,南開科技大學,博士班,0,,
105,大專校院,1060,南開科技大學,學士班,60,4599.0,0.01305
105,大專校院,1060,南開科技大學,碩士班,3,213.0,0.01408
105,大專校院,1061,中華科技大學,二專,0,19.0,0.0
105,大專校院,1061,中華科技大學,五專,0,,
105,大專校院,1061,中華科技大學,博士班,0,,
105,大專校院,1061,中華科技大學,學士班,119,7056.0,0.01687
105,大專校院,1061,中華科技大學,碩士班,10,351.0,0.02849
105,大專校院,1062,僑光科技大學,二專,3,114.0,0.02632
105,大專校院,1062,僑光科技大學,五專,0,11.0,0.0
105,大專校院,1062,僑光科技大學,博士班,0,,
105,大專校院,1062,僑光科技大學,學士班,102,10423.0,0.00979
105,大專校院,1062,僑光科技大學,碩士班,0,109.0,0.0
105,大專校院,1063,育達科技大學,二專,0,,
105,大專校院,1063,育達科技大學,五專,0,,
105,大專校院,1063,育達科技大學,博士班,0,,
105,大專校院,1063,育達科技大學,學士班,97,4694.0,0.02066
105,大專校院,1063,育達科技大學,碩士班,9,223.0,0.04036
105,大專校院,1064,美和科技大學,二專,1,28.0,0.03571
105,大專校院,1064,美和科技大學,五專,194,1771.0,0.10954
105,大專校院,1064,美和科技大學,博士班,0,,
105,大專校院,1064,美和科技大學,學士班,456,5721.0,0.07971
105,大專校院,1064,美和科技大學,碩士班,23,322.0,0.07143
105,大專校院,1065,吳鳳科技大學,二專,0,,
105,大專校院,1065,吳鳳科技大學,五專,0,,
105,大專校院,1065,吳鳳科技大學,博士班,0,,
105,大專校院,1065,吳鳳科技大學,學士班,67,4997.0,0.01341
105,大專校院,1065,吳鳳科技大學,碩士班,2,137.0,0.0146
105,大專校院,1066,環球科技大學,二專,52,282.0,0.1844
105,大專校院,1066,環球科技大學,五專,0,,
105,大專校院,1066,環球科技大學,博士班,0,,
105,大專校院,1066,環球科技大學,學士班,402,5419.0,0.07418
105,大專校院,1066,環球科技大學,碩士班,22,185.0,0.11892
105,大專校院,1067,台灣首府大學,二專,0,,
105,大專校院,1067,台灣首府大學,五專,0,,
105,大專校院,1067,台灣首府大學,博士班,0,,
105,大專校院,1067,台灣首府大學,學士班,94,3244.0,0.02898
105,大專校院,1067,台灣首府大學,碩士班,1,61.0,0.01639
105,大專校院,1068,中州科技大學,二專,0,,
105,大專校院,1068,中州科技大學,五專,0,,
105,大專校院,1068,中州科技大學,博士班,0,,
105,大專校院,1068,中州科技大學,學士班,153,3839.0,0.03985
105,大專校院,1068,中州科技大學,碩士班,2,83.0,0.0241
105,大專校院,1069,修平科技大學,二專,0,14.0,0.0
105,大專校院,1069,修平科技大學,五專,0,,
105,大專校院,1069,修平科技大學,博士班,0,,
105,大專校院,1069,修平科技大學,學士班,73,5909.0,0.01235
105,大專校院,1069,修平科技大學,碩士班,1,69.0,0.01449
105,大專校院,1070,長庚科技大學,二專,0,,
105,大專校院,1070,長庚科技大學,五專,37,846.0,0.04374
105,大專校院,1070,長庚科技大學,博士班,0,,
105,大專校院,1070,長庚科技大學,學士班,137,6099.0,0.02246
105,大專校院,1070,長庚科技大學,碩士班,1,125.0,0.008
105,大專校院,1071,臺北城市科技大學,二專,2,70.0,0.02857
105,大專校院,1071,臺北城市科技大學,五專,21,1599.0,0.01313
105,大專校院,1071,臺北城市科技大學,博士班,0,,
105,大專校院,1071,臺北城市科技大學,學士班,170,8155.0,0.02085
105,大專校院,1071,臺北城市科技大學,碩士班,1,109.0,0.00917
105,大專校院,1072,大華科技大學,二專,7,187.0,0.03743
105,大專校院,1072,大華科技大學,五專,24,946.0,0.02537
105,大專校院,1072,大華科技大學,博士班,0,,
105,大專校院,1072,大華科技大學,學士班,54,2435.0,0.02218
105,大專校院,1072,大華科技大學,碩士班,0,23.0,0.0
105,大專校院,1073,醒吾科技大學,二專,0,,
105,大專校院,1073,醒吾科技大學,五專,21,1178.0,0.01783
105,大專校院,1073,醒吾科技大學,博士班,0,,
105,大專校院,1073,醒吾科技大學,學士班,148,6947.0,0.0213
105,大專校院,1073,醒吾科技大學,碩士班,2,159.0,0.01258
105,大專校院,1074,南榮科技大學,二專,2,161.0,0.01242
105,大專校院,1074,南榮科技大學,五專,4,258.0,0.0155
105,大專校院,1074,南榮科技大學,博士班,0,,
105,大專校院,1074,南榮科技大學,學士班,99,2420.0,0.04091
105,大專校院,1074,南榮科技大學,碩士班,1,65.0,0.01538
105,大專校院,1075,文藻外語大學,二專,0,,
105,大專校院,1075,文藻外語大學,五專,46,1734.0,0.02653
105,大專校院,1075,文藻外語大學,博士班,0,,
105,大專校院,1075,文藻外語大學,學士班,78,7506.0,0.01039
105,大專校院,1075,文藻外語大學,碩士班,3,208.0,0.01442
105,大專校院,1076,華夏科技大學,二專,3,258.0,0.01163
105,大專校院,1076,華夏科技大學,五專,4,596.0,0.00671
105,大專校院,1076,華夏科技大學,博士班,0,,
105,大專校院,1076,華夏科技大學,學士班,41,3971.0,0.01032
105,大專校院,1076,華夏科技大學,碩士班,0,101.0,0.0
105,大專校院,1077,慈濟科技大學,二專,0,,
105,大專校院,1077,慈濟科技大學,五專,588,1264.0,0.46519
105,大專校院,1077,慈濟科技大學,博士班,0,,
105,大專校院,1077,慈濟科技大學,學士班,210,1633.0,0.1286
105,大專校院,1077,慈濟科技大學,碩士班,0,27.0,0.0
105,大專校院,1078,致理科技大學,二專,0,4.0,0.0
105,大專校院,1078,致理科技大學,五專,26,1636.0,0.01589
105,大專校院,1078,致理科技大學,博士班,0,,
105,大專校院,1078,致理科技大學,學士班,125,10090.0,0.01239
105,大專校院,1078,致理科技大學,碩士班,0,74.0,0.0
105,大專校院,1079,康寧大學,二專,8,376.0,0.02128
105,大專校院,1079,康寧大學,五專,68,2943.0,0.02311
105,大專校院,1079,康寧大學,博士班,0,,
105,大專校院,1079,康寧大學,學士班,104,1626.0,0.06396
105,大專校院,1079,康寧大學,碩士班,6,317.0,0.01893
105,大專校院,1125,中信金融管理學院,二專,0,,
105,大專校院,1125,中信金融管理學院,五專,0,,
105,大專校院,1125,中信金融管理學院,博士班,0,,
105,大專校院,1125,中信金融管理學院,學士班,3,315.0,0.00952
105,大專校院,1125,中信金融管理學院,碩士班,1,16.0,0.0625
105,大專校院,1148,大漢技術學院,二專,100,230.0,0.43478
105,大專校院,1148,大漢技術學院,五專,0,,
105,大專校院,1148,大漢技術學院,博士班,0,,
105,大專校院,1148,大漢技術學院,學士班,379,1178.0,0.32173
105,大專校院,1148,大漢技術學院,碩士班,20,89.0,0.22472
105,大專校院,1159,和春技術學院,二專,45,772.0,0.05829
105,大專校院,1159,和春技術學院,五專,43,407.0,0.10565
105,大專校院,1159,和春技術學院,博士班,0,,
105,大專校院,1159,和春技術學院,學士班,239,2169.0,0.11019
105,大專校院,1159,和春技術學院,碩士班,5,39.0,0.12821
105,大專校院,1166,亞東技術學院,二專,0,2.0,0.0
105,大專校院,1166,亞東技術學院,五專,0,,
105,大專校院,1166,亞東技術學院,博士班,0,,
105,大專校院,1166,亞東技術學院,學士班,47,4646.0,0.01012
105,大專校院,1166,亞東技術學院,碩士班,0,37.0,0.0
105,大專校院,1168,南亞技術學院,二專,0,67.0,0.0
105,大專校院,1168,南亞技術學院,五專,8,245.0,0.03265
105,大專校院,1168,南亞技術學院,博士班,0,,
105,大專校院,1168,南亞技術學院,學士班,180,4084.0,0.04407
105,大專校院,1168,南亞技術學院,碩士班,1,44.0,0.02273
105,大專校院,1176,稻江科技暨管理學院,二專,0,,
105,大專校院,1176,稻江科技暨管理學院,五專,0,,
105,大專校院,1176,稻江科技暨管理學院,博士班,0,,
105,大專校院,1176,稻江科技暨管理學院,學士班,133,2071.0,0.06422
105,大專校院,1176,稻江科技暨管理學院,碩士班,4,115.0,0.03478
105,大專校院,1179,德霖技術學院,二專,14,398.0,0.03518
105,大專校院,1179,德霖技術學院,五專,26,1725.0,0.01507
105,大專校院,1179,德霖技術學院,博士班,0,,
105,大專校院,1179,德霖技術學院,學士班,110,5134.0,0.02143
105,大專校院,1179,德霖技術學院,碩士班,0,,
105,大專校院,1182,蘭陽技術學院,二專,0,1.0,0.0
105,大專校院,1182,蘭陽技術學院,五專,34,667.0,0.05097
105,大專校院,1182,蘭陽技術學院,博士班,0,,
105,大專校院,1182,蘭陽技術學院,學士班,66,795.0,0.08302
105,大專校院,1182,蘭陽技術學院,碩士班,0,,
105,大專校院,1183,黎明技術學院,二專,2,73.0,0.0274
105,大專校院,1183,黎明技術學院,五專,7,825.0,0.00848
105,大專校院,1183,黎明技術學院,博士班,0,,
105,大專校院,1183,黎明技術學院,學士班,107,3811.0,0.02808
105,大專校院,1183,黎明技術學院,碩士班,0,,
105,大專校院,1184,東方設計學院,二專,0,,
105,大專校院,1184,東方設計學院,五專,11,1595.0,0.0069
105,大專校院,1184,東方設計學院,博士班,0,24.0,0.0
105,大專校院,1184,東方設計學院,學士班,24,1833.0,0.01309
105,大專校院,1184,東方設計學院,碩士班,0,144.0,0.0
105,大專校院,1185,經國管理暨健康學院,二專,0,,
105,大專校院,1185,經國管理暨健康學院,五專,60,1628.0,0.03686
105,大專校院,1185,經國管理暨健康學院,博士班,0,,
105,大專校院,1185,經國管理暨健康學院,學士班,73,2423.0,0.03013
105,大專校院,1185,經國管理暨健康學院,碩士班,1,71.0,0.01408
105,大專校院,1187,崇右技術學院,二專,0,,
105,大專校院,1187,崇右技術學院,五專,16,544.0,0.02941
105,大專校院,1187,崇右技術學院,博士班,0,,
105,大專校院,1187,崇右技術學院,學士班,133,2290.0,0.05808
105,大專校院,1187,崇右技術學院,碩士班,0,78.0,0.0
105,大專校院,1188,大同技術學院,二專,0,32.0,0.0
105,大專校院,1188,大同技術學院,五專,12,225.0,0.05333
105,大專校院,1188,大同技術學院,博士班,0,,
105,大專校院,1188,大同技術學院,學士班,135,2177.0,0.06201
105,大專校院,1188,大同技術學院,碩士班,0,,
105,大專校院,1189,亞太創意技術學院,二專,5,147.0,0.03401
105,大專校院,1189,亞太創意技術學院,五專,0,,
105,大專校院,1189,亞太創意技術學院,博士班,0,,
105,大專校院,1189,亞太創意技術學院,學士班,40,1187.0,0.0337
105,大專校院,1189,亞太創意技術學院,碩士班,0,76.0,0.0
105,大專校院,1192,臺灣觀光學院,二專,18,51.0,0.35294
105,大專校院,1192,臺灣觀光學院,五專,69,228.0,0.30263
105,大專校院,1192,臺灣觀光學院,博士班,0,,
105,大專校院,1192,臺灣觀光學院,學士班,238,1000.0,0.238
105,大專校院,1192,臺灣觀光學院,碩士班,2,21.0,0.09524
105,大專校院,1195,馬偕醫學院,二專,0,,
105,大專校院,1195,馬偕醫學院,五專,0,,
105,大專校院,1195,馬偕醫學院,博士班,0,,
105,大專校院,1195,馬偕醫學院,學士班,21,614.0,0.0342
105,大專校院,1195,馬偕醫學院,碩士班,0,34.0,0.0
105,大專校院,1197,台北海洋技術學院,二專,15,241.0,0.06224
105,大專校院,1197,台北海洋技術學院,五專,20,1384.0,0.01445
105,大專校院,1197,台北海洋技術學院,博士班,0,,
105,大專校院,1197,台北海洋技術學院,學士班,115,4246.0,0.02708
105,大專校院,1197,台北海洋技術學院,碩士班,1,43.0,0.02326
105,大專校院,1282,馬偕醫護管理專科學校,二專,4,309.0,0.01294
105,大專校院,1282,馬偕醫護管理專科學校,五專,501,4021.0,0.1246
105,大專校院,1282,馬偕醫護管理專科學校,博士班,0,,
105,大專校院,1282,馬偕醫護管理專科學校,學士班,0,,
105,大專校院,1282,馬偕醫護管理專科學校,碩士班,0,,
105,大專校院,1283,仁德醫護管理專科學校,二專,8,434.0,0.01843
105,大專校院,1283,仁德醫護管理專科學校,五專,229,6196.0,0.03696
105,大專校院,1283,仁德醫護管理專科學校,博士班,0,,
105,大專校院,1283,仁德醫護管理專科學校,學士班,0,,
105,大專校院,1283,仁德醫護管理專科學校,碩士班,0,,
105,大專校院,1284,樹人醫護管理專科學校,二專,5,497.0,0.01006
105,大專校院,1284,樹人醫護管理專科學校,五專,197,6613.0,0.02979
105,大專校院,1284,樹人醫護管理專科學校,博士班,0,,
105,大專校院,1284,樹人醫護管理專科學校,學士班,0,,
105,大專校院,1284,樹人醫護管理專科學校,碩士班,0,,
105,大專校院,1285,慈惠醫護管理專科學校,二專,50,479.0,0.10438
105,大專校院,1285,慈惠醫護管理專科學校,五專,602,5724.0,0.10517
105,大專校院,1285,慈惠醫護管理專科學校,博士班,0,,
105,大專校院,1285,慈惠醫護管理專科學校,學士班,0,,
105,大專校院,1285,慈惠醫護管理專科學校,碩士班,0,,
105,大專校院,1286,耕莘健康管理專科學校,二專,0,81.0,0.0
105,大專校院,1286,耕莘健康管理專科學校,五專,180,5176.0,0.03478
105,大專校院,1286,耕莘健康管理專科學校,博士班,0,,
105,大專校院,1286,耕莘健康管理專科學校,學士班,0,,
105,大專校院,1286,耕莘健康管理專科學校,碩士班,0,,
105,大專校院,1287,敏惠醫護管理專科學校,二專,0,,
105,大專校院,1287,敏惠醫護管理專科學校,五專,73,3897.0,0.01873
105,大專校院,1287,敏惠醫護管理專科學校,博士班,0,,
105,大專校院,1287,敏惠醫護管理專科學校,學士班,0,,
105,大專校院,1287,敏惠醫護管理專科學校,碩士班,0,,
105,大專校院,1288,高美醫護管理專科學校,二專,22,208.0,0.10577
105,大專校院,1288,高美醫護管理專科學校,五專,53,563.0,0.09414
105,大專校院,1288,高美醫護管理專科學校,博士班,0,,
105,大專校院,1288,高美醫護管理專科學校,學士班,0,,
105,大專校院,1288,高美醫護管理專科學校,碩士班,0,,
105,大專校院,1289,育英醫護管理專科學校,二專,0,,
105,大專校院,1289,育英醫護管理專科學校,五專,33,1962.0,0.01682
105,大專校院,1289,育英醫護管理專科學校,博士班,0,,
105,大專校院,1289,育英醫護管理專科學校,學士班,0,,
105,大專校院,1289,育英醫護管理專科學校,碩士班,0,,
105,大專校院,1290,崇仁醫護管理專科學校,二專,0,,
105,大專校院,1290,崇仁醫護管理專科學校,五專,38,3478.0,0.01093
105,大專校院,1290,崇仁醫護管理專科學校,博士班,0,,
105,大專校院,1290,崇仁醫護管理專科學校,學士班,0,,
105,大專校院,1290,崇仁醫護管理專科學校,碩士班,0,,
105,大專校院,1291,聖母醫護管理專科學校,二專,0,,
105,大專校院,1291,聖母醫護管理專科學校,五專,328,3525.0,0.09305
105,大專校院,1291,聖母醫護管理專科學校,博士班,0,,
105,大專校院,1291,聖母醫護管理專科學校,學士班,0,,
105,大專校院,1291,聖母醫護管理專科學校,碩士班,0,,
105,大專校院,1292,新生醫護管理專科學校,二專,3,94.0,0.03191
105,大專校院,1292,新生醫護管理專科學校,五專,452,5928.0,0.07625
105,大專校院,1292,新生醫護管理專科學校,博士班,0,,
105,大專校院,1292,新生醫護管理專科學校,學士班,0,,
105,大專校院,1292,新生醫護管理專科學校,碩士班,0,,
105,空大及附設進修學校,1A01,高苑科技大學附進修專校,二專,5,,
105,空大及附設進修學校,1A01,高苑科技大學附進修專校,五專,0,,
105,空大及附設進修學校,1A01,高苑科技大學附進修專校,博士班,0,,
105,空大及附設進修學校,1A01,高苑科技大學附進修專校,學士班,0,,
105,空大及附設進修學校,1A01,高苑科技大學附進修專校,碩士班,0,,
105,空大及附設進修學校,1A02,和春技術學院附進修專校,二專,21,,
105,空大及附設進修學校,1A02,和春技術學院附進修專校,五專,0,,
105,空大及附設進修學校,1A02,和春技術學院附進修專校,博士班,0,,
105,空大及附設進修學校,1A02,和春技術學院附進修專校,學士班,0,,
105,空大及附設進修學校,1A02,和春技術學院附進修專校,碩士班,0,,
105,空大及附設進修學校,1A03,環球科技大學附進修專校,二專,5,,
105,空大及附設進修學校,1A03,環球科技大學附進修專校,五專,0,,
105,空大及附設進修學校,1A03,環球科技大學附進修專校,博士班,0,,
105,空大及附設進修學校,1A03,環球科技大學附進修專校,學士班,0,,
105,空大及附設進修學校,1A03,環球科技大學附進修專校,碩士班,0,,
105,空大及附設進修學校,1A05,景文科技大學附進修專校,二專,5,,
105,空大及附設進修學校,1A05,景文科技大學附進修專校,五專,0,,
105,空大及附設進修學校,1A05,景文科技大學附進修專校,博士班,0,,
105,空大及附設進修學校,1A05,景文科技大學附進修專校,學士班,0,,
105,空大及附設進修學校,1A05,景文科技大學附進修專校,碩士班,0,,
105,空大及附設進修學校,1A06,中州科技大學附進修專校,二專,2,,
105,空大及附設進修學校,1A06,中州科技大學附進修專校,五專,0,,
105,空大及附設進修學校,1A06,中州科技大學附進修專校,博士班,0,,
105,空大及附設進修學校,1A06,中州科技大學附進修專校,學士班,0,,
105,空大及附設進修學校,1A06,中州科技大學附進修專校,碩士班,0,,
105,空大及附設進修學校,1A07,美和科技大學附進修專校,二專,59,,
105,空大及附設進修學校,1A07,美和科技大學附進修專校,五專,0,,
105,空大及附設進修學校,1A07,美和科技大學附進修專校,博士班,0,,
105,空大及附設進修學校,1A07,美和科技大學附進修專校,學士班,0,,
105,空大及附設進修學校,1A07,美和科技大學附進修專校,碩士班,0,,
105,空大及附設進修學校,1A08,南開科技大學附進修專校,二專,2,,
105,空大及附設進修學校,1A08,南開科技大學附進修專校,五專,0,,
105,空大及附設進修學校,1A08,南開科技大學附進修專校,博士班,0,,
105,空大及附設進修學校,1A08,南開科技大學附進修專校,學士班,0,,
105,空大及附設進修學校,1A08,南開科技大學附進修專校,碩士班,0,,
105,空大及附設進修學校,1A09,東方設計學院附進修專校,二專,2,,
105,空大及附設進修學校,1A09,東方設計學院附進修專校,五專,0,,
105,空大及附設進修學校,1A09,東方設計學院附進修專校,博士班,0,,
105,空大及附設進修學校,1A09,東方設計學院附進修專校,學士班,0,,
105,空大及附設進修學校,1A09,東方設計學院附進修專校,碩士班,0,,
105,空大及附設進修學校,1A10,遠東科技大學附進修專校,二專,2,,
105,空大及附設進修學校,1A10,遠東科技大學附進修專校,五專,0,,
105,空大及附設進修學校,1A10,遠東科技大學附進修專校,博士班,0,,
105,空大及附設進修學校,1A10,遠東科技大學附進修專校,學士班,0,,
105,空大及附設進修學校,1A10,遠東科技大學附進修專校,碩士班,0,,
105,空大及附設進修學校,1A11,吳鳳科技大學附進修專校,二專,6,,
105,空大及附設進修學校,1A11,吳鳳科技大學附進修專校,五專,0,,
105,空大及附設進修學校,1A11,吳鳳科技大學附進修專校,博士班,0,,
105,空大及附設進修學校,1A11,吳鳳科技大學附進修專校,學士班,0,,
105,空大及附設進修學校,1A11,吳鳳科技大學附進修專校,碩士班,0,,
105,空大及附設進修學校,1A13,亞太創意技術學院附進修專校,二專,13,,
105,空大及附設進修學校,1A13,亞太創意技術學院附進修專校,五專,0,,
105,空大及附設進修學校,1A13,亞太創意技術學院附進修專校,博士班,0,,
105,空大及附設進修學校,1A13,亞太創意技術學院附進修專校,學士班,0,,
105,空大及附設進修學校,1A13,亞太創意技術學院附進修專校,碩士班,0,,
105,空大及附設進修學校,1A14,醒吾科技大學附進修專校,二專,21,,
105,空大及附設進修學校,1A14,醒吾科技大學附進修專校,五專,0,,
105,空大及附設進修學校,1A14,醒吾科技大學附進修專校,博士班,0,,
105,空大及附設進修學校,1A14,醒吾科技大學附進修專校,學士班,0,,
105,空大及附設進修學校,1A14,醒吾科技大學附進修專校,碩士班,0,,
105,空大及附設進修學校,1A15,蘭陽技術學院附進修專校,二專,32,,
105,空大及附設進修學校,1A15,蘭陽技術學院附進修專校,五專,0,,
105,空大及附設進修學校,1A15,蘭陽技術學院附進修專校,博士班,0,,
105,空大及附設進修學校,1A15,蘭陽技術學院附進修專校,學士班,0,,
105,空大及附設進修學校,1A15,蘭陽技術學院附進修專校,碩士班,0,,
105,空大及附設進修學校,1A16,修平科技大學附進修專校,二專,3,,
105,空大及附設進修學校,1A16,修平科技大學附進修專校,五專,0,,
105,空大及附設進修學校,1A16,修平科技大學附進修專校,博士班,0,,
105,空大及附設進修學校,1A16,修平科技大學附進修專校,學士班,0,,
105,空大及附設進修學校,1A16,修平科技大學附進修專校,碩士班,0,,
105,空大及附設進修學校,1A17,嶺東科技大學附進修專校,二專,4,,
105,空大及附設進修學校,1A17,嶺東科技大學附進修專校,五專,0,,
105,空大及附設進修學校,1A17,嶺東科技大學附進修專校,博士班,0,,
105,空大及附設進修學校,1A17,嶺東科技大學附進修專校,學士班,0,,
105,空大及附設進修學校,1A17,嶺東科技大學附進修專校,碩士班,0,,
105,空大及附設進修學校,1A18,崑山科技大學附進修專校,二專,1,,
105,空大及附設進修學校,1A18,崑山科技大學附進修專校,五專,0,,
105,空大及附設進修學校,1A18,崑山科技大學附進修專校,博士班,0,,
105,空大及附設進修學校,1A18,崑山科技大學附進修專校,學士班,0,,
105,空大及附設進修學校,1A18,崑山科技大學附進修專校,碩士班,0,,
105,空大及附設進修學校,1A19,萬能科技大學附進修專校,二專,4,,
105,空大及附設進修學校,1A19,萬能科技大學附進修專校,五專,0,,
105,空大及附設進修學校,1A19,萬能科技大學附進修專校,博士班,0,,
105,空大及附設進修學校,1A19,萬能科技大學附進修專校,學士班,0,,
105,空大及附設進修學校,1A19,萬能科技大學附進修專校,碩士班,0,,
105,空大及附設進修學校,1A20,中國科技大學附進修專校,二專,9,,
105,空大及附設進修學校,1A20,中國科技大學附進修專校,五專,0,,
105,空大及附設進修學校,1A20,中國科技大學附進修專校,博士班,0,,
105,空大及附設進修學校,1A20,中國科技大學附進修專校,學士班,0,,
105,空大及附設進修學校,1A20,中國科技大學附進修專校,碩士班,0,,
105,空大及附設進修學校,1A21,中華科技大學附進修專校,二專,10,,
105,空大及附設進修學校,1A21,中華科技大學附進修專校,五專,0,,
105,空大及附設進修學校,1A21,中華科技大學附進修專校,博士班,0,,
105,空大及附設進修學校,1A21,中華科技大學附進修專校,學士班,0,,
105,空大及附設進修學校,1A21,中華科技大學附進修專校,碩士班,0,,
105,空大及附設進修學校,1A22,正修科技大學附進修專校,二專,24,,
105,空大及附設進修學校,1A22,正修科技大學附進修專校,五專,0,,
105,空大及附設進修學校,1A22,正修科技大學附進修專校,博士班,0,,
105,空大及附設進修學校,1A22,正修科技大學附進修專校,學士班,0,,
105,空大及附設進修學校,1A22,正修科技大學附進修專校,碩士班,0,,
105,空大及附設進修學校,1A24,德明財經科技大學附進修專校,二專,2,,
105,空大及附設進修學校,1A24,德明財經科技大學附進修專校,五專,0,,
105,空大及附設進修學校,1A24,德明財經科技大學附進修專校,博士班,0,,
105,空大及附設進修學校,1A24,德明財經科技大學附進修專校,學士班,0,,
105,空大及附設進修學校,1A24,德明財經科技大學附進修專校,碩士班,0,,
105,空大及附設進修學校,1A26,東南科技大學附進修專校,二專,0,,
105,空大及附設進修學校,1A26,東南科技大學附進修專校,五專,0,,
105,空大及附設進修學校,1A26,東南科技大學附進修專校,博士班,0,,
105,空大及附設進修學校,1A26,東南科技大學附進修專校,學士班,0,,
105,空大及附設進修學校,1A26,東南科技大學附進修專校,碩士班,0,,
105,空大及附設進修學校,1A27,明新科技大學附進修專校,二專,7,,
105,空大及附設進修學校,1A27,明新科技大學附進修專校,五專,0,,
105,空大及附設進修學校,1A27,明新科技大學附進修專校,博士班,0,,
105,空大及附設進修學校,1A27,明新科技大學附進修專校,學士班,0,,
105,空大及附設進修學校,1A27,明新科技大學附進修專校,碩士班,0,,
105,空大及附設進修學校,1A28,南亞技術學院附進修專校,二專,12,,
105,空大及附設進修學校,1A28,南亞技術學院附進修專校,五專,0,,
105,空大及附設進修學校,1A28,南亞技術學院附進修專校,博士班,0,,
105,空大及附設進修學校,1A28,南亞技術學院附進修專校,學士班,0,,
105,空大及附設進修學校,1A28,南亞技術學院附進修專校,碩士班,0,,
105,空大及附設進修學校,1A29,臺北城市科技大學附進修專校,二專,14,,
105,空大及附設進修學校,1A29,臺北城市科技大學附進修專校,五專,0,,
105,空大及附設進修學校,1A29,臺北城市科技大學附進修專校,博士班,0,,
105,空大及附設進修學校,1A29,臺北城市科技大學附進修專校,學士班,0,,
105,空大及附設進修學校,1A29,臺北城市科技大學附進修專校,碩士班,0,,
105,空大及附設進修學校,1A30,大同技術學院附進修專校,二專,7,,
105,空大及附設進修學校,1A30,大同技術學院附進修專校,五專,0,,
105,空大及附設進修學校,1A30,大同技術學院附進修專校,博士班,0,,
105,空大及附設進修學校,1A30,大同技術學院附進修專校,學士班,0,,
105,空大及附設進修學校,1A30,大同技術學院附進修專校,碩士班,0,,
105,空大及附設進修學校,1A31,大仁科技大學附進修專校,二專,43,,
105,空大及附設進修學校,1A31,大仁科技大學附進修專校,五專,0,,
105,空大及附設進修學校,1A31,大仁科技大學附進修專校,博士班,0,,
105,空大及附設進修學校,1A31,大仁科技大學附進修專校,學士班,0,,
105,空大及附設進修學校,1A31,大仁科技大學附進修專校,碩士班,0,,
105,空大及附設進修學校,1A33,崇右技術學院附進修專校,二專,50,,
105,空大及附設進修學校,1A33,崇右技術學院附進修專校,五專,0,,
105,空大及附設進修學校,1A33,崇右技術學院附進修專校,博士班,0,,
105,空大及附設進修學校,1A33,崇右技術學院附進修專校,學士班,0,,
105,空大及附設進修學校,1A33,崇右技術學院附進修專校,碩士班,0,,
105,空大及附設進修學校,1A36,經國管理暨健康學院附進修專校,二專,14,,
105,空大及附設進修學校,1A36,經國管理暨健康學院附進修專校,五專,0,,
105,空大及附設進修學校,1A36,經國管理暨健康學院附進修專校,博士班,0,,
105,空大及附設進修學校,1A36,經國管理暨健康學院附進修專校,學士班,0,,
105,空大及附設進修學校,1A36,經國管理暨健康學院附進修專校,碩士班,0,,
105,空大及附設進修學校,1A37,建國科技大學附進修專校,二專,2,,
105,空大及附設進修學校,1A37,建國科技大學附進修專校,五專,0,,
105,空大及附設進修學校,1A37,建國科技大學附進修專校,博士班,0,,
105,空大及附設進修學校,1A37,建國科技大學附進修專校,學士班,0,,
105,空大及附設進修學校,1A37,建國科技大學附進修專校,碩士班,0,,
105,空大及附設進修學校,1A40,嶺東科技大學附進修學院,二專,0,,
105,空大及附設進修學校,1A40,嶺東科技大學附進修學院,五專,0,,
105,空大及附設進修學校,1A40,嶺東科技大學附進修學院,博士班,0,,
105,空大及附設進修學校,1A40,嶺東科技大學附進修學院,學士班,2,,
105,空大及附設進修學校,1A40,嶺東科技大學附進修學院,碩士班,0,,
105,空大及附設進修學校,1A41,高苑科技大學附進修學院,二專,0,,
105,空大及附設進修學校,1A41,高苑科技大學附進修學院,五專,0,,
105,空大及附設進修學校,1A41,高苑科技大學附進修學院,博士班,0,,
105,空大及附設進修學校,1A41,高苑科技大學附進修學院,學士班,5,,
105,空大及附設進修學校,1A41,高苑科技大學附進修學院,碩士班,0,,
105,空大及附設進修學校,1A44,和春技術學院附進修學院,二專,0,,
105,空大及附設進修學校,1A44,和春技術學院附進修學院,五專,0,,
105,空大及附設進修學校,1A44,和春技術學院附進修學院,博士班,0,,
105,空大及附設進修學校,1A44,和春技術學院附進修學院,學士班,39,,
105,空大及附設進修學校,1A44,和春技術學院附進修學院,碩士班,0,,
105,空大及附設進修學校,1A48,臺北城市科技大學附進修學院,二專,0,,
105,空大及附設進修學校,1A48,臺北城市科技大學附進修學院,五專,0,,
105,空大及附設進修學校,1A48,臺北城市科技大學附進修學院,博士班,0,,
105,空大及附設進修學校,1A48,臺北城市科技大學附進修學院,學士班,1,,
105,空大及附設進修學校,1A48,臺北城市科技大學附進修學院,碩士班,0,,
105,空大及附設進修學校,1A50,中國科技大學附進修學院,二專,0,,
105,空大及附設進修學校,1A50,中國科技大學附進修學院,五專,0,,
105,空大及附設進修學校,1A50,中國科技大學附進修學院,博士班,0,,
105,空大及附設進修學校,1A50,中國科技大學附進修學院,學士班,5,,
105,空大及附設進修學校,1A50,中國科技大學附進修學院,碩士班,0,,
105,空大及附設進修學校,1A52,醒吾科技大學附進修學院,二專,0,,
105,空大及附設進修學校,1A52,醒吾科技大學附進修學院,五專,0,,
105,空大及附設進修學校,1A52,醒吾科技大學附進修學院,博士班,0,,
105,空大及附設進修學校,1A52,醒吾科技大學附進修學院,學士班,10,,
105,空大及附設進修學校,1A52,醒吾科技大學附進修學院,碩士班,0,,
105,空大及附設進修學校,1A54,南亞技術學院附進修學院,二專,0,,
105,空大及附設進修學校,1A54,南亞技術學院附進修學院,五專,0,,
105,空大及附設進修學校,1A54,南亞技術學院附進修學院,博士班,0,,
105,空大及附設進修學校,1A54,南亞技術學院附進修學院,學士班,15,,
105,空大及附設進修學校,1A54,南亞技術學院附進修學院,碩士班,0,,
105,空大及附設進修學校,1A56,明新科技大學附進修學院,二專,0,,
105,空大及附設進修學校,1A56,明新科技大學附進修學院,五專,0,,
105,空大及附設進修學校,1A56,明新科技大學附進修學院,博士班,0,,
105,空大及附設進修學校,1A56,明新科技大學附進修學院,學士班,5,,
105,空大及附設進修學校,1A56,明新科技大學附進修學院,碩士班,0,,
105,空大及附設進修學校,1A57,修平科技大學附進修學院,二專,0,,
105,空大及附設進修學校,1A57,修平科技大學附進修學院,五專,0,,
105,空大及附設進修學校,1A57,修平科技大學附進修學院,博士班,0,,
105,空大及附設進修學校,1A57,修平科技大學附進修學院,學士班,4,,
105,空大及附設進修學校,1A57,修平科技大學附進修學院,碩士班,0,,
105,空大及附設進修學校,1A58,環球科技大學附進修學院,二專,0,,
105,空大及附設進修學校,1A58,環球科技大學附進修學院,五專,0,,
105,空大及附設進修學校,1A58,環球科技大學附進修學院,博士班,0,,
105,空大及附設進修學校,1A58,環球科技大學附進修學院,學士班,7,,
105,空大及附設進修學校,1A58,環球科技大學附進修學院,碩士班,0,,
105,空大及附設進修學校,1A59,吳鳳科技大學附進修學院,二專,0,,
105,空大及附設進修學校,1A59,吳鳳科技大學附進修學院,五專,0,,
105,空大及附設進修學校,1A59,吳鳳科技大學附進修學院,博士班,0,,
105,空大及附設進修學校,1A59,吳鳳科技大學附進修學院,學士班,5,,
105,空大及附設進修學校,1A59,吳鳳科技大學附進修學院,碩士班,0,,
105,空大及附設進修學校,1A61,遠東科技大學附進修學院,二專,0,,
105,空大及附設進修學校,1A61,遠東科技大學附進修學院,五專,0,,
105,空大及附設進修學校,1A61,遠東科技大學附進修學院,博士班,0,,
105,空大及附設進修學校,1A61,遠東科技大學附進修學院,學士班,2,,
105,空大及附設進修學校,1A61,遠東科技大學附進修學院,碩士班,0,,
105,空大及附設進修學校,1A62,美和科技大學附進修學院,二專,0,,
105,空大及附設進修學校,1A62,美和科技大學附進修學院,五專,0,,
105,空大及附設進修學校,1A62,美和科技大學附進修學院,博士班,0,,
105,空大及附設進修學校,1A62,美和科技大學附進修學院,學士班,65,,
105,空大及附設進修學校,1A62,美和科技大學附進修學院,碩士班,0,,
105,空大及附設進修學校,1A63,大仁科技大學附進修學院,二專,0,,
105,空大及附設進修學校,1A63,大仁科技大學附進修學院,五專,0,,
105,空大及附設進修學校,1A63,大仁科技大學附進修學院,博士班,0,,
105,空大及附設進修學校,1A63,大仁科技大學附進修學院,學士班,1,,
105,空大及附設進修學校,1A63,大仁科技大學附進修學院,碩士班,0,,
105,空大及附設進修學校,1A64,蘭陽技術學院附進修學院,二專,0,,
105,空大及附設進修學校,1A64,蘭陽技術學院附進修學院,五專,0,,
105,空大及附設進修學校,1A64,蘭陽技術學院附進修學院,博士班,0,,
105,空大及附設進修學校,1A64,蘭陽技術學院附進修學院,學士班,44,,
105,空大及附設進修學校,1A64,蘭陽技術學院附進修學院,碩士班,0,,
105,空大及附設進修學校,1A65,經國管理暨健康學院附進修學院,二專,0,,
105,空大及附設進修學校,1A65,經國管理暨健康學院附進修學院,五專,0,,
105,空大及附設進修學校,1A65,經國管理暨健康學院附進修學院,博士班,0,,
105,空大及附設進修學校,1A65,經國管理暨健康學院附進修學院,學士班,12,,
105,空大及附設進修學校,1A65,經國管理暨健康學院附進修學院,碩士班,0,,
105,空大及附設進修學校,1A67,崇右技術學院附進修學院,二專,0,,
105,空大及附設進修學校,1A67,崇右技術學院附進修學院,五專,0,,
105,空大及附設進修學校,1A67,崇右技術學院附進修學院,博士班,0,,
105,空大及附設進修學校,1A67,崇右技術學院附進修學院,學士班,92,,
105,空大及附設進修學校,1A67,崇右技術學院附進修學院,碩士班,0,,
105,空大及附設進修學校,1A68,南開科技大學附進修學院,二專,0,,
105,空大及附設進修學校,1A68,南開科技大學附進修學院,五專,0,,
105,空大及附設進修學校,1A68,南開科技大學附進修學院,博士班,0,,
105,空大及附設進修學校,1A68,南開科技大學附進修學院,學士班,3,,
105,空大及附設進修學校,1A68,南開科技大學附進修學院,碩士班,0,,
105,空大及附設進修學校,1A70,亞太創意技術學院附進修學院,二專,0,,
105,空大及附設進修學校,1A70,亞太創意技術學院附進修學院,五專,0,,
105,空大及附設進修學校,1A70,亞太創意技術學院附進修學院,博士班,0,,
105,空大及附設進修學校,1A70,亞太創意技術學院附進修學院,學士班,9,,
105,空大及附設進修學校,1A70,亞太創意技術學院附進修學院,碩士班,0,,
105,空大及附設進修學校,1A75,元培醫事科技大學附進修專校,二專,6,,
105,空大及附設進修學校,1A75,元培醫事科技大學附進修專校,五專,0,,
105,空大及附設進修學校,1A75,元培醫事科技大學附進修專校,博士班,0,,
105,空大及附設進修學校,1A75,元培醫事科技大學附進修專校,學士班,0,,
105,空大及附設進修學校,1A75,元培醫事科技大學附進修專校,碩士班,0,,
105,空大及附設進修學校,1A76,東方設計學院附進修學院,二專,0,,
105,空大及附設進修學校,1A76,東方設計學院附進修學院,五專,0,,
105,空大及附設進修學校,1A76,東方設計學院附進修學院,博士班,0,,
105,空大及附設進修學校,1A76,東方設計學院附進修學院,學士班,0,,
105,空大及附設進修學校,1A76,東方設計學院附進修學院,碩士班,0,,
105,空大及附設進修學校,1A77,華夏科技大學附進修學院,二專,0,,
105,空大及附設進修學校,1A77,華夏科技大學附進修學院,五專,0,,
105,空大及附設進修學校,1A77,華夏科技大學附進修學院,博士班,0,,
105,空大及附設進修學校,1A77,華夏科技大學附進修學院,學士班,3,,
105,空大及附設進修學校,1A77,華夏科技大學附進修學院,碩士班,0,,
105,空大及附設進修學校,1A78,華夏科技大學附進修專校,二專,4,,
105,空大及附設進修學校,1A78,華夏科技大學附進修專校,五專,0,,
105,空大及附設進修學校,1A78,華夏科技大學附進修專校,博士班,0,,
105,空大及附設進修學校,1A78,華夏科技大學附進修專校,學士班,0,,
105,空大及附設進修學校,1A78,華夏科技大學附進修專校,碩士班,0,,
105,空大及附設進修學校,1A79,樹德科技大學附進修專校,二專,15,,
105,空大及附設進修學校,1A79,樹德科技大學附進修專校,五專,0,,
105,空大及附設進修學校,1A79,樹德科技大學附進修專校,博士班,0,,
105,空大及附設進修學校,1A79,樹德科技大學附進修專校,學士班,0,,
105,空大及附設進修學校,1A79,樹德科技大學附進修專校,碩士班,0,,
105,空大及附設進修學校,1A82,慈濟科技大學附進修學院,二專,0,,
105,空大及附設進修學校,1A82,慈濟科技大學附進修學院,五專,0,,
105,空大及附設進修學校,1A82,慈濟科技大學附進修學院,博士班,0,,
105,空大及附設進修學校,1A82,慈濟科技大學附進修學院,學士班,9,,
105,空大及附設進修學校,1A82,慈濟科技大學附進修學院,碩士班,0,,
105,空大及附設進修學校,1A83,台北海洋技術學院附進修專校,二專,1,,
105,空大及附設進修學校,1A83,台北海洋技術學院附進修專校,五專,0,,
105,空大及附設進修學校,1A83,台北海洋技術學院附進修專校,博士班,0,,
105,空大及附設進修學校,1A83,台北海洋技術學院附進修專校,學士班,0,,
105,空大及附設進修學校,1A83,台北海洋技術學院附進修專校,碩士班,0,,
105,宗教研修學院,1R02,基督教台灣浸會神學院,二專,0,,
105,宗教研修學院,1R02,基督教台灣浸會神學院,五專,0,,
105,宗教研修學院,1R02,基督教台灣浸會神學院,博士班,0,,
105,宗教研修學院,1R02,基督教台灣浸會神學院,學士班,0,,
105,宗教研修學院,1R02,基督教台灣浸會神學院,碩士班,3,,
105,宗教研修學院,1R03,臺北基督學院,二專,0,,
105,宗教研修學院,1R03,臺北基督學院,五專,0,,
105,宗教研修學院,1R03,臺北基督學院,博士班,0,,
105,宗教研修學院,1R03,臺北基督學院,學士班,8,,
105,宗教研修學院,1R03,臺北基督學院,碩士班,0,,
105,宗教研修學院,1R05,台灣神學研究學院,二專,0,,
105,宗教研修學院,1R05,台灣神學研究學院,五專,0,,
105,宗教研修學院,1R05,台灣神學研究學院,博士班,0,,
105,宗教研修學院,1R05,台灣神學研究學院,學士班,0,,
105,宗教研修學院,1R05,台灣神學研究學院,碩士班,5,,
105,大專校院,3002,臺北市立大學,二專,0,,
105,大專校院,3002,臺北市立大學,五專,0,,
105,大專校院,3002,臺北市立大學,博士班,1,255.0,0.00392
105,大專校院,3002,臺北市立大學,學士班,310,5193.0,0.0597
105,大專校院,3002,臺北市立大學,碩士班,30,2183.0,0.01374
105,空大及附設進修學校,3A01,高雄市立空中大學,二專,0,,
105,空大及附設進修學校,3A01,高雄市立空中大學,五專,0,,
105,空大及附設進修學校,3A01,高雄市立空中大學,博士班,0,,
105,空大及附設進修學校,3A01,高雄市立空中大學,學士班,67,,
105,空大及附設進修學校,3A01,高雄市立空中大學,碩士班,0,,
106,大專校院,0001,國立政治大學,二專,0,,
106,大專校院,0001,國立政治大學,五專,0,,
106,大專校院,0001,國立政治大學,博士班,3,952.0,0.00315
106,大專校院,0001,國立政治大學,學士班,130,9632.0,0.0135
106,大專校院,0001,國立政治大學,碩士班,49,5769.0,0.00849
106,大專校院,0002,國立清華大學,二專,0,,
106,大專校院,0002,國立清華大學,五專,0,,
106,大專校院,0002,國立清華大學,博士班,10,1687.0,0.00593
106,大專校院,0002,國立清華大學,學士班,90,8892.0,0.01012
106,大專校院,0002,國立清華大學,碩士班,57,6085.0,0.00937
106,大專校院,0003,國立臺灣大學,二專,0,,
106,大專校院,0003,國立臺灣大學,五專,0,,
106,大專校院,0003,國立臺灣大學,博士班,10,3616.0,0.00277
106,大專校院,0003,國立臺灣大學,學士班,281,16558.0,0.01697
106,大專校院,0003,國立臺灣大學,碩士班,33,11628.0,0.00284
106,大專校院,0004,國立臺灣師範大學,二專,0,,
106,大專校院,0004,國立臺灣師範大學,五專,0,,
106,大專校院,0004,國立臺灣師範大學,博士班,14,1393.0,0.01005
106,大專校院,0004,國立臺灣師範大學,學士班,215,8085.0,0.02659
106,大專校院,0004,國立臺灣師範大學,碩士班,30,5948.0,0.00504
106,大專校院,0005,國立成功大學,二專,0,,
106,大專校院,0005,國立成功大學,五專,0,,
106,大專校院,0005,國立成功大學,博士班,3,1833.0,0.00164
106,大專校院,0005,國立成功大學,學士班,112,11481.0,0.00976
106,大專校院,0005,國立成功大學,碩士班,28,7938.0,0.00353
106,大專校院,0006,國立中興大學,二專,0,,
106,大專校院,0006,國立中興大學,五專,0,,
106,大專校院,0006,國立中興大學,博士班,5,989.0,0.00506
106,大專校院,0006,國立中興大學,學士班,84,9023.0,0.00931
106,大專校院,0006,國立中興大學,碩士班,20,4865.0,0.00411
106,大專校院,0007,國立交通大學,二專,0,,
106,大專校院,0007,國立交通大學,五專,0,,
106,大專校院,0007,國立交通大學,博士班,4,1701.0,0.00235
106,大專校院,0007,國立交通大學,學士班,25,5455.0,0.00458
106,大專校院,0007,國立交通大學,碩士班,12,7013.0,0.00171
106,大專校院,0008,國立中央大學,二專,0,,
106,大專校院,0008,國立中央大學,五專,0,,
106,大專校院,0008,國立中央大學,博士班,1,1034.0,0.00097
106,大專校院,0008,國立中央大學,學士班,34,6117.0,0.00556
106,大專校院,0008,國立中央大學,碩士班,6,4773.0,0.00126
106,大專校院,0009,國立中山大學,二專,0,,
106,大專校院,0009,國立中山大學,五專,0,,
106,大專校院,0009,國立中山大學,博士班,0,798.0,0.0
106,大專校院,0009,國立中山大學,學士班,40,4740.0,0.00844
106,大專校院,0009,國立中山大學,碩士班,1,3928.0,0.00025
106,大專校院,0012,國立臺灣海洋大學,二專,0,,
106,大專校院,0012,國立臺灣海洋大學,五專,0,,
106,大專校院,0012,國立臺灣海洋大學,博士班,0,292.0,0.0
106,大專校院,0012,國立臺灣海洋大學,學士班,68,6401.0,0.01062
106,大專校院,0012,國立臺灣海洋大學,碩士班,9,1959.0,0.00459
106,大專校院,0013,國立中正大學,二專,0,,
106,大專校院,0013,國立中正大學,五專,0,,
106,大專校院,0013,國立中正大學,博士班,2,588.0,0.0034
106,大專校院,0013,國立中正大學,學士班,70,6728.0,0.0104
106,大專校院,0013,國立中正大學,碩士班,25,4196.0,0.00596
106,大專校院,0014,國立高雄師範大學,二專,0,,
106,大專校院,0014,國立高雄師範大學,五專,0,,
106,大專校院,0014,國立高雄師範大學,博士班,8,450.0,0.01778
106,大專校院,0014,國立高雄師範大學,學士班,81,3487.0,0.02323
106,大專校院,0014,國立高雄師範大學,碩士班,48,2717.0,0.01767
106,大專校院,0015,國立彰化師範大學,二專,0,,
106,大專校院,0015,國立彰化師範大學,五專,0,,
106,大專校院,0015,國立彰化師範大學,博士班,0,477.0,0.0
106,大專校院,0015,國立彰化師範大學,學士班,96,4895.0,0.01961
106,大專校院,0015,國立彰化師範大學,碩士班,12,2863.0,0.00419
106,大專校院,0016,國立陽明大學,二專,0,,
106,大專校院,0016,國立陽明大學,五專,0,,
106,大專校院,0016,國立陽明大學,博士班,1,864.0,0.00116
106,大專校院,0016,國立陽明大學,學士班,22,2107.0,0.01044
106,大專校院,0016,國立陽明大學,碩士班,15,1361.0,0.01102
106,大專校院,0017,國立臺北大學,二專,0,,
106,大專校院,0017,國立臺北大學,五專,0,,
106,大專校院,0017,國立臺北大學,博士班,1,214.0,0.00467
106,大專校院,0017,國立臺北大學,學士班,96,7837.0,0.01225
106,大專校院,0017,國立臺北大學,碩士班,10,1802.0,0.00555
106,大專校院,0018,國立嘉義大學,二專,0,,
106,大專校院,0018,國立嘉義大學,五專,0,,
106,大專校院,0018,國立嘉義大學,博士班,2,181.0,0.01105
106,大專校院,0018,國立嘉義大學,學士班,146,9925.0,0.01471
106,大專校院,0018,國立嘉義大學,碩士班,24,2293.0,0.01047
106,大專校院,0019,國立高雄大學,二專,0,,
106,大專校院,0019,國立高雄大學,五專,0,,
106,大專校院,0019,國立高雄大學,博士班,0,24.0,0.0
106,大專校院,0019,國立高雄大學,學士班,37,4363.0,0.00848
106,大專校院,0019,國立高雄大學,碩士班,2,1119.0,0.00179
106,大專校院,0020,國立東華大學,二專,0,,
106,大專校院,0020,國立東華大學,五專,0,,
106,大專校院,0020,國立東華大學,博士班,21,346.0,0.06069
106,大專校院,0020,國立東華大學,學士班,513,7659.0,0.06698
106,大專校院,0020,國立東華大學,碩士班,177,2149.0,0.08236
106,大專校院,0021,國立暨南國際大學,二專,0,,
106,大專校院,0021,國立暨南國際大學,五專,0,,
106,大專校院,0021,國立暨南國際大學,博士班,8,346.0,0.02312
106,大專校院,0021,國立暨南國際大學,學士班,213,4675.0,0.04556
106,大專校院,0021,國立暨南國際大學,碩士班,44,1340.0,0.03284
106,大專校院,0022,國立臺灣科技大學,二專,0,,
106,大專校院,0022,國立臺灣科技大學,五專,0,,
106,大專校院,0022,國立臺灣科技大學,博士班,2,1024.0,0.00195
106,大專校院,0022,國立臺灣科技大學,學士班,105,5740.0,0.01829
106,大專校院,0022,國立臺灣科技大學,碩士班,10,4255.0,0.00235
106,大專校院,0023,國立雲林科技大學,二專,0,,
106,大專校院,0023,國立雲林科技大學,五專,0,,
106,大專校院,0023,國立雲林科技大學,博士班,1,429.0,0.00233
106,大專校院,0023,國立雲林科技大學,學士班,69,6586.0,0.01048
106,大專校院,0023,國立雲林科技大學,碩士班,5,2700.0,0.00185
106,大專校院,0024,國立屏東科技大學,二專,0,,
106,大專校院,0024,國立屏東科技大學,五專,0,,
106,大專校院,0024,國立屏東科技大學,博士班,1,252.0,0.00397
106,大專校院,0024,國立屏東科技大學,學士班,157,9307.0,0.01687
106,大專校院,0024,國立屏東科技大學,碩士班,51,1628.0,0.03133
106,大專校院,0025,國立臺北科技大學,二專,0,,
106,大專校院,0025,國立臺北科技大學,五專,0,,
106,大專校院,0025,國立臺北科技大學,博士班,0,722.0,0.0
106,大專校院,0025,國立臺北科技大學,學士班,77,7994.0,0.00963
106,大專校院,0025,國立臺北科技大學,碩士班,11,4257.0,0.00258
106,大專校院,0026,國立高雄第一科技大學,二專,0,,
106,大專校院,0026,國立高雄第一科技大學,五專,0,,
106,大專校院,0026,國立高雄第一科技大學,博士班,1,227.0,0.00441
106,大專校院,0026,國立高雄第一科技大學,學士班,92,5811.0,0.01583
106,大專校院,0026,國立高雄第一科技大學,碩士班,4,1766.0,0.00227
106,大專校院,0027,國立高雄應用科技大學,二專,0,,
106,大專校院,0027,國立高雄應用科技大學,五專,0,,
106,大專校院,0027,國立高雄應用科技大學,博士班,0,290.0,0.0
106,大專校院,0027,國立高雄應用科技大學,學士班,105,9229.0,0.01138
106,大專校院,0027,國立高雄應用科技大學,碩士班,7,2303.0,0.00304
106,大專校院,0028,國立臺北藝術大學,二專,0,,
106,大專校院,0028,國立臺北藝術大學,五專,0,75.0,0.0
106,大專校院,0028,國立臺北藝術大學,博士班,1,86.0,0.01163
106,大專校院,0028,國立臺北藝術大學,學士班,37,1821.0,0.02032
106,大專校院,0028,國立臺北藝術大學,碩士班,16,1149.0,0.01393
106,大專校院,0029,國立臺灣藝術大學,二專,0,,
106,大專校院,0029,國立臺灣藝術大學,五專,0,,
106,大專校院,0029,國立臺灣藝術大學,博士班,1,112.0,0.00893
106,大專校院,0029,國立臺灣藝術大學,學士班,85,4388.0,0.01937
106,大專校院,0029,國立臺灣藝術大學,碩士班,9,1183.0,0.00761
106,大專校院,0030,國立臺東大學,二專,0,,
106,大專校院,0030,國立臺東大學,五專,0,,
106,大專校院,0030,國立臺東大學,博士班,3,41.0,0.07317
106,大專校院,0030,國立臺東大學,學士班,282,3699.0,0.07624
106,大專校院,0030,國立臺東大學,碩士班,135,876.0,0.15411
106,大專校院,0031,國立宜蘭大學,二專,0,,
106,大專校院,0031,國立宜蘭大學,五專,0,,
106,大專校院,0031,國立宜蘭大學,博士班,0,12.0,0.0
106,大專校院,0031,國立宜蘭大學,學士班,143,4828.0,0.02962
106,大專校院,0031,國立宜蘭大學,碩士班,9,671.0,0.01341
106,大專校院,0032,國立聯合大學,二專,0,,
106,大專校院,0032,國立聯合大學,五專,0,,
106,大專校院,0032,國立聯合大學,博士班,0,12.0,0.0
106,大專校院,0032,國立聯合大學,學士班,93,7304.0,0.01273
106,大專校院,0032,國立聯合大學,碩士班,2,413.0,0.00484
106,大專校院,0033,國立虎尾科技大學,二專,0,,
106,大專校院,0033,國立虎尾科技大學,五專,0,,
106,大專校院,0033,國立虎尾科技大學,博士班,0,33.0,0.0
106,大專校院,0033,國立虎尾科技大學,學士班,91,9101.0,0.01
106,大專校院,0033,國立虎尾科技大學,碩士班,3,1054.0,0.00285
106,大專校院,0034,國立高雄海洋科技大學,二專,0,,
106,大專校院,0034,國立高雄海洋科技大學,五專,19,508.0,0.0374
106,大專校院,0034,國立高雄海洋科技大學,博士班,0,28.0,0.0
106,大專校院,0034,國立高雄海洋科技大學,學士班,87,6672.0,0.01304
106,大專校院,0034,國立高雄海洋科技大學,碩士班,3,486.0,0.00617
106,大專校院,0035,國立臺南藝術大學,二專,0,,
106,大專校院,0035,國立臺南藝術大學,五專,0,170.0,0.0
106,大專校院,0035,國立臺南藝術大學,博士班,0,38.0,0.0
106,大專校院,0035,國立臺南藝術大學,學士班,14,784.0,0.01786
106,大專校院,0035,國立臺南藝術大學,碩士班,10,588.0,0.01701
106,大專校院,0036,國立臺南大學,二專,0,,
106,大專校院,0036,國立臺南大學,五專,0,,
106,大專校院,0036,國立臺南大學,博士班,0,173.0,0.0
106,大專校院,0036,國立臺南大學,學士班,55,3949.0,0.01393
106,大專校院,0036,國立臺南大學,碩士班,8,1623.0,0.00493
106,大專校院,0037,國立臺北教育大學,二專,0,,
106,大專校院,0037,國立臺北教育大學,五專,0,,
106,大專校院,0037,國立臺北教育大學,博士班,0,150.0,0.0
106,大專校院,0037,國立臺北教育大學,學士班,100,3383.0,0.02956
106,大專校院,0037,國立臺北教育大學,碩士班,38,2275.0,0.0167
106,大專校院,0039,國立臺中教育大學,二專,0,,
106,大專校院,0039,國立臺中教育大學,五專,0,,
106,大專校院,0039,國立臺中教育大學,博士班,2,124.0,0.01613
106,大專校院,0039,國立臺中教育大學,學士班,70,3351.0,0.02089
106,大專校院,0039,國立臺中教育大學,碩士班,44,1531.0,0.02874
106,大專校院,0042,國立澎湖科技大學,二專,0,,
106,大專校院,0042,國立澎湖科技大學,五專,0,,
106,大專校院,0042,國立澎湖科技大學,博士班,0,,
106,大專校院,0042,國立澎湖科技大學,學士班,38,2873.0,0.01323
106,大專校院,0042,國立澎湖科技大學,碩士班,1,135.0,0.00741
106,大專校院,0043,國立勤益科技大學,二專,0,1.0,0.0
106,大專校院,0043,國立勤益科技大學,五專,0,,
106,大專校院,0043,國立勤益科技大學,博士班,0,18.0,0.0
106,大專校院,0043,國立勤益科技大學,學士班,111,10326.0,0.01075
106,大專校院,0043,國立勤益科技大學,碩士班,5,831.0,0.00602
106,大專校院,0044,國立體育大學,二專,0,,
106,大專校院,0044,國立體育大學,五專,0,,
106,大專校院,0044,國立體育大學,博士班,3,145.0,0.02069
106,大專校院,0044,國立體育大學,學士班,128,1759.0,0.07277
106,大專校院,0044,國立體育大學,碩士班,15,560.0,0.02679
106,大專校院,0046,國立臺北護理健康大學,二專,0,,
106,大專校院,0046,國立臺北護理健康大學,五專,0,,
106,大專校院,0046,國立臺北護理健康大學,博士班,0,67.0,0.0
106,大專校院,0046,國立臺北護理健康大學,學士班,106,4247.0,0.02496
106,大專校院,0046,國立臺北護理健康大學,碩士班,10,763.0,0.01311
106,大專校院,0047,國立高雄餐旅大學,二專,1,141.0,0.00709
106,大專校院,0047,國立高雄餐旅大學,五專,5,229.0,0.02183
106,大專校院,0047,國立高雄餐旅大學,博士班,0,30.0,0.0
106,大專校院,0047,國立高雄餐旅大學,學士班,113,4673.0,0.02418
106,大專校院,0047,國立高雄餐旅大學,碩士班,0,194.0,0.0
106,大專校院,0048,國立金門大學,二專,0,,
106,大專校院,0048,國立金門大學,五專,0,,
106,大專校院,0048,國立金門大學,博士班,0,,
106,大專校院,0048,國立金門大學,學士班,41,4213.0,0.00973
106,大專校院,0048,國立金門大學,碩士班,4,288.0,0.01389
106,大專校院,0049,國立臺灣體育運動大學,二專,0,,
106,大專校院,0049,國立臺灣體育運動大學,五專,0,,
106,大專校院,0049,國立臺灣體育運動大學,博士班,0,,
106,大專校院,0049,國立臺灣體育運動大學,學士班,241,2799.0,0.0861
106,大專校院,0049,國立臺灣體育運動大學,碩士班,21,355.0,0.05915
106,大專校院,0050,國立臺中科技大學,二專,1,82.0,0.0122
106,大專校院,0050,國立臺中科技大學,五專,67,3504.0,0.01912
106,大專校院,0050,國立臺中科技大學,博士班,0,,
106,大專校院,0050,國立臺中科技大學,學士班,137,9454.0,0.01449
106,大專校院,0050,國立臺中科技大學,碩士班,1,559.0,0.00179
106,大專校院,0051,國立臺北商業大學,二專,0,8.0,0.0
106,大專校院,0051,國立臺北商業大學,五專,40,1911.0,0.02093
106,大專校院,0051,國立臺北商業大學,博士班,0,,
106,大專校院,0051,國立臺北商業大學,學士班,102,4598.0,0.02218
106,大專校院,0051,國立臺北商業大學,碩士班,0,213.0,0.0
106,大專校院,0052,國立屏東大學,二專,0,,
106,大專校院,0052,國立屏東大學,五專,0,,
106,大專校院,0052,國立屏東大學,博士班,4,48.0,0.08333
106,大專校院,0052,國立屏東大學,學士班,310,7427.0,0.04174
106,大專校院,0052,國立屏東大學,碩士班,94,1488.0,0.06317
106,大專校院,0144,國立臺灣戲曲學院,二專,0,,
106,大專校院,0144,國立臺灣戲曲學院,五專,0,,
106,大專校院,0144,國立臺灣戲曲學院,博士班,0,,
106,大專校院,0144,國立臺灣戲曲學院,學士班,24,614.0,0.03909
106,大專校院,0144,國立臺灣戲曲學院,碩士班,0,,
106,大專校院,0221,國立臺南護理專科學校,二專,2,158.0,0.01266
106,大專校院,0221,國立臺南護理專科學校,五專,54,1797.0,0.03005
106,大專校院,0221,國立臺南護理專科學校,博士班,0,,
106,大專校院,0221,國立臺南護理專科學校,學士班,0,,
106,大專校院,0221,國立臺南護理專科學校,碩士班,0,,
106,大專校院,0222,國立臺東專科學校,二專,61,657.0,0.09285
106,大專校院,0222,國立臺東專科學校,五專,132,587.0,0.22487
106,大專校院,0222,國立臺東專科學校,博士班,0,,
106,大專校院,0222,國立臺東專科學校,學士班,0,,
106,大專校院,0222,國立臺東專科學校,碩士班,0,,
106,空大及附設進修學校,0A01,國立空中大學,二專,172,,
106,空大及附設進修學校,0A01,國立空中大學,五專,0,,
106,空大及附設進修學校,0A01,國立空中大學,博士班,0,,
106,空大及附設進修學校,0A01,國立空中大學,學士班,334,,
106,空大及附設進修學校,0A01,國立空中大學,碩士班,0,,
106,空大及附設進修學校,0A09,國立臺中科技大學附進修專校,二專,12,,
106,空大及附設進修學校,0A09,國立臺中科技大學附進修專校,五專,0,,
106,空大及附設進修學校,0A09,國立臺中科技大學附進修專校,博士班,0,,
106,空大及附設進修學校,0A09,國立臺中科技大學附進修專校,學士班,0,,
106,空大及附設進修學校,0A09,國立臺中科技大學附進修專校,碩士班,0,,
106,空大及附設進修學校,0A10,國立臺北商業大學附進修專校,二專,43,,
106,空大及附設進修學校,0A10,國立臺北商業大學附進修專校,五專,0,,
106,空大及附設進修學校,0A10,國立臺北商業大學附進修專校,博士班,0,,
106,空大及附設進修學校,0A10,國立臺北商業大學附進修專校,學士班,0,,
106,空大及附設進修學校,0A10,國立臺北商業大學附進修專校,碩士班,0,,
106,空大及附設進修學校,0A11,國立勤益科技大學附進修專校,二專,2,,
106,空大及附設進修學校,0A11,國立勤益科技大學附進修專校,五專,0,,
106,空大及附設進修學校,0A11,國立勤益科技大學附進修專校,博士班,0,,
106,空大及附設進修學校,0A11,國立勤益科技大學附進修專校,學士班,0,,
106,空大及附設進修學校,0A11,國立勤益科技大學附進修專校,碩士班,0,,
106,空大及附設進修學校,0A13,國立高雄應用科技大學附進修學院,二專,0,,
106,空大及附設進修學校,0A13,國立高雄應用科技大學附進修學院,五專,0,,
106,空大及附設進修學校,0A13,國立高雄應用科技大學附進修學院,博士班,0,,
106,空大及附設進修學校,0A13,國立高雄應用科技大學附進修學院,學士班,8,,
106,空大及附設進修學校,0A13,國立高雄應用科技大學附進修學院,碩士班,0,,
106,空大及附設進修學校,0A14,國立虎尾科技大學附進修學院,二專,0,,
106,空大及附設進修學校,0A14,國立虎尾科技大學附進修學院,五專,0,,
106,空大及附設進修學校,0A14,國立虎尾科技大學附進修學院,博士班,0,,
106,空大及附設進修學校,0A14,國立虎尾科技大學附進修學院,學士班,0,,
106,空大及附設進修學校,0A14,國立虎尾科技大學附進修學院,碩士班,0,,
106,空大及附設進修學校,0A15,國立勤益科技大學附進修學院,二專,0,,
106,空大及附設進修學校,0A15,國立勤益科技大學附進修學院,五專,0,,
106,空大及附設進修學校,0A15,國立勤益科技大學附進修學院,博士班,0,,
106,空大及附設進修學校,0A15,國立勤益科技大學附進修學院,學士班,4,,
106,空大及附設進修學校,0A15,國立勤益科技大學附進修學院,碩士班,0,,
106,空大及附設進修學校,0A16,國立臺中科技大學附進修學院,二專,0,,
106,空大及附設進修學校,0A16,國立臺中科技大學附進修學院,五專,0,,
106,空大及附設進修學校,0A16,國立臺中科技大學附進修學院,博士班,0,,
106,空大及附設進修學校,0A16,國立臺中科技大學附進修學院,學士班,10,,
106,空大及附設進修學校,0A16,國立臺中科技大學附進修學院,碩士班,0,,
106,空大及附設進修學校,0A17,國立臺北商業大學附空中進院,二專,65,,
106,空大及附設進修學校,0A17,國立臺北商業大學附空中進院,五專,0,,
106,空大及附設進修學校,0A17,國立臺北商業大學附空中進院,博士班,0,,
106,空大及附設進修學校,0A17,國立臺北商業大學附空中進院,學士班,49,,
106,空大及附設進修學校,0A17,國立臺北商業大學附空中進院,碩士班,0,,
106,空大及附設進修學校,0A18,國立臺中科技大學附空中進院,二專,43,,
106,空大及附設進修學校,0A18,國立臺中科技大學附空中進院,五專,0,,
106,空大及附設進修學校,0A18,國立臺中科技大學附空中進院,博士班,0,,
106,空大及附設進修學校,0A18,國立臺中科技大學附空中進院,學士班,18,,
106,空大及附設進修學校,0A18,國立臺中科技大學附空中進院,碩士班,0,,
106,大專校院,1001,東海大學,二專,0,,
106,大專校院,1001,東海大學,五專,0,,
106,大專校院,1001,東海大學,博士班,2,240.0,0.00833
106,大專校院,1001,東海大學,學士班,49,14136.0,0.00347
106,大專校院,1001,東海大學,碩士班,9,2053.0,0.00438
106,大專校院,1002,輔仁大學,二專,0,,
106,大專校院,1002,輔仁大學,五專,0,,
106,大專校院,1002,輔仁大學,博士班,0,473.0,0.0
106,大專校院,1002,輔仁大學,學士班,349,22735.0,0.01535
106,大專校院,1002,輔仁大學,碩士班,77,3809.0,0.02022
106,大專校院,1003,東吳大學,二專,0,,
106,大專校院,1003,東吳大學,五專,0,,
106,大專校院,1003,東吳大學,博士班,0,122.0,0.0
106,大專校院,1003,東吳大學,學士班,130,13289.0,0.00978
106,大專校院,1003,東吳大學,碩士班,2,2439.0,0.00082
106,大專校院,1004,中原大學,二專,0,,
106,大專校院,1004,中原大學,五專,0,,
106,大專校院,1004,中原大學,博士班,1,336.0,0.00298
106,大專校院,1004,中原大學,學士班,137,13524.0,0.01013
106,大專校院,1004,中原大學,碩士班,8,2482.0,0.00322
106,大專校院,1005,淡江大學,二專,0,,
106,大專校院,1005,淡江大學,五專,0,,
106,大專校院,1005,淡江大學,博士班,0,442.0,0.0
106,大專校院,1005,淡江大學,學士班,165,22635.0,0.00729
106,大專校院,1005,淡江大學,碩士班,4,2955.0,0.00135
106,大專校院,1006,中國文化大學,二專,0,,
106,大專校院,1006,中國文化大學,五專,0,,
106,大專校院,1006,中國文化大學,博士班,6,524.0,0.01145
106,大專校院,1006,中國文化大學,學士班,426,23256.0,0.01832
106,大專校院,1006,中國文化大學,碩士班,24,2105.0,0.0114
106,大專校院,1007,逢甲大學,二專,0,,
106,大專校院,1007,逢甲大學,五專,0,,
106,大專校院,1007,逢甲大學,博士班,0,440.0,0.0
106,大專校院,1007,逢甲大學,學士班,61,17944.0,0.0034
106,大專校院,1007,逢甲大學,碩士班,1,2762.0,0.00036
106,大專校院,1008,靜宜大學,二專,0,,
106,大專校院,1008,靜宜大學,五專,0,,
106,大專校院,1008,靜宜大學,博士班,3,42.0,0.07143
106,大專校院,1008,靜宜大學,學士班,81,11375.0,0.00712
106,大專校院,1008,靜宜大學,碩士班,13,872.0,0.01491
106,大專校院,1009,長庚大學,二專,0,,
106,大專校院,1009,長庚大學,五專,0,,
106,大專校院,1009,長庚大學,博士班,0,525.0,0.0
106,大專校院,1009,長庚大學,學士班,25,5304.0,0.00471
106,大專校院,1009,長庚大學,碩士班,4,1358.0,0.00295
106,大專校院,1010,元智大學,二專,0,,
106,大專校院,1010,元智大學,五專,0,,
106,大專校院,1010,元智大學,博士班,1,285.0,0.00351
106,大專校院,1010,元智大學,學士班,38,7209.0,0.00527
106,大專校院,1010,元智大學,碩士班,12,1641.0,0.00731
106,大專校院,1011,中華大學,二專,0,,
106,大專校院,1011,中華大學,五專,0,,
106,大專校院,1011,中華大學,博士班,1,95.0,0.01053
106,大專校院,1011,中華大學,學士班,35,5835.0,0.006
106,大專校院,1011,中華大學,碩士班,0,792.0,0.0
106,大專校院,1012,大葉大學,二專,0,,
106,大專校院,1012,大葉大學,五專,0,,
106,大專校院,1012,大葉大學,博士班,0,134.0,0.0
106,大專校院,1012,大葉大學,學士班,145,9841.0,0.01473
106,大專校院,1012,大葉大學,碩士班,2,1172.0,0.00171
106,大專校院,1013,華梵大學,二專,0,,
106,大專校院,1013,華梵大學,五專,0,,
106,大專校院,1013,華梵大學,博士班,0,58.0,0.0
106,大專校院,1013,華梵大學,學士班,15,1864.0,0.00805
106,大專校院,1013,華梵大學,碩士班,1,398.0,0.00251
106,大專校院,1014,義守大學,二專,0,,
106,大專校院,1014,義守大學,五專,0,,
106,大專校院,1014,義守大學,博士班,0,137.0,0.0
106,大專校院,1014,義守大學,學士班,693,15111.0,0.04586
106,大專校院,1014,義守大學,碩士班,23,961.0,0.02393
106,大專校院,1015,世新大學,二專,0,,
106,大專校院,1015,世新大學,五專,0,,
106,大專校院,1015,世新大學,博士班,3,89.0,0.03371
106,大專校院,1015,世新大學,學士班,297,10211.0,0.02909
106,大專校院,1015,世新大學,碩士班,13,1423.0,0.00914
106,大專校院,1016,銘傳大學,二專,0,,
106,大專校院,1016,銘傳大學,五專,0,,
106,大專校院,1016,銘傳大學,博士班,0,69.0,0.0
106,大專校院,1016,銘傳大學,學士班,182,17521.0,0.01039
106,大專校院,1016,銘傳大學,碩士班,17,1539.0,0.01105
106,大專校院,1017,實踐大學,二專,0,,
106,大專校院,1017,實踐大學,五專,0,,
106,大專校院,1017,實踐大學,博士班,0,24.0,0.0
106,大專校院,1017,實踐大學,學士班,317,14039.0,0.02258
106,大專校院,1017,實踐大學,碩士班,3,516.0,0.00581
106,大專校院,1018,朝陽科技大學,二專,0,,
106,大專校院,1018,朝陽科技大學,五專,0,,
106,大專校院,1018,朝陽科技大學,博士班,0,90.0,0.0
106,大專校院,1018,朝陽科技大學,學士班,175,14586.0,0.012
106,大專校院,1018,朝陽科技大學,碩士班,7,1116.0,0.00627
106,大專校院,1019,高雄醫學大學,二專,0,,
106,大專校院,1019,高雄醫學大學,五專,0,,
106,大專校院,1019,高雄醫學大學,博士班,2,323.0,0.00619
106,大專校院,1019,高雄醫學大學,學士班,77,5650.0,0.01363
106,大專校院,1019,高雄醫學大學,碩士班,9,908.0,0.00991
106,大專校院,1020,南華大學,二專,0,,
106,大專校院,1020,南華大學,五專,0,,
106,大專校院,1020,南華大學,博士班,0,32.0,0.0
106,大專校院,1020,南華大學,學士班,76,4620.0,0.01645
106,大專校院,1020,南華大學,碩士班,8,948.0,0.00844
106,大專校院,1021,真理大學,二專,0,,
106,大專校院,1021,真理大學,五專,0,,
106,大專校院,1021,真理大學,博士班,0,,
106,大專校院,1021,真理大學,學士班,131,6601.0,0.01985
106,大專校院,1021,真理大學,碩士班,2,172.0,0.01163
106,大專校院,1022,大同大學,二專,0,,
106,大專校院,1022,大同大學,五專,0,,
106,大專校院,1022,大同大學,博士班,1,104.0,0.00962
106,大專校院,1022,大同大學,學士班,10,3744.0,0.00267
106,大專校院,1022,大同大學,碩士班,3,649.0,0.00462
106,大專校院,1023,南臺科技大學,二專,0,,
106,大專校院,1023,南臺科技大學,五專,0,,
106,大專校院,1023,南臺科技大學,博士班,0,85.0,0.0
106,大專校院,1023,南臺科技大學,學士班,124,17496.0,0.00709
106,大專校院,1023,南臺科技大學,碩士班,2,1274.0,0.00157
106,大專校院,1024,崑山科技大學,二專,0,,
106,大專校院,1024,崑山科技大學,五專,0,,
106,大專校院,1024,崑山科技大學,博士班,0,34.0,0.0
106,大專校院,1024,崑山科技大學,學士班,97,11540.0,0.00841
106,大專校院,1024,崑山科技大學,碩士班,2,600.0,0.00333
106,大專校院,1025,嘉南藥理大學,二專,0,,
106,大專校院,1025,嘉南藥理大學,五專,0,,
106,大專校院,1025,嘉南藥理大學,博士班,0,,
106,大專校院,1025,嘉南藥理大學,學士班,287,15221.0,0.01886
106,大專校院,1025,嘉南藥理大學,碩士班,4,481.0,0.00832
106,大專校院,1026,樹德科技大學,二專,0,,
106,大專校院,1026,樹德科技大學,五專,0,,
106,大專校院,1026,樹德科技大學,博士班,0,27.0,0.0
106,大專校院,1026,樹德科技大學,學士班,196,9938.0,0.01972
106,大專校院,1026,樹德科技大學,碩士班,2,734.0,0.00272
106,大專校院,1027,慈濟大學,二專,0,,
106,大專校院,1027,慈濟大學,五專,0,,
106,大專校院,1027,慈濟大學,博士班,1,110.0,0.00909
106,大專校院,1027,慈濟大學,學士班,78,2963.0,0.02632
106,大專校院,1027,慈濟大學,碩士班,22,387.0,0.05685
106,大專校院,1028,臺北醫學大學,二專,0,,
106,大專校院,1028,臺北醫學大學,五專,0,,
106,大專校院,1028,臺北醫學大學,博士班,0,453.0,0.0
106,大專校院,1028,臺北醫學大學,學士班,50,4780.0,0.01046
106,大專校院,1028,臺北醫學大學,碩士班,0,879.0,0.0
106,大專校院,1029,中山醫學大學,二專,0,,
106,大專校院,1029,中山醫學大學,五專,0,,
106,大專校院,1029,中山醫學大學,博士班,0,213.0,0.0
106,大專校院,1029,中山醫學大學,學士班,128,6424.0,0.01993
106,大專校院,1029,中山醫學大學,碩士班,3,600.0,0.005
106,大專校院,1030,龍華科技大學,二專,0,1.0,0.0
106,大專校院,1030,龍華科技大學,五專,3,108.0,0.02778
106,大專校院,1030,龍華科技大學,博士班,0,,
106,大專校院,1030,龍華科技大學,學士班,120,10456.0,0.01148
106,大專校院,1030,龍華科技大學,碩士班,3,521.0,0.00576
106,大專校院,1031,輔英科技大學,二專,0,,
106,大專校院,1031,輔英科技大學,五專,98,2702.0,0.03627
106,大專校院,1031,輔英科技大學,博士班,0,,
106,大專校院,1031,輔英科技大學,學士班,123,6427.0,0.01914
106,大專校院,1031,輔英科技大學,碩士班,2,177.0,0.0113
106,大專校院,1032,明新科技大學,二專,2,28.0,0.07143
106,大專校院,1032,明新科技大學,五專,0,,
106,大專校院,1032,明新科技大學,博士班,0,,
106,大專校院,1032,明新科技大學,學士班,184,11706.0,0.01572
106,大專校院,1032,明新科技大學,碩士班,5,585.0,0.00855
106,大專校院,1033,長榮大學,二專,0,,
106,大專校院,1033,長榮大學,五專,0,,
106,大專校院,1033,長榮大學,博士班,2,38.0,0.05263
106,大專校院,1033,長榮大學,學士班,228,9110.0,0.02503
106,大專校院,1033,長榮大學,碩士班,5,532.0,0.0094
106,大專校院,1034,弘光科技大學,二專,3,110.0,0.02727
106,大專校院,1034,弘光科技大學,五專,7,264.0,0.02652
106,大專校院,1034,弘光科技大學,博士班,0,7.0,0.0
106,大專校院,1034,弘光科技大學,學士班,185,12286.0,0.01506
106,大專校院,1034,弘光科技大學,碩士班,5,292.0,0.01712
106,大專校院,1035,中國醫藥大學,二專,0,,
106,大專校院,1035,中國醫藥大學,五專,0,,
106,大專校院,1035,中國醫藥大學,博士班,1,373.0,0.00268
106,大專校院,1035,中國醫藥大學,學士班,110,6461.0,0.01703
106,大專校院,1035,中國醫藥大學,碩士班,4,634.0,0.00631
106,大專校院,1036,健行科技大學,二專,0,1.0,0.0
106,大專校院,1036,健行科技大學,五專,2,26.0,0.07692
106,大專校院,1036,健行科技大學,博士班,0,,
106,大專校院,1036,健行科技大學,學士班,258,10417.0,0.02477
106,大專校院,1036,健行科技大學,碩士班,1,321.0,0.00312
106,大專校院,1037,正修科技大學,二專,11,225.0,0.04889
106,大專校院,1037,正修科技大學,五專,0,,
106,大專校院,1037,正修科技大學,博士班,0,12.0,0.0
106,大專校院,1037,正修科技大學,學士班,189,16109.0,0.01173
106,大專校院,1037,正修科技大學,碩士班,7,557.0,0.01257
106,大專校院,1038,萬能科技大學,二專,0,,
106,大專校院,1038,萬能科技大學,五專,0,,
106,大專校院,1038,萬能科技大學,博士班,0,,
106,大專校院,1038,萬能科技大學,學士班,323,10223.0,0.0316
106,大專校院,1038,萬能科技大學,碩士班,7,249.0,0.02811
106,大專校院,1039,玄奘大學,二專,0,,
106,大專校院,1039,玄奘大學,五專,0,,
106,大專校院,1039,玄奘大學,博士班,0,7.0,0.0
106,大專校院,1039,玄奘大學,學士班,93,3880.0,0.02397
106,大專校院,1039,玄奘大學,碩士班,6,480.0,0.0125
106,大專校院,1040,建國科技大學,二專,0,,
106,大專校院,1040,建國科技大學,五專,0,,
106,大專校院,1040,建國科技大學,博士班,0,,
106,大專校院,1040,建國科技大學,學士班,49,7673.0,0.00639
106,大專校院,1040,建國科技大學,碩士班,0,166.0,0.0
106,大專校院,1041,明志科技大學,二專,0,,
106,大專校院,1041,明志科技大學,五專,0,,
106,大專校院,1041,明志科技大學,博士班,0,5.0,0.0
106,大專校院,1041,明志科技大學,學士班,40,4093.0,0.00977
106,大專校院,1041,明志科技大學,碩士班,2,463.0,0.00432
106,大專校院,1042,高苑科技大學,二專,0,,
106,大專校院,1042,高苑科技大學,五專,0,,
106,大專校院,1042,高苑科技大學,博士班,0,,
106,大專校院,1042,高苑科技大學,學士班,161,5241.0,0.03072
106,大專校院,1042,高苑科技大學,碩士班,3,346.0,0.00867
106,大專校院,1043,大仁科技大學,二專,0,,
106,大專校院,1043,大仁科技大學,五專,0,,
106,大專校院,1043,大仁科技大學,博士班,0,,
106,大專校院,1043,大仁科技大學,學士班,476,6395.0,0.07443
106,大專校院,1043,大仁科技大學,碩士班,7,220.0,0.03182
106,大專校院,1044,聖約翰科技大學,二專,0,,
106,大專校院,1044,聖約翰科技大學,五專,4,278.0,0.01439
106,大專校院,1044,聖約翰科技大學,博士班,0,,
106,大專校院,1044,聖約翰科技大學,學士班,79,3486.0,0.02266
106,大專校院,1044,聖約翰科技大學,碩士班,0,203.0,0.0
106,大專校院,1045,嶺東科技大學,二專,0,,
106,大專校院,1045,嶺東科技大學,五專,0,,
106,大專校院,1045,嶺東科技大學,博士班,0,,
106,大專校院,1045,嶺東科技大學,學士班,111,9957.0,0.01115
106,大專校院,1045,嶺東科技大學,碩士班,2,355.0,0.00563
106,大專校院,1046,中國科技大學,二專,0,,
106,大專校院,1046,中國科技大學,五專,0,,
106,大專校院,1046,中國科技大學,博士班,0,,
106,大專校院,1046,中國科技大學,學士班,163,10767.0,0.01514
106,大專校院,1046,中國科技大學,碩士班,1,202.0,0.00495
106,大專校院,1047,中臺科技大學,二專,0,,
106,大專校院,1047,中臺科技大學,五專,0,,
106,大專校院,1047,中臺科技大學,博士班,0,20.0,0.0
106,大專校院,1047,中臺科技大學,學士班,133,8606.0,0.01545
106,大專校院,1047,中臺科技大學,碩士班,4,381.0,0.0105
106,大專校院,1048,亞洲大學,二專,0,,
106,大專校院,1048,亞洲大學,五專,0,,
106,大專校院,1048,亞洲大學,博士班,1,182.0,0.00549
106,大專校院,1048,亞洲大學,學士班,155,10944.0,0.01416
106,大專校院,1048,亞洲大學,碩士班,5,997.0,0.00502
106,大專校院,1049,開南大學,二專,0,,
106,大專校院,1049,開南大學,五專,0,,
106,大專校院,1049,開南大學,博士班,0,,
106,大專校院,1049,開南大學,學士班,181,6766.0,0.02675
106,大專校院,1049,開南大學,碩士班,21,564.0,0.03723
106,大專校院,1050,佛光大學,二專,0,,
106,大專校院,1050,佛光大學,五專,0,,
106,大專校院,1050,佛光大學,博士班,1,56.0,0.01786
106,大專校院,1050,佛光大學,學士班,66,3050.0,0.02164
106,大專校院,1050,佛光大學,碩士班,20,716.0,0.02793
106,大專校院,1051,台南應用科技大學,二專,0,,
106,大專校院,1051,台南應用科技大學,五專,24,1181.0,0.02032
106,大專校院,1051,台南應用科技大學,博士班,0,,
106,大專校院,1051,台南應用科技大學,學士班,138,11314.0,0.0122
106,大專校院,1051,台南應用科技大學,碩士班,3,238.0,0.01261
106,大專校院,1052,遠東科技大學,二專,0,40.0,0.0
106,大專校院,1052,遠東科技大學,五專,0,,
106,大專校院,1052,遠東科技大學,博士班,0,,
106,大專校院,1052,遠東科技大學,學士班,117,5968.0,0.0196
106,大專校院,1052,遠東科技大學,碩士班,1,239.0,0.00418
106,大專校院,1053,元培醫事科技大學,二專,0,,
106,大專校院,1053,元培醫事科技大學,五專,0,,
106,大專校院,1053,元培醫事科技大學,博士班,0,,
106,大專校院,1053,元培醫事科技大學,學士班,108,6188.0,0.01745
106,大專校院,1053,元培醫事科技大學,碩士班,8,249.0,0.03213
106,大專校院,1054,景文科技大學,二專,0,,
106,大專校院,1054,景文科技大學,五專,0,,
106,大專校院,1054,景文科技大學,博士班,0,,
106,大專校院,1054,景文科技大學,學士班,127,7141.0,0.01778
106,大專校院,1054,景文科技大學,碩士班,1,158.0,0.00633
106,大專校院,1055,中華醫事科技大學,二專,0,110.0,0.0
106,大專校院,1055,中華醫事科技大學,五專,20,2669.0,0.00749
106,大專校院,1055,中華醫事科技大學,博士班,0,,
106,大專校院,1055,中華醫事科技大學,學士班,46,6331.0,0.00727
106,大專校院,1055,中華醫事科技大學,碩士班,0,130.0,0.0
106,大專校院,1056,東南科技大學,二專,0,,
106,大專校院,1056,東南科技大學,五專,0,,
106,大專校院,1056,東南科技大學,博士班,0,,
106,大專校院,1056,東南科技大學,學士班,163,6028.0,0.02704
106,大專校院,1056,東南科技大學,碩士班,2,213.0,0.00939
106,大專校院,1057,德明財經科技大學,二專,0,,
106,大專校院,1057,德明財經科技大學,五專,0,,
106,大專校院,1057,德明財經科技大學,博士班,0,,
106,大專校院,1057,德明財經科技大學,學士班,93,8304.0,0.0112
106,大專校院,1057,德明財經科技大學,碩士班,1,116.0,0.00862
106,大專校院,1058,明道大學,二專,0,,
106,大專校院,1058,明道大學,五專,0,,
106,大專校院,1058,明道大學,博士班,0,20.0,0.0
106,大專校院,1058,明道大學,學士班,49,4169.0,0.01175
106,大專校院,1058,明道大學,碩士班,1,280.0,0.00357
106,大專校院,1060,南開科技大學,二專,0,,
106,大專校院,1060,南開科技大學,五專,10,906.0,0.01104
106,大專校院,1060,南開科技大學,博士班,0,,
106,大專校院,1060,南開科技大學,學士班,57,4098.0,0.01391
106,大專校院,1060,南開科技大學,碩士班,4,213.0,0.01878
106,大專校院,1061,中華科技大學,二專,2,15.0,0.13333
106,大專校院,1061,中華科技大學,五專,0,,
106,大專校院,1061,中華科技大學,博士班,0,,
106,大專校院,1061,中華科技大學,學士班,110,6195.0,0.01776
106,大專校院,1061,中華科技大學,碩士班,10,328.0,0.03049
106,大專校院,1062,僑光科技大學,二專,2,17.0,0.11765
106,大專校院,1062,僑光科技大學,五專,0,1.0,0.0
106,大專校院,1062,僑光科技大學,博士班,0,,
106,大專校院,1062,僑光科技大學,學士班,115,10755.0,0.01069
106,大專校院,1062,僑光科技大學,碩士班,0,83.0,0.0
106,大專校院,1063,育達科技大學,二專,0,,
106,大專校院,1063,育達科技大學,五專,0,,
106,大專校院,1063,育達科技大學,博士班,0,,
106,大專校院,1063,育達科技大學,學士班,99,4275.0,0.02316
106,大專校院,1063,育達科技大學,碩士班,5,307.0,0.01629
106,大專校院,1064,美和科技大學,二專,3,24.0,0.125
106,大專校院,1064,美和科技大學,五專,185,1770.0,0.10452
106,大專校院,1064,美和科技大學,博士班,0,,
106,大專校院,1064,美和科技大學,學士班,502,5326.0,0.09425
106,大專校院,1064,美和科技大學,碩士班,20,346.0,0.0578
106,大專校院,1065,吳鳳科技大學,二專,0,,
106,大專校院,1065,吳鳳科技大學,五專,0,,
106,大專校院,1065,吳鳳科技大學,博士班,0,,
106,大專校院,1065,吳鳳科技大學,學士班,61,4578.0,0.01332
106,大專校院,1065,吳鳳科技大學,碩士班,0,131.0,0.0
106,大專校院,1066,環球科技大學,二專,41,242.0,0.16942
106,大專校院,1066,環球科技大學,五專,0,,
106,大專校院,1066,環球科技大學,博士班,0,,
106,大專校院,1066,環球科技大學,學士班,272,4863.0,0.05593
106,大專校院,1066,環球科技大學,碩士班,30,190.0,0.15789
106,大專校院,1067,台灣首府大學,二專,0,,
106,大專校院,1067,台灣首府大學,五專,0,,
106,大專校院,1067,台灣首府大學,博士班,0,,
106,大專校院,1067,台灣首府大學,學士班,96,2670.0,0.03596
106,大專校院,1067,台灣首府大學,碩士班,1,60.0,0.01667
106,大專校院,1068,中州科技大學,二專,0,,
106,大專校院,1068,中州科技大學,五專,0,,
106,大專校院,1068,中州科技大學,博士班,0,,
106,大專校院,1068,中州科技大學,學士班,59,3389.0,0.01741
106,大專校院,1068,中州科技大學,碩士班,1,84.0,0.0119
106,大專校院,1069,修平科技大學,二專,0,6.0,0.0
106,大專校院,1069,修平科技大學,五專,0,,
106,大專校院,1069,修平科技大學,博士班,0,,
106,大專校院,1069,修平科技大學,學士班,60,5145.0,0.01166
106,大專校院,1069,修平科技大學,碩士班,1,60.0,0.01667
106,大專校院,1070,長庚科技大學,二專,0,,
106,大專校院,1070,長庚科技大學,五專,25,557.0,0.04488
106,大專校院,1070,長庚科技大學,博士班,0,,
106,大專校院,1070,長庚科技大學,學士班,135,6014.0,0.02245
106,大專校院,1070,長庚科技大學,碩士班,1,141.0,0.00709
106,大專校院,1071,臺北城市科技大學,二專,2,51.0,0.03922
106,大專校院,1071,臺北城市科技大學,五專,13,1391.0,0.00935
106,大專校院,1071,臺北城市科技大學,博士班,0,,
106,大專校院,1071,臺北城市科技大學,學士班,178,8131.0,0.02189
106,大專校院,1071,臺北城市科技大學,碩士班,2,104.0,0.01923
106,大專校院,1072,大華科技大學,二專,2,83.0,0.0241
106,大專校院,1072,大華科技大學,五專,11,762.0,0.01444
106,大專校院,1072,大華科技大學,博士班,0,,
106,大專校院,1072,大華科技大學,學士班,41,2073.0,0.01978
106,大專校院,1072,大華科技大學,碩士班,0,22.0,0.0
106,大專校院,1073,醒吾科技大學,二專,0,,
106,大專校院,1073,醒吾科技大學,五專,18,1006.0,0.01789
106,大專校院,1073,醒吾科技大學,博士班,0,,
106,大專校院,1073,醒吾科技大學,學士班,296,7046.0,0.04201
106,大專校院,1073,醒吾科技大學,碩士班,2,146.0,0.0137
106,大專校院,1074,南榮科技大學,二專,2,157.0,0.01274
106,大專校院,1074,南榮科技大學,五專,3,175.0,0.01714
106,大專校院,1074,南榮科技大學,博士班,0,,
106,大專校院,1074,南榮科技大學,學士班,47,1824.0,0.02577
106,大專校院,1074,南榮科技大學,碩士班,1,55.0,0.01818
106,大專校院,1075,文藻外語大學,二專,0,,
106,大專校院,1075,文藻外語大學,五專,47,1672.0,0.02811
106,大專校院,1075,文藻外語大學,博士班,0,,
106,大專校院,1075,文藻外語大學,學士班,91,7522.0,0.0121
106,大專校院,1075,文藻外語大學,碩士班,3,225.0,0.01333
106,大專校院,1076,華夏科技大學,二專,4,227.0,0.01762
106,大專校院,1076,華夏科技大學,五專,5,595.0,0.0084
106,大專校院,1076,華夏科技大學,博士班,0,,
106,大專校院,1076,華夏科技大學,學士班,48,3872.0,0.0124
106,大專校院,1076,華夏科技大學,碩士班,0,105.0,0.0
106,大專校院,1077,慈濟科技大學,二專,0,,
106,大專校院,1077,慈濟科技大學,五專,585,1249.0,0.46837
106,大專校院,1077,慈濟科技大學,博士班,0,,
106,大專校院,1077,慈濟科技大學,學士班,207,1669.0,0.12403
106,大專校院,1077,慈濟科技大學,碩士班,0,29.0,0.0
106,大專校院,1078,致理科技大學,二專,0,3.0,0.0
106,大專校院,1078,致理科技大學,五專,23,1619.0,0.01421
106,大專校院,1078,致理科技大學,博士班,0,,
106,大專校院,1078,致理科技大學,學士班,117,9910.0,0.01181
106,大專校院,1078,致理科技大學,碩士班,0,92.0,0.0
106,大專校院,1079,康寧大學,二專,6,361.0,0.01662
106,大專校院,1079,康寧大學,五專,55,2889.0,0.01904
106,大專校院,1079,康寧大學,博士班,0,,
106,大專校院,1079,康寧大學,學士班,89,1426.0,0.06241
106,大專校院,1079,康寧大學,碩士班,7,292.0,0.02397
106,大專校院,1080,宏國德霖科技大學,二專,4,259.0,0.01544
106,大專校院,1080,宏國德霖科技大學,五專,15,1489.0,0.01007
106,大專校院,1080,宏國德霖科技大學,博士班,0,,
106,大專校院,1080,宏國德霖科技大學,學士班,102,4820.0,0.02116
106,大專校院,1080,宏國德霖科技大學,碩士班,0,,
106,大專校院,1081,東方設計大學,二專,0,,
106,大專校院,1081,東方設計大學,五專,9,1432.0,0.00628
106,大專校院,1081,東方設計大學,博士班,0,30.0,0.0
106,大專校院,1081,東方設計大學,學士班,13,1579.0,0.00823
106,大專校院,1081,東方設計大學,碩士班,1,151.0,0.00662
106,大專校院,1082,崇右影藝科技大學,二專,0,,
106,大專校院,1082,崇右影藝科技大學,五專,7,320.0,0.02188
106,大專校院,1082,崇右影藝科技大學,博士班,0,,
106,大專校院,1082,崇右影藝科技大學,學士班,147,2283.0,0.06439
106,大專校院,1082,崇右影藝科技大學,碩士班,1,82.0,0.0122
106,大專校院,1083,台北海洋科技大學,二專,11,198.0,0.05556
106,大專校院,1083,台北海洋科技大學,五專,22,1238.0,0.01777
106,大專校院,1083,台北海洋科技大學,博士班,0,,
106,大專校院,1083,台北海洋科技大學,學士班,104,3808.0,0.02731
106,大專校院,1083,台北海洋科技大學,碩士班,2,86.0,0.02326
106,大專校院,1125,中信金融管理學院,二專,0,,
106,大專校院,1125,中信金融管理學院,五專,0,,
106,大專校院,1125,中信金融管理學院,博士班,0,,
106,大專校院,1125,中信金融管理學院,學士班,16,440.0,0.03636
106,大專校院,1125,中信金融管理學院,碩士班,2,45.0,0.04444
106,大專校院,1148,大漢技術學院,二專,81,178.0,0.45506
106,大專校院,1148,大漢技術學院,五專,0,,
106,大專校院,1148,大漢技術學院,博士班,0,,
106,大專校院,1148,大漢技術學院,學士班,328,1042.0,0.31478
106,大專校院,1148,大漢技術學院,碩士班,19,85.0,0.22353
106,大專校院,1159,和春技術學院,二專,38,491.0,0.07739
106,大專校院,1159,和春技術學院,五專,37,308.0,0.12013
106,大專校院,1159,和春技術學院,博士班,0,,
106,大專校院,1159,和春技術學院,學士班,213,1635.0,0.13028
106,大專校院,1159,和春技術學院,碩士班,6,41.0,0.14634
106,大專校院,1166,亞東技術學院,二專,0,,
106,大專校院,1166,亞東技術學院,五專,0,,
106,大專校院,1166,亞東技術學院,博士班,0,,
106,大專校院,1166,亞東技術學院,學士班,44,4449.0,0.00989
106,大專校院,1166,亞東技術學院,碩士班,0,35.0,0.0
106,大專校院,1168,南亞技術學院,二專,1,92.0,0.01087
106,大專校院,1168,南亞技術學院,五專,12,296.0,0.04054
106,大專校院,1168,南亞技術學院,博士班,0,,
106,大專校院,1168,南亞技術學院,學士班,146,3117.0,0.04684
106,大專校院,1168,南亞技術學院,碩士班,1,37.0,0.02703
106,大專校院,1176,稻江科技暨管理學院,二專,0,,
106,大專校院,1176,稻江科技暨管理學院,五專,0,,
106,大專校院,1176,稻江科技暨管理學院,博士班,0,,
106,大專校院,1176,稻江科技暨管理學院,學士班,113,2135.0,0.05293
106,大專校院,1176,稻江科技暨管理學院,碩士班,6,132.0,0.04545
106,大專校院,1182,蘭陽技術學院,二專,0,,
106,大專校院,1182,蘭陽技術學院,五專,37,496.0,0.0746
106,大專校院,1182,蘭陽技術學院,博士班,0,,
106,大專校院,1182,蘭陽技術學院,學士班,43,562.0,0.07651
106,大專校院,1182,蘭陽技術學院,碩士班,0,,
106,大專校院,1183,黎明技術學院,二專,0,73.0,0.0
106,大專校院,1183,黎明技術學院,五專,4,695.0,0.00576
106,大專校院,1183,黎明技術學院,博士班,0,,
106,大專校院,1183,黎明技術學院,學士班,121,3808.0,0.03178
106,大專校院,1183,黎明技術學院,碩士班,0,,
106,大專校院,1185,經國管理暨健康學院,二專,0,,
106,大專校院,1185,經國管理暨健康學院,五專,50,1465.0,0.03413
106,大專校院,1185,經國管理暨健康學院,博士班,0,,
106,大專校院,1185,經國管理暨健康學院,學士班,69,2337.0,0.02953
106,大專校院,1185,經國管理暨健康學院,碩士班,1,72.0,0.01389
106,大專校院,1188,大同技術學院,二專,0,18.0,0.0
106,大專校院,1188,大同技術學院,五專,9,203.0,0.04433
106,大專校院,1188,大同技術學院,博士班,0,,
106,大專校院,1188,大同技術學院,學士班,131,1891.0,0.06928
106,大專校院,1188,大同技術學院,碩士班,0,,
106,大專校院,1189,亞太創意技術學院,二專,2,43.0,0.04651
106,大專校院,1189,亞太創意技術學院,五專,0,,
106,大專校院,1189,亞太創意技術學院,博士班,0,,
106,大專校院,1189,亞太創意技術學院,學士班,14,763.0,0.01835
106,大專校院,1189,亞太創意技術學院,碩士班,1,88.0,0.01136
106,大專校院,1192,臺灣觀光學院,二專,17,42.0,0.40476
106,大專校院,1192,臺灣觀光學院,五專,59,202.0,0.29208
106,大專校院,1192,臺灣觀光學院,博士班,0,,
106,大專校院,1192,臺灣觀光學院,學士班,173,635.0,0.27244
106,大專校院,1192,臺灣觀光學院,碩士班,1,17.0,0.05882
106,大專校院,1195,馬偕醫學院,二專,0,,
106,大專校院,1195,馬偕醫學院,五專,0,,
106,大專校院,1195,馬偕醫學院,博士班,0,,
106,大專校院,1195,馬偕醫學院,學士班,23,625.0,0.0368
106,大專校院,1195,馬偕醫學院,碩士班,0,41.0,0.0
106,大專校院,1196,法鼓文理學院,二專,0,,
106,大專校院,1196,法鼓文理學院,五專,0,,
106,大專校院,1196,法鼓文理學院,博士班,0,16.0,0.0
106,大專校院,1196,法鼓文理學院,學士班,0,63.0,0.0
106,大專校院,1196,法鼓文理學院,碩士班,1,188.0,0.00532
106,大專校院,1282,馬偕醫護管理專科學校,二專,5,323.0,0.01548
106,大專校院,1282,馬偕醫護管理專科學校,五專,429,4058.0,0.10572
106,大專校院,1282,馬偕醫護管理專科學校,博士班,0,,
106,大專校院,1282,馬偕醫護管理專科學校,學士班,0,,
106,大專校院,1282,馬偕醫護管理專科學校,碩士班,0,,
106,大專校院,1283,仁德醫護管理專科學校,二專,6,362.0,0.01657
106,大專校院,1283,仁德醫護管理專科學校,五專,224,6239.0,0.0359
106,大專校院,1283,仁德醫護管理專科學校,博士班,0,,
106,大專校院,1283,仁德醫護管理專科學校,學士班,0,,
106,大專校院,1283,仁德醫護管理專科學校,碩士班,0,,
106,大專校院,1284,樹人醫護管理專科學校,二專,5,519.0,0.00963
106,大專校院,1284,樹人醫護管理專科學校,五專,226,6578.0,0.03436
106,大專校院,1284,樹人醫護管理專科學校,博士班,0,,
106,大專校院,1284,樹人醫護管理專科學校,學士班,0,,
106,大專校院,1284,樹人醫護管理專科學校,碩士班,0,,
106,大專校院,1285,慈惠醫護管理專科學校,二專,45,433.0,0.10393
106,大專校院,1285,慈惠醫護管理專科學校,五專,540,5123.0,0.10541
106,大專校院,1285,慈惠醫護管理專科學校,博士班,0,,
106,大專校院,1285,慈惠醫護管理專科學校,學士班,0,,
106,大專校院,1285,慈惠醫護管理專科學校,碩士班,0,,
106,大專校院,1286,耕莘健康管理專科學校,二專,0,88.0,0.0
106,大專校院,1286,耕莘健康管理專科學校,五專,204,5129.0,0.03977
106,大專校院,1286,耕莘健康管理專科學校,博士班,0,,
106,大專校院,1286,耕莘健康管理專科學校,學士班,0,,
106,大專校院,1286,耕莘健康管理專科學校,碩士班,0,,
106,大專校院,1287,敏惠醫護管理專科學校,二專,0,,
106,大專校院,1287,敏惠醫護管理專科學校,五專,64,3858.0,0.01659
106,大專校院,1287,敏惠醫護管理專科學校,博士班,0,,
106,大專校院,1287,敏惠醫護管理專科學校,學士班,0,,
106,大專校院,1287,敏惠醫護管理專科學校,碩士班,0,,
106,大專校院,1288,高美醫護管理專科學校,二專,18,107.0,0.16822
106,大專校院,1288,高美醫護管理專科學校,五專,49,483.0,0.10145
106,大專校院,1288,高美醫護管理專科學校,博士班,0,,
106,大專校院,1288,高美醫護管理專科學校,學士班,0,,
106,大專校院,1288,高美醫護管理專科學校,碩士班,0,,
106,大專校院,1289,育英醫護管理專科學校,二專,0,,
106,大專校院,1289,育英醫護管理專科學校,五專,32,1969.0,0.01625
106,大專校院,1289,育英醫護管理專科學校,博士班,0,,
106,大專校院,1289,育英醫護管理專科學校,學士班,0,,
106,大專校院,1289,育英醫護管理專科學校,碩士班,0,,
106,大專校院,1290,崇仁醫護管理專科學校,二專,0,,
106,大專校院,1290,崇仁醫護管理專科學校,五專,24,3503.0,0.00685
106,大專校院,1290,崇仁醫護管理專科學校,博士班,0,,
106,大專校院,1290,崇仁醫護管理專科學校,學士班,0,,
106,大專校院,1290,崇仁醫護管理專科學校,碩士班,0,,
106,大專校院,1291,聖母醫護管理專科學校,二專,0,,
106,大專校院,1291,聖母醫護管理專科學校,五專,304,3155.0,0.09635
106,大專校院,1291,聖母醫護管理專科學校,博士班,0,,
106,大專校院,1291,聖母醫護管理專科學校,學士班,0,,
106,大專校院,1291,聖母醫護管理專科學校,碩士班,0,,
106,大專校院,1292,新生醫護管理專科學校,二專,8,87.0,0.09195
106,大專校院,1292,新生醫護管理專科學校,五專,454,5937.0,0.07647
106,大專校院,1292,新生醫護管理專科學校,博士班,0,,
106,大專校院,1292,新生醫護管理專科學校,學士班,0,,
106,大專校院,1292,新生醫護管理專科學校,碩士班,0,,
106,空大及附設進修學校,1A01,高苑科技大學附進修專校,二專,2,,
106,空大及附設進修學校,1A01,高苑科技大學附進修專校,五專,0,,
106,空大及附設進修學校,1A01,高苑科技大學附進修專校,博士班,0,,
106,空大及附設進修學校,1A01,高苑科技大學附進修專校,學士班,0,,
106,空大及附設進修學校,1A01,高苑科技大學附進修專校,碩士班,0,,
106,空大及附設進修學校,1A02,和春技術學院附進修專校,二專,3,,
106,空大及附設進修學校,1A02,和春技術學院附進修專校,五專,0,,
106,空大及附設進修學校,1A02,和春技術學院附進修專校,博士班,0,,
106,空大及附設進修學校,1A02,和春技術學院附進修專校,學士班,0,,
106,空大及附設進修學校,1A02,和春技術學院附進修專校,碩士班,0,,
106,空大及附設進修學校,1A03,環球科技大學附進修專校,二專,12,,
106,空大及附設進修學校,1A03,環球科技大學附進修專校,五專,0,,
106,空大及附設進修學校,1A03,環球科技大學附進修專校,博士班,0,,
106,空大及附設進修學校,1A03,環球科技大學附進修專校,學士班,0,,
106,空大及附設進修學校,1A03,環球科技大學附進修專校,碩士班,0,,
106,空大及附設進修學校,1A05,景文科技大學附進修專校,二專,1,,
106,空大及附設進修學校,1A05,景文科技大學附進修專校,五專,0,,
106,空大及附設進修學校,1A05,景文科技大學附進修專校,博士班,0,,
106,空大及附設進修學校,1A05,景文科技大學附進修專校,學士班,0,,
106,空大及附設進修學校,1A05,景文科技大學附進修專校,碩士班,0,,
106,空大及附設進修學校,1A06,中州科技大學附進修專校,二專,1,,
106,空大及附設進修學校,1A06,中州科技大學附進修專校,五專,0,,
106,空大及附設進修學校,1A06,中州科技大學附進修專校,博士班,0,,
106,空大及附設進修學校,1A06,中州科技大學附進修專校,學士班,0,,
106,空大及附設進修學校,1A06,中州科技大學附進修專校,碩士班,0,,
106,空大及附設進修學校,1A07,美和科技大學附進修專校,二專,74,,
106,空大及附設進修學校,1A07,美和科技大學附進修專校,五專,0,,
106,空大及附設進修學校,1A07,美和科技大學附進修專校,博士班,0,,
106,空大及附設進修學校,1A07,美和科技大學附進修專校,學士班,0,,
106,空大及附設進修學校,1A07,美和科技大學附進修專校,碩士班,0,,
106,空大及附設進修學校,1A08,南開科技大學附進修專校,二專,4,,
106,空大及附設進修學校,1A08,南開科技大學附進修專校,五專,0,,
106,空大及附設進修學校,1A08,南開科技大學附進修專校,博士班,0,,
106,空大及附設進修學校,1A08,南開科技大學附進修專校,學士班,0,,
106,空大及附設進修學校,1A08,南開科技大學附進修專校,碩士班,0,,
106,空大及附設進修學校,1A09,東方設計大學附進修專校,二專,19,,
106,空大及附設進修學校,1A09,東方設計大學附進修專校,五專,0,,
106,空大及附設進修學校,1A09,東方設計大學附進修專校,博士班,0,,
106,空大及附設進修學校,1A09,東方設計大學附進修專校,學士班,0,,
106,空大及附設進修學校,1A09,東方設計大學附進修專校,碩士班,0,,
106,空大及附設進修學校,1A10,遠東科技大學附進修專校,二專,3,,
106,空大及附設進修學校,1A10,遠東科技大學附進修專校,五專,0,,
106,空大及附設進修學校,1A10,遠東科技大學附進修專校,博士班,0,,
106,空大及附設進修學校,1A10,遠東科技大學附進修專校,學士班,0,,
106,空大及附設進修學校,1A10,遠東科技大學附進修專校,碩士班,0,,
106,空大及附設進修學校,1A11,吳鳳科技大學附進修專校,二專,3,,
106,空大及附設進修學校,1A11,吳鳳科技大學附進修專校,五專,0,,
106,空大及附設進修學校,1A11,吳鳳科技大學附進修專校,博士班,0,,
106,空大及附設進修學校,1A11,吳鳳科技大學附進修專校,學士班,0,,
106,空大及附設進修學校,1A11,吳鳳科技大學附進修專校,碩士班,0,,
106,空大及附設進修學校,1A13,亞太創意技術學院附進修專校,二專,4,,
106,空大及附設進修學校,1A13,亞太創意技術學院附進修專校,五專,0,,
106,空大及附設進修學校,1A13,亞太創意技術學院附進修專校,博士班,0,,
106,空大及附設進修學校,1A13,亞太創意技術學院附進修專校,學士班,0,,
106,空大及附設進修學校,1A13,亞太創意技術學院附進修專校,碩士班,0,,
106,空大及附設進修學校,1A14,醒吾科技大學附進修專校,二專,17,,
106,空大及附設進修學校,1A14,醒吾科技大學附進修專校,五專,0,,
106,空大及附設進修學校,1A14,醒吾科技大學附進修專校,博士班,0,,
106,空大及附設進修學校,1A14,醒吾科技大學附進修專校,學士班,0,,
106,空大及附設進修學校,1A14,醒吾科技大學附進修專校,碩士班,0,,
106,空大及附設進修學校,1A15,蘭陽技術學院附進修專校,二專,31,,
106,空大及附設進修學校,1A15,蘭陽技術學院附進修專校,五專,0,,
106,空大及附設進修學校,1A15,蘭陽技術學院附進修專校,博士班,0,,
106,空大及附設進修學校,1A15,蘭陽技術學院附進修專校,學士班,0,,
106,空大及附設進修學校,1A15,蘭陽技術學院附進修專校,碩士班,0,,
106,空大及附設進修學校,1A16,修平科技大學附進修專校,二專,1,,
106,空大及附設進修學校,1A16,修平科技大學附進修專校,五專,0,,
106,空大及附設進修學校,1A16,修平科技大學附進修專校,博士班,0,,
106,空大及附設進修學校,1A16,修平科技大學附進修專校,學士班,0,,
106,空大及附設進修學校,1A16,修平科技大學附進修專校,碩士班,0,,
106,空大及附設進修學校,1A17,嶺東科技大學附進修專校,二專,0,,
106,空大及附設進修學校,1A17,嶺東科技大學附進修專校,五專,0,,
106,空大及附設進修學校,1A17,嶺東科技大學附進修專校,博士班,0,,
106,空大及附設進修學校,1A17,嶺東科技大學附進修專校,學士班,0,,
106,空大及附設進修學校,1A17,嶺東科技大學附進修專校,碩士班,0,,
106,空大及附設進修學校,1A18,崑山科技大學附進修專校,二專,17,,
106,空大及附設進修學校,1A18,崑山科技大學附進修專校,五專,0,,
106,空大及附設進修學校,1A18,崑山科技大學附進修專校,博士班,0,,
106,空大及附設進修學校,1A18,崑山科技大學附進修專校,學士班,0,,
106,空大及附設進修學校,1A18,崑山科技大學附進修專校,碩士班,0,,
106,空大及附設進修學校,1A19,萬能科技大學附進修專校,二專,6,,
106,空大及附設進修學校,1A19,萬能科技大學附進修專校,五專,0,,
106,空大及附設進修學校,1A19,萬能科技大學附進修專校,博士班,0,,
106,空大及附設進修學校,1A19,萬能科技大學附進修專校,學士班,0,,
106,空大及附設進修學校,1A19,萬能科技大學附進修專校,碩士班,0,,
106,空大及附設進修學校,1A20,中國科技大學附進修專校,二專,8,,
106,空大及附設進修學校,1A20,中國科技大學附進修專校,五專,0,,
106,空大及附設進修學校,1A20,中國科技大學附進修專校,博士班,0,,
106,空大及附設進修學校,1A20,中國科技大學附進修專校,學士班,0,,
106,空大及附設進修學校,1A20,中國科技大學附進修專校,碩士班,0,,
106,空大及附設進修學校,1A21,中華科技大學附進修專校,二專,3,,
106,空大及附設進修學校,1A21,中華科技大學附進修專校,五專,0,,
106,空大及附設進修學校,1A21,中華科技大學附進修專校,博士班,0,,
106,空大及附設進修學校,1A21,中華科技大學附進修專校,學士班,0,,
106,空大及附設進修學校,1A21,中華科技大學附進修專校,碩士班,0,,
106,空大及附設進修學校,1A22,正修科技大學附進修專校,二專,22,,
106,空大及附設進修學校,1A22,正修科技大學附進修專校,五專,0,,
106,空大及附設進修學校,1A22,正修科技大學附進修專校,博士班,0,,
106,空大及附設進修學校,1A22,正修科技大學附進修專校,學士班,0,,
106,空大及附設進修學校,1A22,正修科技大學附進修專校,碩士班,0,,
106,空大及附設進修學校,1A24,德明財經科技大學附進修專校,二專,0,,
106,空大及附設進修學校,1A24,德明財經科技大學附進修專校,五專,0,,
106,空大及附設進修學校,1A24,德明財經科技大學附進修專校,博士班,0,,
106,空大及附設進修學校,1A24,德明財經科技大學附進修專校,學士班,0,,
106,空大及附設進修學校,1A24,德明財經科技大學附進修專校,碩士班,0,,
106,空大及附設進修學校,1A27,明新科技大學附進修專校,二專,4,,
106,空大及附設進修學校,1A27,明新科技大學附進修專校,五專,0,,
106,空大及附設進修學校,1A27,明新科技大學附進修專校,博士班,0,,
106,空大及附設進修學校,1A27,明新科技大學附進修專校,學士班,0,,
106,空大及附設進修學校,1A27,明新科技大學附進修專校,碩士班,0,,
106,空大及附設進修學校,1A28,南亞技術學院附進修專校,二專,14,,
106,空大及附設進修學校,1A28,南亞技術學院附進修專校,五專,0,,
106,空大及附設進修學校,1A28,南亞技術學院附進修專校,博士班,0,,
106,空大及附設進修學校,1A28,南亞技術學院附進修專校,學士班,0,,
106,空大及附設進修學校,1A28,南亞技術學院附進修專校,碩士班,0,,
106,空大及附設進修學校,1A29,臺北城市科技大學附進修專校,二專,7,,
106,空大及附設進修學校,1A29,臺北城市科技大學附進修專校,五專,0,,
106,空大及附設進修學校,1A29,臺北城市科技大學附進修專校,博士班,0,,
106,空大及附設進修學校,1A29,臺北城市科技大學附進修專校,學士班,0,,
106,空大及附設進修學校,1A29,臺北城市科技大學附進修專校,碩士班,0,,
106,空大及附設進修學校,1A30,大同技術學院附進修專校,二專,6,,
106,空大及附設進修學校,1A30,大同技術學院附進修專校,五專,0,,
106,空大及附設進修學校,1A30,大同技術學院附進修專校,博士班,0,,
106,空大及附設進修學校,1A30,大同技術學院附進修專校,學士班,0,,
106,空大及附設進修學校,1A30,大同技術學院附進修專校,碩士班,0,,
106,空大及附設進修學校,1A31,大仁科技大學附進修專校,二專,33,,
106,空大及附設進修學校,1A31,大仁科技大學附進修專校,五專,0,,
106,空大及附設進修學校,1A31,大仁科技大學附進修專校,博士班,0,,
106,空大及附設進修學校,1A31,大仁科技大學附進修專校,學士班,0,,
106,空大及附設進修學校,1A31,大仁科技大學附進修專校,碩士班,0,,
106,空大及附設進修學校,1A33,崇右影藝科技大學附進修專校,二專,58,,
106,空大及附設進修學校,1A33,崇右影藝科技大學附進修專校,五專,0,,
106,空大及附設進修學校,1A33,崇右影藝科技大學附進修專校,博士班,0,,
106,空大及附設進修學校,1A33,崇右影藝科技大學附進修專校,學士班,0,,
106,空大及附設進修學校,1A33,崇右影藝科技大學附進修專校,碩士班,0,,
106,空大及附設進修學校,1A36,經國管理暨健康學院附進修專校,二專,8,,
106,空大及附設進修學校,1A36,經國管理暨健康學院附進修專校,五專,0,,
106,空大及附設進修學校,1A36,經國管理暨健康學院附進修專校,博士班,0,,
106,空大及附設進修學校,1A36,經國管理暨健康學院附進修專校,學士班,0,,
106,空大及附設進修學校,1A36,經國管理暨健康學院附進修專校,碩士班,0,,
106,空大及附設進修學校,1A37,建國科技大學附進修專校,二專,2,,
106,空大及附設進修學校,1A37,建國科技大學附進修專校,五專,0,,
106,空大及附設進修學校,1A37,建國科技大學附進修專校,博士班,0,,
106,空大及附設進修學校,1A37,建國科技大學附進修專校,學士班,0,,
106,空大及附設進修學校,1A37,建國科技大學附進修專校,碩士班,0,,
106,空大及附設進修學校,1A40,嶺東科技大學附進修學院,二專,0,,
106,空大及附設進修學校,1A40,嶺東科技大學附進修學院,五專,0,,
106,空大及附設進修學校,1A40,嶺東科技大學附進修學院,博士班,0,,
106,空大及附設進修學校,1A40,嶺東科技大學附進修學院,學士班,2,,
106,空大及附設進修學校,1A40,嶺東科技大學附進修學院,碩士班,0,,
106,空大及附設進修學校,1A41,高苑科技大學附進修學院,二專,0,,
106,空大及附設進修學校,1A41,高苑科技大學附進修學院,五專,0,,
106,空大及附設進修學校,1A41,高苑科技大學附進修學院,博士班,0,,
106,空大及附設進修學校,1A41,高苑科技大學附進修學院,學士班,9,,
106,空大及附設進修學校,1A41,高苑科技大學附進修學院,碩士班,0,,
106,空大及附設進修學校,1A44,和春技術學院附進修學院,二專,0,,
106,空大及附設進修學校,1A44,和春技術學院附進修學院,五專,0,,
106,空大及附設進修學校,1A44,和春技術學院附進修學院,博士班,0,,
106,空大及附設進修學校,1A44,和春技術學院附進修學院,學士班,4,,
106,空大及附設進修學校,1A44,和春技術學院附進修學院,碩士班,0,,
106,空大及附設進修學校,1A48,臺北城市科技大學附進修學院,二專,0,,
106,空大及附設進修學校,1A48,臺北城市科技大學附進修學院,五專,0,,
106,空大及附設進修學校,1A48,臺北城市科技大學附進修學院,博士班,0,,
106,空大及附設進修學校,1A48,臺北城市科技大學附進修學院,學士班,13,,
106,空大及附設進修學校,1A48,臺北城市科技大學附進修學院,碩士班,0,,
106,空大及附設進修學校,1A50,中國科技大學附進修學院,二專,0,,
106,空大及附設進修學校,1A50,中國科技大學附進修學院,五專,0,,
106,空大及附設進修學校,1A50,中國科技大學附進修學院,博士班,0,,
106,空大及附設進修學校,1A50,中國科技大學附進修學院,學士班,8,,
106,空大及附設進修學校,1A50,中國科技大學附進修學院,碩士班,0,,
106,空大及附設進修學校,1A52,醒吾科技大學附進修學院,二專,0,,
106,空大及附設進修學校,1A52,醒吾科技大學附進修學院,五專,0,,
106,空大及附設進修學校,1A52,醒吾科技大學附進修學院,博士班,0,,
106,空大及附設進修學校,1A52,醒吾科技大學附進修學院,學士班,36,,
106,空大及附設進修學校,1A52,醒吾科技大學附進修學院,碩士班,0,,
106,空大及附設進修學校,1A54,南亞技術學院附進修學院,二專,0,,
106,空大及附設進修學校,1A54,南亞技術學院附進修學院,五專,0,,
106,空大及附設進修學校,1A54,南亞技術學院附進修學院,博士班,0,,
106,空大及附設進修學校,1A54,南亞技術學院附進修學院,學士班,27,,
106,空大及附設進修學校,1A54,南亞技術學院附進修學院,碩士班,0,,
106,空大及附設進修學校,1A56,明新科技大學附進修學院,二專,0,,
106,空大及附設進修學校,1A56,明新科技大學附進修學院,五專,0,,
106,空大及附設進修學校,1A56,明新科技大學附進修學院,博士班,0,,
106,空大及附設進修學校,1A56,明新科技大學附進修學院,學士班,8,,
106,空大及附設進修學校,1A56,明新科技大學附進修學院,碩士班,0,,
106,空大及附設進修學校,1A57,修平科技大學附進修學院,二專,0,,
106,空大及附設進修學校,1A57,修平科技大學附進修學院,五專,0,,
106,空大及附設進修學校,1A57,修平科技大學附進修學院,博士班,0,,
106,空大及附設進修學校,1A57,修平科技大學附進修學院,學士班,3,,
106,空大及附設進修學校,1A57,修平科技大學附進修學院,碩士班,0,,
106,空大及附設進修學校,1A58,環球科技大學附進修學院,二專,0,,
106,空大及附設進修學校,1A58,環球科技大學附進修學院,五專,0,,
106,空大及附設進修學校,1A58,環球科技大學附進修學院,博士班,0,,
106,空大及附設進修學校,1A58,環球科技大學附進修學院,學士班,26,,
106,空大及附設進修學校,1A58,環球科技大學附進修學院,碩士班,0,,
106,空大及附設進修學校,1A59,吳鳳科技大學附進修學院,二專,0,,
106,空大及附設進修學校,1A59,吳鳳科技大學附進修學院,五專,0,,
106,空大及附設進修學校,1A59,吳鳳科技大學附進修學院,博士班,0,,
106,空大及附設進修學校,1A59,吳鳳科技大學附進修學院,學士班,9,,
106,空大及附設進修學校,1A59,吳鳳科技大學附進修學院,碩士班,0,,
106,空大及附設進修學校,1A61,遠東科技大學附進修學院,二專,0,,
106,空大及附設進修學校,1A61,遠東科技大學附進修學院,五專,0,,
106,空大及附設進修學校,1A61,遠東科技大學附進修學院,博士班,0,,
106,空大及附設進修學校,1A61,遠東科技大學附進修學院,學士班,2,,
106,空大及附設進修學校,1A61,遠東科技大學附進修學院,碩士班,0,,
106,空大及附設進修學校,1A62,美和科技大學附進修學院,二專,0,,
106,空大及附設進修學校,1A62,美和科技大學附進修學院,五專,0,,
106,空大及附設進修學校,1A62,美和科技大學附進修學院,博士班,0,,
106,空大及附設進修學校,1A62,美和科技大學附進修學院,學士班,104,,
106,空大及附設進修學校,1A62,美和科技大學附進修學院,碩士班,0,,
106,空大及附設進修學校,1A63,大仁科技大學附進修學院,二專,0,,
106,空大及附設進修學校,1A63,大仁科技大學附進修學院,五專,0,,
106,空大及附設進修學校,1A63,大仁科技大學附進修學院,博士班,0,,
106,空大及附設進修學校,1A63,大仁科技大學附進修學院,學士班,0,,
106,空大及附設進修學校,1A63,大仁科技大學附進修學院,碩士班,0,,
106,空大及附設進修學校,1A64,蘭陽技術學院附進修學院,二專,0,,
106,空大及附設進修學校,1A64,蘭陽技術學院附進修學院,五專,0,,
106,空大及附設進修學校,1A64,蘭陽技術學院附進修學院,博士班,0,,
106,空大及附設進修學校,1A64,蘭陽技術學院附進修學院,學士班,31,,
106,空大及附設進修學校,1A64,蘭陽技術學院附進修學院,碩士班,0,,
106,空大及附設進修學校,1A65,經國管理暨健康學院附進修學院,二專,0,,
106,空大及附設進修學校,1A65,經國管理暨健康學院附進修學院,五專,0,,
106,空大及附設進修學校,1A65,經國管理暨健康學院附進修學院,博士班,0,,
106,空大及附設進修學校,1A65,經國管理暨健康學院附進修學院,學士班,22,,
106,空大及附設進修學校,1A65,經國管理暨健康學院附進修學院,碩士班,0,,
106,空大及附設進修學校,1A67,崇右影藝科技大學附進修學院,二專,0,,
106,空大及附設進修學校,1A67,崇右影藝科技大學附進修學院,五專,0,,
106,空大及附設進修學校,1A67,崇右影藝科技大學附進修學院,博士班,0,,
106,空大及附設進修學校,1A67,崇右影藝科技大學附進修學院,學士班,54,,
106,空大及附設進修學校,1A67,崇右影藝科技大學附進修學院,碩士班,0,,
106,空大及附設進修學校,1A68,南開科技大學附進修學院,二專,0,,
106,空大及附設進修學校,1A68,南開科技大學附進修學院,五專,0,,
106,空大及附設進修學校,1A68,南開科技大學附進修學院,博士班,0,,
106,空大及附設進修學校,1A68,南開科技大學附進修學院,學士班,2,,
106,空大及附設進修學校,1A68,南開科技大學附進修學院,碩士班,0,,
106,空大及附設進修學校,1A70,亞太創意技術學院附進修學院,二專,0,,
106,空大及附設進修學校,1A70,亞太創意技術學院附進修學院,五專,0,,
106,空大及附設進修學校,1A70,亞太創意技術學院附進修學院,博士班,0,,
106,空大及附設進修學校,1A70,亞太創意技術學院附進修學院,學士班,3,,
106,空大及附設進修學校,1A70,亞太創意技術學院附進修學院,碩士班,0,,
106,空大及附設進修學校,1A75,元培醫事科技大學附進修專校,二專,4,,
106,空大及附設進修學校,1A75,元培醫事科技大學附進修專校,五專,0,,
106,空大及附設進修學校,1A75,元培醫事科技大學附進修專校,博士班,0,,
106,空大及附設進修學校,1A75,元培醫事科技大學附進修專校,學士班,0,,
106,空大及附設進修學校,1A75,元培醫事科技大學附進修專校,碩士班,0,,
106,空大及附設進修學校,1A76,東方設計大學附進修學院,二專,0,,
106,空大及附設進修學校,1A76,東方設計大學附進修學院,五專,0,,
106,空大及附設進修學校,1A76,東方設計大學附進修學院,博士班,0,,
106,空大及附設進修學校,1A76,東方設計大學附進修學院,學士班,17,,
106,空大及附設進修學校,1A76,東方設計大學附進修學院,碩士班,0,,
106,空大及附設進修學校,1A77,華夏科技大學附進修學院,二專,0,,
106,空大及附設進修學校,1A77,華夏科技大學附進修學院,五專,0,,
106,空大及附設進修學校,1A77,華夏科技大學附進修學院,博士班,0,,
106,空大及附設進修學校,1A77,華夏科技大學附進修學院,學士班,3,,
106,空大及附設進修學校,1A77,華夏科技大學附進修學院,碩士班,0,,
106,空大及附設進修學校,1A78,華夏科技大學附進修專校,二專,1,,
106,空大及附設進修學校,1A78,華夏科技大學附進修專校,五專,0,,
106,空大及附設進修學校,1A78,華夏科技大學附進修專校,博士班,0,,
106,空大及附設進修學校,1A78,華夏科技大學附進修專校,學士班,0,,
106,空大及附設進修學校,1A78,華夏科技大學附進修專校,碩士班,0,,
106,空大及附設進修學校,1A79,樹德科技大學附進修專校,二專,14,,
106,空大及附設進修學校,1A79,樹德科技大學附進修專校,五專,0,,
106,空大及附設進修學校,1A79,樹德科技大學附進修專校,博士班,0,,
106,空大及附設進修學校,1A79,樹德科技大學附進修專校,學士班,0,,
106,空大及附設進修學校,1A79,樹德科技大學附進修專校,碩士班,0,,
106,空大及附設進修學校,1A82,慈濟科技大學附進修學院,二專,0,,
106,空大及附設進修學校,1A82,慈濟科技大學附進修學院,五專,0,,
106,空大及附設進修學校,1A82,慈濟科技大學附進修學院,博士班,0,,
106,空大及附設進修學校,1A82,慈濟科技大學附進修學院,學士班,9,,
106,空大及附設進修學校,1A82,慈濟科技大學附進修學院,碩士班,0,,
106,空大及附設進修學校,1A83,台北海洋科技大學附進修專校,二專,3,,
106,空大及附設進修學校,1A83,台北海洋科技大學附進修專校,五專,0,,
106,空大及附設進修學校,1A83,台北海洋科技大學附進修專校,博士班,0,,
106,空大及附設進修學校,1A83,台北海洋科技大學附進修專校,學士班,0,,
106,空大及附設進修學校,1A83,台北海洋科技大學附進修專校,碩士班,0,,
106,宗教研修學院,1R02,基督教台灣浸會神學院,二專,0,,
106,宗教研修學院,1R02,基督教台灣浸會神學院,五專,0,,
106,宗教研修學院,1R02,基督教台灣浸會神學院,博士班,0,,
106,宗教研修學院,1R02,基督教台灣浸會神學院,學士班,0,,
106,宗教研修學院,1R02,基督教台灣浸會神學院,碩士班,2,,
106,宗教研修學院,1R03,臺北基督學院,二專,0,,
106,宗教研修學院,1R03,臺北基督學院,五專,0,,
106,宗教研修學院,1R03,臺北基督學院,博士班,0,,
106,宗教研修學院,1R03,臺北基督學院,學士班,5,,
106,宗教研修學院,1R03,臺北基督學院,碩士班,0,,
106,宗教研修學院,1R05,台灣神學研究學院,二專,0,,
106,宗教研修學院,1R05,台灣神學研究學院,五專,0,,
106,宗教研修學院,1R05,台灣神學研究學院,博士班,0,,
106,宗教研修學院,1R05,台灣神學研究學院,學士班,0,,
106,宗教研修學院,1R05,台灣神學研究學院,碩士班,10,,
106,大專校院,3002,臺北市立大學,二專,0,,
106,大專校院,3002,臺北市立大學,五專,0,,
106,大專校院,3002,臺北市立大學,博士班,0,228.0,0.0
106,大專校院,3002,臺北市立大學,學士班,303,5276.0,0.05743
106,大專校院,3002,臺北市立大學,碩士班,30,2171.0,0.01382
106,空大及附設進修學校,3A01,高雄市立空中大學,二專,0,,
106,空大及附設進修學校,3A01,高雄市立空中大學,五專,0,,
106,空大及附設進修學校,3A01,高雄市立空中大學,博士班,0,,
106,空大及附設進修學校,3A01,高雄市立空中大學,學士班,74,,
106,空大及附設進修學校,3A01,高雄市立空中大學,碩士班,0,,
107,大專校院,0001,國立政治大學,二專,0,,
107,大專校院,0001,國立政治大學,五專,0,,
107,大專校院,0001,國立政治大學,博士班,4,965.0,0.00415
107,大專校院,0001,國立政治大學,學士班,123,9630.0,0.01277
107,大專校院,0001,國立政治大學,碩士班,42,5748.0,0.00731
107,大專校院,0002,國立清華大學,二專,0,,
107,大專校院,0002,國立清華大學,五專,0,,
107,大專校院,0002,國立清華大學,博士班,11,1664.0,0.00661
107,大專校院,0002,國立清華大學,學士班,81,8754.0,0.00925
107,大專校院,0002,國立清華大學,碩士班,68,6239.0,0.0109
107,大專校院,0003,國立臺灣大學,二專,0,,
107,大專校院,0003,國立臺灣大學,五專,0,,
107,大專校院,0003,國立臺灣大學,博士班,8,3459.0,0.00231
107,大專校院,0003,國立臺灣大學,學士班,288,16604.0,0.01735
107,大專校院,0003,國立臺灣大學,碩士班,35,11682.0,0.003
107,大專校院,0004,國立臺灣師範大學,二專,0,,
107,大專校院,0004,國立臺灣師範大學,五專,0,,
107,大專校院,0004,國立臺灣師範大學,博士班,16,1378.0,0.01161
107,大專校院,0004,國立臺灣師範大學,學士班,225,8079.0,0.02785
107,大專校院,0004,國立臺灣師範大學,碩士班,39,6125.0,0.00637
107,大專校院,0005,國立成功大學,二專,0,,
107,大專校院,0005,國立成功大學,五專,0,,
107,大專校院,0005,國立成功大學,博士班,4,1780.0,0.00225
107,大專校院,0005,國立成功大學,學士班,122,11390.0,0.01071
107,大專校院,0005,國立成功大學,碩士班,28,8106.0,0.00345
107,大專校院,0006,國立中興大學,二專,0,,
107,大專校院,0006,國立中興大學,五專,0,,
107,大專校院,0006,國立中興大學,博士班,4,941.0,0.00425
107,大專校院,0006,國立中興大學,學士班,86,9036.0,0.00952
107,大專校院,0006,國立中興大學,碩士班,17,4907.0,0.00346
107,大專校院,0007,國立交通大學,二專,0,,
107,大專校院,0007,國立交通大學,五專,0,,
107,大專校院,0007,國立交通大學,博士班,5,1729.0,0.00289
107,大專校院,0007,國立交通大學,學士班,26,5398.0,0.00482
107,大專校院,0007,國立交通大學,碩士班,17,7144.0,0.00238
107,大專校院,0008,國立中央大學,二專,0,,
107,大專校院,0008,國立中央大學,五專,0,,
107,大專校院,0008,國立中央大學,博士班,1,1046.0,0.00096
107,大專校院,0008,國立中央大學,學士班,40,6057.0,0.0066
107,大專校院,0008,國立中央大學,碩士班,15,4857.0,0.00309
107,大專校院,0009,國立中山大學,二專,0,,
107,大專校院,0009,國立中山大學,五專,0,,
107,大專校院,0009,國立中山大學,博士班,0,785.0,0.0
107,大專校院,0009,國立中山大學,學士班,45,4726.0,0.00952
107,大專校院,0009,國立中山大學,碩士班,0,3914.0,0.0
107,大專校院,0012,國立臺灣海洋大學,二專,0,,
107,大專校院,0012,國立臺灣海洋大學,五專,0,,
107,大專校院,0012,國立臺灣海洋大學,博士班,0,301.0,0.0
107,大專校院,0012,國立臺灣海洋大學,學士班,73,6386.0,0.01143
107,大專校院,0012,國立臺灣海洋大學,碩士班,6,1968.0,0.00305
107,大專校院,0013,國立中正大學,二專,0,,
107,大專校院,0013,國立中正大學,五專,0,,
107,大專校院,0013,國立中正大學,博士班,2,600.0,0.00333
107,大專校院,0013,國立中正大學,學士班,74,6579.0,0.01125
107,大專校院,0013,國立中正大學,碩士班,35,4149.0,0.00844
107,大專校院,0014,國立高雄師範大學,二專,0,,
107,大專校院,0014,國立高雄師範大學,五專,0,,
107,大專校院,0014,國立高雄師範大學,博士班,7,441.0,0.01587
107,大專校院,0014,國立高雄師範大學,學士班,140,3492.0,0.04009
107,大專校院,0014,國立高雄師範大學,碩士班,56,2745.0,0.0204
107,大專校院,0015,國立彰化師範大學,二專,0,,
107,大專校院,0015,國立彰化師範大學,五專,0,,
107,大專校院,0015,國立彰化師範大學,博士班,0,498.0,0.0
107,大專校院,0015,國立彰化師範大學,學士班,98,4924.0,0.0199
107,大專校院,0015,國立彰化師範大學,碩士班,20,2911.0,0.00687
107,大專校院,0016,國立陽明大學,二專,0,,
107,大專校院,0016,國立陽明大學,五專,0,,
107,大專校院,0016,國立陽明大學,博士班,3,852.0,0.00352
107,大專校院,0016,國立陽明大學,學士班,21,2084.0,0.01008
107,大專校院,0016,國立陽明大學,碩士班,12,1398.0,0.00858
107,大專校院,0017,國立臺北大學,二專,0,,
107,大專校院,0017,國立臺北大學,五專,0,,
107,大專校院,0017,國立臺北大學,博士班,2,197.0,0.01015
107,大專校院,0017,國立臺北大學,學士班,88,7909.0,0.01113
107,大專校院,0017,國立臺北大學,碩士班,12,1817.0,0.0066
107,大專校院,0018,國立嘉義大學,二專,0,,
107,大專校院,0018,國立嘉義大學,五專,0,,
107,大專校院,0018,國立嘉義大學,博士班,3,193.0,0.01554
107,大專校院,0018,國立嘉義大學,學士班,135,9755.0,0.01384
107,大專校院,0018,國立嘉義大學,碩士班,30,2271.0,0.01321
107,大專校院,0019,國立高雄大學,二專,0,,
107,大專校院,0019,國立高雄大學,五專,0,,
107,大專校院,0019,國立高雄大學,博士班,0,24.0,0.0
107,大專校院,0019,國立高雄大學,學士班,78,4451.0,0.01752
107,大專校院,0019,國立高雄大學,碩士班,5,1090.0,0.00459
107,大專校院,0020,國立東華大學,二專,0,,
107,大專校院,0020,國立東華大學,五專,0,,
107,大專校院,0020,國立東華大學,博士班,23,375.0,0.06133
107,大專校院,0020,國立東華大學,學士班,514,7531.0,0.06825
107,大專校院,0020,國立東華大學,碩士班,186,2022.0,0.09199
107,大專校院,0021,國立暨南國際大學,二專,0,,
107,大專校院,0021,國立暨南國際大學,五專,0,,
107,大專校院,0021,國立暨南國際大學,博士班,7,324.0,0.0216
107,大專校院,0021,國立暨南國際大學,學士班,233,4599.0,0.05066
107,大專校院,0021,國立暨南國際大學,碩士班,40,1277.0,0.03132
107,大專校院,0022,國立臺灣科技大學,二專,0,,
107,大專校院,0022,國立臺灣科技大學,五專,0,,
107,大專校院,0022,國立臺灣科技大學,博士班,3,1008.0,0.00298
107,大專校院,0022,國立臺灣科技大學,學士班,106,5831.0,0.01818
107,大專校院,0022,國立臺灣科技大學,碩士班,9,4298.0,0.00209
107,大專校院,0023,國立雲林科技大學,二專,0,,
107,大專校院,0023,國立雲林科技大學,五專,0,,
107,大專校院,0023,國立雲林科技大學,博士班,1,419.0,0.00239
107,大專校院,0023,國立雲林科技大學,學士班,73,6665.0,0.01095
107,大專校院,0023,國立雲林科技大學,碩士班,10,2648.0,0.00378
107,大專校院,0024,國立屏東科技大學,二專,0,,
107,大專校院,0024,國立屏東科技大學,五專,0,,
107,大專校院,0024,國立屏東科技大學,博士班,1,248.0,0.00403
107,大專校院,0024,國立屏東科技大學,學士班,165,9310.0,0.01772
107,大專校院,0024,國立屏東科技大學,碩士班,42,1564.0,0.02685
107,大專校院,0025,國立臺北科技大學,二專,0,,
107,大專校院,0025,國立臺北科技大學,五專,1,32.0,0.03125
107,大專校院,0025,國立臺北科技大學,博士班,0,689.0,0.0
107,大專校院,0025,國立臺北科技大學,學士班,76,7996.0,0.0095
107,大專校院,0025,國立臺北科技大學,碩士班,18,4380.0,0.00411
107,大專校院,0028,國立臺北藝術大學,二專,0,,
107,大專校院,0028,國立臺北藝術大學,五專,0,72.0,0.0
107,大專校院,0028,國立臺北藝術大學,博士班,1,94.0,0.01064
107,大專校院,0028,國立臺北藝術大學,學士班,34,1766.0,0.01925
107,大專校院,0028,國立臺北藝術大學,碩士班,12,1140.0,0.01053
107,大專校院,0029,國立臺灣藝術大學,二專,0,,
107,大專校院,0029,國立臺灣藝術大學,五專,0,,
107,大專校院,0029,國立臺灣藝術大學,博士班,1,126.0,0.00794
107,大專校院,0029,國立臺灣藝術大學,學士班,99,4441.0,0.02229
107,大專校院,0029,國立臺灣藝術大學,碩士班,11,1147.0,0.00959
107,大專校院,0030,國立臺東大學,二專,0,,
107,大專校院,0030,國立臺東大學,五專,0,,
107,大專校院,0030,國立臺東大學,博士班,2,44.0,0.04545
107,大專校院,0030,國立臺東大學,學士班,332,3666.0,0.09056
107,大專校院,0030,國立臺東大學,碩士班,142,873.0,0.16266
107,大專校院,0031,國立宜蘭大學,二專,0,,
107,大專校院,0031,國立宜蘭大學,五專,0,,
107,大專校院,0031,國立宜蘭大學,博士班,0,11.0,0.0
107,大專校院,0031,國立宜蘭大學,學士班,146,4781.0,0.03054
107,大專校院,0031,國立宜蘭大學,碩士班,9,678.0,0.01327
107,大專校院,0032,國立聯合大學,二專,0,,
107,大專校院,0032,國立聯合大學,五專,0,,
107,大專校院,0032,國立聯合大學,博士班,0,15.0,0.0
107,大專校院,0032,國立聯合大學,學士班,86,7145.0,0.01204
107,大專校院,0032,國立聯合大學,碩士班,3,462.0,0.00649
107,大專校院,0033,國立虎尾科技大學,二專,0,,
107,大專校院,0033,國立虎尾科技大學,五專,1,52.0,0.01923
107,大專校院,0033,國立虎尾科技大學,博士班,0,39.0,0.0
107,大專校院,0033,國立虎尾科技大學,學士班,93,9194.0,0.01012
107,大專校院,0033,國立虎尾科技大學,碩士班,4,1043.0,0.00384
107,大專校院,0035,國立臺南藝術大學,二專,0,,
107,大專校院,0035,國立臺南藝術大學,五專,0,167.0,0.0
107,大專校院,0035,國立臺南藝術大學,博士班,0,37.0,0.0
107,大專校院,0035,國立臺南藝術大學,學士班,17,774.0,0.02196
107,大專校院,0035,國立臺南藝術大學,碩士班,17,586.0,0.02901
107,大專校院,0036,國立臺南大學,二專,0,,
107,大專校院,0036,國立臺南大學,五專,0,,
107,大專校院,0036,國立臺南大學,博士班,0,176.0,0.0
107,大專校院,0036,國立臺南大學,學士班,67,3975.0,0.01686
107,大專校院,0036,國立臺南大學,碩士班,8,1541.0,0.00519
107,大專校院,0037,國立臺北教育大學,二專,0,,
107,大專校院,0037,國立臺北教育大學,五專,0,,
107,大專校院,0037,國立臺北教育大學,博士班,0,148.0,0.0
107,大專校院,0037,國立臺北教育大學,學士班,119,3408.0,0.03492
107,大專校院,0037,國立臺北教育大學,碩士班,33,2258.0,0.01461
107,大專校院,0039,國立臺中教育大學,二專,0,,
107,大專校院,0039,國立臺中教育大學,五專,0,,
107,大專校院,0039,國立臺中教育大學,博士班,2,115.0,0.01739
107,大專校院,0039,國立臺中教育大學,學士班,86,3275.0,0.02626
107,大專校院,0039,國立臺中教育大學,碩士班,41,1576.0,0.02602
107,大專校院,0042,國立澎湖科技大學,二專,0,,
107,大專校院,0042,國立澎湖科技大學,五專,2,13.0,0.15385
107,大專校院,0042,國立澎湖科技大學,博士班,0,,
107,大專校院,0042,國立澎湖科技大學,學士班,25,2900.0,0.00862
107,大專校院,0042,國立澎湖科技大學,碩士班,1,112.0,0.00893
107,大專校院,0043,國立勤益科技大學,二專,0,,
107,大專校院,0043,國立勤益科技大學,五專,0,,
107,大專校院,0043,國立勤益科技大學,博士班,0,18.0,0.0
107,大專校院,0043,國立勤益科技大學,學士班,125,10247.0,0.0122
107,大專校院,0043,國立勤益科技大學,碩士班,6,836.0,0.00718
107,大專校院,0044,國立體育大學,二專,0,,
107,大專校院,0044,國立體育大學,五專,0,,
107,大專校院,0044,國立體育大學,博士班,1,158.0,0.00633
107,大專校院,0044,國立體育大學,學士班,147,1748.0,0.0841
107,大專校院,0044,國立體育大學,碩士班,20,559.0,0.03578
107,大專校院,0046,國立臺北護理健康大學,二專,0,,
107,大專校院,0046,國立臺北護理健康大學,五專,0,,
107,大專校院,0046,國立臺北護理健康大學,博士班,0,69.0,0.0
107,大專校院,0046,國立臺北護理健康大學,學士班,111,4407.0,0.02519
107,大專校院,0046,國立臺北護理健康大學,碩士班,11,771.0,0.01427
107,大專校院,0047,國立高雄餐旅大學,二專,1,12.0,0.08333
107,大專校院,0047,國立高雄餐旅大學,五專,6,244.0,0.02459
107,大專校院,0047,國立高雄餐旅大學,博士班,0,29.0,0.0
107,大專校院,0047,國立高雄餐旅大學,學士班,108,4712.0,0.02292
107,大專校院,0047,國立高雄餐旅大學,碩士班,2,200.0,0.01
107,大專校院,0048,國立金門大學,二專,0,,
107,大專校院,0048,國立金門大學,五專,0,,
107,大專校院,0048,國立金門大學,博士班,0,,
107,大專校院,0048,國立金門大學,學士班,50,4005.0,0.01248
107,大專校院,0048,國立金門大學,碩士班,4,298.0,0.01342
107,大專校院,0049,國立臺灣體育運動大學,二專,0,,
107,大專校院,0049,國立臺灣體育運動大學,五專,0,,
107,大專校院,0049,國立臺灣體育運動大學,博士班,0,,
107,大專校院,0049,國立臺灣體育運動大學,學士班,244,2744.0,0.08892
107,大專校院,0049,國立臺灣體育運動大學,碩士班,25,356.0,0.07022
107,大專校院,0050,國立臺中科技大學,二專,1,12.0,0.08333
107,大專校院,0050,國立臺中科技大學,五專,72,3484.0,0.02067
107,大專校院,0050,國立臺中科技大學,博士班,0,,
107,大專校院,0050,國立臺中科技大學,學士班,152,9482.0,0.01603
107,大專校院,0050,國立臺中科技大學,碩士班,2,587.0,0.00341
107,大專校院,0051,國立臺北商業大學,二專,0,2.0,0.0
107,大專校院,0051,國立臺北商業大學,五專,37,1874.0,0.01974
107,大專校院,0051,國立臺北商業大學,博士班,0,,
107,大專校院,0051,國立臺北商業大學,學士班,95,4572.0,0.02078
107,大專校院,0051,國立臺北商業大學,碩士班,1,281.0,0.00356
107,大專校院,0052,國立屏東大學,二專,0,,
107,大專校院,0052,國立屏東大學,五專,0,,
107,大專校院,0052,國立屏東大學,博士班,6,46.0,0.13043
107,大專校院,0052,國立屏東大學,學士班,306,7401.0,0.04135
107,大專校院,0052,國立屏東大學,碩士班,86,1522.0,0.0565
107,大專校院,0053,國立高雄科技大學,二專,0,,
107,大專校院,0053,國立高雄科技大學,五專,19,639.0,0.02973
107,大專校院,0053,國立高雄科技大學,博士班,0,551.0,0.0
107,大專校院,0053,國立高雄科技大學,學士班,262,21529.0,0.01217
107,大專校院,0053,國立高雄科技大學,碩士班,11,4555.0,0.00241
107,大專校院,0144,國立臺灣戲曲學院,二專,0,,
107,大專校院,0144,國立臺灣戲曲學院,五專,0,,
107,大專校院,0144,國立臺灣戲曲學院,博士班,0,,
107,大專校院,0144,國立臺灣戲曲學院,學士班,20,607.0,0.03295
107,大專校院,0144,國立臺灣戲曲學院,碩士班,0,,
107,大專校院,0221,國立臺南護理專科學校,二專,4,163.0,0.02454
107,大專校院,0221,國立臺南護理專科學校,五專,44,1795.0,0.02451
107,大專校院,0221,國立臺南護理專科學校,博士班,0,,
107,大專校院,0221,國立臺南護理專科學校,學士班,0,,
107,大專校院,0221,國立臺南護理專科學校,碩士班,0,,
107,大專校院,0222,國立臺東專科學校,二專,62,670.0,0.09254
107,大專校院,0222,國立臺東專科學校,五專,117,504.0,0.23214
107,大專校院,0222,國立臺東專科學校,博士班,0,,
107,大專校院,0222,國立臺東專科學校,學士班,0,,
107,大專校院,0222,國立臺東專科學校,碩士班,0,,
107,空大及進修學校,0A01,國立空中大學,二專,146,,
107,空大及進修學校,0A01,國立空中大學,五專,0,,
107,空大及進修學校,0A01,國立空中大學,博士班,0,,
107,空大及進修學校,0A01,國立空中大學,學士班,400,,
107,空大及進修學校,0A01,國立空中大學,碩士班,0,,
107,空大及進修學校,0A09,國立臺中科技大學附設進修專校,二專,14,,
107,空大及進修學校,0A09,國立臺中科技大學附設進修專校,五專,0,,
107,空大及進修學校,0A09,國立臺中科技大學附設進修專校,博士班,0,,
107,空大及進修學校,0A09,國立臺中科技大學附設進修專校,學士班,0,,
107,空大及進修學校,0A09,國立臺中科技大學附設進修專校,碩士班,0,,
107,空大及進修學校,0A10,國立臺北商業大學附設進修專校,二專,25,,
107,空大及進修學校,0A10,國立臺北商業大學附設進修專校,五專,0,,
107,空大及進修學校,0A10,國立臺北商業大學附設進修專校,博士班,0,,
107,空大及進修學校,0A10,國立臺北商業大學附設進修專校,學士班,0,,
107,空大及進修學校,0A10,國立臺北商業大學附設進修專校,碩士班,0,,
107,空大及進修學校,0A11,國立勤益科技大學附設進修專校,二專,4,,
107,空大及進修學校,0A11,國立勤益科技大學附設進修專校,五專,0,,
107,空大及進修學校,0A11,國立勤益科技大學附設進修專校,博士班,0,,
107,空大及進修學校,0A11,國立勤益科技大學附設進修專校,學士班,0,,
107,空大及進修學校,0A11,國立勤益科技大學附設進修專校,碩士班,0,,
107,空大及進修學校,0A13,國立高雄科技大學附設進修學院,二專,0,,
107,空大及進修學校,0A13,國立高雄科技大學附設進修學院,五專,0,,
107,空大及進修學校,0A13,國立高雄科技大學附設進修學院,博士班,0,,
107,空大及進修學校,0A13,國立高雄科技大學附設進修學院,學士班,12,,
107,空大及進修學校,0A13,國立高雄科技大學附設進修學院,碩士班,0,,
107,空大及進修學校,0A15,國立勤益科技大學附設進修學院,二專,0,,
107,空大及進修學校,0A15,國立勤益科技大學附設進修學院,五專,0,,
107,空大及進修學校,0A15,國立勤益科技大學附設進修學院,博士班,0,,
107,空大及進修學校,0A15,國立勤益科技大學附設進修學院,學士班,4,,
107,空大及進修學校,0A15,國立勤益科技大學附設進修學院,碩士班,0,,
107,空大及進修學校,0A16,國立臺中科技大學附設進修學院,二專,0,,
107,空大及進修學校,0A16,國立臺中科技大學附設進修學院,五專,0,,
107,空大及進修學校,0A16,國立臺中科技大學附設進修學院,博士班,0,,
107,空大及進修學校,0A16,國立臺中科技大學附設進修學院,學士班,17,,
107,空大及進修學校,0A16,國立臺中科技大學附設進修學院,碩士班,0,,
107,空大及進修學校,0A17,國立臺北商業大學附設空中進修學院,二專,66,,
107,空大及進修學校,0A17,國立臺北商業大學附設空中進修學院,五專,0,,
107,空大及進修學校,0A17,國立臺北商業大學附設空中進修學院,博士班,0,,
107,空大及進修學校,0A17,國立臺北商業大學附設空中進修學院,學士班,56,,
107,空大及進修學校,0A17,國立臺北商業大學附設空中進修學院,碩士班,0,,
107,空大及進修學校,0A18,國立臺中科技大學附設空中進修學院,二專,38,,
107,空大及進修學校,0A18,國立臺中科技大學附設空中進修學院,五專,0,,
107,空大及進修學校,0A18,國立臺中科技大學附設空中進修學院,博士班,0,,
107,空大及進修學校,0A18,國立臺中科技大學附設空中進修學院,學士班,24,,
107,空大及進修學校,0A18,國立臺中科技大學附設空中進修學院,碩士班,0,,
107,大專校院,1001,東海大學,二專,0,,
107,大專校院,1001,東海大學,五專,0,,
107,大專校院,1001,東海大學,博士班,3,243.0,0.01235
107,大專校院,1001,東海大學,學士班,51,13883.0,0.00367
107,大專校院,1001,東海大學,碩士班,11,1954.0,0.00563
107,大專校院,1002,輔仁大學,二專,0,,
107,大專校院,1002,輔仁大學,五專,0,,
107,大專校院,1002,輔仁大學,博士班,0,420.0,0.0
107,大專校院,1002,輔仁大學,學士班,341,22326.0,0.01527
107,大專校院,1002,輔仁大學,碩士班,94,3430.0,0.02741
107,大專校院,1003,東吳大學,二專,0,,
107,大專校院,1003,東吳大學,五專,0,,
107,大專校院,1003,東吳大學,博士班,1,124.0,0.00806
107,大專校院,1003,東吳大學,學士班,127,13110.0,0.00969
107,大專校院,1003,東吳大學,碩士班,1,2431.0,0.00041
107,大專校院,1004,中原大學,二專,0,,
107,大專校院,1004,中原大學,五專,0,,
107,大專校院,1004,中原大學,博士班,2,348.0,0.00575
107,大專校院,1004,中原大學,學士班,157,13361.0,0.01175
107,大專校院,1004,中原大學,碩士班,16,2480.0,0.00645
107,大專校院,1005,淡江大學,二專,0,,
107,大專校院,1005,淡江大學,五專,0,,
107,大專校院,1005,淡江大學,博士班,0,428.0,0.0
107,大專校院,1005,淡江大學,學士班,166,22137.0,0.0075
107,大專校院,1005,淡江大學,碩士班,1,2778.0,0.00036
107,大專校院,1006,中國文化大學,二專,0,,
107,大專校院,1006,中國文化大學,五專,0,,
107,大專校院,1006,中國文化大學,博士班,0,547.0,0.0
107,大專校院,1006,中國文化大學,學士班,326,22445.0,0.01452
107,大專校院,1006,中國文化大學,碩士班,8,2233.0,0.00358
107,大專校院,1007,逢甲大學,二專,0,,
107,大專校院,1007,逢甲大學,五專,0,,
107,大專校院,1007,逢甲大學,博士班,0,420.0,0.0
107,大專校院,1007,逢甲大學,學士班,50,17704.0,0.00282
107,大專校院,1007,逢甲大學,碩士班,1,2688.0,0.00037
107,大專校院,1008,靜宜大學,二專,0,,
107,大專校院,1008,靜宜大學,五專,0,,
107,大專校院,1008,靜宜大學,博士班,2,46.0,0.04348
107,大專校院,1008,靜宜大學,學士班,73,11205.0,0.00651
107,大專校院,1008,靜宜大學,碩士班,25,853.0,0.02931
107,大專校院,1009,長庚大學,二專,0,,
107,大專校院,1009,長庚大學,五專,0,,
107,大專校院,1009,長庚大學,博士班,1,497.0,0.00201
107,大專校院,1009,長庚大學,學士班,32,5260.0,0.00608
107,大專校院,1009,長庚大學,碩士班,9,1295.0,0.00695
107,大專校院,1010,元智大學,二專,0,,
107,大專校院,1010,元智大學,五專,0,,
107,大專校院,1010,元智大學,博士班,1,279.0,0.00358
107,大專校院,1010,元智大學,學士班,37,7113.0,0.0052
107,大專校院,1010,元智大學,碩士班,9,1490.0,0.00604
107,大專校院,1011,中華大學,二專,0,,
107,大專校院,1011,中華大學,五專,0,,
107,大專校院,1011,中華大學,博士班,1,88.0,0.01136
107,大專校院,1011,中華大學,學士班,34,5452.0,0.00624
107,大專校院,1011,中華大學,碩士班,0,727.0,0.0
107,大專校院,1012,大葉大學,二專,0,,
107,大專校院,1012,大葉大學,五專,0,,
107,大專校院,1012,大葉大學,博士班,1,134.0,0.00746
107,大專校院,1012,大葉大學,學士班,136,9123.0,0.01491
107,大專校院,1012,大葉大學,碩士班,8,1054.0,0.00759
107,大專校院,1013,華梵大學,二專,0,,
107,大專校院,1013,華梵大學,五專,0,,
107,大專校院,1013,華梵大學,博士班,0,61.0,0.0
107,大專校院,1013,華梵大學,學士班,9,1447.0,0.00622
107,大專校院,1013,華梵大學,碩士班,0,363.0,0.0
107,大專校院,1014,義守大學,二專,0,,
107,大專校院,1014,義守大學,五專,0,,
107,大專校院,1014,義守大學,博士班,2,147.0,0.01361
107,大專校院,1014,義守大學,學士班,734,14510.0,0.05059
107,大專校院,1014,義守大學,碩士班,27,875.0,0.03086
107,大專校院,1015,世新大學,二專,0,,
107,大專校院,1015,世新大學,五專,0,,
107,大專校院,1015,世新大學,博士班,4,97.0,0.04124
107,大專校院,1015,世新大學,學士班,302,10096.0,0.02991
107,大專校院,1015,世新大學,碩士班,17,1397.0,0.01217
107,大專校院,1016,銘傳大學,二專,0,,
107,大專校院,1016,銘傳大學,五專,0,,
107,大專校院,1016,銘傳大學,博士班,0,73.0,0.0
107,大專校院,1016,銘傳大學,學士班,149,17333.0,0.0086
107,大專校院,1016,銘傳大學,碩士班,3,1569.0,0.00191
107,大專校院,1017,實踐大學,二專,0,,
107,大專校院,1017,實踐大學,五專,0,,
107,大專校院,1017,實踐大學,博士班,0,25.0,0.0
107,大專校院,1017,實踐大學,學士班,284,13419.0,0.02116
107,大專校院,1017,實踐大學,碩士班,2,524.0,0.00382
107,大專校院,1018,朝陽科技大學,二專,0,,
107,大專校院,1018,朝陽科技大學,五專,0,,
107,大專校院,1018,朝陽科技大學,博士班,0,91.0,0.0
107,大專校院,1018,朝陽科技大學,學士班,183,14475.0,0.01264
107,大專校院,1018,朝陽科技大學,碩士班,8,1046.0,0.00765
107,大專校院,1019,高雄醫學大學,二專,0,,
107,大專校院,1019,高雄醫學大學,五專,0,,
107,大專校院,1019,高雄醫學大學,博士班,2,305.0,0.00656
107,大專校院,1019,高雄醫學大學,學士班,81,5586.0,0.0145
107,大專校院,1019,高雄醫學大學,碩士班,8,911.0,0.00878
107,大專校院,1020,南華大學,二專,0,,
107,大專校院,1020,南華大學,五專,0,,
107,大專校院,1020,南華大學,博士班,0,48.0,0.0
107,大專校院,1020,南華大學,學士班,79,4814.0,0.01641
107,大專校院,1020,南華大學,碩士班,8,1036.0,0.00772
107,大專校院,1021,真理大學,二專,0,,
107,大專校院,1021,真理大學,五專,0,,
107,大專校院,1021,真理大學,博士班,0,,
107,大專校院,1021,真理大學,學士班,117,6048.0,0.01935
107,大專校院,1021,真理大學,碩士班,2,156.0,0.01282
107,大專校院,1022,大同大學,二專,0,,
107,大專校院,1022,大同大學,五專,0,,
107,大專校院,1022,大同大學,博士班,1,116.0,0.00862
107,大專校院,1022,大同大學,學士班,10,3689.0,0.00271
107,大專校院,1022,大同大學,碩士班,2,585.0,0.00342
107,大專校院,1023,南臺科技大學,二專,0,,
107,大專校院,1023,南臺科技大學,五專,0,66.0,0.0
107,大專校院,1023,南臺科技大學,博士班,0,99.0,0.0
107,大專校院,1023,南臺科技大學,學士班,126,17237.0,0.00731
107,大專校院,1023,南臺科技大學,碩士班,5,1220.0,0.0041
107,大專校院,1024,崑山科技大學,二專,0,,
107,大專校院,1024,崑山科技大學,五專,0,,
107,大專校院,1024,崑山科技大學,博士班,0,36.0,0.0
107,大專校院,1024,崑山科技大學,學士班,90,11118.0,0.00809
107,大專校院,1024,崑山科技大學,碩士班,3,523.0,0.00574
107,大專校院,1025,嘉南藥理大學,二專,0,,
107,大專校院,1025,嘉南藥理大學,五專,0,,
107,大專校院,1025,嘉南藥理大學,博士班,0,,
107,大專校院,1025,嘉南藥理大學,學士班,247,13902.0,0.01777
107,大專校院,1025,嘉南藥理大學,碩士班,5,445.0,0.01124
107,大專校院,1026,樹德科技大學,二專,0,,
107,大專校院,1026,樹德科技大學,五專,0,,
107,大專校院,1026,樹德科技大學,博士班,1,35.0,0.02857
107,大專校院,1026,樹德科技大學,學士班,211,9904.0,0.0213
107,大專校院,1026,樹德科技大學,碩士班,2,687.0,0.00291
107,大專校院,1027,慈濟大學,二專,0,,
107,大專校院,1027,慈濟大學,五專,0,,
107,大專校院,1027,慈濟大學,博士班,2,101.0,0.0198
107,大專校院,1027,慈濟大學,學士班,77,2968.0,0.02594
107,大專校院,1027,慈濟大學,碩士班,28,379.0,0.07388
107,大專校院,1028,臺北醫學大學,二專,0,,
107,大專校院,1028,臺北醫學大學,五專,0,,
107,大專校院,1028,臺北醫學大學,博士班,0,489.0,0.0
107,大專校院,1028,臺北醫學大學,學士班,44,4763.0,0.00924
107,大專校院,1028,臺北醫學大學,碩士班,1,888.0,0.00113
107,大專校院,1029,中山醫學大學,二專,0,,
107,大專校院,1029,中山醫學大學,五專,0,,
107,大專校院,1029,中山醫學大學,博士班,0,207.0,0.0
107,大專校院,1029,中山醫學大學,學士班,126,6219.0,0.02026
107,大專校院,1029,中山醫學大學,碩士班,8,670.0,0.01194
107,大專校院,1030,龍華科技大學,二專,0,,
107,大專校院,1030,龍華科技大學,五專,5,246.0,0.02033
107,大專校院,1030,龍華科技大學,博士班,0,,
107,大專校院,1030,龍華科技大學,學士班,135,10525.0,0.01283
107,大專校院,1030,龍華科技大學,碩士班,3,458.0,0.00655
107,大專校院,1031,輔英科技大學,二專,0,,
107,大專校院,1031,輔英科技大學,五專,111,2693.0,0.04122
107,大專校院,1031,輔英科技大學,博士班,0,,
107,大專校院,1031,輔英科技大學,學士班,129,6465.0,0.01995
107,大專校院,1031,輔英科技大學,碩士班,1,243.0,0.00412
107,大專校院,1032,明新科技大學,二專,1,51.0,0.01961
107,大專校院,1032,明新科技大學,五專,0,,
107,大專校院,1032,明新科技大學,博士班,0,,
107,大專校院,1032,明新科技大學,學士班,166,11744.0,0.01413
107,大專校院,1032,明新科技大學,碩士班,7,597.0,0.01173
107,大專校院,1033,長榮大學,二專,0,,
107,大專校院,1033,長榮大學,五專,0,,
107,大專校院,1033,長榮大學,博士班,2,37.0,0.05405
107,大專校院,1033,長榮大學,學士班,163,8749.0,0.01863
107,大專校院,1033,長榮大學,碩士班,6,473.0,0.01268
107,大專校院,1034,弘光科技大學,二專,4,160.0,0.025
107,大專校院,1034,弘光科技大學,五專,8,265.0,0.03019
107,大專校院,1034,弘光科技大學,博士班,0,10.0,0.0
107,大專校院,1034,弘光科技大學,學士班,177,12244.0,0.01446
107,大專校院,1034,弘光科技大學,碩士班,5,292.0,0.01712
107,大專校院,1035,中國醫藥大學,二專,0,,
107,大專校院,1035,中國醫藥大學,五專,0,,
107,大專校院,1035,中國醫藥大學,博士班,1,385.0,0.0026
107,大專校院,1035,中國醫藥大學,學士班,111,6458.0,0.01719
107,大專校院,1035,中國醫藥大學,碩士班,6,582.0,0.01031
107,大專校院,1036,健行科技大學,二專,0,,
107,大專校院,1036,健行科技大學,五專,2,26.0,0.07692
107,大專校院,1036,健行科技大學,博士班,0,,
107,大專校院,1036,健行科技大學,學士班,306,10956.0,0.02793
107,大專校院,1036,健行科技大學,碩士班,3,351.0,0.00855
107,大專校院,1037,正修科技大學,二專,32,314.0,0.10191
107,大專校院,1037,正修科技大學,五專,0,66.0,0.0
107,大專校院,1037,正修科技大學,博士班,0,12.0,0.0
107,大專校院,1037,正修科技大學,學士班,236,15988.0,0.01476
107,大專校院,1037,正修科技大學,碩士班,11,559.0,0.01968
107,大專校院,1038,萬能科技大學,二專,0,,
107,大專校院,1038,萬能科技大學,五專,0,,
107,大專校院,1038,萬能科技大學,博士班,0,,
107,大專校院,1038,萬能科技大學,學士班,354,10115.0,0.035
107,大專校院,1038,萬能科技大學,碩士班,9,265.0,0.03396
107,大專校院,1039,玄奘大學,二專,0,,
107,大專校院,1039,玄奘大學,五專,0,,
107,大專校院,1039,玄奘大學,博士班,0,5.0,0.0
107,大專校院,1039,玄奘大學,學士班,98,3207.0,0.03056
107,大專校院,1039,玄奘大學,碩士班,11,462.0,0.02381
107,大專校院,1040,建國科技大學,二專,0,,
107,大專校院,1040,建國科技大學,五專,0,,
107,大專校院,1040,建國科技大學,博士班,0,,
107,大專校院,1040,建國科技大學,學士班,47,7377.0,0.00637
107,大專校院,1040,建國科技大學,碩士班,1,168.0,0.00595
107,大專校院,1041,明志科技大學,二專,0,,
107,大專校院,1041,明志科技大學,五專,0,,
107,大專校院,1041,明志科技大學,博士班,0,14.0,0.0
107,大專校院,1041,明志科技大學,學士班,35,4071.0,0.0086
107,大專校院,1041,明志科技大學,碩士班,2,474.0,0.00422
107,大專校院,1042,高苑科技大學,二專,0,,
107,大專校院,1042,高苑科技大學,五專,0,,
107,大專校院,1042,高苑科技大學,博士班,0,,
107,大專校院,1042,高苑科技大學,學士班,125,4414.0,0.02832
107,大專校院,1042,高苑科技大學,碩士班,2,278.0,0.00719
107,大專校院,1043,大仁科技大學,二專,0,,
107,大專校院,1043,大仁科技大學,五專,0,,
107,大專校院,1043,大仁科技大學,博士班,0,,
107,大專校院,1043,大仁科技大學,學士班,553,6064.0,0.09119
107,大專校院,1043,大仁科技大學,碩士班,14,196.0,0.07143
107,大專校院,1044,聖約翰科技大學,二專,0,,
107,大專校院,1044,聖約翰科技大學,五專,4,327.0,0.01223
107,大專校院,1044,聖約翰科技大學,博士班,0,,
107,大專校院,1044,聖約翰科技大學,學士班,100,3265.0,0.03063
107,大專校院,1044,聖約翰科技大學,碩士班,3,215.0,0.01395
107,大專校院,1045,嶺東科技大學,二專,0,,
107,大專校院,1045,嶺東科技大學,五專,0,,
107,大專校院,1045,嶺東科技大學,博士班,0,,
107,大專校院,1045,嶺東科技大學,學士班,131,9959.0,0.01315
107,大專校院,1045,嶺東科技大學,碩士班,11,377.0,0.02918
107,大專校院,1046,中國科技大學,二專,1,24.0,0.04167
107,大專校院,1046,中國科技大學,五專,0,,
107,大專校院,1046,中國科技大學,博士班,0,,
107,大專校院,1046,中國科技大學,學士班,160,9716.0,0.01647
107,大專校院,1046,中國科技大學,碩士班,4,232.0,0.01724
107,大專校院,1047,中臺科技大學,二專,0,27.0,0.0
107,大專校院,1047,中臺科技大學,五專,0,,
107,大專校院,1047,中臺科技大學,博士班,0,17.0,0.0
107,大專校院,1047,中臺科技大學,學士班,145,8227.0,0.01762
107,大專校院,1047,中臺科技大學,碩士班,9,414.0,0.02174
107,大專校院,1048,亞洲大學,二專,0,,
107,大專校院,1048,亞洲大學,五專,0,,
107,大專校院,1048,亞洲大學,博士班,1,211.0,0.00474
107,大專校院,1048,亞洲大學,學士班,151,10586.0,0.01426
107,大專校院,1048,亞洲大學,碩士班,7,982.0,0.00713
107,大專校院,1049,開南大學,二專,0,,
107,大專校院,1049,開南大學,五專,0,,
107,大專校院,1049,開南大學,博士班,0,,
107,大專校院,1049,開南大學,學士班,201,6110.0,0.0329
107,大專校院,1049,開南大學,碩士班,16,555.0,0.02883
107,大專校院,1050,佛光大學,二專,0,,
107,大專校院,1050,佛光大學,五專,0,,
107,大專校院,1050,佛光大學,博士班,1,59.0,0.01695
107,大專校院,1050,佛光大學,學士班,59,2970.0,0.01987
107,大專校院,1050,佛光大學,碩士班,18,667.0,0.02699
107,大專校院,1051,台南應用科技大學,二專,0,,
107,大專校院,1051,台南應用科技大學,五專,21,1115.0,0.01883
107,大專校院,1051,台南應用科技大學,博士班,0,,
107,大專校院,1051,台南應用科技大學,學士班,120,11394.0,0.01053
107,大專校院,1051,台南應用科技大學,碩士班,2,222.0,0.00901
107,大專校院,1052,遠東科技大學,二專,0,37.0,0.0
107,大專校院,1052,遠東科技大學,五專,0,,
107,大專校院,1052,遠東科技大學,博士班,0,,
107,大專校院,1052,遠東科技大學,學士班,122,5266.0,0.02317
107,大專校院,1052,遠東科技大學,碩士班,2,250.0,0.008
107,大專校院,1053,元培醫事科技大學,二專,0,39.0,0.0
107,大專校院,1053,元培醫事科技大學,五專,0,,
107,大專校院,1053,元培醫事科技大學,博士班,0,,
107,大專校院,1053,元培醫事科技大學,學士班,112,5986.0,0.01871
107,大專校院,1053,元培醫事科技大學,碩士班,2,267.0,0.00749
107,大專校院,1054,景文科技大學,二專,0,,
107,大專校院,1054,景文科技大學,五專,0,,
107,大專校院,1054,景文科技大學,博士班,0,,
107,大專校院,1054,景文科技大學,學士班,108,6941.0,0.01556
107,大專校院,1054,景文科技大學,碩士班,0,120.0,0.0
107,大專校院,1055,中華醫事科技大學,二專,0,85.0,0.0
107,大專校院,1055,中華醫事科技大學,五專,10,2877.0,0.00348
107,大專校院,1055,中華醫事科技大學,博士班,0,,
107,大專校院,1055,中華醫事科技大學,學士班,31,6085.0,0.00509
107,大專校院,1055,中華醫事科技大學,碩士班,0,115.0,0.0
107,大專校院,1056,東南科技大學,二專,0,,
107,大專校院,1056,東南科技大學,五專,0,,
107,大專校院,1056,東南科技大學,博士班,0,,
107,大專校院,1056,東南科技大學,學士班,143,5747.0,0.02488
107,大專校院,1056,東南科技大學,碩士班,1,188.0,0.00532
107,大專校院,1057,德明財經科技大學,二專,0,,
107,大專校院,1057,德明財經科技大學,五專,0,,
107,大專校院,1057,德明財經科技大學,博士班,0,,
107,大專校院,1057,德明財經科技大學,學士班,92,8074.0,0.01139
107,大專校院,1057,德明財經科技大學,碩士班,2,112.0,0.01786
107,大專校院,1058,明道大學,二專,0,,
107,大專校院,1058,明道大學,五專,0,,
107,大專校院,1058,明道大學,博士班,0,26.0,0.0
107,大專校院,1058,明道大學,學士班,34,3625.0,0.00938
107,大專校院,1058,明道大學,碩士班,1,262.0,0.00382
107,大專校院,1060,南開科技大學,二專,0,,
107,大專校院,1060,南開科技大學,五專,9,813.0,0.01107
107,大專校院,1060,南開科技大學,博士班,0,,
107,大專校院,1060,南開科技大學,學士班,58,3709.0,0.01564
107,大專校院,1060,南開科技大學,碩士班,7,204.0,0.03431
107,大專校院,1061,中華科技大學,二專,0,,
107,大專校院,1061,中華科技大學,五專,0,,
107,大專校院,1061,中華科技大學,博士班,0,,
107,大專校院,1061,中華科技大學,學士班,100,5513.0,0.01814
107,大專校院,1061,中華科技大學,碩士班,5,297.0,0.01684
107,大專校院,1062,僑光科技大學,二專,0,5.0,0.0
107,大專校院,1062,僑光科技大學,五專,0,,
107,大專校院,1062,僑光科技大學,博士班,0,,
107,大專校院,1062,僑光科技大學,學士班,126,10880.0,0.01158
107,大專校院,1062,僑光科技大學,碩士班,0,85.0,0.0
107,大專校院,1063,育達科技大學,二專,0,15.0,0.0
107,大專校院,1063,育達科技大學,五專,0,,
107,大專校院,1063,育達科技大學,博士班,0,,
107,大專校院,1063,育達科技大學,學士班,113,4437.0,0.02547
107,大專校院,1063,育達科技大學,碩士班,8,388.0,0.02062
107,大專校院,1064,美和科技大學,二專,6,33.0,0.18182
107,大專校院,1064,美和科技大學,五專,208,1992.0,0.10442
107,大專校院,1064,美和科技大學,博士班,0,,
107,大專校院,1064,美和科技大學,學士班,518,5012.0,0.10335
107,大專校院,1064,美和科技大學,碩士班,33,366.0,0.09016
107,大專校院,1065,吳鳳科技大學,二專,0,,
107,大專校院,1065,吳鳳科技大學,五專,0,,
107,大專校院,1065,吳鳳科技大學,博士班,0,,
107,大專校院,1065,吳鳳科技大學,學士班,67,4229.0,0.01584
107,大專校院,1065,吳鳳科技大學,碩士班,0,131.0,0.0
107,大專校院,1066,環球科技大學,二專,62,206.0,0.30097
107,大專校院,1066,環球科技大學,五專,0,,
107,大專校院,1066,環球科技大學,博士班,0,,
107,大專校院,1066,環球科技大學,學士班,315,4371.0,0.07207
107,大專校院,1066,環球科技大學,碩士班,31,199.0,0.15578
107,大專校院,1067,台灣首府大學,二專,0,,
107,大專校院,1067,台灣首府大學,五專,0,,
107,大專校院,1067,台灣首府大學,博士班,0,,
107,大專校院,1067,台灣首府大學,學士班,75,2127.0,0.03526
107,大專校院,1067,台灣首府大學,碩士班,0,67.0,0.0
107,大專校院,1068,中州科技大學,二專,0,,
107,大專校院,1068,中州科技大學,五專,0,,
107,大專校院,1068,中州科技大學,博士班,0,,
107,大專校院,1068,中州科技大學,學士班,58,3200.0,0.01812
107,大專校院,1068,中州科技大學,碩士班,0,74.0,0.0
107,大專校院,1069,修平科技大學,二專,0,,
107,大專校院,1069,修平科技大學,五專,0,,
107,大專校院,1069,修平科技大學,博士班,0,,
107,大專校院,1069,修平科技大學,學士班,60,4811.0,0.01247
107,大專校院,1069,修平科技大學,碩士班,1,66.0,0.01515
107,大專校院,1070,長庚科技大學,二專,0,,
107,大專校院,1070,長庚科技大學,五專,12,335.0,0.03582
107,大專校院,1070,長庚科技大學,博士班,0,,
107,大專校院,1070,長庚科技大學,學士班,133,6135.0,0.02168
107,大專校院,1070,長庚科技大學,碩士班,2,165.0,0.01212
107,大專校院,1071,臺北城市科技大學,二專,0,12.0,0.0
107,大專校院,1071,臺北城市科技大學,五專,11,1249.0,0.00881
107,大專校院,1071,臺北城市科技大學,博士班,0,,
107,大專校院,1071,臺北城市科技大學,學士班,226,8014.0,0.0282
107,大專校院,1071,臺北城市科技大學,碩士班,1,83.0,0.01205
107,大專校院,1072,大華科技大學,二專,2,66.0,0.0303
107,大專校院,1072,大華科技大學,五專,19,518.0,0.03668
107,大專校院,1072,大華科技大學,博士班,0,,
107,大專校院,1072,大華科技大學,學士班,61,1426.0,0.04278
107,大專校院,1072,大華科技大學,碩士班,0,9.0,0.0
107,大專校院,1073,醒吾科技大學,二專,0,,
107,大專校院,1073,醒吾科技大學,五專,11,806.0,0.01365
107,大專校院,1073,醒吾科技大學,博士班,0,,
107,大專校院,1073,醒吾科技大學,學士班,424,7120.0,0.05955
107,大專校院,1073,醒吾科技大學,碩士班,16,171.0,0.09357
107,大專校院,1074,南榮科技大學,二專,2,61.0,0.03279
107,大專校院,1074,南榮科技大學,五專,3,108.0,0.02778
107,大專校院,1074,南榮科技大學,博士班,0,,
107,大專校院,1074,南榮科技大學,學士班,21,1426.0,0.01473
107,大專校院,1074,南榮科技大學,碩士班,1,55.0,0.01818
107,大專校院,1075,文藻外語大學,二專,0,,
107,大專校院,1075,文藻外語大學,五專,44,1625.0,0.02708
107,大專校院,1075,文藻外語大學,博士班,0,,
107,大專校院,1075,文藻外語大學,學士班,101,7585.0,0.01332
107,大專校院,1075,文藻外語大學,碩士班,2,227.0,0.00881
107,大專校院,1076,華夏科技大學,二專,6,234.0,0.02564
107,大專校院,1076,華夏科技大學,五專,3,603.0,0.00498
107,大專校院,1076,華夏科技大學,博士班,0,,
107,大專校院,1076,華夏科技大學,學士班,43,3422.0,0.01257
107,大專校院,1076,華夏科技大學,碩士班,0,107.0,0.0
107,大專校院,1077,慈濟科技大學,二專,0,,
107,大專校院,1077,慈濟科技大學,五專,602,1293.0,0.46558
107,大專校院,1077,慈濟科技大學,博士班,0,,
107,大專校院,1077,慈濟科技大學,學士班,213,1647.0,0.12933
107,大專校院,1077,慈濟科技大學,碩士班,1,39.0,0.02564
107,大專校院,1078,致理科技大學,二專,0,1.0,0.0
107,大專校院,1078,致理科技大學,五專,17,1614.0,0.01053
107,大專校院,1078,致理科技大學,博士班,0,,
107,大專校院,1078,致理科技大學,學士班,138,9797.0,0.01409
107,大專校院,1078,致理科技大學,碩士班,0,97.0,0.0
107,大專校院,1079,康寧大學,二專,7,274.0,0.02555
107,大專校院,1079,康寧大學,五專,46,2863.0,0.01607
107,大專校院,1079,康寧大學,博士班,0,,
107,大專校院,1079,康寧大學,學士班,64,950.0,0.06737
107,大專校院,1079,康寧大學,碩士班,3,217.0,0.01382
107,大專校院,1080,宏國德霖科技大學,二專,2,185.0,0.01081
107,大專校院,1080,宏國德霖科技大學,五專,11,1332.0,0.00826
107,大專校院,1080,宏國德霖科技大學,博士班,0,,
107,大專校院,1080,宏國德霖科技大學,學士班,112,4827.0,0.0232
107,大專校院,1080,宏國德霖科技大學,碩士班,0,,
107,大專校院,1081,東方設計大學,二專,0,,
107,大專校院,1081,東方設計大學,五專,25,1193.0,0.02096
107,大專校院,1081,東方設計大學,博士班,0,31.0,0.0
107,大專校院,1081,東方設計大學,學士班,30,1444.0,0.02078
107,大專校院,1081,東方設計大學,碩士班,2,164.0,0.0122
107,大專校院,1082,崇右影藝科技大學,二專,0,,
107,大專校院,1082,崇右影藝科技大學,五專,4,155.0,0.02581
107,大專校院,1082,崇右影藝科技大學,博士班,0,,
107,大專校院,1082,崇右影藝科技大學,學士班,169,2174.0,0.07774
107,大專校院,1082,崇右影藝科技大學,碩士班,0,86.0,0.0
107,大專校院,1083,台北海洋科技大學,二專,5,158.0,0.03165
107,大專校院,1083,台北海洋科技大學,五專,25,1058.0,0.02363
107,大專校院,1083,台北海洋科技大學,博士班,0,,
107,大專校院,1083,台北海洋科技大學,學士班,105,3507.0,0.02994
107,大專校院,1083,台北海洋科技大學,碩士班,0,133.0,0.0
107,大專校院,1125,中信金融管理學院,二專,0,,
107,大專校院,1125,中信金融管理學院,五專,0,,
107,大專校院,1125,中信金融管理學院,博士班,0,,
107,大專校院,1125,中信金融管理學院,學士班,23,588.0,0.03912
107,大專校院,1125,中信金融管理學院,碩士班,1,73.0,0.0137
107,大專校院,1148,大漢技術學院,二專,66,142.0,0.46479
107,大專校院,1148,大漢技術學院,五專,0,,
107,大專校院,1148,大漢技術學院,博士班,0,,
107,大專校院,1148,大漢技術學院,學士班,347,935.0,0.37112
107,大專校院,1148,大漢技術學院,碩士班,22,86.0,0.25581
107,大專校院,1159,和春技術學院,二專,22,241.0,0.09129
107,大專校院,1159,和春技術學院,五專,1,190.0,0.00526
107,大專校院,1159,和春技術學院,博士班,0,,
107,大專校院,1159,和春技術學院,學士班,93,1000.0,0.093
107,大專校院,1159,和春技術學院,碩士班,1,15.0,0.06667
107,大專校院,1166,亞東技術學院,二專,0,,
107,大專校院,1166,亞東技術學院,五專,0,,
107,大專校院,1166,亞東技術學院,博士班,0,,
107,大專校院,1166,亞東技術學院,學士班,46,4479.0,0.01027
107,大專校院,1166,亞東技術學院,碩士班,0,43.0,0.0
107,大專校院,1168,南亞技術學院,二專,2,37.0,0.05405
107,大專校院,1168,南亞技術學院,五專,10,327.0,0.03058
107,大專校院,1168,南亞技術學院,博士班,0,,
107,大專校院,1168,南亞技術學院,學士班,141,2620.0,0.05382
107,大專校院,1168,南亞技術學院,碩士班,0,26.0,0.0
107,大專校院,1176,稻江科技暨管理學院,二專,0,,
107,大專校院,1176,稻江科技暨管理學院,五專,0,,
107,大專校院,1176,稻江科技暨管理學院,博士班,0,,
107,大專校院,1176,稻江科技暨管理學院,學士班,106,2194.0,0.04831
107,大專校院,1176,稻江科技暨管理學院,碩士班,10,140.0,0.07143
107,大專校院,1182,蘭陽技術學院,二專,0,,
107,大專校院,1182,蘭陽技術學院,五專,28,405.0,0.06914
107,大專校院,1182,蘭陽技術學院,博士班,0,,
107,大專校院,1182,蘭陽技術學院,學士班,53,516.0,0.10271
107,大專校院,1182,蘭陽技術學院,碩士班,0,,
107,大專校院,1183,黎明技術學院,二專,0,62.0,0.0
107,大專校院,1183,黎明技術學院,五專,2,583.0,0.00343
107,大專校院,1183,黎明技術學院,博士班,0,,
107,大專校院,1183,黎明技術學院,學士班,133,4280.0,0.03107
107,大專校院,1183,黎明技術學院,碩士班,0,,
107,大專校院,1185,經國管理暨健康學院,二專,0,,
107,大專校院,1185,經國管理暨健康學院,五專,44,1305.0,0.03372
107,大專校院,1185,經國管理暨健康學院,博士班,0,,
107,大專校院,1185,經國管理暨健康學院,學士班,74,2356.0,0.03141
107,大專校院,1185,經國管理暨健康學院,碩士班,2,71.0,0.02817
107,大專校院,1188,大同技術學院,二專,0,6.0,0.0
107,大專校院,1188,大同技術學院,五專,5,135.0,0.03704
107,大專校院,1188,大同技術學院,博士班,0,,
107,大專校院,1188,大同技術學院,學士班,133,1662.0,0.08002
107,大專校院,1188,大同技術學院,碩士班,0,,
107,大專校院,1192,臺灣觀光學院,二專,9,40.0,0.225
107,大專校院,1192,臺灣觀光學院,五專,39,133.0,0.29323
107,大專校院,1192,臺灣觀光學院,博士班,0,,
107,大專校院,1192,臺灣觀光學院,學士班,147,550.0,0.26727
107,大專校院,1192,臺灣觀光學院,碩士班,4,28.0,0.14286
107,大專校院,1195,馬偕醫學院,二專,0,,
107,大專校院,1195,馬偕醫學院,五專,0,,
107,大專校院,1195,馬偕醫學院,博士班,0,,
107,大專校院,1195,馬偕醫學院,學士班,22,661.0,0.03328
107,大專校院,1195,馬偕醫學院,碩士班,0,47.0,0.0
107,大專校院,1196,法鼓文理學院,二專,0,,
107,大專校院,1196,法鼓文理學院,五專,0,,
107,大專校院,1196,法鼓文理學院,博士班,0,17.0,0.0
107,大專校院,1196,法鼓文理學院,學士班,0,57.0,0.0
107,大專校院,1196,法鼓文理學院,碩士班,0,206.0,0.0
107,大專校院,1282,馬偕醫護管理專科學校,二專,0,344.0,0.0
107,大專校院,1282,馬偕醫護管理專科學校,五專,368,3932.0,0.09359
107,大專校院,1282,馬偕醫護管理專科學校,博士班,0,,
107,大專校院,1282,馬偕醫護管理專科學校,學士班,0,,
107,大專校院,1282,馬偕醫護管理專科學校,碩士班,0,,
107,大專校院,1283,仁德醫護管理專科學校,二專,5,352.0,0.0142
107,大專校院,1283,仁德醫護管理專科學校,五專,232,6073.0,0.0382
107,大專校院,1283,仁德醫護管理專科學校,博士班,0,,
107,大專校院,1283,仁德醫護管理專科學校,學士班,0,,
107,大專校院,1283,仁德醫護管理專科學校,碩士班,0,,
107,大專校院,1284,樹人醫護管理專科學校,二專,1,529.0,0.00189
107,大專校院,1284,樹人醫護管理專科學校,五專,239,6620.0,0.0361
107,大專校院,1284,樹人醫護管理專科學校,博士班,0,,
107,大專校院,1284,樹人醫護管理專科學校,學士班,0,,
107,大專校院,1284,樹人醫護管理專科學校,碩士班,0,,
107,大專校院,1285,慈惠醫護管理專科學校,二專,49,363.0,0.13499
107,大專校院,1285,慈惠醫護管理專科學校,五專,557,4677.0,0.11909
107,大專校院,1285,慈惠醫護管理專科學校,博士班,0,,
107,大專校院,1285,慈惠醫護管理專科學校,學士班,0,,
107,大專校院,1285,慈惠醫護管理專科學校,碩士班,0,,
107,大專校院,1286,耕莘健康管理專科學校,二專,2,106.0,0.01887
107,大專校院,1286,耕莘健康管理專科學校,五專,204,4987.0,0.04091
107,大專校院,1286,耕莘健康管理專科學校,博士班,0,,
107,大專校院,1286,耕莘健康管理專科學校,學士班,0,,
107,大專校院,1286,耕莘健康管理專科學校,碩士班,0,,
107,大專校院,1287,敏惠醫護管理專科學校,二專,0,,
107,大專校院,1287,敏惠醫護管理專科學校,五專,71,3869.0,0.01835
107,大專校院,1287,敏惠醫護管理專科學校,博士班,0,,
107,大專校院,1287,敏惠醫護管理專科學校,學士班,0,,
107,大專校院,1287,敏惠醫護管理專科學校,碩士班,0,,
107,大專校院,1289,育英醫護管理專科學校,二專,0,,
107,大專校院,1289,育英醫護管理專科學校,五專,41,2013.0,0.02037
107,大專校院,1289,育英醫護管理專科學校,博士班,0,,
107,大專校院,1289,育英醫護管理專科學校,學士班,0,,
107,大專校院,1289,育英醫護管理專科學校,碩士班,0,,
107,大專校院,1291,聖母醫護管理專科學校,二專,0,,
107,大專校院,1291,聖母醫護管理專科學校,五專,290,2777.0,0.10443
107,大專校院,1291,聖母醫護管理專科學校,博士班,0,,
107,大專校院,1291,聖母醫護管理專科學校,學士班,0,,
107,大專校院,1291,聖母醫護管理專科學校,碩士班,0,,
107,大專校院,1292,新生醫護管理專科學校,二專,9,94.0,0.09574
107,大專校院,1292,新生醫護管理專科學校,五專,509,5964.0,0.08535
107,大專校院,1292,新生醫護管理專科學校,博士班,0,,
107,大專校院,1292,新生醫護管理專科學校,學士班,0,,
107,大專校院,1292,新生醫護管理專科學校,碩士班,0,,
107,大專校院,1293,崇仁醫護管理專科學校,二專,0,,
107,大專校院,1293,崇仁醫護管理專科學校,五專,22,3392.0,0.00649
107,大專校院,1293,崇仁醫護管理專科學校,博士班,0,,
107,大專校院,1293,崇仁醫護管理專科學校,學士班,0,,
107,大專校院,1293,崇仁醫護管理專科學校,碩士班,0,,
107,空大及進修學校,1A01,高苑科技大學附設進修專校,二專,1,,
107,空大及進修學校,1A01,高苑科技大學附設進修專校,五專,0,,
107,空大及進修學校,1A01,高苑科技大學附設進修專校,博士班,0,,
107,空大及進修學校,1A01,高苑科技大學附設進修專校,學士班,0,,
107,空大及進修學校,1A01,高苑科技大學附設進修專校,碩士班,0,,
107,空大及進修學校,1A02,和春技術學院附設進修專校,二專,1,,
107,空大及進修學校,1A02,和春技術學院附設進修專校,五專,0,,
107,空大及進修學校,1A02,和春技術學院附設進修專校,博士班,0,,
107,空大及進修學校,1A02,和春技術學院附設進修專校,學士班,0,,
107,空大及進修學校,1A02,和春技術學院附設進修專校,碩士班,0,,
107,空大及進修學校,1A03,環球科技大學附設進修專校,二專,32,,
107,空大及進修學校,1A03,環球科技大學附設進修專校,五專,0,,
107,空大及進修學校,1A03,環球科技大學附設進修專校,博士班,0,,
107,空大及進修學校,1A03,環球科技大學附設進修專校,學士班,0,,
107,空大及進修學校,1A03,環球科技大學附設進修專校,碩士班,0,,
107,空大及進修學校,1A05,景文科技大學附設進修專校,二專,3,,
107,空大及進修學校,1A05,景文科技大學附設進修專校,五專,0,,
107,空大及進修學校,1A05,景文科技大學附設進修專校,博士班,0,,
107,空大及進修學校,1A05,景文科技大學附設進修專校,學士班,0,,
107,空大及進修學校,1A05,景文科技大學附設進修專校,碩士班,0,,
107,空大及進修學校,1A06,中州科技大學附設進修專校,二專,1,,
107,空大及進修學校,1A06,中州科技大學附設進修專校,五專,0,,
107,空大及進修學校,1A06,中州科技大學附設進修專校,博士班,0,,
107,空大及進修學校,1A06,中州科技大學附設進修專校,學士班,0,,
107,空大及進修學校,1A06,中州科技大學附設進修專校,碩士班,0,,
107,空大及進修學校,1A07,美和科技大學附設進修專校,二專,52,,
107,空大及進修學校,1A07,美和科技大學附設進修專校,五專,0,,
107,空大及進修學校,1A07,美和科技大學附設進修專校,博士班,0,,
107,空大及進修學校,1A07,美和科技大學附設進修專校,學士班,0,,
107,空大及進修學校,1A07,美和科技大學附設進修專校,碩士班,0,,
107,空大及進修學校,1A08,南開科技大學附設進修專校,二專,2,,
107,空大及進修學校,1A08,南開科技大學附設進修專校,五專,0,,
107,空大及進修學校,1A08,南開科技大學附設進修專校,博士班,0,,
107,空大及進修學校,1A08,南開科技大學附設進修專校,學士班,0,,
107,空大及進修學校,1A08,南開科技大學附設進修專校,碩士班,0,,
107,空大及進修學校,1A09,東方設計大學附設進修專校,二專,18,,
107,空大及進修學校,1A09,東方設計大學附設進修專校,五專,0,,
107,空大及進修學校,1A09,東方設計大學附設進修專校,博士班,0,,
107,空大及進修學校,1A09,東方設計大學附設進修專校,學士班,0,,
107,空大及進修學校,1A09,東方設計大學附設進修專校,碩士班,0,,
107,空大及進修學校,1A10,遠東科技大學附設進修專校,二專,1,,
107,空大及進修學校,1A10,遠東科技大學附設進修專校,五專,0,,
107,空大及進修學校,1A10,遠東科技大學附設進修專校,博士班,0,,
107,空大及進修學校,1A10,遠東科技大學附設進修專校,學士班,0,,
107,空大及進修學校,1A10,遠東科技大學附設進修專校,碩士班,0,,
107,空大及進修學校,1A11,吳鳳科技大學附設進修專校,二專,3,,
107,空大及進修學校,1A11,吳鳳科技大學附設進修專校,五專,0,,
107,空大及進修學校,1A11,吳鳳科技大學附設進修專校,博士班,0,,
107,空大及進修學校,1A11,吳鳳科技大學附設進修專校,學士班,0,,
107,空大及進修學校,1A11,吳鳳科技大學附設進修專校,碩士班,0,,
107,空大及進修學校,1A14,醒吾科技大學附設進修專校,二專,13,,
107,空大及進修學校,1A14,醒吾科技大學附設進修專校,五專,0,,
107,空大及進修學校,1A14,醒吾科技大學附設進修專校,博士班,0,,
107,空大及進修學校,1A14,醒吾科技大學附設進修專校,學士班,0,,
107,空大及進修學校,1A14,醒吾科技大學附設進修專校,碩士班,0,,
107,空大及進修學校,1A15,蘭陽技術學院附設進修專校,二專,8,,
107,空大及進修學校,1A15,蘭陽技術學院附設進修專校,五專,0,,
107,空大及進修學校,1A15,蘭陽技術學院附設進修專校,博士班,0,,
107,空大及進修學校,1A15,蘭陽技術學院附設進修專校,學士班,0,,
107,空大及進修學校,1A15,蘭陽技術學院附設進修專校,碩士班,0,,
107,空大及進修學校,1A16,修平科技大學附設進修專校,二專,3,,
107,空大及進修學校,1A16,修平科技大學附設進修專校,五專,0,,
107,空大及進修學校,1A16,修平科技大學附設進修專校,博士班,0,,
107,空大及進修學校,1A16,修平科技大學附設進修專校,學士班,0,,
107,空大及進修學校,1A16,修平科技大學附設進修專校,碩士班,0,,
107,空大及進修學校,1A18,崑山科技大學附設進修專校,二專,13,,
107,空大及進修學校,1A18,崑山科技大學附設進修專校,五專,0,,
107,空大及進修學校,1A18,崑山科技大學附設進修專校,博士班,0,,
107,空大及進修學校,1A18,崑山科技大學附設進修專校,學士班,0,,
107,空大及進修學校,1A18,崑山科技大學附設進修專校,碩士班,0,,
107,空大及進修學校,1A19,萬能科技大學附設進修專校,二專,5,,
107,空大及進修學校,1A19,萬能科技大學附設進修專校,五專,0,,
107,空大及進修學校,1A19,萬能科技大學附設進修專校,博士班,0,,
107,空大及進修學校,1A19,萬能科技大學附設進修專校,學士班,0,,
107,空大及進修學校,1A19,萬能科技大學附設進修專校,碩士班,0,,
107,空大及進修學校,1A20,中國科技大學附設進修專校,二專,10,,
107,空大及進修學校,1A20,中國科技大學附設進修專校,五專,0,,
107,空大及進修學校,1A20,中國科技大學附設進修專校,博士班,0,,
107,空大及進修學校,1A20,中國科技大學附設進修專校,學士班,0,,
107,空大及進修學校,1A20,中國科技大學附設進修專校,碩士班,0,,
107,空大及進修學校,1A21,中華科技大學附設進修專校,二專,1,,
107,空大及進修學校,1A21,中華科技大學附設進修專校,五專,0,,
107,空大及進修學校,1A21,中華科技大學附設進修專校,博士班,0,,
107,空大及進修學校,1A21,中華科技大學附設進修專校,學士班,0,,
107,空大及進修學校,1A21,中華科技大學附設進修專校,碩士班,0,,
107,空大及進修學校,1A22,正修科技大學附設進修專校,二專,23,,
107,空大及進修學校,1A22,正修科技大學附設進修專校,五專,0,,
107,空大及進修學校,1A22,正修科技大學附設進修專校,博士班,0,,
107,空大及進修學校,1A22,正修科技大學附設進修專校,學士班,0,,
107,空大及進修學校,1A22,正修科技大學附設進修專校,碩士班,0,,
107,空大及進修學校,1A27,明新科技大學附設進修專校,二專,4,,
107,空大及進修學校,1A27,明新科技大學附設進修專校,五專,0,,
107,空大及進修學校,1A27,明新科技大學附設進修專校,博士班,0,,
107,空大及進修學校,1A27,明新科技大學附設進修專校,學士班,0,,
107,空大及進修學校,1A27,明新科技大學附設進修專校,碩士班,0,,
107,空大及進修學校,1A28,南亞技術學院附設進修專校,二專,12,,
107,空大及進修學校,1A28,南亞技術學院附設進修專校,五專,0,,
107,空大及進修學校,1A28,南亞技術學院附設進修專校,博士班,0,,
107,空大及進修學校,1A28,南亞技術學院附設進修專校,學士班,0,,
107,空大及進修學校,1A28,南亞技術學院附設進修專校,碩士班,0,,
107,空大及進修學校,1A29,臺北城市科技大學附設進修專校,二專,10,,
107,空大及進修學校,1A29,臺北城市科技大學附設進修專校,五專,0,,
107,空大及進修學校,1A29,臺北城市科技大學附設進修專校,博士班,0,,
107,空大及進修學校,1A29,臺北城市科技大學附設進修專校,學士班,0,,
107,空大及進修學校,1A29,臺北城市科技大學附設進修專校,碩士班,0,,
107,空大及進修學校,1A30,大同技術學院附設進修專校,二專,3,,
107,空大及進修學校,1A30,大同技術學院附設進修專校,五專,0,,
107,空大及進修學校,1A30,大同技術學院附設進修專校,博士班,0,,
107,空大及進修學校,1A30,大同技術學院附設進修專校,學士班,0,,
107,空大及進修學校,1A30,大同技術學院附設進修專校,碩士班,0,,
107,空大及進修學校,1A31,大仁科技大學附設進修專校,二專,22,,
107,空大及進修學校,1A31,大仁科技大學附設進修專校,五專,0,,
107,空大及進修學校,1A31,大仁科技大學附設進修專校,博士班,0,,
107,空大及進修學校,1A31,大仁科技大學附設進修專校,學士班,0,,
107,空大及進修學校,1A31,大仁科技大學附設進修專校,碩士班,0,,
107,空大及進修學校,1A33,崇右影藝科技大學附設進修專校,二專,42,,
107,空大及進修學校,1A33,崇右影藝科技大學附設進修專校,五專,0,,
107,空大及進修學校,1A33,崇右影藝科技大學附設進修專校,博士班,0,,
107,空大及進修學校,1A33,崇右影藝科技大學附設進修專校,學士班,0,,
107,空大及進修學校,1A33,崇右影藝科技大學附設進修專校,碩士班,0,,
107,空大及進修學校,1A36,經國管理暨健康學院附設進修專校,二專,9,,
107,空大及進修學校,1A36,經國管理暨健康學院附設進修專校,五專,0,,
107,空大及進修學校,1A36,經國管理暨健康學院附設進修專校,博士班,0,,
107,空大及進修學校,1A36,經國管理暨健康學院附設進修專校,學士班,0,,
107,空大及進修學校,1A36,經國管理暨健康學院附設進修專校,碩士班,0,,
107,空大及進修學校,1A37,建國科技大學附設進修專校,二專,2,,
107,空大及進修學校,1A37,建國科技大學附設進修專校,五專,0,,
107,空大及進修學校,1A37,建國科技大學附設進修專校,博士班,0,,
107,空大及進修學校,1A37,建國科技大學附設進修專校,學士班,0,,
107,空大及進修學校,1A37,建國科技大學附設進修專校,碩士班,0,,
107,空大及進修學校,1A40,嶺東科技大學附設進修學院,二專,0,,
107,空大及進修學校,1A40,嶺東科技大學附設進修學院,五專,0,,
107,空大及進修學校,1A40,嶺東科技大學附設進修學院,博士班,0,,
107,空大及進修學校,1A40,嶺東科技大學附設進修學院,學士班,0,,
107,空大及進修學校,1A40,嶺東科技大學附設進修學院,碩士班,0,,
107,空大及進修學校,1A41,高苑科技大學附設進修學院,二專,0,,
107,空大及進修學校,1A41,高苑科技大學附設進修學院,五專,0,,
107,空大及進修學校,1A41,高苑科技大學附設進修學院,博士班,0,,
107,空大及進修學校,1A41,高苑科技大學附設進修學院,學士班,7,,
107,空大及進修學校,1A41,高苑科技大學附設進修學院,碩士班,0,,
107,空大及進修學校,1A42,建國科技大學附設進修學院,二專,0,,
107,空大及進修學校,1A42,建國科技大學附設進修學院,五專,0,,
107,空大及進修學校,1A42,建國科技大學附設進修學院,博士班,0,,
107,空大及進修學校,1A42,建國科技大學附設進修學院,學士班,1,,
107,空大及進修學校,1A42,建國科技大學附設進修學院,碩士班,0,,
107,空大及進修學校,1A44,和春技術學院附設進修學院,二專,0,,
107,空大及進修學校,1A44,和春技術學院附設進修學院,五專,0,,
107,空大及進修學校,1A44,和春技術學院附設進修學院,博士班,0,,
107,空大及進修學校,1A44,和春技術學院附設進修學院,學士班,4,,
107,空大及進修學校,1A44,和春技術學院附設進修學院,碩士班,0,,
107,空大及進修學校,1A48,臺北城市科技大學附設進修學院,二專,0,,
107,空大及進修學校,1A48,臺北城市科技大學附設進修學院,五專,0,,
107,空大及進修學校,1A48,臺北城市科技大學附設進修學院,博士班,0,,
107,空大及進修學校,1A48,臺北城市科技大學附設進修學院,學士班,9,,
107,空大及進修學校,1A48,臺北城市科技大學附設進修學院,碩士班,0,,
107,空大及進修學校,1A50,中國科技大學附設進修學院,二專,0,,
107,空大及進修學校,1A50,中國科技大學附設進修學院,五專,0,,
107,空大及進修學校,1A50,中國科技大學附設進修學院,博士班,0,,
107,空大及進修學校,1A50,中國科技大學附設進修學院,學士班,8,,
107,空大及進修學校,1A50,中國科技大學附設進修學院,碩士班,0,,
107,空大及進修學校,1A52,醒吾科技大學附設進修學院,二專,0,,
107,空大及進修學校,1A52,醒吾科技大學附設進修學院,五專,0,,
107,空大及進修學校,1A52,醒吾科技大學附設進修學院,博士班,0,,
107,空大及進修學校,1A52,醒吾科技大學附設進修學院,學士班,65,,
107,空大及進修學校,1A52,醒吾科技大學附設進修學院,碩士班,0,,
107,空大及進修學校,1A54,南亞技術學院附設進修學院,二專,0,,
107,空大及進修學校,1A54,南亞技術學院附設進修學院,五專,0,,
107,空大及進修學校,1A54,南亞技術學院附設進修學院,博士班,0,,
107,空大及進修學校,1A54,南亞技術學院附設進修學院,學士班,40,,
107,空大及進修學校,1A54,南亞技術學院附設進修學院,碩士班,0,,
107,空大及進修學校,1A56,明新科技大學附設進修學院,二專,0,,
107,空大及進修學校,1A56,明新科技大學附設進修學院,五專,0,,
107,空大及進修學校,1A56,明新科技大學附設進修學院,博士班,0,,
107,空大及進修學校,1A56,明新科技大學附設進修學院,學士班,8,,
107,空大及進修學校,1A56,明新科技大學附設進修學院,碩士班,0,,
107,空大及進修學校,1A57,修平科技大學附設進修學院,二專,0,,
107,空大及進修學校,1A57,修平科技大學附設進修學院,五專,0,,
107,空大及進修學校,1A57,修平科技大學附設進修學院,博士班,0,,
107,空大及進修學校,1A57,修平科技大學附設進修學院,學士班,5,,
107,空大及進修學校,1A57,修平科技大學附設進修學院,碩士班,0,,
107,空大及進修學校,1A58,環球科技大學附設進修學院,二專,0,,
107,空大及進修學校,1A58,環球科技大學附設進修學院,五專,0,,
107,空大及進修學校,1A58,環球科技大學附設進修學院,博士班,0,,
107,空大及進修學校,1A58,環球科技大學附設進修學院,學士班,39,,
107,空大及進修學校,1A58,環球科技大學附設進修學院,碩士班,0,,
107,空大及進修學校,1A59,吳鳳科技大學附設進修學院,二專,0,,
107,空大及進修學校,1A59,吳鳳科技大學附設進修學院,五專,0,,
107,空大及進修學校,1A59,吳鳳科技大學附設進修學院,博士班,0,,
107,空大及進修學校,1A59,吳鳳科技大學附設進修學院,學士班,6,,
107,空大及進修學校,1A59,吳鳳科技大學附設進修學院,碩士班,0,,
107,空大及進修學校,1A61,遠東科技大學附設進修學院,二專,0,,
107,空大及進修學校,1A61,遠東科技大學附設進修學院,五專,0,,
107,空大及進修學校,1A61,遠東科技大學附設進修學院,博士班,0,,
107,空大及進修學校,1A61,遠東科技大學附設進修學院,學士班,1,,
107,空大及進修學校,1A61,遠東科技大學附設進修學院,碩士班,0,,
107,空大及進修學校,1A62,美和科技大學附設進修學院,二專,0,,
107,空大及進修學校,1A62,美和科技大學附設進修學院,五專,0,,
107,空大及進修學校,1A62,美和科技大學附設進修學院,博士班,0,,
107,空大及進修學校,1A62,美和科技大學附設進修學院,學士班,113,,
107,空大及進修學校,1A62,美和科技大學附設進修學院,碩士班,0,,
107,空大及進修學校,1A64,蘭陽技術學院附設進修學院,二專,0,,
107,空大及進修學校,1A64,蘭陽技術學院附設進修學院,五專,0,,
107,空大及進修學校,1A64,蘭陽技術學院附設進修學院,博士班,0,,
107,空大及進修學校,1A64,蘭陽技術學院附設進修學院,學士班,36,,
107,空大及進修學校,1A64,蘭陽技術學院附設進修學院,碩士班,0,,
107,空大及進修學校,1A65,經國管理暨健康學院附設進修學院,二專,0,,
107,空大及進修學校,1A65,經國管理暨健康學院附設進修學院,五專,0,,
107,空大及進修學校,1A65,經國管理暨健康學院附設進修學院,博士班,0,,
107,空大及進修學校,1A65,經國管理暨健康學院附設進修學院,學士班,20,,
107,空大及進修學校,1A65,經國管理暨健康學院附設進修學院,碩士班,0,,
107,空大及進修學校,1A67,崇右影藝科技大學附設進修學院,二專,0,,
107,空大及進修學校,1A67,崇右影藝科技大學附設進修學院,五專,0,,
107,空大及進修學校,1A67,崇右影藝科技大學附設進修學院,博士班,0,,
107,空大及進修學校,1A67,崇右影藝科技大學附設進修學院,學士班,45,,
107,空大及進修學校,1A67,崇右影藝科技大學附設進修學院,碩士班,0,,
107,空大及進修學校,1A68,南開科技大學附設進修學院,二專,0,,
107,空大及進修學校,1A68,南開科技大學附設進修學院,五專,0,,
107,空大及進修學校,1A68,南開科技大學附設進修學院,博士班,0,,
107,空大及進修學校,1A68,南開科技大學附設進修學院,學士班,2,,
107,空大及進修學校,1A68,南開科技大學附設進修學院,碩士班,0,,
107,空大及進修學校,1A75,元培醫事科技大學附設進修專校,二專,6,,
107,空大及進修學校,1A75,元培醫事科技大學附設進修專校,五專,0,,
107,空大及進修學校,1A75,元培醫事科技大學附設進修專校,博士班,0,,
107,空大及進修學校,1A75,元培醫事科技大學附設進修專校,學士班,0,,
107,空大及進修學校,1A75,元培醫事科技大學附設進修專校,碩士班,0,,
107,空大及進修學校,1A76,東方設計大學附設進修學院,二專,0,,
107,空大及進修學校,1A76,東方設計大學附設進修學院,五專,0,,
107,空大及進修學校,1A76,東方設計大學附設進修學院,博士班,0,,
107,空大及進修學校,1A76,東方設計大學附設進修學院,學士班,34,,
107,空大及進修學校,1A76,東方設計大學附設進修學院,碩士班,0,,
107,空大及進修學校,1A77,華夏科技大學附設進修學院,二專,0,,
107,空大及進修學校,1A77,華夏科技大學附設進修學院,五專,0,,
107,空大及進修學校,1A77,華夏科技大學附設進修學院,博士班,0,,
107,空大及進修學校,1A77,華夏科技大學附設進修學院,學士班,2,,
107,空大及進修學校,1A77,華夏科技大學附設進修學院,碩士班,0,,
107,空大及進修學校,1A78,華夏科技大學附設進修專校,二專,2,,
107,空大及進修學校,1A78,華夏科技大學附設進修專校,五專,0,,
107,空大及進修學校,1A78,華夏科技大學附設進修專校,博士班,0,,
107,空大及進修學校,1A78,華夏科技大學附設進修專校,學士班,0,,
107,空大及進修學校,1A78,華夏科技大學附設進修專校,碩士班,0,,
107,空大及進修學校,1A79,樹德科技大學附設進修專校,二專,10,,
107,空大及進修學校,1A79,樹德科技大學附設進修專校,五專,0,,
107,空大及進修學校,1A79,樹德科技大學附設進修專校,博士班,0,,
107,空大及進修學校,1A79,樹德科技大學附設進修專校,學士班,0,,
107,空大及進修學校,1A79,樹德科技大學附設進修專校,碩士班,0,,
107,空大及進修學校,1A82,慈濟科技大學附設進修學院,二專,0,,
107,空大及進修學校,1A82,慈濟科技大學附設進修學院,五專,0,,
107,空大及進修學校,1A82,慈濟科技大學附設進修學院,博士班,0,,
107,空大及進修學校,1A82,慈濟科技大學附設進修學院,學士班,11,,
107,空大及進修學校,1A82,慈濟科技大學附設進修學院,碩士班,0,,
107,空大及進修學校,1A83,台北海洋科技大學附設進修專校,二專,3,,
107,空大及進修學校,1A83,台北海洋科技大學附設進修專校,五專,0,,
107,空大及進修學校,1A83,台北海洋科技大學附設進修專校,博士班,0,,
107,空大及進修學校,1A83,台北海洋科技大學附設進修專校,學士班,0,,
107,空大及進修學校,1A83,台北海洋科技大學附設進修專校,碩士班,0,,
107,宗教研修學院,1R02,基督教台灣浸會神學院,二專,0,,
107,宗教研修學院,1R02,基督教台灣浸會神學院,五專,0,,
107,宗教研修學院,1R02,基督教台灣浸會神學院,博士班,0,,
107,宗教研修學院,1R02,基督教台灣浸會神學院,學士班,0,,
107,宗教研修學院,1R02,基督教台灣浸會神學院,碩士班,5,,
107,宗教研修學院,1R03,臺北基督學院,二專,0,,
107,宗教研修學院,1R03,臺北基督學院,五專,0,,
107,宗教研修學院,1R03,臺北基督學院,博士班,0,,
107,宗教研修學院,1R03,臺北基督學院,學士班,5,,
107,宗教研修學院,1R03,臺北基督學院,碩士班,0,,
107,宗教研修學院,1R05,台灣神學研究學院,二專,0,,
107,宗教研修學院,1R05,台灣神學研究學院,五專,0,,
107,宗教研修學院,1R05,台灣神學研究學院,博士班,0,,
107,宗教研修學院,1R05,台灣神學研究學院,學士班,0,,
107,宗教研修學院,1R05,台灣神學研究學院,碩士班,10,,
107,宗教研修學院,1R07,台灣基督長老教會南神神學院,二專,0,,
107,宗教研修學院,1R07,台灣基督長老教會南神神學院,五專,0,,
107,宗教研修學院,1R07,台灣基督長老教會南神神學院,博士班,0,,
107,宗教研修學院,1R07,台灣基督長老教會南神神學院,學士班,0,,
107,宗教研修學院,1R07,台灣基督長老教會南神神學院,碩士班,8,,
107,大專校院,3002,臺北市立大學,二專,0,,
107,大專校院,3002,臺北市立大學,五專,0,,
107,大專校院,3002,臺北市立大學,博士班,0,247.0,0.0
107,大專校院,3002,臺北市立大學,學士班,306,5304.0,0.05769
107,大專校院,3002,臺北市立大學,碩士班,31,2223.0,0.01395
107,空大及進修學校,3A01,高雄市立空中大學,二專,0,,
107,空大及進修學校,3A01,高雄市立空中大學,五專,0,,
107,空大及進修學校,3A01,高雄市立空中大學,博士班,0,,
107,空大及進修學校,3A01,高雄市立空中大學,學士班,83,,
107,空大及進修學校,3A01,高雄市立空中大學,碩士班,0,,
108,大專校院,0001,國立政治大學,二專,0,,
108,大專校院,0001,國立政治大學,五專,0,,
108,大專校院,0001,國立政治大學,博士班,4,995.0,0.00402
108,大專校院,0001,國立政治大學,學士班,116,9585.0,0.0121
108,大專校院,0001,國立政治大學,碩士班,42,5810.0,0.00723
108,大專校院,0002,國立清華大學,二專,0,,
108,大專校院,0002,國立清華大學,五專,0,,
108,大專校院,0002,國立清華大學,博士班,14,1656.0,0.00845
108,大專校院,0002,國立清華大學,學士班,77,8539.0,0.00902
108,大專校院,0002,國立清華大學,碩士班,69,6483.0,0.01064
108,大專校院,0003,國立臺灣大學,二專,0,,
108,大專校院,0003,國立臺灣大學,五專,0,,
108,大專校院,0003,國立臺灣大學,博士班,10,3433.0,0.00291
108,大專校院,0003,國立臺灣大學,學士班,285,16615.0,0.01715
108,大專校院,0003,國立臺灣大學,碩士班,33,11897.0,0.00277
108,大專校院,0004,國立臺灣師範大學,二專,0,,
108,大專校院,0004,國立臺灣師範大學,五專,0,,
108,大專校院,0004,國立臺灣師範大學,博士班,18,1353.0,0.0133
108,大專校院,0004,國立臺灣師範大學,學士班,229,8104.0,0.02826
108,大專校院,0004,國立臺灣師範大學,碩士班,47,6259.0,0.00751
108,大專校院,0005,國立成功大學,二專,0,,
108,大專校院,0005,國立成功大學,五專,0,,
108,大專校院,0005,國立成功大學,博士班,3,1829.0,0.00164
108,大專校院,0005,國立成功大學,學士班,124,11348.0,0.01093
108,大專校院,0005,國立成功大學,碩士班,24,8279.0,0.0029
108,大專校院,0006,國立中興大學,二專,0,,
108,大專校院,0006,國立中興大學,五專,0,,
108,大專校院,0006,國立中興大學,博士班,4,944.0,0.00424
108,大專校院,0006,國立中興大學,學士班,108,8967.0,0.01204
108,大專校院,0006,國立中興大學,碩士班,14,5072.0,0.00276
108,大專校院,0007,國立交通大學,二專,0,,
108,大專校院,0007,國立交通大學,五專,0,,
108,大專校院,0007,國立交通大學,博士班,5,1765.0,0.00283
108,大專校院,0007,國立交通大學,學士班,31,5627.0,0.00551
108,大專校院,0007,國立交通大學,碩士班,21,7350.0,0.00286
108,大專校院,0008,國立中央大學,二專,0,,
108,大專校院,0008,國立中央大學,五專,0,,
108,大專校院,0008,國立中央大學,博士班,1,1019.0,0.00098
108,大專校院,0008,國立中央大學,學士班,42,5956.0,0.00705
108,大專校院,0008,國立中央大學,碩士班,9,4847.0,0.00186
108,大專校院,0009,國立中山大學,二專,0,,
108,大專校院,0009,國立中山大學,五專,0,,
108,大專校院,0009,國立中山大學,博士班,0,779.0,0.0
108,大專校院,0009,國立中山大學,學士班,42,4741.0,0.00886
108,大專校院,0009,國立中山大學,碩士班,21,4043.0,0.00519
108,大專校院,0012,國立臺灣海洋大學,二專,0,,
108,大專校院,0012,國立臺灣海洋大學,五專,0,,
108,大專校院,0012,國立臺灣海洋大學,博士班,1,332.0,0.00301
108,大專校院,0012,國立臺灣海洋大學,學士班,87,6467.0,0.01345
108,大專校院,0012,國立臺灣海洋大學,碩士班,6,2039.0,0.00294
108,大專校院,0013,國立中正大學,二專,0,,
108,大專校院,0013,國立中正大學,五專,0,,
108,大專校院,0013,國立中正大學,博士班,2,607.0,0.00329
108,大專校院,0013,國立中正大學,學士班,70,6433.0,0.01088
108,大專校院,0013,國立中正大學,碩士班,34,4165.0,0.00816
108,大專校院,0014,國立高雄師範大學,二專,0,,
108,大專校院,0014,國立高雄師範大學,五專,0,,
108,大專校院,0014,國立高雄師範大學,博士班,7,450.0,0.01556
108,大專校院,0014,國立高雄師範大學,學士班,210,3524.0,0.05959
108,大專校院,0014,國立高雄師範大學,碩士班,68,2716.0,0.02504
108,大專校院,0015,國立彰化師範大學,二專,0,,
108,大專校院,0015,國立彰化師範大學,五專,0,,
108,大專校院,0015,國立彰化師範大學,博士班,1,494.0,0.00202
108,大專校院,0015,國立彰化師範大學,學士班,107,4929.0,0.02171
108,大專校院,0015,國立彰化師範大學,碩士班,20,2962.0,0.00675
108,大專校院,0016,國立陽明大學,二專,0,,
108,大專校院,0016,國立陽明大學,五專,0,,
108,大專校院,0016,國立陽明大學,博士班,3,878.0,0.00342
108,大專校院,0016,國立陽明大學,學士班,23,2004.0,0.01148
108,大專校院,0016,國立陽明大學,碩士班,10,1454.0,0.00688
108,大專校院,0017,國立臺北大學,二專,0,,
108,大專校院,0017,國立臺北大學,五專,0,,
108,大專校院,0017,國立臺北大學,博士班,2,214.0,0.00935
108,大專校院,0017,國立臺北大學,學士班,100,7864.0,0.01272
108,大專校院,0017,國立臺北大學,碩士班,10,1876.0,0.00533
108,大專校院,0018,國立嘉義大學,二專,0,,
108,大專校院,0018,國立嘉義大學,五專,0,,
108,大專校院,0018,國立嘉義大學,博士班,1,205.0,0.00488
108,大專校院,0018,國立嘉義大學,學士班,144,9481.0,0.01519
108,大專校院,0018,國立嘉義大學,碩士班,29,2199.0,0.01319
108,大專校院,0019,國立高雄大學,二專,0,,
108,大專校院,0019,國立高雄大學,五專,0,,
108,大專校院,0019,國立高雄大學,博士班,0,30.0,0.0
108,大專校院,0019,國立高雄大學,學士班,109,4512.0,0.02416
108,大專校院,0019,國立高雄大學,碩士班,4,1121.0,0.00357
108,大專校院,0020,國立東華大學,二專,0,,
108,大專校院,0020,國立東華大學,五專,0,,
108,大專校院,0020,國立東華大學,博士班,20,390.0,0.05128
108,大專校院,0020,國立東華大學,學士班,526,7559.0,0.06959
108,大專校院,0020,國立東華大學,碩士班,189,1958.0,0.09653
108,大專校院,0021,國立暨南國際大學,二專,0,,
108,大專校院,0021,國立暨南國際大學,五專,0,,
108,大專校院,0021,國立暨南國際大學,博士班,5,336.0,0.01488
108,大專校院,0021,國立暨南國際大學,學士班,236,4490.0,0.05256
108,大專校院,0021,國立暨南國際大學,碩士班,53,1282.0,0.04134
108,大專校院,0022,國立臺灣科技大學,二專,0,,
108,大專校院,0022,國立臺灣科技大學,五專,0,,
108,大專校院,0022,國立臺灣科技大學,博士班,3,1038.0,0.00289
108,大專校院,0022,國立臺灣科技大學,學士班,103,5806.0,0.01774
108,大專校院,0022,國立臺灣科技大學,碩士班,7,4430.0,0.00158
108,大專校院,0023,國立雲林科技大學,二專,0,,
108,大專校院,0023,國立雲林科技大學,五專,0,,
108,大專校院,0023,國立雲林科技大學,博士班,4,407.0,0.00983
108,大專校院,0023,國立雲林科技大學,學士班,70,6630.0,0.01056
108,大專校院,0023,國立雲林科技大學,碩士班,12,2679.0,0.00448
108,大專校院,0024,國立屏東科技大學,二專,0,,
108,大專校院,0024,國立屏東科技大學,五專,0,,
108,大專校院,0024,國立屏東科技大學,博士班,2,259.0,0.00772
108,大專校院,0024,國立屏東科技大學,學士班,162,9173.0,0.01766
108,大專校院,0024,國立屏東科技大學,碩士班,34,1431.0,0.02376
108,大專校院,0025,國立臺北科技大學,二專,0,,
108,大專校院,0025,國立臺北科技大學,五專,2,64.0,0.03125
108,大專校院,0025,國立臺北科技大學,博士班,0,760.0,0.0
108,大專校院,0025,國立臺北科技大學,學士班,83,8187.0,0.01014
108,大專校院,0025,國立臺北科技大學,碩士班,14,4453.0,0.00314
108,大專校院,0028,國立臺北藝術大學,二專,0,,
108,大專校院,0028,國立臺北藝術大學,五專,0,74.0,0.0
108,大專校院,0028,國立臺北藝術大學,博士班,3,96.0,0.03125
108,大專校院,0028,國立臺北藝術大學,學士班,46,1779.0,0.02586
108,大專校院,0028,國立臺北藝術大學,碩士班,16,1149.0,0.01393
108,大專校院,0029,國立臺灣藝術大學,二專,0,,
108,大專校院,0029,國立臺灣藝術大學,五專,0,,
108,大專校院,0029,國立臺灣藝術大學,博士班,1,141.0,0.00709
108,大專校院,0029,國立臺灣藝術大學,學士班,100,4348.0,0.023
108,大專校院,0029,國立臺灣藝術大學,碩士班,13,1112.0,0.01169
108,大專校院,0030,國立臺東大學,二專,0,,
108,大專校院,0030,國立臺東大學,五專,0,,
108,大專校院,0030,國立臺東大學,博士班,2,49.0,0.04082
108,大專校院,0030,國立臺東大學,學士班,401,3781.0,0.10606
108,大專校院,0030,國立臺東大學,碩士班,144,892.0,0.16143
108,大專校院,0031,國立宜蘭大學,二專,0,,
108,大專校院,0031,國立宜蘭大學,五專,0,,
108,大專校院,0031,國立宜蘭大學,博士班,0,8.0,0.0
108,大專校院,0031,國立宜蘭大學,學士班,155,4740.0,0.0327
108,大專校院,0031,國立宜蘭大學,碩士班,10,671.0,0.0149
108,大專校院,0032,國立聯合大學,二專,0,,
108,大專校院,0032,國立聯合大學,五專,0,,
108,大專校院,0032,國立聯合大學,博士班,0,14.0,0.0
108,大專校院,0032,國立聯合大學,學士班,82,7099.0,0.01155
108,大專校院,0032,國立聯合大學,碩士班,3,475.0,0.00632
108,大專校院,0033,國立虎尾科技大學,二專,0,30.0,0.0
108,大專校院,0033,國立虎尾科技大學,五專,2,91.0,0.02198
108,大專校院,0033,國立虎尾科技大學,博士班,0,37.0,0.0
108,大專校院,0033,國立虎尾科技大學,學士班,95,9550.0,0.00995
108,大專校院,0033,國立虎尾科技大學,碩士班,5,1041.0,0.0048
108,大專校院,0035,國立臺南藝術大學,二專,0,,
108,大專校院,0035,國立臺南藝術大學,五專,0,165.0,0.0
108,大專校院,0035,國立臺南藝術大學,博士班,1,40.0,0.025
108,大專校院,0035,國立臺南藝術大學,學士班,19,789.0,0.02408
108,大專校院,0035,國立臺南藝術大學,碩士班,16,613.0,0.0261
108,大專校院,0036,國立臺南大學,二專,0,,
108,大專校院,0036,國立臺南大學,五專,0,,
108,大專校院,0036,國立臺南大學,博士班,0,172.0,0.0
108,大專校院,0036,國立臺南大學,學士班,71,3938.0,0.01803
108,大專校院,0036,國立臺南大學,碩士班,10,1557.0,0.00642
108,大專校院,0037,國立臺北教育大學,二專,0,,
108,大專校院,0037,國立臺北教育大學,五專,0,,
108,大專校院,0037,國立臺北教育大學,博士班,1,147.0,0.0068
108,大專校院,0037,國立臺北教育大學,學士班,118,3387.0,0.03484
108,大專校院,0037,國立臺北教育大學,碩士班,40,2256.0,0.01773
108,大專校院,0039,國立臺中教育大學,二專,0,,
108,大專校院,0039,國立臺中教育大學,五專,0,,
108,大專校院,0039,國立臺中教育大學,博士班,2,114.0,0.01754
108,大專校院,0039,國立臺中教育大學,學士班,81,3229.0,0.02509
108,大專校院,0039,國立臺中教育大學,碩士班,49,1586.0,0.0309
108,大專校院,0042,國立澎湖科技大學,二專,0,,
108,大專校院,0042,國立澎湖科技大學,五專,2,25.0,0.08
108,大專校院,0042,國立澎湖科技大學,博士班,0,,
108,大專校院,0042,國立澎湖科技大學,學士班,23,2922.0,0.00787
108,大專校院,0042,國立澎湖科技大學,碩士班,2,104.0,0.01923
108,大專校院,0043,國立勤益科技大學,二專,0,,
108,大專校院,0043,國立勤益科技大學,五專,0,,
108,大專校院,0043,國立勤益科技大學,博士班,0,27.0,0.0
108,大專校院,0043,國立勤益科技大學,學士班,129,10223.0,0.01262
108,大專校院,0043,國立勤益科技大學,碩士班,5,880.0,0.00568
108,大專校院,0044,國立體育大學,二專,0,,
108,大專校院,0044,國立體育大學,五專,0,,
108,大專校院,0044,國立體育大學,博士班,1,149.0,0.00671
108,大專校院,0044,國立體育大學,學士班,191,1823.0,0.10477
108,大專校院,0044,國立體育大學,碩士班,21,553.0,0.03797
108,大專校院,0046,國立臺北護理健康大學,二專,0,,
108,大專校院,0046,國立臺北護理健康大學,五專,0,,
108,大專校院,0046,國立臺北護理健康大學,博士班,0,67.0,0.0
108,大專校院,0046,國立臺北護理健康大學,學士班,103,4428.0,0.02326
108,大專校院,0046,國立臺北護理健康大學,碩士班,8,732.0,0.01093
108,大專校院,0047,國立高雄餐旅大學,二專,0,1.0,0.0
108,大專校院,0047,國立高雄餐旅大學,五專,7,250.0,0.028
108,大專校院,0047,國立高雄餐旅大學,博士班,0,38.0,0.0
108,大專校院,0047,國立高雄餐旅大學,學士班,105,4537.0,0.02314
108,大專校院,0047,國立高雄餐旅大學,碩士班,2,210.0,0.00952
108,大專校院,0048,國立金門大學,二專,0,,
108,大專校院,0048,國立金門大學,五專,0,,
108,大專校院,0048,國立金門大學,博士班,0,,
108,大專校院,0048,國立金門大學,學士班,61,4078.0,0.01496
108,大專校院,0048,國立金門大學,碩士班,1,309.0,0.00324
108,大專校院,0049,國立臺灣體育運動大學,二專,0,,
108,大專校院,0049,國立臺灣體育運動大學,五專,0,,
108,大專校院,0049,國立臺灣體育運動大學,博士班,0,,
108,大專校院,0049,國立臺灣體育運動大學,學士班,233,2745.0,0.08488
108,大專校院,0049,國立臺灣體育運動大學,碩士班,25,362.0,0.06906
108,大專校院,0050,國立臺中科技大學,二專,0,1.0,0.0
108,大專校院,0050,國立臺中科技大學,五專,76,3453.0,0.02201
108,大專校院,0050,國立臺中科技大學,博士班,0,,
108,大專校院,0050,國立臺中科技大學,學士班,147,9312.0,0.01579
108,大專校院,0050,國立臺中科技大學,碩士班,4,601.0,0.00666
108,大專校院,0051,國立臺北商業大學,二專,0,,
108,大專校院,0051,國立臺北商業大學,五專,29,1828.0,0.01586
108,大專校院,0051,國立臺北商業大學,博士班,0,3.0,0.0
108,大專校院,0051,國立臺北商業大學,學士班,94,4630.0,0.0203
108,大專校院,0051,國立臺北商業大學,碩士班,1,300.0,0.00333
108,大專校院,0052,國立屏東大學,二專,0,,
108,大專校院,0052,國立屏東大學,五專,0,,
108,大專校院,0052,國立屏東大學,博士班,6,48.0,0.125
108,大專校院,0052,國立屏東大學,學士班,317,7407.0,0.0428
108,大專校院,0052,國立屏東大學,碩士班,87,1509.0,0.05765
108,大專校院,0053,國立高雄科技大學,二專,0,,
108,大專校院,0053,國立高雄科技大學,五專,17,701.0,0.02425
108,大專校院,0053,國立高雄科技大學,博士班,0,548.0,0.0
108,大專校院,0053,國立高雄科技大學,學士班,251,21512.0,0.01167
108,大專校院,0053,國立高雄科技大學,碩士班,10,4541.0,0.0022
108,大專校院,0144,國立臺灣戲曲學院,二專,0,,
108,大專校院,0144,國立臺灣戲曲學院,五專,0,,
108,大專校院,0144,國立臺灣戲曲學院,博士班,0,,
108,大專校院,0144,國立臺灣戲曲學院,學士班,19,595.0,0.03193
108,大專校院,0144,國立臺灣戲曲學院,碩士班,0,,
108,大專校院,0221,國立臺南護理專科學校,二專,2,142.0,0.01408
108,大專校院,0221,國立臺南護理專科學校,五專,49,1797.0,0.02727
108,大專校院,0221,國立臺南護理專科學校,博士班,0,,
108,大專校院,0221,國立臺南護理專科學校,學士班,0,,
108,大專校院,0221,國立臺南護理專科學校,碩士班,0,,
108,大專校院,0222,國立臺東專科學校,二專,43,706.0,0.06091
108,大專校院,0222,國立臺東專科學校,五專,101,414.0,0.24396
108,大專校院,0222,國立臺東專科學校,博士班,0,,
108,大專校院,0222,國立臺東專科學校,學士班,0,,
108,大專校院,0222,國立臺東專科學校,碩士班,0,,
108,空大及進修學校,0A01,國立空中大學,二專,153,,
108,空大及進修學校,0A01,國立空中大學,五專,0,,
108,空大及進修學校,0A01,國立空中大學,博士班,0,,
108,空大及進修學校,0A01,國立空中大學,學士班,549,,
108,空大及進修學校,0A01,國立空中大學,碩士班,0,,
108,空大及進修學校,0A09,國立臺中科技大學附設進修專校,二專,17,,
108,空大及進修學校,0A09,國立臺中科技大學附設進修專校,五專,0,,
108,空大及進修學校,0A09,國立臺中科技大學附設進修專校,博士班,0,,
108,空大及進修學校,0A09,國立臺中科技大學附設進修專校,學士班,0,,
108,空大及進修學校,0A09,國立臺中科技大學附設進修專校,碩士班,0,,
108,空大及進修學校,0A10,國立臺北商業大學附設進修專校,二專,19,,
108,空大及進修學校,0A10,國立臺北商業大學附設進修專校,五專,0,,
108,空大及進修學校,0A10,國立臺北商業大學附設進修專校,博士班,0,,
108,空大及進修學校,0A10,國立臺北商業大學附設進修專校,學士班,0,,
108,空大及進修學校,0A10,國立臺北商業大學附設進修專校,碩士班,0,,
108,空大及進修學校,0A11,國立勤益科技大學附設進修專校,二專,4,,
108,空大及進修學校,0A11,國立勤益科技大學附設進修專校,五專,0,,
108,空大及進修學校,0A11,國立勤益科技大學附設進修專校,博士班,0,,
108,空大及進修學校,0A11,國立勤益科技大學附設進修專校,學士班,0,,
108,空大及進修學校,0A11,國立勤益科技大學附設進修專校,碩士班,0,,
108,空大及進修學校,0A13,國立高雄科技大學附設進修學院,二專,0,,
108,空大及進修學校,0A13,國立高雄科技大學附設進修學院,五專,0,,
108,空大及進修學校,0A13,國立高雄科技大學附設進修學院,博士班,0,,
108,空大及進修學校,0A13,國立高雄科技大學附設進修學院,學士班,12,,
108,空大及進修學校,0A13,國立高雄科技大學附設進修學院,碩士班,0,,
108,空大及進修學校,0A14,國立虎尾科技大學附設進修學院,二專,0,,
108,空大及進修學校,0A14,國立虎尾科技大學附設進修學院,五專,0,,
108,空大及進修學校,0A14,國立虎尾科技大學附設進修學院,博士班,0,,
108,空大及進修學校,0A14,國立虎尾科技大學附設進修學院,學士班,1,,
108,空大及進修學校,0A14,國立虎尾科技大學附設進修學院,碩士班,0,,
108,空大及進修學校,0A15,國立勤益科技大學附設進修學院,二專,0,,
108,空大及進修學校,0A15,國立勤益科技大學附設進修學院,五專,0,,
108,空大及進修學校,0A15,國立勤益科技大學附設進修學院,博士班,0,,
108,空大及進修學校,0A15,國立勤益科技大學附設進修學院,學士班,5,,
108,空大及進修學校,0A15,國立勤益科技大學附設進修學院,碩士班,0,,
108,空大及進修學校,0A16,國立臺中科技大學附設進修學院,二專,0,,
108,空大及進修學校,0A16,國立臺中科技大學附設進修學院,五專,0,,
108,空大及進修學校,0A16,國立臺中科技大學附設進修學院,博士班,0,,
108,空大及進修學校,0A16,國立臺中科技大學附設進修學院,學士班,19,,
108,空大及進修學校,0A16,國立臺中科技大學附設進修學院,碩士班,0,,
108,空大及進修學校,0A17,國立臺北商業大學附設空中進修學院,二專,70,,
108,空大及進修學校,0A17,國立臺北商業大學附設空中進修學院,五專,0,,
108,空大及進修學校,0A17,國立臺北商業大學附設空中進修學院,博士班,0,,
108,空大及進修學校,0A17,國立臺北商業大學附設空中進修學院,學士班,60,,
108,空大及進修學校,0A17,國立臺北商業大學附設空中進修學院,碩士班,0,,
108,空大及進修學校,0A18,國立臺中科技大學附設空中進修學院,二專,38,,
108,空大及進修學校,0A18,國立臺中科技大學附設空中進修學院,五專,0,,
108,空大及進修學校,0A18,國立臺中科技大學附設空中進修學院,博士班,0,,
108,空大及進修學校,0A18,國立臺中科技大學附設空中進修學院,學士班,27,,
108,空大及進修學校,0A18,國立臺中科技大學附設空中進修學院,碩士班,0,,
108,大專校院,1001,東海大學,二專,0,,
108,大專校院,1001,東海大學,五專,0,,
108,大專校院,1001,東海大學,博士班,2,264.0,0.00758
108,大專校院,1001,東海大學,學士班,59,13512.0,0.00437
108,大專校院,1001,東海大學,碩士班,12,1975.0,0.00608
108,大專校院,1002,輔仁大學,二專,0,,
108,大專校院,1002,輔仁大學,五專,0,,
108,大專校院,1002,輔仁大學,博士班,0,429.0,0.0
108,大專校院,1002,輔仁大學,學士班,332,21860.0,0.01519
108,大專校院,1002,輔仁大學,碩士班,89,3420.0,0.02602
108,大專校院,1003,東吳大學,二專,0,,
108,大專校院,1003,東吳大學,五專,0,,
108,大專校院,1003,東吳大學,博士班,0,121.0,0.0
108,大專校院,1003,東吳大學,學士班,136,12877.0,0.01056
108,大專校院,1003,東吳大學,碩士班,1,2446.0,0.00041
108,大專校院,1004,中原大學,二專,0,,
108,大專校院,1004,中原大學,五專,0,,
108,大專校院,1004,中原大學,博士班,2,362.0,0.00552
108,大專校院,1004,中原大學,學士班,151,13421.0,0.01125
108,大專校院,1004,中原大學,碩士班,16,2434.0,0.00657
108,大專校院,1005,淡江大學,二專,0,,
108,大專校院,1005,淡江大學,五專,0,,
108,大專校院,1005,淡江大學,博士班,2,413.0,0.00484
108,大專校院,1005,淡江大學,學士班,224,21702.0,0.01032
108,大專校院,1005,淡江大學,碩士班,7,2520.0,0.00278
108,大專校院,1006,中國文化大學,二專,0,,
108,大專校院,1006,中國文化大學,五專,0,,
108,大專校院,1006,中國文化大學,博士班,0,529.0,0.0
108,大專校院,1006,中國文化大學,學士班,330,22312.0,0.01479
108,大專校院,1006,中國文化大學,碩士班,7,2345.0,0.00299
108,大專校院,1007,逢甲大學,二專,0,,
108,大專校院,1007,逢甲大學,五專,0,,
108,大專校院,1007,逢甲大學,博士班,0,413.0,0.0
108,大專校院,1007,逢甲大學,學士班,57,17593.0,0.00324
108,大專校院,1007,逢甲大學,碩士班,1,2538.0,0.00039
108,大專校院,1008,靜宜大學,二專,0,,
108,大專校院,1008,靜宜大學,五專,0,,
108,大專校院,1008,靜宜大學,博士班,2,48.0,0.04167
108,大專校院,1008,靜宜大學,學士班,93,11068.0,0.0084
108,大專校院,1008,靜宜大學,碩士班,36,891.0,0.0404
108,大專校院,1009,長庚大學,二專,0,,
108,大專校院,1009,長庚大學,五專,0,,
108,大專校院,1009,長庚大學,博士班,1,472.0,0.00212
108,大專校院,1009,長庚大學,學士班,24,5095.0,0.00471
108,大專校院,1009,長庚大學,碩士班,11,1267.0,0.00868
108,大專校院,1010,元智大學,二專,0,,
108,大專校院,1010,元智大學,五專,0,,
108,大專校院,1010,元智大學,博士班,0,271.0,0.0
108,大專校院,1010,元智大學,學士班,29,7000.0,0.00414
108,大專校院,1010,元智大學,碩士班,9,1432.0,0.00628
108,大專校院,1011,中華大學,二專,0,,
108,大專校院,1011,中華大學,五專,0,,
108,大專校院,1011,中華大學,博士班,1,87.0,0.01149
108,大專校院,1011,中華大學,學士班,25,4784.0,0.00523
108,大專校院,1011,中華大學,碩士班,0,600.0,0.0
108,大專校院,1012,大葉大學,二專,0,,
108,大專校院,1012,大葉大學,五專,0,,
108,大專校院,1012,大葉大學,博士班,0,126.0,0.0
108,大專校院,1012,大葉大學,學士班,111,8054.0,0.01378
108,大專校院,1012,大葉大學,碩士班,18,986.0,0.01826
108,大專校院,1013,華梵大學,二專,0,,
108,大專校院,1013,華梵大學,五專,0,,
108,大專校院,1013,華梵大學,博士班,0,69.0,0.0
108,大專校院,1013,華梵大學,學士班,6,1056.0,0.00568
108,大專校院,1013,華梵大學,碩士班,0,393.0,0.0
108,大專校院,1014,義守大學,二專,0,,
108,大專校院,1014,義守大學,五專,0,,
108,大專校院,1014,義守大學,博士班,2,154.0,0.01299
108,大專校院,1014,義守大學,學士班,637,14022.0,0.04543
108,大專校院,1014,義守大學,碩士班,17,757.0,0.02246
108,大專校院,1015,世新大學,二專,0,,
108,大專校院,1015,世新大學,五專,0,,
108,大專校院,1015,世新大學,博士班,2,102.0,0.01961
108,大專校院,1015,世新大學,學士班,329,9996.0,0.03291
108,大專校院,1015,世新大學,碩士班,15,1289.0,0.01164
108,大專校院,1016,銘傳大學,二專,0,,
108,大專校院,1016,銘傳大學,五專,0,,
108,大專校院,1016,銘傳大學,博士班,0,74.0,0.0
108,大專校院,1016,銘傳大學,學士班,152,17200.0,0.00884
108,大專校院,1016,銘傳大學,碩士班,2,1517.0,0.00132
108,大專校院,1017,實踐大學,二專,0,,
108,大專校院,1017,實踐大學,五專,0,,
108,大專校院,1017,實踐大學,博士班,0,25.0,0.0
108,大專校院,1017,實踐大學,學士班,254,13003.0,0.01953
108,大專校院,1017,實踐大學,碩士班,5,527.0,0.00949
108,大專校院,1018,朝陽科技大學,二專,0,,
108,大專校院,1018,朝陽科技大學,五專,0,,
108,大專校院,1018,朝陽科技大學,博士班,2,113.0,0.0177
108,大專校院,1018,朝陽科技大學,學士班,179,14225.0,0.01258
108,大專校院,1018,朝陽科技大學,碩士班,9,1026.0,0.00877
108,大專校院,1019,高雄醫學大學,二專,0,,
108,大專校院,1019,高雄醫學大學,五專,0,,
108,大專校院,1019,高雄醫學大學,博士班,2,321.0,0.00623
108,大專校院,1019,高雄醫學大學,學士班,81,5284.0,0.01533
108,大專校院,1019,高雄醫學大學,碩士班,9,882.0,0.0102
108,大專校院,1020,南華大學,二專,0,,
108,大專校院,1020,南華大學,五專,0,,
108,大專校院,1020,南華大學,博士班,0,46.0,0.0
108,大專校院,1020,南華大學,學士班,72,4627.0,0.01556
108,大專校院,1020,南華大學,碩士班,14,1017.0,0.01377
108,大專校院,1021,真理大學,二專,0,,
108,大專校院,1021,真理大學,五專,0,,
108,大專校院,1021,真理大學,博士班,0,,
108,大專校院,1021,真理大學,學士班,102,5447.0,0.01873
108,大專校院,1021,真理大學,碩士班,0,140.0,0.0
108,大專校院,1022,大同大學,二專,0,,
108,大專校院,1022,大同大學,五專,0,,
108,大專校院,1022,大同大學,博士班,1,109.0,0.00917
108,大專校院,1022,大同大學,學士班,14,3572.0,0.00392
108,大專校院,1022,大同大學,碩士班,1,486.0,0.00206
108,大專校院,1023,南臺科技大學,二專,0,,
108,大專校院,1023,南臺科技大學,五專,1,177.0,0.00565
108,大專校院,1023,南臺科技大學,博士班,0,99.0,0.0
108,大專校院,1023,南臺科技大學,學士班,138,17084.0,0.00808
108,大專校院,1023,南臺科技大學,碩士班,3,1203.0,0.00249
108,大專校院,1024,崑山科技大學,二專,0,,
108,大專校院,1024,崑山科技大學,五專,0,,
108,大專校院,1024,崑山科技大學,博士班,0,37.0,0.0
108,大專校院,1024,崑山科技大學,學士班,107,10744.0,0.00996
108,大專校院,1024,崑山科技大學,碩士班,2,489.0,0.00409
108,大專校院,1025,嘉南藥理大學,二專,0,,
108,大專校院,1025,嘉南藥理大學,五專,0,4.0,0.0
108,大專校院,1025,嘉南藥理大學,博士班,0,,
108,大專校院,1025,嘉南藥理大學,學士班,209,12701.0,0.01646
108,大專校院,1025,嘉南藥理大學,碩士班,6,434.0,0.01382
108,大專校院,1026,樹德科技大學,二專,0,,
108,大專校院,1026,樹德科技大學,五專,0,,
108,大專校院,1026,樹德科技大學,博士班,1,36.0,0.02778
108,大專校院,1026,樹德科技大學,學士班,210,9768.0,0.0215
108,大專校院,1026,樹德科技大學,碩士班,5,688.0,0.00727
108,大專校院,1027,慈濟大學,二專,0,,
108,大專校院,1027,慈濟大學,五專,0,,
108,大專校院,1027,慈濟大學,博士班,2,107.0,0.01869
108,大專校院,1027,慈濟大學,學士班,84,2895.0,0.02902
108,大專校院,1027,慈濟大學,碩士班,19,371.0,0.05121
108,大專校院,1028,臺北醫學大學,二專,0,,
108,大專校院,1028,臺北醫學大學,五專,0,,
108,大專校院,1028,臺北醫學大學,博士班,0,512.0,0.0
108,大專校院,1028,臺北醫學大學,學士班,36,4505.0,0.00799
108,大專校院,1028,臺北醫學大學,碩士班,0,929.0,0.0
108,大專校院,1029,中山醫學大學,二專,0,,
108,大專校院,1029,中山醫學大學,五專,0,,
108,大專校院,1029,中山醫學大學,博士班,1,189.0,0.00529
108,大專校院,1029,中山醫學大學,學士班,143,6026.0,0.02373
108,大專校院,1029,中山醫學大學,碩士班,15,698.0,0.02149
108,大專校院,1030,龍華科技大學,二專,0,,
108,大專校院,1030,龍華科技大學,五專,7,397.0,0.01763
108,大專校院,1030,龍華科技大學,博士班,0,,
108,大專校院,1030,龍華科技大學,學士班,148,10556.0,0.01402
108,大專校院,1030,龍華科技大學,碩士班,3,377.0,0.00796
108,大專校院,1031,輔英科技大學,二專,0,,
108,大專校院,1031,輔英科技大學,五專,127,2659.0,0.04776
108,大專校院,1031,輔英科技大學,博士班,0,,
108,大專校院,1031,輔英科技大學,學士班,147,6618.0,0.02221
108,大專校院,1031,輔英科技大學,碩士班,1,255.0,0.00392
108,大專校院,1032,明新科技大學,二專,1,72.0,0.01389
108,大專校院,1032,明新科技大學,五專,0,,
108,大專校院,1032,明新科技大學,博士班,0,,
108,大專校院,1032,明新科技大學,學士班,207,11504.0,0.01799
108,大專校院,1032,明新科技大學,碩士班,16,581.0,0.02754
108,大專校院,1033,長榮大學,二專,0,,
108,大專校院,1033,長榮大學,五專,0,,
108,大專校院,1033,長榮大學,博士班,2,38.0,0.05263
108,大專校院,1033,長榮大學,學士班,169,8148.0,0.02074
108,大專校院,1033,長榮大學,碩士班,3,423.0,0.00709
108,大專校院,1034,弘光科技大學,二專,2,150.0,0.01333
108,大專校院,1034,弘光科技大學,五專,9,256.0,0.03516
108,大專校院,1034,弘光科技大學,博士班,0,13.0,0.0
108,大專校院,1034,弘光科技大學,學士班,177,12080.0,0.01465
108,大專校院,1034,弘光科技大學,碩士班,3,280.0,0.01071
108,大專校院,1035,中國醫藥大學,二專,0,,
108,大專校院,1035,中國醫藥大學,五專,0,,
108,大專校院,1035,中國醫藥大學,博士班,1,390.0,0.00256
108,大專校院,1035,中國醫藥大學,學士班,106,6241.0,0.01698
108,大專校院,1035,中國醫藥大學,碩士班,4,581.0,0.00688
108,大專校院,1036,健行科技大學,二專,0,,
108,大專校院,1036,健行科技大學,五專,2,25.0,0.08
108,大專校院,1036,健行科技大學,博士班,0,,
108,大專校院,1036,健行科技大學,學士班,316,10912.0,0.02896
108,大專校院,1036,健行科技大學,碩士班,9,332.0,0.02711
108,大專校院,1037,正修科技大學,二專,20,210.0,0.09524
108,大專校院,1037,正修科技大學,五專,2,129.0,0.0155
108,大專校院,1037,正修科技大學,博士班,0,12.0,0.0
108,大專校院,1037,正修科技大學,學士班,279,16065.0,0.01737
108,大專校院,1037,正修科技大學,碩士班,6,573.0,0.01047
108,大專校院,1038,萬能科技大學,二專,0,,
108,大專校院,1038,萬能科技大學,五專,0,,
108,大專校院,1038,萬能科技大學,博士班,0,,
108,大專校院,1038,萬能科技大學,學士班,355,9873.0,0.03596
108,大專校院,1038,萬能科技大學,碩士班,9,246.0,0.03659
108,大專校院,1039,玄奘大學,二專,0,,
108,大專校院,1039,玄奘大學,五專,0,,
108,大專校院,1039,玄奘大學,博士班,0,3.0,0.0
108,大專校院,1039,玄奘大學,學士班,82,2486.0,0.03298
108,大專校院,1039,玄奘大學,碩士班,7,400.0,0.0175
108,大專校院,1040,建國科技大學,二專,0,,
108,大專校院,1040,建國科技大學,五專,0,,
108,大專校院,1040,建國科技大學,博士班,0,,
108,大專校院,1040,建國科技大學,學士班,43,7099.0,0.00606
108,大專校院,1040,建國科技大學,碩士班,2,174.0,0.01149
108,大專校院,1041,明志科技大學,二專,0,,
108,大專校院,1041,明志科技大學,五專,0,,
108,大專校院,1041,明志科技大學,博士班,0,18.0,0.0
108,大專校院,1041,明志科技大學,學士班,33,4062.0,0.00812
108,大專校院,1041,明志科技大學,碩士班,4,492.0,0.00813
108,大專校院,1042,高苑科技大學,二專,0,,
108,大專校院,1042,高苑科技大學,五專,0,,
108,大專校院,1042,高苑科技大學,博士班,0,,
108,大專校院,1042,高苑科技大學,學士班,96,3494.0,0.02748
108,大專校院,1042,高苑科技大學,碩士班,1,222.0,0.0045
108,大專校院,1043,大仁科技大學,二專,0,,
108,大專校院,1043,大仁科技大學,五專,0,,
108,大專校院,1043,大仁科技大學,博士班,0,,
108,大專校院,1043,大仁科技大學,學士班,634,5568.0,0.11386
108,大專校院,1043,大仁科技大學,碩士班,27,209.0,0.12919
108,大專校院,1044,聖約翰科技大學,二專,0,29.0,0.0
108,大專校院,1044,聖約翰科技大學,五專,7,340.0,0.02059
108,大專校院,1044,聖約翰科技大學,博士班,0,,
108,大專校院,1044,聖約翰科技大學,學士班,86,2465.0,0.03489
108,大專校院,1044,聖約翰科技大學,碩士班,4,239.0,0.01674
108,大專校院,1045,嶺東科技大學,二專,0,,
108,大專校院,1045,嶺東科技大學,五專,0,,
108,大專校院,1045,嶺東科技大學,博士班,0,,
108,大專校院,1045,嶺東科技大學,學士班,112,10062.0,0.01113
108,大專校院,1045,嶺東科技大學,碩士班,14,389.0,0.03599
108,大專校院,1046,中國科技大學,二專,0,22.0,0.0
108,大專校院,1046,中國科技大學,五專,0,,
108,大專校院,1046,中國科技大學,博士班,0,,
108,大專校院,1046,中國科技大學,學士班,148,8819.0,0.01678
108,大專校院,1046,中國科技大學,碩士班,4,243.0,0.01646
108,大專校院,1047,中臺科技大學,二專,0,43.0,0.0
108,大專校院,1047,中臺科技大學,五專,0,,
108,大專校院,1047,中臺科技大學,博士班,0,14.0,0.0
108,大專校院,1047,中臺科技大學,學士班,126,7952.0,0.01585
108,大專校院,1047,中臺科技大學,碩士班,8,393.0,0.02036
108,大專校院,1048,亞洲大學,二專,0,,
108,大專校院,1048,亞洲大學,五專,0,,
108,大專校院,1048,亞洲大學,博士班,1,241.0,0.00415
108,大專校院,1048,亞洲大學,學士班,138,10400.0,0.01327
108,大專校院,1048,亞洲大學,碩士班,3,1048.0,0.00286
108,大專校院,1049,開南大學,二專,0,,
108,大專校院,1049,開南大學,五專,0,,
108,大專校院,1049,開南大學,博士班,0,,
108,大專校院,1049,開南大學,學士班,194,5353.0,0.03624
108,大專校院,1049,開南大學,碩士班,22,541.0,0.04067
108,大專校院,1050,佛光大學,二專,0,,
108,大專校院,1050,佛光大學,五專,0,,
108,大專校院,1050,佛光大學,博士班,1,65.0,0.01538
108,大專校院,1050,佛光大學,學士班,57,2890.0,0.01972
108,大專校院,1050,佛光大學,碩士班,20,595.0,0.03361
108,大專校院,1051,台南應用科技大學,二專,0,,
108,大專校院,1051,台南應用科技大學,五專,32,1080.0,0.02963
108,大專校院,1051,台南應用科技大學,博士班,0,,
108,大專校院,1051,台南應用科技大學,學士班,147,11420.0,0.01287
108,大專校院,1051,台南應用科技大學,碩士班,2,214.0,0.00935
108,大專校院,1052,遠東科技大學,二專,0,36.0,0.0
108,大專校院,1052,遠東科技大學,五專,0,,
108,大專校院,1052,遠東科技大學,博士班,0,,
108,大專校院,1052,遠東科技大學,學士班,120,4622.0,0.02596
108,大專校院,1052,遠東科技大學,碩士班,1,284.0,0.00352
108,大專校院,1053,元培醫事科技大學,二專,0,35.0,0.0
108,大專校院,1053,元培醫事科技大學,五專,0,,
108,大專校院,1053,元培醫事科技大學,博士班,0,,
108,大專校院,1053,元培醫事科技大學,學士班,145,5874.0,0.02469
108,大專校院,1053,元培醫事科技大學,碩士班,3,297.0,0.0101
108,大專校院,1054,景文科技大學,二專,0,,
108,大專校院,1054,景文科技大學,五專,0,,
108,大專校院,1054,景文科技大學,博士班,0,,
108,大專校院,1054,景文科技大學,學士班,113,6757.0,0.01672
108,大專校院,1054,景文科技大學,碩士班,0,92.0,0.0
108,大專校院,1055,中華醫事科技大學,二專,1,93.0,0.01075
108,大專校院,1055,中華醫事科技大學,五專,45,3057.0,0.01472
108,大專校院,1055,中華醫事科技大學,博士班,0,,
108,大專校院,1055,中華醫事科技大學,學士班,53,5717.0,0.00927
108,大專校院,1055,中華醫事科技大學,碩士班,1,123.0,0.00813
108,大專校院,1056,東南科技大學,二專,0,,
108,大專校院,1056,東南科技大學,五專,0,,
108,大專校院,1056,東南科技大學,博士班,0,,
108,大專校院,1056,東南科技大學,學士班,141,5398.0,0.02612
108,大專校院,1056,東南科技大學,碩士班,1,177.0,0.00565
108,大專校院,1057,德明財經科技大學,二專,0,,
108,大專校院,1057,德明財經科技大學,五專,0,,
108,大專校院,1057,德明財經科技大學,博士班,0,,
108,大專校院,1057,德明財經科技大學,學士班,77,7734.0,0.00996
108,大專校院,1057,德明財經科技大學,碩士班,1,92.0,0.01087
108,大專校院,1058,明道大學,二專,0,,
108,大專校院,1058,明道大學,五專,0,,
108,大專校院,1058,明道大學,博士班,0,29.0,0.0
108,大專校院,1058,明道大學,學士班,31,3011.0,0.0103
108,大專校院,1058,明道大學,碩士班,1,222.0,0.0045
108,大專校院,1060,南開科技大學,二專,0,,
108,大專校院,1060,南開科技大學,五專,9,715.0,0.01259
108,大專校院,1060,南開科技大學,博士班,0,,
108,大專校院,1060,南開科技大學,學士班,48,3200.0,0.015
108,大專校院,1060,南開科技大學,碩士班,6,191.0,0.03141
108,大專校院,1061,中華科技大學,二專,0,,
108,大專校院,1061,中華科技大學,五專,0,,
108,大專校院,1061,中華科技大學,博士班,0,,
108,大專校院,1061,中華科技大學,學士班,99,4866.0,0.02035
108,大專校院,1061,中華科技大學,碩士班,4,310.0,0.0129
108,大專校院,1062,僑光科技大學,二專,0,,
108,大專校院,1062,僑光科技大學,五專,0,,
108,大專校院,1062,僑光科技大學,博士班,0,,
108,大專校院,1062,僑光科技大學,學士班,126,10972.0,0.01148
108,大專校院,1062,僑光科技大學,碩士班,0,84.0,0.0
108,大專校院,1063,育達科技大學,二專,0,,
108,大專校院,1063,育達科技大學,五專,0,,
108,大專校院,1063,育達科技大學,博士班,0,,
108,大專校院,1063,育達科技大學,學士班,126,3878.0,0.03249
108,大專校院,1063,育達科技大學,碩士班,6,347.0,0.01729
108,大專校院,1064,美和科技大學,二專,1,14.0,0.07143
108,大專校院,1064,美和科技大學,五專,199,1857.0,0.10716
108,大專校院,1064,美和科技大學,博士班,0,,
108,大專校院,1064,美和科技大學,學士班,491,4450.0,0.11034
108,大專校院,1064,美和科技大學,碩士班,32,305.0,0.10492
108,大專校院,1065,吳鳳科技大學,二專,0,,
108,大專校院,1065,吳鳳科技大學,五專,0,3.0,0.0
108,大專校院,1065,吳鳳科技大學,博士班,0,,
108,大專校院,1065,吳鳳科技大學,學士班,65,4109.0,0.01582
108,大專校院,1065,吳鳳科技大學,碩士班,0,117.0,0.0
108,大專校院,1066,環球科技大學,二專,69,185.0,0.37297
108,大專校院,1066,環球科技大學,五專,0,,
108,大專校院,1066,環球科技大學,博士班,0,,
108,大專校院,1066,環球科技大學,學士班,215,3748.0,0.05736
108,大專校院,1066,環球科技大學,碩士班,75,205.0,0.36585
108,大專校院,1067,台灣首府大學,二專,0,,
108,大專校院,1067,台灣首府大學,五專,0,,
108,大專校院,1067,台灣首府大學,博士班,0,,
108,大專校院,1067,台灣首府大學,學士班,49,1494.0,0.0328
108,大專校院,1067,台灣首府大學,碩士班,0,45.0,0.0
108,大專校院,1068,中州科技大學,二專,0,,
108,大專校院,1068,中州科技大學,五專,0,,
108,大專校院,1068,中州科技大學,博士班,0,,
108,大專校院,1068,中州科技大學,學士班,37,2985.0,0.0124
108,大專校院,1068,中州科技大學,碩士班,0,76.0,0.0
108,大專校院,1069,修平科技大學,二專,0,,
108,大專校院,1069,修平科技大學,五專,0,,
108,大專校院,1069,修平科技大學,博士班,0,,
108,大專校院,1069,修平科技大學,學士班,54,4520.0,0.01195
108,大專校院,1069,修平科技大學,碩士班,0,64.0,0.0
108,大專校院,1070,長庚科技大學,二專,0,,
108,大專校院,1070,長庚科技大學,五專,3,119.0,0.02521
108,大專校院,1070,長庚科技大學,博士班,0,,
108,大專校院,1070,長庚科技大學,學士班,121,6130.0,0.01974
108,大專校院,1070,長庚科技大學,碩士班,2,188.0,0.01064
108,大專校院,1071,臺北城市科技大學,二專,1,12.0,0.08333
108,大專校院,1071,臺北城市科技大學,五專,15,1227.0,0.01222
108,大專校院,1071,臺北城市科技大學,博士班,0,,
108,大專校院,1071,臺北城市科技大學,學士班,231,8051.0,0.02869
108,大專校院,1071,臺北城市科技大學,碩士班,6,88.0,0.06818
108,大專校院,1072,大華科技大學,二專,0,,
108,大專校院,1072,大華科技大學,五專,14,408.0,0.03431
108,大專校院,1072,大華科技大學,博士班,0,,
108,大專校院,1072,大華科技大學,學士班,32,746.0,0.0429
108,大專校院,1072,大華科技大學,碩士班,0,3.0,0.0
108,大專校院,1073,醒吾科技大學,二專,0,,
108,大專校院,1073,醒吾科技大學,五專,10,698.0,0.01433
108,大專校院,1073,醒吾科技大學,博士班,0,,
108,大專校院,1073,醒吾科技大學,學士班,362,6710.0,0.05395
108,大專校院,1073,醒吾科技大學,碩士班,30,155.0,0.19355
108,大專校院,1075,文藻外語大學,二專,0,,
108,大專校院,1075,文藻外語大學,五專,42,1611.0,0.02607
108,大專校院,1075,文藻外語大學,博士班,0,,
108,大專校院,1075,文藻外語大學,學士班,97,7481.0,0.01297
108,大專校院,1075,文藻外語大學,碩士班,1,229.0,0.00437
108,大專校院,1076,華夏科技大學,二專,9,242.0,0.03719
108,大專校院,1076,華夏科技大學,五專,3,587.0,0.00511
108,大專校院,1076,華夏科技大學,博士班,0,,
108,大專校院,1076,華夏科技大學,學士班,48,3095.0,0.01551
108,大專校院,1076,華夏科技大學,碩士班,2,112.0,0.01786
108,大專校院,1077,慈濟科技大學,二專,0,21.0,0.0
108,大專校院,1077,慈濟科技大學,五專,592,1304.0,0.45399
108,大專校院,1077,慈濟科技大學,博士班,0,,
108,大專校院,1077,慈濟科技大學,學士班,213,1702.0,0.12515
108,大專校院,1077,慈濟科技大學,碩士班,5,37.0,0.13514
108,大專校院,1078,致理科技大學,二專,0,,
108,大專校院,1078,致理科技大學,五專,16,1578.0,0.01014
108,大專校院,1078,致理科技大學,博士班,0,,
108,大專校院,1078,致理科技大學,學士班,145,9685.0,0.01497
108,大專校院,1078,致理科技大學,碩士班,0,106.0,0.0
108,大專校院,1079,康寧大學,二專,5,204.0,0.02451
108,大專校院,1079,康寧大學,五專,47,2814.0,0.0167
108,大專校院,1079,康寧大學,博士班,0,,
108,大專校院,1079,康寧大學,學士班,7,517.0,0.01354
108,大專校院,1079,康寧大學,碩士班,5,106.0,0.04717
108,大專校院,1080,宏國德霖科技大學,二專,4,100.0,0.04
108,大專校院,1080,宏國德霖科技大學,五專,17,1226.0,0.01387
108,大專校院,1080,宏國德霖科技大學,博士班,0,,
108,大專校院,1080,宏國德霖科技大學,學士班,94,4406.0,0.02133
108,大專校院,1080,宏國德霖科技大學,碩士班,0,,
108,大專校院,1081,東方設計大學,二專,0,,
108,大專校院,1081,東方設計大學,五專,21,1009.0,0.02081
108,大專校院,1081,東方設計大學,博士班,0,32.0,0.0
108,大專校院,1081,東方設計大學,學士班,22,1089.0,0.0202
108,大專校院,1081,東方設計大學,碩士班,1,143.0,0.00699
108,大專校院,1082,崇右影藝科技大學,二專,0,,
108,大專校院,1082,崇右影藝科技大學,五專,3,84.0,0.03571
108,大專校院,1082,崇右影藝科技大學,博士班,0,,
108,大專校院,1082,崇右影藝科技大學,學士班,164,1854.0,0.08846
108,大專校院,1082,崇右影藝科技大學,碩士班,3,76.0,0.03947
108,大專校院,1083,台北海洋科技大學,二專,3,177.0,0.01695
108,大專校院,1083,台北海洋科技大學,五專,30,943.0,0.03181
108,大專校院,1083,台北海洋科技大學,博士班,0,,
108,大專校院,1083,台北海洋科技大學,學士班,98,3184.0,0.03078
108,大專校院,1083,台北海洋科技大學,碩士班,2,136.0,0.01471
108,大專校院,1125,中信金融管理學院,二專,0,,
108,大專校院,1125,中信金融管理學院,五專,0,,
108,大專校院,1125,中信金融管理學院,博士班,0,,
108,大專校院,1125,中信金融管理學院,學士班,31,635.0,0.04882
108,大專校院,1125,中信金融管理學院,碩士班,0,83.0,0.0
108,大專校院,1148,大漢技術學院,二專,84,164.0,0.5122
108,大專校院,1148,大漢技術學院,五專,0,,
108,大專校院,1148,大漢技術學院,博士班,0,,
108,大專校院,1148,大漢技術學院,學士班,339,834.0,0.40647
108,大專校院,1148,大漢技術學院,碩士班,23,77.0,0.2987
108,大專校院,1159,和春技術學院,二專,14,181.0,0.07735
108,大專校院,1159,和春技術學院,五專,0,126.0,0.0
108,大專校院,1159,和春技術學院,博士班,0,,
108,大專校院,1159,和春技術學院,學士班,50,664.0,0.0753
108,大專校院,1159,和春技術學院,碩士班,0,8.0,0.0
108,大專校院,1166,亞東技術學院,二專,0,,
108,大專校院,1166,亞東技術學院,五專,0,,
108,大專校院,1166,亞東技術學院,博士班,0,,
108,大專校院,1166,亞東技術學院,學士班,42,4452.0,0.00943
108,大專校院,1166,亞東技術學院,碩士班,0,45.0,0.0
108,大專校院,1168,南亞技術學院,二專,0,9.0,0.0
108,大專校院,1168,南亞技術學院,五專,14,331.0,0.0423
108,大專校院,1168,南亞技術學院,博士班,0,,
108,大專校院,1168,南亞技術學院,學士班,136,2331.0,0.05834
108,大專校院,1168,南亞技術學院,碩士班,0,18.0,0.0
108,大專校院,1176,稻江科技暨管理學院,二專,0,,
108,大專校院,1176,稻江科技暨管理學院,五專,0,,
108,大專校院,1176,稻江科技暨管理學院,博士班,0,,
108,大專校院,1176,稻江科技暨管理學院,學士班,84,1734.0,0.04844
108,大專校院,1176,稻江科技暨管理學院,碩士班,7,121.0,0.05785
108,大專校院,1182,蘭陽技術學院,二專,0,,
108,大專校院,1182,蘭陽技術學院,五專,21,321.0,0.06542
108,大專校院,1182,蘭陽技術學院,博士班,0,,
108,大專校院,1182,蘭陽技術學院,學士班,41,346.0,0.1185
108,大專校院,1182,蘭陽技術學院,碩士班,0,,
108,大專校院,1183,黎明技術學院,二專,0,4.0,0.0
108,大專校院,1183,黎明技術學院,五專,1,464.0,0.00216
108,大專校院,1183,黎明技術學院,博士班,0,,
108,大專校院,1183,黎明技術學院,學士班,142,4592.0,0.03092
108,大專校院,1183,黎明技術學院,碩士班,0,,
108,大專校院,1185,經國管理暨健康學院,二專,0,,
108,大專校院,1185,經國管理暨健康學院,五專,51,1227.0,0.04156
108,大專校院,1185,經國管理暨健康學院,博士班,0,,
108,大專校院,1185,經國管理暨健康學院,學士班,68,2402.0,0.02831
108,大專校院,1185,經國管理暨健康學院,碩士班,2,80.0,0.025
108,大專校院,1188,大同技術學院,二專,0,,
108,大專校院,1188,大同技術學院,五專,5,94.0,0.05319
108,大專校院,1188,大同技術學院,博士班,0,,
108,大專校院,1188,大同技術學院,學士班,85,1243.0,0.06838
108,大專校院,1188,大同技術學院,碩士班,0,,
108,大專校院,1192,臺灣觀光學院,二專,18,60.0,0.3
108,大專校院,1192,臺灣觀光學院,五專,22,87.0,0.25287
108,大專校院,1192,臺灣觀光學院,博士班,0,,
108,大專校院,1192,臺灣觀光學院,學士班,120,435.0,0.27586
108,大專校院,1192,臺灣觀光學院,碩士班,5,26.0,0.19231
108,大專校院,1195,馬偕醫學院,二專,0,,
108,大專校院,1195,馬偕醫學院,五專,0,,
108,大專校院,1195,馬偕醫學院,博士班,0,2.0,0.0
108,大專校院,1195,馬偕醫學院,學士班,18,641.0,0.02808
108,大專校院,1195,馬偕醫學院,碩士班,0,41.0,0.0
108,大專校院,1282,馬偕醫護管理專科學校,二專,6,296.0,0.02027
108,大專校院,1282,馬偕醫護管理專科學校,五專,322,3927.0,0.082
108,大專校院,1282,馬偕醫護管理專科學校,博士班,0,,
108,大專校院,1282,馬偕醫護管理專科學校,學士班,0,,
108,大專校院,1282,馬偕醫護管理專科學校,碩士班,0,,
108,大專校院,1283,仁德醫護管理專科學校,二專,9,391.0,0.02302
108,大專校院,1283,仁德醫護管理專科學校,五專,252,6042.0,0.04171
108,大專校院,1283,仁德醫護管理專科學校,博士班,0,,
108,大專校院,1283,仁德醫護管理專科學校,學士班,0,,
108,大專校院,1283,仁德醫護管理專科學校,碩士班,0,,
108,大專校院,1284,樹人醫護管理專科學校,二專,3,545.0,0.0055
108,大專校院,1284,樹人醫護管理專科學校,五專,247,6741.0,0.03664
108,大專校院,1284,樹人醫護管理專科學校,博士班,0,,
108,大專校院,1284,樹人醫護管理專科學校,學士班,0,,
108,大專校院,1284,樹人醫護管理專科學校,碩士班,0,,
108,大專校院,1285,慈惠醫護管理專科學校,二專,50,374.0,0.13369
108,大專校院,1285,慈惠醫護管理專科學校,五專,488,4130.0,0.11816
108,大專校院,1285,慈惠醫護管理專科學校,博士班,0,,
108,大專校院,1285,慈惠醫護管理專科學校,學士班,0,,
108,大專校院,1285,慈惠醫護管理專科學校,碩士班,0,,
108,大專校院,1286,耕莘健康管理專科學校,二專,3,119.0,0.02521
108,大專校院,1286,耕莘健康管理專科學校,五專,192,4792.0,0.04007
108,大專校院,1286,耕莘健康管理專科學校,博士班,0,,
108,大專校院,1286,耕莘健康管理專科學校,學士班,0,,
108,大專校院,1286,耕莘健康管理專科學校,碩士班,0,,
108,大專校院,1287,敏惠醫護管理專科學校,二專,0,,
108,大專校院,1287,敏惠醫護管理專科學校,五專,73,3904.0,0.0187
108,大專校院,1287,敏惠醫護管理專科學校,博士班,0,,
108,大專校院,1287,敏惠醫護管理專科學校,學士班,0,,
108,大專校院,1287,敏惠醫護管理專科學校,碩士班,0,,
108,大專校院,1289,育英醫護管理專科學校,二專,0,,
108,大專校院,1289,育英醫護管理專科學校,五專,43,1996.0,0.02154
108,大專校院,1289,育英醫護管理專科學校,博士班,0,,
108,大專校院,1289,育英醫護管理專科學校,學士班,0,,
108,大專校院,1289,育英醫護管理專科學校,碩士班,0,,
108,大專校院,1291,聖母醫護管理專科學校,二專,1,40.0,0.025
108,大專校院,1291,聖母醫護管理專科學校,五專,270,2521.0,0.1071
108,大專校院,1291,聖母醫護管理專科學校,博士班,0,,
108,大專校院,1291,聖母醫護管理專科學校,學士班,0,,
108,大專校院,1291,聖母醫護管理專科學校,碩士班,0,,
108,大專校院,1292,新生醫護管理專科學校,二專,7,76.0,0.09211
108,大專校院,1292,新生醫護管理專科學校,五專,543,5955.0,0.09118
108,大專校院,1292,新生醫護管理專科學校,博士班,0,,
108,大專校院,1292,新生醫護管理專科學校,學士班,0,,
108,大專校院,1292,新生醫護管理專科學校,碩士班,0,,
108,大專校院,1293,崇仁醫護管理專科學校,二專,0,,
108,大專校院,1293,崇仁醫護管理專科學校,五專,36,3330.0,0.01081
108,大專校院,1293,崇仁醫護管理專科學校,博士班,0,,
108,大專校院,1293,崇仁醫護管理專科學校,學士班,0,,
108,大專校院,1293,崇仁醫護管理專科學校,碩士班,0,,
108,空大及進修學校,1A01,高苑科技大學附設進修專校,二專,4,,
108,空大及進修學校,1A01,高苑科技大學附設進修專校,五專,0,,
108,空大及進修學校,1A01,高苑科技大學附設進修專校,博士班,0,,
108,空大及進修學校,1A01,高苑科技大學附設進修專校,學士班,0,,
108,空大及進修學校,1A01,高苑科技大學附設進修專校,碩士班,0,,
108,空大及進修學校,1A02,和春技術學院附設進修專校,二專,0,,
108,空大及進修學校,1A02,和春技術學院附設進修專校,五專,0,,
108,空大及進修學校,1A02,和春技術學院附設進修專校,博士班,0,,
108,空大及進修學校,1A02,和春技術學院附設進修專校,學士班,0,,
108,空大及進修學校,1A02,和春技術學院附設進修專校,碩士班,0,,
108,空大及進修學校,1A03,環球科技大學附設進修專校,二專,40,,
108,空大及進修學校,1A03,環球科技大學附設進修專校,五專,0,,
108,空大及進修學校,1A03,環球科技大學附設進修專校,博士班,0,,
108,空大及進修學校,1A03,環球科技大學附設進修專校,學士班,0,,
108,空大及進修學校,1A03,環球科技大學附設進修專校,碩士班,0,,
108,空大及進修學校,1A05,景文科技大學附設進修專校,二專,3,,
108,空大及進修學校,1A05,景文科技大學附設進修專校,五專,0,,
108,空大及進修學校,1A05,景文科技大學附設進修專校,博士班,0,,
108,空大及進修學校,1A05,景文科技大學附設進修專校,學士班,0,,
108,空大及進修學校,1A05,景文科技大學附設進修專校,碩士班,0,,
108,空大及進修學校,1A06,中州科技大學附設進修專校,二專,2,,
108,空大及進修學校,1A06,中州科技大學附設進修專校,五專,0,,
108,空大及進修學校,1A06,中州科技大學附設進修專校,博士班,0,,
108,空大及進修學校,1A06,中州科技大學附設進修專校,學士班,0,,
108,空大及進修學校,1A06,中州科技大學附設進修專校,碩士班,0,,
108,空大及進修學校,1A07,美和科技大學附設進修專校,二專,33,,
108,空大及進修學校,1A07,美和科技大學附設進修專校,五專,0,,
108,空大及進修學校,1A07,美和科技大學附設進修專校,博士班,0,,
108,空大及進修學校,1A07,美和科技大學附設進修專校,學士班,0,,
108,空大及進修學校,1A07,美和科技大學附設進修專校,碩士班,0,,
108,空大及進修學校,1A08,南開科技大學附設進修專校,二專,2,,
108,空大及進修學校,1A08,南開科技大學附設進修專校,五專,0,,
108,空大及進修學校,1A08,南開科技大學附設進修專校,博士班,0,,
108,空大及進修學校,1A08,南開科技大學附設進修專校,學士班,0,,
108,空大及進修學校,1A08,南開科技大學附設進修專校,碩士班,0,,
108,空大及進修學校,1A09,東方設計大學附設進修專校,二專,6,,
108,空大及進修學校,1A09,東方設計大學附設進修專校,五專,0,,
108,空大及進修學校,1A09,東方設計大學附設進修專校,博士班,0,,
108,空大及進修學校,1A09,東方設計大學附設進修專校,學士班,0,,
108,空大及進修學校,1A09,東方設計大學附設進修專校,碩士班,0,,
108,空大及進修學校,1A10,遠東科技大學附設進修專校,二專,4,,
108,空大及進修學校,1A10,遠東科技大學附設進修專校,五專,0,,
108,空大及進修學校,1A10,遠東科技大學附設進修專校,博士班,0,,
108,空大及進修學校,1A10,遠東科技大學附設進修專校,學士班,0,,
108,空大及進修學校,1A10,遠東科技大學附設進修專校,碩士班,0,,
108,空大及進修學校,1A11,吳鳳科技大學附設進修專校,二專,4,,
108,空大及進修學校,1A11,吳鳳科技大學附設進修專校,五專,0,,
108,空大及進修學校,1A11,吳鳳科技大學附設進修專校,博士班,0,,
108,空大及進修學校,1A11,吳鳳科技大學附設進修專校,學士班,0,,
108,空大及進修學校,1A11,吳鳳科技大學附設進修專校,碩士班,0,,
108,空大及進修學校,1A14,醒吾科技大學附設進修專校,二專,9,,
108,空大及進修學校,1A14,醒吾科技大學附設進修專校,五專,0,,
108,空大及進修學校,1A14,醒吾科技大學附設進修專校,博士班,0,,
108,空大及進修學校,1A14,醒吾科技大學附設進修專校,學士班,0,,
108,空大及進修學校,1A14,醒吾科技大學附設進修專校,碩士班,0,,
108,空大及進修學校,1A15,蘭陽技術學院附設進修專校,二專,6,,
108,空大及進修學校,1A15,蘭陽技術學院附設進修專校,五專,0,,
108,空大及進修學校,1A15,蘭陽技術學院附設進修專校,博士班,0,,
108,空大及進修學校,1A15,蘭陽技術學院附設進修專校,學士班,0,,
108,空大及進修學校,1A15,蘭陽技術學院附設進修專校,碩士班,0,,
108,空大及進修學校,1A16,修平科技大學附設進修專校,二專,6,,
108,空大及進修學校,1A16,修平科技大學附設進修專校,五專,0,,
108,空大及進修學校,1A16,修平科技大學附設進修專校,博士班,0,,
108,空大及進修學校,1A16,修平科技大學附設進修專校,學士班,0,,
108,空大及進修學校,1A16,修平科技大學附設進修專校,碩士班,0,,
108,空大及進修學校,1A18,崑山科技大學附設進修專校,二專,1,,
108,空大及進修學校,1A18,崑山科技大學附設進修專校,五專,0,,
108,空大及進修學校,1A18,崑山科技大學附設進修專校,博士班,0,,
108,空大及進修學校,1A18,崑山科技大學附設進修專校,學士班,0,,
108,空大及進修學校,1A18,崑山科技大學附設進修專校,碩士班,0,,
108,空大及進修學校,1A19,萬能科技大學附設進修專校,二專,3,,
108,空大及進修學校,1A19,萬能科技大學附設進修專校,五專,0,,
108,空大及進修學校,1A19,萬能科技大學附設進修專校,博士班,0,,
108,空大及進修學校,1A19,萬能科技大學附設進修專校,學士班,0,,
108,空大及進修學校,1A19,萬能科技大學附設進修專校,碩士班,0,,
108,空大及進修學校,1A20,中國科技大學附設進修專校,二專,19,,
108,空大及進修學校,1A20,中國科技大學附設進修專校,五專,0,,
108,空大及進修學校,1A20,中國科技大學附設進修專校,博士班,0,,
108,空大及進修學校,1A20,中國科技大學附設進修專校,學士班,0,,
108,空大及進修學校,1A20,中國科技大學附設進修專校,碩士班,0,,
108,空大及進修學校,1A21,中華科技大學附設進修專校,二專,3,,
108,空大及進修學校,1A21,中華科技大學附設進修專校,五專,0,,
108,空大及進修學校,1A21,中華科技大學附設進修專校,博士班,0,,
108,空大及進修學校,1A21,中華科技大學附設進修專校,學士班,0,,
108,空大及進修學校,1A21,中華科技大學附設進修專校,碩士班,0,,
108,空大及進修學校,1A22,正修科技大學附設進修專校,二專,19,,
108,空大及進修學校,1A22,正修科技大學附設進修專校,五專,0,,
108,空大及進修學校,1A22,正修科技大學附設進修專校,博士班,0,,
108,空大及進修學校,1A22,正修科技大學附設進修專校,學士班,0,,
108,空大及進修學校,1A22,正修科技大學附設進修專校,碩士班,0,,
108,空大及進修學校,1A27,明新科技大學附設進修專校,二專,3,,
108,空大及進修學校,1A27,明新科技大學附設進修專校,五專,0,,
108,空大及進修學校,1A27,明新科技大學附設進修專校,博士班,0,,
108,空大及進修學校,1A27,明新科技大學附設進修專校,學士班,0,,
108,空大及進修學校,1A27,明新科技大學附設進修專校,碩士班,0,,
108,空大及進修學校,1A28,南亞技術學院附設進修專校,二專,7,,
108,空大及進修學校,1A28,南亞技術學院附設進修專校,五專,0,,
108,空大及進修學校,1A28,南亞技術學院附設進修專校,博士班,0,,
108,空大及進修學校,1A28,南亞技術學院附設進修專校,學士班,0,,
108,空大及進修學校,1A28,南亞技術學院附設進修專校,碩士班,0,,
108,空大及進修學校,1A29,臺北城市科技大學附設進修專校,二專,17,,
108,空大及進修學校,1A29,臺北城市科技大學附設進修專校,五專,0,,
108,空大及進修學校,1A29,臺北城市科技大學附設進修專校,博士班,0,,
108,空大及進修學校,1A29,臺北城市科技大學附設進修專校,學士班,0,,
108,空大及進修學校,1A29,臺北城市科技大學附設進修專校,碩士班,0,,
108,空大及進修學校,1A31,大仁科技大學附設進修專校,二專,24,,
108,空大及進修學校,1A31,大仁科技大學附設進修專校,五專,0,,
108,空大及進修學校,1A31,大仁科技大學附設進修專校,博士班,0,,
108,空大及進修學校,1A31,大仁科技大學附設進修專校,學士班,0,,
108,空大及進修學校,1A31,大仁科技大學附設進修專校,碩士班,0,,
108,空大及進修學校,1A33,崇右影藝科技大學附設進修專校,二專,66,,
108,空大及進修學校,1A33,崇右影藝科技大學附設進修專校,五專,0,,
108,空大及進修學校,1A33,崇右影藝科技大學附設進修專校,博士班,0,,
108,空大及進修學校,1A33,崇右影藝科技大學附設進修專校,學士班,0,,
108,空大及進修學校,1A33,崇右影藝科技大學附設進修專校,碩士班,0,,
108,空大及進修學校,1A36,經國管理暨健康學院附設進修專校,二專,12,,
108,空大及進修學校,1A36,經國管理暨健康學院附設進修專校,五專,0,,
108,空大及進修學校,1A36,經國管理暨健康學院附設進修專校,博士班,0,,
108,空大及進修學校,1A36,經國管理暨健康學院附設進修專校,學士班,0,,
108,空大及進修學校,1A36,經國管理暨健康學院附設進修專校,碩士班,0,,
108,空大及進修學校,1A37,建國科技大學附設進修專校,二專,0,,
108,空大及進修學校,1A37,建國科技大學附設進修專校,五專,0,,
108,空大及進修學校,1A37,建國科技大學附設進修專校,博士班,0,,
108,空大及進修學校,1A37,建國科技大學附設進修專校,學士班,0,,
108,空大及進修學校,1A37,建國科技大學附設進修專校,碩士班,0,,
108,空大及進修學校,1A41,高苑科技大學附設進修學院,二專,0,,
108,空大及進修學校,1A41,高苑科技大學附設進修學院,五專,0,,
108,空大及進修學校,1A41,高苑科技大學附設進修學院,博士班,0,,
108,空大及進修學校,1A41,高苑科技大學附設進修學院,學士班,5,,
108,空大及進修學校,1A41,高苑科技大學附設進修學院,碩士班,0,,
108,空大及進修學校,1A42,建國科技大學附設進修學院,二專,0,,
108,空大及進修學校,1A42,建國科技大學附設進修學院,五專,0,,
108,空大及進修學校,1A42,建國科技大學附設進修學院,博士班,0,,
108,空大及進修學校,1A42,建國科技大學附設進修學院,學士班,3,,
108,空大及進修學校,1A42,建國科技大學附設進修學院,碩士班,0,,
108,空大及進修學校,1A44,和春技術學院附設進修學院,二專,0,,
108,空大及進修學校,1A44,和春技術學院附設進修學院,五專,0,,
108,空大及進修學校,1A44,和春技術學院附設進修學院,博士班,0,,
108,空大及進修學校,1A44,和春技術學院附設進修學院,學士班,0,,
108,空大及進修學校,1A44,和春技術學院附設進修學院,碩士班,0,,
108,空大及進修學校,1A48,臺北城市科技大學附設進修學院,二專,0,,
108,空大及進修學校,1A48,臺北城市科技大學附設進修學院,五專,0,,
108,空大及進修學校,1A48,臺北城市科技大學附設進修學院,博士班,0,,
108,空大及進修學校,1A48,臺北城市科技大學附設進修學院,學士班,7,,
108,空大及進修學校,1A48,臺北城市科技大學附設進修學院,碩士班,0,,
108,空大及進修學校,1A49,德明財經科技大學附設進修學院,二專,0,,
108,空大及進修學校,1A49,德明財經科技大學附設進修學院,五專,0,,
108,空大及進修學校,1A49,德明財經科技大學附設進修學院,博士班,0,,
108,空大及進修學校,1A49,德明財經科技大學附設進修學院,學士班,1,,
108,空大及進修學校,1A49,德明財經科技大學附設進修學院,碩士班,0,,
108,空大及進修學校,1A50,中國科技大學附設進修學院,二專,0,,
108,空大及進修學校,1A50,中國科技大學附設進修學院,五專,0,,
108,空大及進修學校,1A50,中國科技大學附設進修學院,博士班,0,,
108,空大及進修學校,1A50,中國科技大學附設進修學院,學士班,13,,
108,空大及進修學校,1A50,中國科技大學附設進修學院,碩士班,0,,
108,空大及進修學校,1A52,醒吾科技大學附設進修學院,二專,0,,
108,空大及進修學校,1A52,醒吾科技大學附設進修學院,五專,0,,
108,空大及進修學校,1A52,醒吾科技大學附設進修學院,博士班,0,,
108,空大及進修學校,1A52,醒吾科技大學附設進修學院,學士班,31,,
108,空大及進修學校,1A52,醒吾科技大學附設進修學院,碩士班,0,,
108,空大及進修學校,1A54,南亞技術學院附設進修學院,二專,0,,
108,空大及進修學校,1A54,南亞技術學院附設進修學院,五專,0,,
108,空大及進修學校,1A54,南亞技術學院附設進修學院,博士班,0,,
108,空大及進修學校,1A54,南亞技術學院附設進修學院,學士班,52,,
108,空大及進修學校,1A54,南亞技術學院附設進修學院,碩士班,0,,
108,空大及進修學校,1A56,明新科技大學附設進修學院,二專,0,,
108,空大及進修學校,1A56,明新科技大學附設進修學院,五專,0,,
108,空大及進修學校,1A56,明新科技大學附設進修學院,博士班,0,,
108,空大及進修學校,1A56,明新科技大學附設進修學院,學士班,8,,
108,空大及進修學校,1A56,明新科技大學附設進修學院,碩士班,0,,
108,空大及進修學校,1A57,修平科技大學附設進修學院,二專,0,,
108,空大及進修學校,1A57,修平科技大學附設進修學院,五專,0,,
108,空大及進修學校,1A57,修平科技大學附設進修學院,博士班,0,,
108,空大及進修學校,1A57,修平科技大學附設進修學院,學士班,7,,
108,空大及進修學校,1A57,修平科技大學附設進修學院,碩士班,0,,
108,空大及進修學校,1A58,環球科技大學附設進修學院,二專,0,,
108,空大及進修學校,1A58,環球科技大學附設進修學院,五專,0,,
108,空大及進修學校,1A58,環球科技大學附設進修學院,博士班,0,,
108,空大及進修學校,1A58,環球科技大學附設進修學院,學士班,34,,
108,空大及進修學校,1A58,環球科技大學附設進修學院,碩士班,0,,
108,空大及進修學校,1A59,吳鳳科技大學附設進修學院,二專,0,,
108,空大及進修學校,1A59,吳鳳科技大學附設進修學院,五專,0,,
108,空大及進修學校,1A59,吳鳳科技大學附設進修學院,博士班,0,,
108,空大及進修學校,1A59,吳鳳科技大學附設進修學院,學士班,5,,
108,空大及進修學校,1A59,吳鳳科技大學附設進修學院,碩士班,0,,
108,空大及進修學校,1A61,遠東科技大學附設進修學院,二專,0,,
108,空大及進修學校,1A61,遠東科技大學附設進修學院,五專,0,,
108,空大及進修學校,1A61,遠東科技大學附設進修學院,博士班,0,,
108,空大及進修學校,1A61,遠東科技大學附設進修學院,學士班,5,,
108,空大及進修學校,1A61,遠東科技大學附設進修學院,碩士班,0,,
108,空大及進修學校,1A62,美和科技大學附設進修學院,二專,0,,
108,空大及進修學校,1A62,美和科技大學附設進修學院,五專,0,,
108,空大及進修學校,1A62,美和科技大學附設進修學院,博士班,0,,
108,空大及進修學校,1A62,美和科技大學附設進修學院,學士班,119,,
108,空大及進修學校,1A62,美和科技大學附設進修學院,碩士班,0,,
108,空大及進修學校,1A64,蘭陽技術學院附設進修學院,二專,0,,
108,空大及進修學校,1A64,蘭陽技術學院附設進修學院,五專,0,,
108,空大及進修學校,1A64,蘭陽技術學院附設進修學院,博士班,0,,
108,空大及進修學校,1A64,蘭陽技術學院附設進修學院,學士班,33,,
108,空大及進修學校,1A64,蘭陽技術學院附設進修學院,碩士班,0,,
108,空大及進修學校,1A65,經國管理暨健康學院附設進修學院,二專,0,,
108,空大及進修學校,1A65,經國管理暨健康學院附設進修學院,五專,0,,
108,空大及進修學校,1A65,經國管理暨健康學院附設進修學院,博士班,0,,
108,空大及進修學校,1A65,經國管理暨健康學院附設進修學院,學士班,22,,
108,空大及進修學校,1A65,經國管理暨健康學院附設進修學院,碩士班,0,,
108,空大及進修學校,1A67,崇右影藝科技大學附設進修學院,二專,0,,
108,空大及進修學校,1A67,崇右影藝科技大學附設進修學院,五專,0,,
108,空大及進修學校,1A67,崇右影藝科技大學附設進修學院,博士班,0,,
108,空大及進修學校,1A67,崇右影藝科技大學附設進修學院,學士班,37,,
108,空大及進修學校,1A67,崇右影藝科技大學附設進修學院,碩士班,0,,
108,空大及進修學校,1A68,南開科技大學附設進修學院,二專,0,,
108,空大及進修學校,1A68,南開科技大學附設進修學院,五專,0,,
108,空大及進修學校,1A68,南開科技大學附設進修學院,博士班,0,,
108,空大及進修學校,1A68,南開科技大學附設進修學院,學士班,3,,
108,空大及進修學校,1A68,南開科技大學附設進修學院,碩士班,0,,
108,空大及進修學校,1A75,元培醫事科技大學附設進修專校,二專,3,,
108,空大及進修學校,1A75,元培醫事科技大學附設進修專校,五專,0,,
108,空大及進修學校,1A75,元培醫事科技大學附設進修專校,博士班,0,,
108,空大及進修學校,1A75,元培醫事科技大學附設進修專校,學士班,0,,
108,空大及進修學校,1A75,元培醫事科技大學附設進修專校,碩士班,0,,
108,空大及進修學校,1A76,東方設計大學附設進修學院,二專,0,,
108,空大及進修學校,1A76,東方設計大學附設進修學院,五專,0,,
108,空大及進修學校,1A76,東方設計大學附設進修學院,博士班,0,,
108,空大及進修學校,1A76,東方設計大學附設進修學院,學士班,40,,
108,空大及進修學校,1A76,東方設計大學附設進修學院,碩士班,0,,
108,空大及進修學校,1A77,華夏科技大學附設進修學院,二專,0,,
108,空大及進修學校,1A77,華夏科技大學附設進修學院,五專,0,,
108,空大及進修學校,1A77,華夏科技大學附設進修學院,博士班,0,,
108,空大及進修學校,1A77,華夏科技大學附設進修學院,學士班,0,,
108,空大及進修學校,1A77,華夏科技大學附設進修學院,碩士班,0,,
108,空大及進修學校,1A78,華夏科技大學附設進修專校,二專,1,,
108,空大及進修學校,1A78,華夏科技大學附設進修專校,五專,0,,
108,空大及進修學校,1A78,華夏科技大學附設進修專校,博士班,0,,
108,空大及進修學校,1A78,華夏科技大學附設進修專校,學士班,0,,
108,空大及進修學校,1A78,華夏科技大學附設進修專校,碩士班,0,,
108,空大及進修學校,1A79,樹德科技大學附設進修專校,二專,7,,
108,空大及進修學校,1A79,樹德科技大學附設進修專校,五專,0,,
108,空大及進修學校,1A79,樹德科技大學附設進修專校,博士班,0,,
108,空大及進修學校,1A79,樹德科技大學附設進修專校,學士班,0,,
108,空大及進修學校,1A79,樹德科技大學附設進修專校,碩士班,0,,
108,空大及進修學校,1A82,慈濟科技大學附設進修學院,二專,0,,
108,空大及進修學校,1A82,慈濟科技大學附設進修學院,五專,0,,
108,空大及進修學校,1A82,慈濟科技大學附設進修學院,博士班,0,,
108,空大及進修學校,1A82,慈濟科技大學附設進修學院,學士班,9,,
108,空大及進修學校,1A82,慈濟科技大學附設進修學院,碩士班,0,,
108,空大及進修學校,1A83,台北海洋科技大學附設進修專校,二專,0,,
108,空大及進修學校,1A83,台北海洋科技大學附設進修專校,五專,0,,
108,空大及進修學校,1A83,台北海洋科技大學附設進修專校,博士班,0,,
108,空大及進修學校,1A83,台北海洋科技大學附設進修專校,學士班,0,,
108,空大及進修學校,1A83,台北海洋科技大學附設進修專校,碩士班,0,,
108,宗教研修學院,1R02,基督教台灣浸會神學院,二專,0,,
108,宗教研修學院,1R02,基督教台灣浸會神學院,五專,0,,
108,宗教研修學院,1R02,基督教台灣浸會神學院,博士班,0,,
108,宗教研修學院,1R02,基督教台灣浸會神學院,學士班,0,,
108,宗教研修學院,1R02,基督教台灣浸會神學院,碩士班,3,,
108,宗教研修學院,1R03,臺北基督學院,二專,0,,
108,宗教研修學院,1R03,臺北基督學院,五專,0,,
108,宗教研修學院,1R03,臺北基督學院,博士班,0,,
108,宗教研修學院,1R03,臺北基督學院,學士班,9,,
108,宗教研修學院,1R03,臺北基督學院,碩士班,0,,
108,宗教研修學院,1R05,台灣神學研究學院,二專,0,,
108,宗教研修學院,1R05,台灣神學研究學院,五專,0,,
108,宗教研修學院,1R05,台灣神學研究學院,博士班,0,,
108,宗教研修學院,1R05,台灣神學研究學院,學士班,0,,
108,宗教研修學院,1R05,台灣神學研究學院,碩士班,9,,
108,宗教研修學院,1R07,台灣基督長老教會南神神學院,二專,0,,
108,宗教研修學院,1R07,台灣基督長老教會南神神學院,五專,0,,
108,宗教研修學院,1R07,台灣基督長老教會南神神學院,博士班,0,,
108,宗教研修學院,1R07,台灣基督長老教會南神神學院,學士班,0,,
108,宗教研修學院,1R07,台灣基督長老教會南神神學院,碩士班,9,,
108,大專校院,3002,臺北市立大學,二專,0,,
108,大專校院,3002,臺北市立大學,五專,0,,
108,大專校院,3002,臺北市立大學,博士班,0,234.0,0.0
108,大專校院,3002,臺北市立大學,學士班,312,5270.0,0.0592
108,大專校院,3002,臺北市立大學,碩士班,44,2305.0,0.01909
108,空大及進修學校,3A01,高雄市立空中大學,二專,0,,
108,空大及進修學校,3A01,高雄市立空中大學,五專,0,,
108,空大及進修學校,3A01,高雄市立空中大學,博士班,0,,
108,空大及進修學校,3A01,高雄市立空中大學,學士班,59,,
108,空大及進修學校,3A01,高雄市立空中大學,碩士班,0,,
109,大專校院,0001,國立政治大學,二專,0,,
109,大專校院,0001,國立政治大學,五專,0,,
109,大專校院,0001,國立政治大學,博士班,5,949.0,0.00527
109,大專校院,0001,國立政治大學,學士班,129,9632.0,0.01339
109,大專校院,0001,國立政治大學,碩士班,54,5770.0,0.00936
109,大專校院,0002,國立清華大學,二專,0,,
109,大專校院,0002,國立清華大學,五專,0,,
109,大專校院,0002,國立清華大學,博士班,12,1615.0,0.00743
109,大專校院,0002,國立清華大學,學士班,78,8628.0,0.00904
109,大專校院,0002,國立清華大學,碩士班,59,6674.0,0.00884
109,大專校院,0003,國立臺灣大學,二專,0,,
109,大專校院,0003,國立臺灣大學,五專,0,,
109,大專校院,0003,國立臺灣大學,博士班,12,3545.0,0.00339
109,大專校院,0003,國立臺灣大學,學士班,277,16756.0,0.01653
109,大專校院,0003,國立臺灣大學,碩士班,38,12226.0,0.00311
109,大專校院,0004,國立臺灣師範大學,二專,0,,
109,大專校院,0004,國立臺灣師範大學,五專,0,,
109,大專校院,0004,國立臺灣師範大學,博士班,15,1363.0,0.01101
109,大專校院,0004,國立臺灣師範大學,學士班,217,8173.0,0.02655
109,大專校院,0004,國立臺灣師範大學,碩士班,54,6384.0,0.00846
109,大專校院,0005,國立成功大學,二專,0,,
109,大專校院,0005,國立成功大學,五專,0,,
109,大專校院,0005,國立成功大學,博士班,6,1818.0,0.0033
109,大專校院,0005,國立成功大學,學士班,135,11441.0,0.0118
109,大專校院,0005,國立成功大學,碩士班,28,8514.0,0.00329
109,大專校院,0006,國立中興大學,二專,0,,
109,大專校院,0006,國立中興大學,五專,0,,
109,大專校院,0006,國立中興大學,博士班,5,935.0,0.00535
109,大專校院,0006,國立中興大學,學士班,121,8923.0,0.01356
109,大專校院,0006,國立中興大學,碩士班,7,5116.0,0.00137
109,大專校院,0007,國立交通大學,二專,0,,
109,大專校院,0007,國立交通大學,五專,0,,
109,大專校院,0007,國立交通大學,博士班,6,1722.0,0.00348
109,大專校院,0007,國立交通大學,學士班,38,5905.0,0.00644
109,大專校院,0007,國立交通大學,碩士班,19,7555.0,0.00251
109,大專校院,0008,國立中央大學,二專,0,,
109,大專校院,0008,國立中央大學,五專,0,,
109,大專校院,0008,國立中央大學,博士班,3,1031.0,0.00291
109,大專校院,0008,國立中央大學,學士班,45,6016.0,0.00748
109,大專校院,0008,國立中央大學,碩士班,19,4891.0,0.00388
109,大專校院,0009,國立中山大學,二專,0,,
109,大專校院,0009,國立中山大學,五專,0,,
109,大專校院,0009,國立中山大學,博士班,0,811.0,0.0
109,大專校院,0009,國立中山大學,學士班,44,4793.0,0.00918
109,大專校院,0009,國立中山大學,碩士班,37,4102.0,0.00902
109,大專校院,0012,國立臺灣海洋大學,二專,0,,
109,大專校院,0012,國立臺灣海洋大學,五專,0,,
109,大專校院,0012,國立臺灣海洋大學,博士班,3,333.0,0.00901
109,大專校院,0012,國立臺灣海洋大學,學士班,95,6532.0,0.01454
109,大專校院,0012,國立臺灣海洋大學,碩士班,9,2040.0,0.00441
109,大專校院,0013,國立中正大學,二專,0,,
109,大專校院,0013,國立中正大學,五專,0,,
109,大專校院,0013,國立中正大學,博士班,2,574.0,0.00348
109,大專校院,0013,國立中正大學,學士班,72,6311.0,0.01141
109,大專校院,0013,國立中正大學,碩士班,33,4243.0,0.00778
109,大專校院,0014,國立高雄師範大學,二專,0,,
109,大專校院,0014,國立高雄師範大學,五專,0,,
109,大專校院,0014,國立高雄師範大學,博士班,9,463.0,0.01944
109,大專校院,0014,國立高雄師範大學,學士班,311,3659.0,0.085
109,大專校院,0014,國立高雄師範大學,碩士班,66,2723.0,0.02424
109,大專校院,0015,國立彰化師範大學,二專,0,,
109,大專校院,0015,國立彰化師範大學,五專,0,,
109,大專校院,0015,國立彰化師範大學,博士班,1,495.0,0.00202
109,大專校院,0015,國立彰化師範大學,學士班,104,4898.0,0.02123
109,大專校院,0015,國立彰化師範大學,碩士班,23,3060.0,0.00752
109,大專校院,0016,國立陽明大學,二專,0,,
109,大專校院,0016,國立陽明大學,五專,0,,
109,大專校院,0016,國立陽明大學,博士班,6,907.0,0.00662
109,大專校院,0016,國立陽明大學,學士班,23,2108.0,0.01091
109,大專校院,0016,國立陽明大學,碩士班,15,1519.0,0.00987
109,大專校院,0017,國立臺北大學,二專,0,,
109,大專校院,0017,國立臺北大學,五專,0,,
109,大專校院,0017,國立臺北大學,博士班,1,210.0,0.00476
109,大專校院,0017,國立臺北大學,學士班,101,7894.0,0.01279
109,大專校院,0017,國立臺北大學,碩士班,9,1976.0,0.00455
109,大專校院,0018,國立嘉義大學,二專,0,,
109,大專校院,0018,國立嘉義大學,五專,0,,
109,大專校院,0018,國立嘉義大學,博士班,2,197.0,0.01015
109,大專校院,0018,國立嘉義大學,學士班,146,9314.0,0.01568
109,大專校院,0018,國立嘉義大學,碩士班,30,2178.0,0.01377
109,大專校院,0019,國立高雄大學,二專,0,,
109,大專校院,0019,國立高雄大學,五專,0,,
109,大專校院,0019,國立高雄大學,博士班,0,32.0,0.0
109,大專校院,0019,國立高雄大學,學士班,110,4548.0,0.02419
109,大專校院,0019,國立高雄大學,碩士班,1,1161.0,0.00086
109,大專校院,0020,國立東華大學,二專,0,,
109,大專校院,0020,國立東華大學,五專,0,,
109,大專校院,0020,國立東華大學,博士班,22,420.0,0.05238
109,大專校院,0020,國立東華大學,學士班,572,7660.0,0.07467
109,大專校院,0020,國立東華大學,碩士班,184,1928.0,0.09544
109,大專校院,0021,國立暨南國際大學,二專,0,,
109,大專校院,0021,國立暨南國際大學,五專,0,,
109,大專校院,0021,國立暨南國際大學,博士班,7,323.0,0.02167
109,大專校院,0021,國立暨南國際大學,學士班,247,4442.0,0.05561
109,大專校院,0021,國立暨南國際大學,碩士班,62,1251.0,0.04956
109,大專校院,0022,國立臺灣科技大學,二專,0,,
109,大專校院,0022,國立臺灣科技大學,五專,0,,
109,大專校院,0022,國立臺灣科技大學,博士班,4,1033.0,0.00387
109,大專校院,0022,國立臺灣科技大學,學士班,99,5726.0,0.01729
109,大專校院,0022,國立臺灣科技大學,碩士班,6,4412.0,0.00136
109,大專校院,0023,國立雲林科技大學,二專,0,,
109,大專校院,0023,國立雲林科技大學,五專,0,,
109,大專校院,0023,國立雲林科技大學,博士班,3,432.0,0.00694
109,大專校院,0023,國立雲林科技大學,學士班,74,6639.0,0.01115
109,大專校院,0023,國立雲林科技大學,碩士班,11,2737.0,0.00402
109,大專校院,0024,國立屏東科技大學,二專,0,,
109,大專校院,0024,國立屏東科技大學,五專,0,,
109,大專校院,0024,國立屏東科技大學,博士班,2,246.0,0.00813
109,大專校院,0024,國立屏東科技大學,學士班,162,9198.0,0.01761
109,大專校院,0024,國立屏東科技大學,碩士班,44,1374.0,0.03202
109,大專校院,0025,國立臺北科技大學,二專,0,,
109,大專校院,0025,國立臺北科技大學,五專,3,96.0,0.03125
109,大專校院,0025,國立臺北科技大學,博士班,0,740.0,0.0
109,大專校院,0025,國立臺北科技大學,學士班,85,8298.0,0.01024
109,大專校院,0025,國立臺北科技大學,碩士班,13,4703.0,0.00276
109,大專校院,0028,國立臺北藝術大學,二專,0,,
109,大專校院,0028,國立臺北藝術大學,五專,0,82.0,0.0
109,大專校院,0028,國立臺北藝術大學,博士班,4,112.0,0.03571
109,大專校院,0028,國立臺北藝術大學,學士班,47,1767.0,0.0266
109,大專校院,0028,國立臺北藝術大學,碩士班,21,1183.0,0.01775
109,大專校院,0029,國立臺灣藝術大學,二專,0,,
109,大專校院,0029,國立臺灣藝術大學,五專,0,,
109,大專校院,0029,國立臺灣藝術大學,博士班,1,134.0,0.00746
109,大專校院,0029,國立臺灣藝術大學,學士班,107,4313.0,0.02481
109,大專校院,0029,國立臺灣藝術大學,碩士班,11,1098.0,0.01002
109,大專校院,0030,國立臺東大學,二專,0,,
109,大專校院,0030,國立臺東大學,五專,0,,
109,大專校院,0030,國立臺東大學,博士班,2,48.0,0.04167
109,大專校院,0030,國立臺東大學,學士班,490,3956.0,0.12386
109,大專校院,0030,國立臺東大學,碩士班,158,935.0,0.16898
109,大專校院,0031,國立宜蘭大學,二專,0,,
109,大專校院,0031,國立宜蘭大學,五專,0,,
109,大專校院,0031,國立宜蘭大學,博士班,0,12.0,0.0
109,大專校院,0031,國立宜蘭大學,學士班,172,4779.0,0.03599
109,大專校院,0031,國立宜蘭大學,碩士班,13,685.0,0.01898
109,大專校院,0032,國立聯合大學,二專,0,,
109,大專校院,0032,國立聯合大學,五專,0,,
109,大專校院,0032,國立聯合大學,博士班,0,17.0,0.0
109,大專校院,0032,國立聯合大學,學士班,96,7099.0,0.01352
109,大專校院,0032,國立聯合大學,碩士班,4,443.0,0.00903
109,大專校院,0033,國立虎尾科技大學,二專,0,56.0,0.0
109,大專校院,0033,國立虎尾科技大學,五專,3,174.0,0.01724
109,大專校院,0033,國立虎尾科技大學,博士班,0,48.0,0.0
109,大專校院,0033,國立虎尾科技大學,學士班,86,9769.0,0.0088
109,大專校院,0033,國立虎尾科技大學,碩士班,4,991.0,0.00404
109,大專校院,0035,國立臺南藝術大學,二專,0,,
109,大專校院,0035,國立臺南藝術大學,五專,0,170.0,0.0
109,大專校院,0035,國立臺南藝術大學,博士班,2,52.0,0.03846
109,大專校院,0035,國立臺南藝術大學,學士班,26,781.0,0.03329
109,大專校院,0035,國立臺南藝術大學,碩士班,12,596.0,0.02013
109,大專校院,0036,國立臺南大學,二專,0,,
109,大專校院,0036,國立臺南大學,五專,0,,
109,大專校院,0036,國立臺南大學,博士班,0,163.0,0.0
109,大專校院,0036,國立臺南大學,學士班,78,4038.0,0.01932
109,大專校院,0036,國立臺南大學,碩士班,11,1572.0,0.007
109,大專校院,0037,國立臺北教育大學,二專,0,,
109,大專校院,0037,國立臺北教育大學,五專,0,,
109,大專校院,0037,國立臺北教育大學,博士班,2,153.0,0.01307
109,大專校院,0037,國立臺北教育大學,學士班,118,3349.0,0.03523
109,大專校院,0037,國立臺北教育大學,碩士班,45,2383.0,0.01888
109,大專校院,0039,國立臺中教育大學,二專,0,,
109,大專校院,0039,國立臺中教育大學,五專,0,,
109,大專校院,0039,國立臺中教育大學,博士班,3,112.0,0.02679
109,大專校院,0039,國立臺中教育大學,學士班,76,3196.0,0.02378
109,大專校院,0039,國立臺中教育大學,碩士班,61,1594.0,0.03827
109,大專校院,0042,國立澎湖科技大學,二專,0,,
109,大專校院,0042,國立澎湖科技大學,五專,2,34.0,0.05882
109,大專校院,0042,國立澎湖科技大學,博士班,0,,
109,大專校院,0042,國立澎湖科技大學,學士班,26,2900.0,0.00897
109,大專校院,0042,國立澎湖科技大學,碩士班,2,113.0,0.0177
109,大專校院,0043,國立勤益科技大學,二專,4,479.0,0.00835
109,大專校院,0043,國立勤益科技大學,五專,0,,
109,大專校院,0043,國立勤益科技大學,博士班,0,34.0,0.0
109,大專校院,0043,國立勤益科技大學,學士班,130,10753.0,0.01209
109,大專校院,0043,國立勤益科技大學,碩士班,3,868.0,0.00346
109,大專校院,0044,國立體育大學,二專,0,,
109,大專校院,0044,國立體育大學,五專,0,,
109,大專校院,0044,國立體育大學,博士班,1,158.0,0.00633
109,大專校院,0044,國立體育大學,學士班,265,1864.0,0.14217
109,大專校院,0044,國立體育大學,碩士班,20,564.0,0.03546
109,大專校院,0046,國立臺北護理健康大學,二專,0,,
109,大專校院,0046,國立臺北護理健康大學,五專,0,,
109,大專校院,0046,國立臺北護理健康大學,博士班,0,74.0,0.0
109,大專校院,0046,國立臺北護理健康大學,學士班,104,4496.0,0.02313
109,大專校院,0046,國立臺北護理健康大學,碩士班,11,768.0,0.01432
109,大專校院,0047,國立高雄餐旅大學,二專,0,1.0,0.0
109,大專校院,0047,國立高雄餐旅大學,五專,8,249.0,0.03213
109,大專校院,0047,國立高雄餐旅大學,博士班,0,35.0,0.0
109,大專校院,0047,國立高雄餐旅大學,學士班,97,4439.0,0.02185
109,大專校院,0047,國立高雄餐旅大學,碩士班,2,205.0,0.00976
109,大專校院,0048,國立金門大學,二專,0,,
109,大專校院,0048,國立金門大學,五專,0,,
109,大專校院,0048,國立金門大學,博士班,0,,
109,大專校院,0048,國立金門大學,學士班,62,3819.0,0.01623
109,大專校院,0048,國立金門大學,碩士班,1,312.0,0.00321
109,大專校院,0049,國立臺灣體育運動大學,二專,0,,
109,大專校院,0049,國立臺灣體育運動大學,五專,0,,
109,大專校院,0049,國立臺灣體育運動大學,博士班,0,7.0,0.0
109,大專校院,0049,國立臺灣體育運動大學,學士班,216,2742.0,0.07877
109,大專校院,0049,國立臺灣體育運動大學,碩士班,25,373.0,0.06702
109,大專校院,0050,國立臺中科技大學,二專,17,1285.0,0.01323
109,大專校院,0050,國立臺中科技大學,五專,72,3473.0,0.02073
109,大專校院,0050,國立臺中科技大學,博士班,0,,
109,大專校院,0050,國立臺中科技大學,學士班,192,10695.0,0.01795
109,大專校院,0050,國立臺中科技大學,碩士班,7,638.0,0.01097
109,大專校院,0051,國立臺北商業大學,二專,16,738.0,0.02168
109,大專校院,0051,國立臺北商業大學,五專,25,1752.0,0.01427
109,大專校院,0051,國立臺北商業大學,博士班,0,6.0,0.0
109,大專校院,0051,國立臺北商業大學,學士班,88,4802.0,0.01833
109,大專校院,0051,國立臺北商業大學,碩士班,0,334.0,0.0
109,大專校院,0052,國立屏東大學,二專,0,,
109,大專校院,0052,國立屏東大學,五專,0,,
109,大專校院,0052,國立屏東大學,博士班,4,44.0,0.09091
109,大專校院,0052,國立屏東大學,學士班,325,7455.0,0.04359
109,大專校院,0052,國立屏東大學,碩士班,104,1528.0,0.06806
109,大專校院,0053,國立高雄科技大學,二專,0,,
109,大專校院,0053,國立高雄科技大學,五專,17,739.0,0.023
109,大專校院,0053,國立高雄科技大學,博士班,0,563.0,0.0
109,大專校院,0053,國立高雄科技大學,學士班,244,21747.0,0.01122
109,大專校院,0053,國立高雄科技大學,碩士班,11,4389.0,0.00251
109,大專校院,0144,國立臺灣戲曲學院,二專,0,,
109,大專校院,0144,國立臺灣戲曲學院,五專,0,,
109,大專校院,0144,國立臺灣戲曲學院,博士班,0,,
109,大專校院,0144,國立臺灣戲曲學院,學士班,13,546.0,0.02381
109,大專校院,0144,國立臺灣戲曲學院,碩士班,0,,
109,大專校院,0221,國立臺南護理專科學校,二專,1,116.0,0.00862
109,大專校院,0221,國立臺南護理專科學校,五專,50,1801.0,0.02776
109,大專校院,0221,國立臺南護理專科學校,博士班,0,,
109,大專校院,0221,國立臺南護理專科學校,學士班,0,,
109,大專校院,0221,國立臺南護理專科學校,碩士班,0,,
109,大專校院,0222,國立臺東專科學校,二專,42,720.0,0.05833
109,大專校院,0222,國立臺東專科學校,五專,73,321.0,0.22741
109,大專校院,0222,國立臺東專科學校,博士班,0,,
109,大專校院,0222,國立臺東專科學校,學士班,0,,
109,大專校院,0222,國立臺東專科學校,碩士班,0,,
109,空大及進修學校,0A01,國立空中大學,二專,232,,
109,空大及進修學校,0A01,國立空中大學,五專,0,,
109,空大及進修學校,0A01,國立空中大學,博士班,0,,
109,空大及進修學校,0A01,國立空中大學,學士班,688,,
109,空大及進修學校,0A01,國立空中大學,碩士班,0,,
109,空大及進修學校,0A09,國立臺中科技大學附設進修專校,二專,0,,
109,空大及進修學校,0A09,國立臺中科技大學附設進修專校,五專,0,,
109,空大及進修學校,0A09,國立臺中科技大學附設進修專校,博士班,0,,
109,空大及進修學校,0A09,國立臺中科技大學附設進修專校,學士班,0,,
109,空大及進修學校,0A09,國立臺中科技大學附設進修專校,碩士班,0,,
109,空大及進修學校,0A10,國立臺北商業大學附設進修專校,二專,0,,
109,空大及進修學校,0A10,國立臺北商業大學附設進修專校,五專,0,,
109,空大及進修學校,0A10,國立臺北商業大學附設進修專校,博士班,0,,
109,空大及進修學校,0A10,國立臺北商業大學附設進修專校,學士班,0,,
109,空大及進修學校,0A10,國立臺北商業大學附設進修專校,碩士班,0,,
109,空大及進修學校,0A11,國立勤益科技大學附設進修專校,二專,0,,
109,空大及進修學校,0A11,國立勤益科技大學附設進修專校,五專,0,,
109,空大及進修學校,0A11,國立勤益科技大學附設進修專校,博士班,0,,
109,空大及進修學校,0A11,國立勤益科技大學附設進修專校,學士班,0,,
109,空大及進修學校,0A11,國立勤益科技大學附設進修專校,碩士班,0,,
109,空大及進修學校,0A13,國立高雄科技大學附設進修學院,二專,0,,
109,空大及進修學校,0A13,國立高雄科技大學附設進修學院,五專,0,,
109,空大及進修學校,0A13,國立高雄科技大學附設進修學院,博士班,0,,
109,空大及進修學校,0A13,國立高雄科技大學附設進修學院,學士班,10,,
109,空大及進修學校,0A13,國立高雄科技大學附設進修學院,碩士班,0,,
109,空大及進修學校,0A14,國立虎尾科技大學附設進修學院,二專,0,,
109,空大及進修學校,0A14,國立虎尾科技大學附設進修學院,五專,0,,
109,空大及進修學校,0A14,國立虎尾科技大學附設進修學院,博士班,0,,
109,空大及進修學校,0A14,國立虎尾科技大學附設進修學院,學士班,0,,
109,空大及進修學校,0A14,國立虎尾科技大學附設進修學院,碩士班,0,,
109,空大及進修學校,0A15,國立勤益科技大學附設進修學院,二專,0,,
109,空大及進修學校,0A15,國立勤益科技大學附設進修學院,五專,0,,
109,空大及進修學校,0A15,國立勤益科技大學附設進修學院,博士班,0,,
109,空大及進修學校,0A15,國立勤益科技大學附設進修學院,學士班,0,,
109,空大及進修學校,0A15,國立勤益科技大學附設進修學院,碩士班,0,,
109,空大及進修學校,0A16,國立臺中科技大學附設進修學院,二專,0,,
109,空大及進修學校,0A16,國立臺中科技大學附設進修學院,五專,0,,
109,空大及進修學校,0A16,國立臺中科技大學附設進修學院,博士班,0,,
109,空大及進修學校,0A16,國立臺中科技大學附設進修學院,學士班,0,,
109,空大及進修學校,0A16,國立臺中科技大學附設進修學院,碩士班,0,,
109,空大及進修學校,0A17,國立臺北商業大學附設空中進修學院,二專,69,,
109,空大及進修學校,0A17,國立臺北商業大學附設空中進修學院,五專,0,,
109,空大及進修學校,0A17,國立臺北商業大學附設空中進修學院,博士班,0,,
109,空大及進修學校,0A17,國立臺北商業大學附設空中進修學院,學士班,78,,
109,空大及進修學校,0A17,國立臺北商業大學附設空中進修學院,碩士班,0,,
109,空大及進修學校,0A18,國立臺中科技大學附設空中進修學院,二專,35,,
109,空大及進修學校,0A18,國立臺中科技大學附設空中進修學院,五專,0,,
109,空大及進修學校,0A18,國立臺中科技大學附設空中進修學院,博士班,0,,
109,空大及進修學校,0A18,國立臺中科技大學附設空中進修學院,學士班,34,,
109,空大及進修學校,0A18,國立臺中科技大學附設空中進修學院,碩士班,0,,
109,大專校院,1001,東海大學,二專,0,,
109,大專校院,1001,東海大學,五專,0,,
109,大專校院,1001,東海大學,博士班,2,250.0,0.008
109,大專校院,1001,東海大學,學士班,68,13469.0,0.00505
109,大專校院,1001,東海大學,碩士班,9,1991.0,0.00452
109,大專校院,1002,輔仁大學,二專,0,,
109,大專校院,1002,輔仁大學,五專,0,,
109,大專校院,1002,輔仁大學,博士班,1,432.0,0.00231
109,大專校院,1002,輔仁大學,學士班,345,21843.0,0.01579
109,大專校院,1002,輔仁大學,碩士班,102,3376.0,0.03021
109,大專校院,1003,東吳大學,二專,0,,
109,大專校院,1003,東吳大學,五專,0,,
109,大專校院,1003,東吳大學,博士班,0,118.0,0.0
109,大專校院,1003,東吳大學,學士班,127,12757.0,0.00996
109,大專校院,1003,東吳大學,碩士班,1,2499.0,0.0004
109,大專校院,1004,中原大學,二專,0,,
109,大專校院,1004,中原大學,五專,0,,
109,大專校院,1004,中原大學,博士班,2,345.0,0.0058
109,大專校院,1004,中原大學,學士班,169,13560.0,0.01246
109,大專校院,1004,中原大學,碩士班,18,2500.0,0.0072
109,大專校院,1005,淡江大學,二專,0,,
109,大專校院,1005,淡江大學,五專,0,,
109,大專校院,1005,淡江大學,博士班,0,394.0,0.0
109,大專校院,1005,淡江大學,學士班,209,21488.0,0.00973
109,大專校院,1005,淡江大學,碩士班,6,2327.0,0.00258
109,大專校院,1006,中國文化大學,二專,0,,
109,大專校院,1006,中國文化大學,五專,0,,
109,大專校院,1006,中國文化大學,博士班,0,511.0,0.0
109,大專校院,1006,中國文化大學,學士班,341,22055.0,0.01546
109,大專校院,1006,中國文化大學,碩士班,6,2222.0,0.0027
109,大專校院,1007,逢甲大學,二專,0,,
109,大專校院,1007,逢甲大學,五專,0,,
109,大專校院,1007,逢甲大學,博士班,0,425.0,0.0
109,大專校院,1007,逢甲大學,學士班,68,18084.0,0.00376
109,大專校院,1007,逢甲大學,碩士班,3,2550.0,0.00118
109,大專校院,1008,靜宜大學,二專,0,,
109,大專校院,1008,靜宜大學,五專,0,,
109,大專校院,1008,靜宜大學,博士班,5,47.0,0.10638
109,大專校院,1008,靜宜大學,學士班,154,11050.0,0.01394
109,大專校院,1008,靜宜大學,碩士班,43,921.0,0.04669
109,大專校院,1009,長庚大學,二專,0,,
109,大專校院,1009,長庚大學,五專,0,,
109,大專校院,1009,長庚大學,博士班,1,443.0,0.00226
109,大專校院,1009,長庚大學,學士班,28,5099.0,0.00549
109,大專校院,1009,長庚大學,碩士班,13,1269.0,0.01024
109,大專校院,1010,元智大學,二專,0,,
109,大專校院,1010,元智大學,五專,0,,
109,大專校院,1010,元智大學,博士班,2,267.0,0.00749
109,大專校院,1010,元智大學,學士班,40,7092.0,0.00564
109,大專校院,1010,元智大學,碩士班,3,1380.0,0.00217
109,大專校院,1011,中華大學,二專,0,,
109,大專校院,1011,中華大學,五專,0,,
109,大專校院,1011,中華大學,博士班,0,72.0,0.0
109,大專校院,1011,中華大學,學士班,41,4414.0,0.00929
109,大專校院,1011,中華大學,碩士班,3,462.0,0.00649
109,大專校院,1012,大葉大學,二專,0,,
109,大專校院,1012,大葉大學,五專,0,,
109,大專校院,1012,大葉大學,博士班,2,121.0,0.01653
109,大專校院,1012,大葉大學,學士班,80,6851.0,0.01168
109,大專校院,1012,大葉大學,碩士班,17,798.0,0.0213
109,大專校院,1013,華梵大學,二專,0,,
109,大專校院,1013,華梵大學,五專,0,,
109,大專校院,1013,華梵大學,博士班,0,61.0,0.0
109,大專校院,1013,華梵大學,學士班,5,746.0,0.0067
109,大專校院,1013,華梵大學,碩士班,1,358.0,0.00279
109,大專校院,1014,義守大學,二專,0,,
109,大專校院,1014,義守大學,五專,0,,
109,大專校院,1014,義守大學,博士班,1,156.0,0.00641
109,大專校院,1014,義守大學,學士班,590,13476.0,0.04378
109,大專校院,1014,義守大學,碩士班,17,719.0,0.02364
109,大專校院,1015,世新大學,二專,0,,
109,大專校院,1015,世新大學,五專,0,,
109,大專校院,1015,世新大學,博士班,4,99.0,0.0404
109,大專校院,1015,世新大學,學士班,299,9903.0,0.03019
109,大專校院,1015,世新大學,碩士班,19,1221.0,0.01556
109,大專校院,1016,銘傳大學,二專,0,,
109,大專校院,1016,銘傳大學,五專,0,,
109,大專校院,1016,銘傳大學,博士班,0,77.0,0.0
109,大專校院,1016,銘傳大學,學士班,166,17052.0,0.00973
109,大專校院,1016,銘傳大學,碩士班,5,1485.0,0.00337
109,大專校院,1017,實踐大學,二專,0,,
109,大專校院,1017,實踐大學,五專,0,,
109,大專校院,1017,實踐大學,博士班,0,30.0,0.0
109,大專校院,1017,實踐大學,學士班,257,12666.0,0.02029
109,大專校院,1017,實踐大學,碩士班,3,520.0,0.00577
109,大專校院,1018,朝陽科技大學,二專,0,,
109,大專校院,1018,朝陽科技大學,五專,0,,
109,大專校院,1018,朝陽科技大學,博士班,2,107.0,0.01869
109,大專校院,1018,朝陽科技大學,學士班,175,13948.0,0.01255
109,大專校院,1018,朝陽科技大學,碩士班,13,995.0,0.01307
109,大專校院,1019,高雄醫學大學,二專,0,,
109,大專校院,1019,高雄醫學大學,五專,0,,
109,大專校院,1019,高雄醫學大學,博士班,1,330.0,0.00303
109,大專校院,1019,高雄醫學大學,學士班,85,5233.0,0.01624
109,大專校院,1019,高雄醫學大學,碩士班,11,927.0,0.01187
109,大專校院,1020,南華大學,二專,0,,
109,大專校院,1020,南華大學,五專,0,,
109,大專校院,1020,南華大學,博士班,0,57.0,0.0
109,大專校院,1020,南華大學,學士班,74,4645.0,0.01593
109,大專校院,1020,南華大學,碩士班,15,999.0,0.01502
109,大專校院,1021,真理大學,二專,0,,
109,大專校院,1021,真理大學,五專,0,,
109,大專校院,1021,真理大學,博士班,0,,
109,大專校院,1021,真理大學,學士班,91,5116.0,0.01779
109,大專校院,1021,真理大學,碩士班,1,139.0,0.00719
109,大專校院,1022,大同大學,二專,0,,
109,大專校院,1022,大同大學,五專,0,,
109,大專校院,1022,大同大學,博士班,0,110.0,0.0
109,大專校院,1022,大同大學,學士班,15,3545.0,0.00423
109,大專校院,1022,大同大學,碩士班,1,357.0,0.0028
109,大專校院,1023,南臺科技大學,二專,0,,
109,大專校院,1023,南臺科技大學,五專,3,250.0,0.012
109,大專校院,1023,南臺科技大學,博士班,0,97.0,0.0
109,大專校院,1023,南臺科技大學,學士班,153,16532.0,0.00925
109,大專校院,1023,南臺科技大學,碩士班,5,1145.0,0.00437
109,大專校院,1024,崑山科技大學,二專,1,35.0,0.02857
109,大專校院,1024,崑山科技大學,五專,0,,
109,大專校院,1024,崑山科技大學,博士班,0,36.0,0.0
109,大專校院,1024,崑山科技大學,學士班,95,10005.0,0.0095
109,大專校院,1024,崑山科技大學,碩士班,4,461.0,0.00868
109,大專校院,1025,嘉南藥理大學,二專,0,,
109,大專校院,1025,嘉南藥理大學,五專,0,3.0,0.0
109,大專校院,1025,嘉南藥理大學,博士班,0,,
109,大專校院,1025,嘉南藥理大學,學士班,182,11849.0,0.01536
109,大專校院,1025,嘉南藥理大學,碩士班,4,382.0,0.01047
109,大專校院,1026,樹德科技大學,二專,7,450.0,0.01556
109,大專校院,1026,樹德科技大學,五專,0,,
109,大專校院,1026,樹德科技大學,博士班,1,34.0,0.02941
109,大專校院,1026,樹德科技大學,學士班,225,9339.0,0.02409
109,大專校院,1026,樹德科技大學,碩士班,8,673.0,0.01189
109,大專校院,1027,慈濟大學,二專,0,,
109,大專校院,1027,慈濟大學,五專,0,,
109,大專校院,1027,慈濟大學,博士班,3,114.0,0.02632
109,大專校院,1027,慈濟大學,學士班,91,2896.0,0.03142
109,大專校院,1027,慈濟大學,碩士班,25,373.0,0.06702
109,大專校院,1028,臺北醫學大學,二專,0,,
109,大專校院,1028,臺北醫學大學,五專,0,,
109,大專校院,1028,臺北醫學大學,博士班,0,563.0,0.0
109,大專校院,1028,臺北醫學大學,學士班,40,4479.0,0.00893
109,大專校院,1028,臺北醫學大學,碩士班,0,951.0,0.0
109,大專校院,1029,中山醫學大學,二專,0,,
109,大專校院,1029,中山醫學大學,五專,0,,
109,大專校院,1029,中山醫學大學,博士班,0,180.0,0.0
109,大專校院,1029,中山醫學大學,學士班,150,5977.0,0.0251
109,大專校院,1029,中山醫學大學,碩士班,13,676.0,0.01923
109,大專校院,1030,龍華科技大學,二專,0,,
109,大專校院,1030,龍華科技大學,五專,5,555.0,0.00901
109,大專校院,1030,龍華科技大學,博士班,0,,
109,大專校院,1030,龍華科技大學,學士班,146,10649.0,0.01371
109,大專校院,1030,龍華科技大學,碩士班,4,402.0,0.00995
109,大專校院,1031,輔英科技大學,二專,0,,
109,大專校院,1031,輔英科技大學,五專,138,2751.0,0.05016
109,大專校院,1031,輔英科技大學,博士班,0,,
109,大專校院,1031,輔英科技大學,學士班,160,6778.0,0.02361
109,大專校院,1031,輔英科技大學,碩士班,3,262.0,0.01145
109,大專校院,1032,明新科技大學,二專,7,251.0,0.02789
109,大專校院,1032,明新科技大學,五專,0,,
109,大專校院,1032,明新科技大學,博士班,0,,
109,大專校院,1032,明新科技大學,學士班,245,11126.0,0.02202
109,大專校院,1032,明新科技大學,碩士班,17,509.0,0.0334
109,大專校院,1033,長榮大學,二專,0,,
109,大專校院,1033,長榮大學,五專,0,,
109,大專校院,1033,長榮大學,博士班,3,46.0,0.06522
109,大專校院,1033,長榮大學,學士班,143,7772.0,0.0184
109,大專校院,1033,長榮大學,碩士班,4,430.0,0.0093
109,大專校院,1034,弘光科技大學,二專,2,130.0,0.01538
109,大專校院,1034,弘光科技大學,五專,9,260.0,0.03462
109,大專校院,1034,弘光科技大學,博士班,0,14.0,0.0
109,大專校院,1034,弘光科技大學,學士班,176,12018.0,0.01464
109,大專校院,1034,弘光科技大學,碩士班,4,278.0,0.01439
109,大專校院,1035,中國醫藥大學,二專,0,,
109,大專校院,1035,中國醫藥大學,五專,0,,
109,大專校院,1035,中國醫藥大學,博士班,1,385.0,0.0026
109,大專校院,1035,中國醫藥大學,學士班,121,6242.0,0.01938
109,大專校院,1035,中國醫藥大學,碩士班,2,576.0,0.00347
109,大專校院,1036,健行科技大學,二專,0,,
109,大專校院,1036,健行科技大學,五專,0,1.0,0.0
109,大專校院,1036,健行科技大學,博士班,0,,
109,大專校院,1036,健行科技大學,學士班,314,10949.0,0.02868
109,大專校院,1036,健行科技大學,碩士班,10,329.0,0.0304
109,大專校院,1037,正修科技大學,二專,30,1123.0,0.02671
109,大專校院,1037,正修科技大學,五專,2,200.0,0.01
109,大專校院,1037,正修科技大學,博士班,0,13.0,0.0
109,大專校院,1037,正修科技大學,學士班,333,15590.0,0.02136
109,大專校院,1037,正修科技大學,碩士班,7,547.0,0.0128
109,大專校院,1038,萬能科技大學,二專,7,62.0,0.1129
109,大專校院,1038,萬能科技大學,五專,0,,
109,大專校院,1038,萬能科技大學,博士班,0,,
109,大專校院,1038,萬能科技大學,學士班,378,9371.0,0.04034
109,大專校院,1038,萬能科技大學,碩士班,7,258.0,0.02713
109,大專校院,1039,玄奘大學,二專,0,,
109,大專校院,1039,玄奘大學,五專,0,,
109,大專校院,1039,玄奘大學,博士班,0,2.0,0.0
109,大專校院,1039,玄奘大學,學士班,74,2017.0,0.03669
109,大專校院,1039,玄奘大學,碩士班,7,389.0,0.01799
109,大專校院,1040,建國科技大學,二專,1,120.0,0.00833
109,大專校院,1040,建國科技大學,五專,0,,
109,大專校院,1040,建國科技大學,博士班,0,,
109,大專校院,1040,建國科技大學,學士班,46,6349.0,0.00725
109,大專校院,1040,建國科技大學,碩士班,4,151.0,0.02649
109,大專校院,1041,明志科技大學,二專,0,,
109,大專校院,1041,明志科技大學,五專,0,,
109,大專校院,1041,明志科技大學,博士班,0,22.0,0.0
109,大專校院,1041,明志科技大學,學士班,36,3984.0,0.00904
109,大專校院,1041,明志科技大學,碩士班,4,486.0,0.00823
109,大專校院,1042,高苑科技大學,二專,3,201.0,0.01493
109,大專校院,1042,高苑科技大學,五專,0,,
109,大專校院,1042,高苑科技大學,博士班,0,,
109,大專校院,1042,高苑科技大學,學士班,74,3070.0,0.0241
109,大專校院,1042,高苑科技大學,碩士班,0,239.0,0.0
109,大專校院,1043,大仁科技大學,二專,22,100.0,0.22
109,大專校院,1043,大仁科技大學,五專,0,,
109,大專校院,1043,大仁科技大學,博士班,0,,
109,大專校院,1043,大仁科技大學,學士班,580,5059.0,0.11465
109,大專校院,1043,大仁科技大學,碩士班,33,230.0,0.14348
109,大專校院,1044,聖約翰科技大學,二專,1,59.0,0.01695
109,大專校院,1044,聖約翰科技大學,五專,7,252.0,0.02778
109,大專校院,1044,聖約翰科技大學,博士班,0,,
109,大專校院,1044,聖約翰科技大學,學士班,66,1873.0,0.03524
109,大專校院,1044,聖約翰科技大學,碩士班,5,207.0,0.02415
109,大專校院,1045,嶺東科技大學,二專,0,,
109,大專校院,1045,嶺東科技大學,五專,0,,
109,大專校院,1045,嶺東科技大學,博士班,0,,
109,大專校院,1045,嶺東科技大學,學士班,125,10089.0,0.01239
109,大專校院,1045,嶺東科技大學,碩士班,13,421.0,0.03088
109,大專校院,1046,中國科技大學,二專,13,473.0,0.02748
109,大專校院,1046,中國科技大學,五專,0,,
109,大專校院,1046,中國科技大學,博士班,0,,
109,大專校院,1046,中國科技大學,學士班,148,8114.0,0.01824
109,大專校院,1046,中國科技大學,碩士班,2,228.0,0.00877
109,大專校院,1047,中臺科技大學,二專,0,18.0,0.0
109,大專校院,1047,中臺科技大學,五專,0,,
109,大專校院,1047,中臺科技大學,博士班,0,15.0,0.0
109,大專校院,1047,中臺科技大學,學士班,136,7767.0,0.01751
109,大專校院,1047,中臺科技大學,碩士班,7,370.0,0.01892
109,大專校院,1048,亞洲大學,二專,0,,
109,大專校院,1048,亞洲大學,五專,0,,
109,大專校院,1048,亞洲大學,博士班,3,243.0,0.01235
109,大專校院,1048,亞洲大學,學士班,149,10162.0,0.01466
109,大專校院,1048,亞洲大學,碩士班,14,1016.0,0.01378
109,大專校院,1049,開南大學,二專,0,,
109,大專校院,1049,開南大學,五專,0,,
109,大專校院,1049,開南大學,博士班,0,,
109,大專校院,1049,開南大學,學士班,201,5032.0,0.03994
109,大專校院,1049,開南大學,碩士班,40,555.0,0.07207
109,大專校院,1050,佛光大學,二專,0,,
109,大專校院,1050,佛光大學,五專,0,,
109,大專校院,1050,佛光大學,博士班,1,62.0,0.01613
109,大專校院,1050,佛光大學,學士班,49,2825.0,0.01735
109,大專校院,1050,佛光大學,碩士班,20,571.0,0.03503
109,大專校院,1051,台南應用科技大學,二專,0,,
109,大專校院,1051,台南應用科技大學,五專,27,1002.0,0.02695
109,大專校院,1051,台南應用科技大學,博士班,0,,
109,大專校院,1051,台南應用科技大學,學士班,200,11160.0,0.01792
109,大專校院,1051,台南應用科技大學,碩士班,3,201.0,0.01493
109,大專校院,1052,遠東科技大學,二專,4,263.0,0.01521
109,大專校院,1052,遠東科技大學,五專,0,,
109,大專校院,1052,遠東科技大學,博士班,0,,
109,大專校院,1052,遠東科技大學,學士班,129,4144.0,0.03113
109,大專校院,1052,遠東科技大學,碩士班,3,317.0,0.00946
109,大專校院,1053,元培醫事科技大學,二專,1,7.0,0.14286
109,大專校院,1053,元培醫事科技大學,五專,0,,
109,大專校院,1053,元培醫事科技大學,博士班,0,1.0,0.0
109,大專校院,1053,元培醫事科技大學,學士班,134,5864.0,0.02285
109,大專校院,1053,元培醫事科技大學,碩士班,7,314.0,0.02229
109,大專校院,1054,景文科技大學,二專,5,154.0,0.03247
109,大專校院,1054,景文科技大學,五專,0,,
109,大專校院,1054,景文科技大學,博士班,0,,
109,大專校院,1054,景文科技大學,學士班,108,6416.0,0.01683
109,大專校院,1054,景文科技大學,碩士班,0,86.0,0.0
109,大專校院,1055,中華醫事科技大學,二專,1,79.0,0.01266
109,大專校院,1055,中華醫事科技大學,五專,64,3155.0,0.02029
109,大專校院,1055,中華醫事科技大學,博士班,0,,
109,大專校院,1055,中華醫事科技大學,學士班,73,5375.0,0.01358
109,大專校院,1055,中華醫事科技大學,碩士班,1,115.0,0.0087
109,大專校院,1056,東南科技大學,二專,0,,
109,大專校院,1056,東南科技大學,五專,0,,
109,大專校院,1056,東南科技大學,博士班,0,,
109,大專校院,1056,東南科技大學,學士班,146,4996.0,0.02922
109,大專校院,1056,東南科技大學,碩士班,2,172.0,0.01163
109,大專校院,1057,德明財經科技大學,二專,0,,
109,大專校院,1057,德明財經科技大學,五專,0,,
109,大專校院,1057,德明財經科技大學,博士班,0,,
109,大專校院,1057,德明財經科技大學,學士班,64,7313.0,0.00875
109,大專校院,1057,德明財經科技大學,碩士班,0,71.0,0.0
109,大專校院,1058,明道大學,二專,0,,
109,大專校院,1058,明道大學,五專,0,,
109,大專校院,1058,明道大學,博士班,0,28.0,0.0
109,大專校院,1058,明道大學,學士班,28,2283.0,0.01226
109,大專校院,1058,明道大學,碩士班,0,214.0,0.0
109,大專校院,1060,南開科技大學,二專,4,94.0,0.04255
109,大專校院,1060,南開科技大學,五專,6,545.0,0.01101
109,大專校院,1060,南開科技大學,博士班,0,,
109,大專校院,1060,南開科技大學,學士班,46,2959.0,0.01555
109,大專校院,1060,南開科技大學,碩士班,5,157.0,0.03185
109,大專校院,1061,中華科技大學,二專,5,156.0,0.03205
109,大專校院,1061,中華科技大學,五專,0,,
109,大專校院,1061,中華科技大學,博士班,0,,
109,大專校院,1061,中華科技大學,學士班,108,4265.0,0.02532
109,大專校院,1061,中華科技大學,碩士班,2,352.0,0.00568
109,大專校院,1062,僑光科技大學,二專,0,,
109,大專校院,1062,僑光科技大學,五專,0,,
109,大專校院,1062,僑光科技大學,博士班,0,,
109,大專校院,1062,僑光科技大學,學士班,124,10545.0,0.01176
109,大專校院,1062,僑光科技大學,碩士班,0,65.0,0.0
109,大專校院,1063,育達科技大學,二專,0,,
109,大專校院,1063,育達科技大學,五專,0,,
109,大專校院,1063,育達科技大學,博士班,0,,
109,大專校院,1063,育達科技大學,學士班,132,3589.0,0.03678
109,大專校院,1063,育達科技大學,碩士班,5,373.0,0.0134
109,大專校院,1064,美和科技大學,二專,24,134.0,0.1791
109,大專校院,1064,美和科技大學,五專,186,1789.0,0.10397
109,大專校院,1064,美和科技大學,博士班,0,,
109,大專校院,1064,美和科技大學,學士班,485,4063.0,0.11937
109,大專校院,1064,美和科技大學,碩士班,31,314.0,0.09873
109,大專校院,1065,吳鳳科技大學,二專,5,229.0,0.02183
109,大專校院,1065,吳鳳科技大學,五專,0,,
109,大專校院,1065,吳鳳科技大學,博士班,0,,
109,大專校院,1065,吳鳳科技大學,學士班,73,4721.0,0.01546
109,大專校院,1065,吳鳳科技大學,碩士班,0,108.0,0.0
109,大專校院,1066,環球科技大學,二專,39,224.0,0.17411
109,大專校院,1066,環球科技大學,五專,0,,
109,大專校院,1066,環球科技大學,博士班,0,,
109,大專校院,1066,環球科技大學,學士班,108,3209.0,0.03366
109,大專校院,1066,環球科技大學,碩士班,76,240.0,0.31667
109,大專校院,1067,台灣首府大學,二專,0,,
109,大專校院,1067,台灣首府大學,五專,0,,
109,大專校院,1067,台灣首府大學,博士班,0,,
109,大專校院,1067,台灣首府大學,學士班,29,1082.0,0.0268
109,大專校院,1067,台灣首府大學,碩士班,0,48.0,0.0
109,大專校院,1068,中州科技大學,二專,4,110.0,0.03636
109,大專校院,1068,中州科技大學,五專,0,,
109,大專校院,1068,中州科技大學,博士班,0,,
109,大專校院,1068,中州科技大學,學士班,33,2526.0,0.01306
109,大專校院,1068,中州科技大學,碩士班,0,32.0,0.0
109,大專校院,1069,修平科技大學,二專,3,25.0,0.12
109,大專校院,1069,修平科技大學,五專,0,,
109,大專校院,1069,修平科技大學,博士班,0,,
109,大專校院,1069,修平科技大學,學士班,60,4363.0,0.01375
109,大專校院,1069,修平科技大學,碩士班,1,81.0,0.01235
109,大專校院,1070,長庚科技大學,二專,0,,
109,大專校院,1070,長庚科技大學,五專,1,7.0,0.14286
109,大專校院,1070,長庚科技大學,博士班,0,,
109,大專校院,1070,長庚科技大學,學士班,97,6135.0,0.01581
109,大專校院,1070,長庚科技大學,碩士班,2,191.0,0.01047
109,大專校院,1071,臺北城市科技大學,二專,13,418.0,0.0311
109,大專校院,1071,臺北城市科技大學,五專,21,1056.0,0.01989
109,大專校院,1071,臺北城市科技大學,博士班,0,,
109,大專校院,1071,臺北城市科技大學,學士班,239,8295.0,0.02881
109,大專校院,1071,臺北城市科技大學,碩士班,5,89.0,0.05618
109,大專校院,1072,敏實科技大學,二專,0,,
109,大專校院,1072,敏實科技大學,五專,9,272.0,0.03309
109,大專校院,1072,敏實科技大學,博士班,0,,
109,大專校院,1072,敏實科技大學,學士班,25,497.0,0.0503
109,大專校院,1072,敏實科技大學,碩士班,0,2.0,0.0
109,大專校院,1073,醒吾科技大學,二專,5,218.0,0.02294
109,大專校院,1073,醒吾科技大學,五專,12,498.0,0.0241
109,大專校院,1073,醒吾科技大學,博士班,0,,
109,大專校院,1073,醒吾科技大學,學士班,362,7074.0,0.05117
109,大專校院,1073,醒吾科技大學,碩士班,17,153.0,0.11111
109,大專校院,1075,文藻外語大學,二專,0,,
109,大專校院,1075,文藻外語大學,五專,39,1607.0,0.02427
109,大專校院,1075,文藻外語大學,博士班,0,,
109,大專校院,1075,文藻外語大學,學士班,87,7158.0,0.01215
109,大專校院,1075,文藻外語大學,碩士班,0,247.0,0.0
109,大專校院,1076,華夏科技大學,二專,6,206.0,0.02913
109,大專校院,1076,華夏科技大學,五專,2,601.0,0.00333
109,大專校院,1076,華夏科技大學,博士班,0,,
109,大專校院,1076,華夏科技大學,學士班,53,3129.0,0.01694
109,大專校院,1076,華夏科技大學,碩士班,3,107.0,0.02804
109,大專校院,1077,慈濟科技大學,二專,0,32.0,0.0
109,大專校院,1077,慈濟科技大學,五專,579,1362.0,0.42511
109,大專校院,1077,慈濟科技大學,博士班,0,,
109,大專校院,1077,慈濟科技大學,學士班,234,1728.0,0.13542
109,大專校院,1077,慈濟科技大學,碩士班,8,41.0,0.19512
109,大專校院,1078,致理科技大學,二專,0,,
109,大專校院,1078,致理科技大學,五專,21,1580.0,0.01329
109,大專校院,1078,致理科技大學,博士班,0,,
109,大專校院,1078,致理科技大學,學士班,168,9901.0,0.01697
109,大專校院,1078,致理科技大學,碩士班,0,94.0,0.0
109,大專校院,1079,康寧大學,二專,5,179.0,0.02793
109,大專校院,1079,康寧大學,五專,46,2783.0,0.01653
109,大專校院,1079,康寧大學,博士班,0,,
109,大專校院,1079,康寧大學,學士班,9,453.0,0.01987
109,大專校院,1079,康寧大學,碩士班,3,50.0,0.06
109,大專校院,1080,宏國德霖科技大學,二專,4,57.0,0.07018
109,大專校院,1080,宏國德霖科技大學,五專,20,1158.0,0.01727
109,大專校院,1080,宏國德霖科技大學,博士班,0,,
109,大專校院,1080,宏國德霖科技大學,學士班,93,4142.0,0.02245
109,大專校院,1080,宏國德霖科技大學,碩士班,0,13.0,0.0
109,大專校院,1081,東方設計大學,二專,7,132.0,0.05303
109,大專校院,1081,東方設計大學,五專,15,715.0,0.02098
109,大專校院,1081,東方設計大學,博士班,0,32.0,0.0
109,大專校院,1081,東方設計大學,學士班,23,1067.0,0.02156
109,大專校院,1081,東方設計大學,碩士班,4,126.0,0.03175
109,大專校院,1082,崇右影藝科技大學,二專,84,333.0,0.25225
109,大專校院,1082,崇右影藝科技大學,五專,3,36.0,0.08333
109,大專校院,1082,崇右影藝科技大學,博士班,0,,
109,大專校院,1082,崇右影藝科技大學,學士班,247,2160.0,0.11435
109,大專校院,1082,崇右影藝科技大學,碩士班,3,80.0,0.0375
109,大專校院,1083,台北海洋科技大學,二專,5,171.0,0.02924
109,大專校院,1083,台北海洋科技大學,五專,31,846.0,0.03664
109,大專校院,1083,台北海洋科技大學,博士班,0,,
109,大專校院,1083,台北海洋科技大學,學士班,104,3028.0,0.03435
109,大專校院,1083,台北海洋科技大學,碩士班,4,147.0,0.02721
109,大專校院,1125,中信金融管理學院,二專,0,,
109,大專校院,1125,中信金融管理學院,五專,0,,
109,大專校院,1125,中信金融管理學院,博士班,0,,
109,大專校院,1125,中信金融管理學院,學士班,37,694.0,0.05331
109,大專校院,1125,中信金融管理學院,碩士班,0,131.0,0.0
109,大專校院,1148,大漢技術學院,二專,62,129.0,0.48062
109,大專校院,1148,大漢技術學院,五專,0,,
109,大專校院,1148,大漢技術學院,博士班,0,,
109,大專校院,1148,大漢技術學院,學士班,346,789.0,0.43853
109,大專校院,1148,大漢技術學院,碩士班,19,81.0,0.23457
109,大專校院,1159,和春技術學院,二專,7,140.0,0.05
109,大專校院,1159,和春技術學院,五專,0,80.0,0.0
109,大專校院,1159,和春技術學院,博士班,0,,
109,大專校院,1159,和春技術學院,學士班,36,465.0,0.07742
109,大專校院,1159,和春技術學院,碩士班,0,3.0,0.0
109,大專校院,1166,亞東技術學院,二專,0,,
109,大專校院,1166,亞東技術學院,五專,0,,
109,大專校院,1166,亞東技術學院,博士班,0,,
109,大專校院,1166,亞東技術學院,學士班,42,4338.0,0.00968
109,大專校院,1166,亞東技術學院,碩士班,0,50.0,0.0
109,大專校院,1168,南亞技術學院,二專,4,60.0,0.06667
109,大專校院,1168,南亞技術學院,五專,10,263.0,0.03802
109,大專校院,1168,南亞技術學院,博士班,0,,
109,大專校院,1168,南亞技術學院,學士班,204,3027.0,0.06739
109,大專校院,1168,南亞技術學院,碩士班,1,13.0,0.07692
109,大專校院,1176,稻江科技暨管理學院,二專,0,,
109,大專校院,1176,稻江科技暨管理學院,五專,0,,
109,大專校院,1176,稻江科技暨管理學院,博士班,0,,
109,大專校院,1176,稻江科技暨管理學院,學士班,5,244.0,0.02049
109,大專校院,1176,稻江科技暨管理學院,碩士班,0,32.0,0.0
109,大專校院,1182,蘭陽技術學院,二專,2,5.0,0.4
109,大專校院,1182,蘭陽技術學院,五專,12,216.0,0.05556
109,大專校院,1182,蘭陽技術學院,博士班,0,,
109,大專校院,1182,蘭陽技術學院,學士班,38,292.0,0.13014
109,大專校院,1182,蘭陽技術學院,碩士班,0,,
109,大專校院,1183,黎明技術學院,二專,0,,
109,大專校院,1183,黎明技術學院,五專,2,423.0,0.00473
109,大專校院,1183,黎明技術學院,博士班,0,,
109,大專校院,1183,黎明技術學院,學士班,174,4768.0,0.03649
109,大專校院,1183,黎明技術學院,碩士班,0,,
109,大專校院,1185,經國管理暨健康學院,二專,15,215.0,0.06977
109,大專校院,1185,經國管理暨健康學院,五專,42,1064.0,0.03947
109,大專校院,1185,經國管理暨健康學院,博士班,0,,
109,大專校院,1185,經國管理暨健康學院,學士班,95,2855.0,0.03327
109,大專校院,1185,經國管理暨健康學院,碩士班,4,87.0,0.04598
109,大專校院,1188,大同技術學院,二專,0,62.0,0.0
109,大專校院,1188,大同技術學院,五專,5,89.0,0.05618
109,大專校院,1188,大同技術學院,博士班,0,,
109,大專校院,1188,大同技術學院,學士班,57,986.0,0.05781
109,大專校院,1188,大同技術學院,碩士班,0,,
109,大專校院,1192,臺灣觀光學院,二專,9,34.0,0.26471
109,大專校院,1192,臺灣觀光學院,五專,18,55.0,0.32727
109,大專校院,1192,臺灣觀光學院,博士班,0,,
109,大專校院,1192,臺灣觀光學院,學士班,42,163.0,0.25767
109,大專校院,1192,臺灣觀光學院,碩士班,2,16.0,0.125
109,大專校院,1195,馬偕醫學院,二專,0,,
109,大專校院,1195,馬偕醫學院,五專,0,,
109,大專校院,1195,馬偕醫學院,博士班,0,5.0,0.0
109,大專校院,1195,馬偕醫學院,學士班,23,730.0,0.03151
109,大專校院,1195,馬偕醫學院,碩士班,0,81.0,0.0
109,大專校院,1282,馬偕醫護管理專科學校,二專,8,254.0,0.0315
109,大專校院,1282,馬偕醫護管理專科學校,五專,278,3852.0,0.07217
109,大專校院,1282,馬偕醫護管理專科學校,博士班,0,,
109,大專校院,1282,馬偕醫護管理專科學校,學士班,0,,
109,大專校院,1282,馬偕醫護管理專科學校,碩士班,0,,
109,大專校院,1283,仁德醫護管理專科學校,二專,10,398.0,0.02513
109,大專校院,1283,仁德醫護管理專科學校,五專,268,6117.0,0.04381
109,大專校院,1283,仁德醫護管理專科學校,博士班,0,,
109,大專校院,1283,仁德醫護管理專科學校,學士班,0,,
109,大專校院,1283,仁德醫護管理專科學校,碩士班,0,,
109,大專校院,1284,樹人醫護管理專科學校,二專,9,552.0,0.0163
109,大專校院,1284,樹人醫護管理專科學校,五專,258,6727.0,0.03835
109,大專校院,1284,樹人醫護管理專科學校,博士班,0,,
109,大專校院,1284,樹人醫護管理專科學校,學士班,0,,
109,大專校院,1284,樹人醫護管理專科學校,碩士班,0,,
109,大專校院,1285,慈惠醫護管理專科學校,二專,58,363.0,0.15978
109,大專校院,1285,慈惠醫護管理專科學校,五專,443,3614.0,0.12258
109,大專校院,1285,慈惠醫護管理專科學校,博士班,0,,
109,大專校院,1285,慈惠醫護管理專科學校,學士班,0,,
109,大專校院,1285,慈惠醫護管理專科學校,碩士班,0,,
109,大專校院,1286,耕莘健康管理專科學校,二專,4,124.0,0.03226
109,大專校院,1286,耕莘健康管理專科學校,五專,186,4574.0,0.04066
109,大專校院,1286,耕莘健康管理專科學校,博士班,0,,
109,大專校院,1286,耕莘健康管理專科學校,學士班,0,,
109,大專校院,1286,耕莘健康管理專科學校,碩士班,0,,
109,大專校院,1287,敏惠醫護管理專科學校,二專,1,33.0,0.0303
109,大專校院,1287,敏惠醫護管理專科學校,五專,76,3903.0,0.01947
109,大專校院,1287,敏惠醫護管理專科學校,博士班,0,,
109,大專校院,1287,敏惠醫護管理專科學校,學士班,0,,
109,大專校院,1287,敏惠醫護管理專科學校,碩士班,0,,
109,大專校院,1289,育英醫護管理專科學校,二專,0,,
109,大專校院,1289,育英醫護管理專科學校,五專,62,1991.0,0.03114
109,大專校院,1289,育英醫護管理專科學校,博士班,0,,
109,大專校院,1289,育英醫護管理專科學校,學士班,0,,
109,大專校院,1289,育英醫護管理專科學校,碩士班,0,,
109,大專校院,1291,聖母醫護管理專科學校,二專,1,77.0,0.01299
109,大專校院,1291,聖母醫護管理專科學校,五專,226,2150.0,0.10512
109,大專校院,1291,聖母醫護管理專科學校,博士班,0,,
109,大專校院,1291,聖母醫護管理專科學校,學士班,0,,
109,大專校院,1291,聖母醫護管理專科學校,碩士班,0,,
109,大專校院,1292,新生醫護管理專科學校,二專,11,60.0,0.18333
109,大專校院,1292,新生醫護管理專科學校,五專,579,6004.0,0.09644
109,大專校院,1292,新生醫護管理專科學校,博士班,0,,
109,大專校院,1292,新生醫護管理專科學校,學士班,0,,
109,大專校院,1292,新生醫護管理專科學校,碩士班,0,,
109,大專校院,1293,崇仁醫護管理專科學校,二專,0,,
109,大專校院,1293,崇仁醫護管理專科學校,五專,38,3293.0,0.01154
109,大專校院,1293,崇仁醫護管理專科學校,博士班,0,,
109,大專校院,1293,崇仁醫護管理專科學校,學士班,0,,
109,大專校院,1293,崇仁醫護管理專科學校,碩士班,0,,
109,空大及進修學校,1A01,高苑科技大學附設進修專校,二專,0,,
109,空大及進修學校,1A01,高苑科技大學附設進修專校,五專,0,,
109,空大及進修學校,1A01,高苑科技大學附設進修專校,博士班,0,,
109,空大及進修學校,1A01,高苑科技大學附設進修專校,學士班,0,,
109,空大及進修學校,1A01,高苑科技大學附設進修專校,碩士班,0,,
109,空大及進修學校,1A03,環球科技大學附設進修專校,二專,0,,
109,空大及進修學校,1A03,環球科技大學附設進修專校,五專,0,,
109,空大及進修學校,1A03,環球科技大學附設進修專校,博士班,0,,
109,空大及進修學校,1A03,環球科技大學附設進修專校,學士班,0,,
109,空大及進修學校,1A03,環球科技大學附設進修專校,碩士班,0,,
109,空大及進修學校,1A07,美和科技大學附設進修專校,二專,0,,
109,空大及進修學校,1A07,美和科技大學附設進修專校,五專,0,,
109,空大及進修學校,1A07,美和科技大學附設進修專校,博士班,0,,
109,空大及進修學校,1A07,美和科技大學附設進修專校,學士班,0,,
109,空大及進修學校,1A07,美和科技大學附設進修專校,碩士班,0,,
109,空大及進修學校,1A09,東方設計大學附設進修專校,二專,0,,
109,空大及進修學校,1A09,東方設計大學附設進修專校,五專,0,,
109,空大及進修學校,1A09,東方設計大學附設進修專校,博士班,0,,
109,空大及進修學校,1A09,東方設計大學附設進修專校,學士班,0,,
109,空大及進修學校,1A09,東方設計大學附設進修專校,碩士班,0,,
109,空大及進修學校,1A10,遠東科技大學附設進修專校,二專,0,,
109,空大及進修學校,1A10,遠東科技大學附設進修專校,五專,0,,
109,空大及進修學校,1A10,遠東科技大學附設進修專校,博士班,0,,
109,空大及進修學校,1A10,遠東科技大學附設進修專校,學士班,0,,
109,空大及進修學校,1A10,遠東科技大學附設進修專校,碩士班,0,,
109,空大及進修學校,1A11,吳鳳科技大學附設進修專校,二專,0,,
109,空大及進修學校,1A11,吳鳳科技大學附設進修專校,五專,0,,
109,空大及進修學校,1A11,吳鳳科技大學附設進修專校,博士班,0,,
109,空大及進修學校,1A11,吳鳳科技大學附設進修專校,學士班,0,,
109,空大及進修學校,1A11,吳鳳科技大學附設進修專校,碩士班,0,,
109,空大及進修學校,1A14,醒吾科技大學附設進修專校,二專,0,,
109,空大及進修學校,1A14,醒吾科技大學附設進修專校,五專,0,,
109,空大及進修學校,1A14,醒吾科技大學附設進修專校,博士班,0,,
109,空大及進修學校,1A14,醒吾科技大學附設進修專校,學士班,0,,
109,空大及進修學校,1A14,醒吾科技大學附設進修專校,碩士班,0,,
109,空大及進修學校,1A15,蘭陽技術學院附設進修專校,二專,0,,
109,空大及進修學校,1A15,蘭陽技術學院附設進修專校,五專,0,,
109,空大及進修學校,1A15,蘭陽技術學院附設進修專校,博士班,0,,
109,空大及進修學校,1A15,蘭陽技術學院附設進修專校,學士班,0,,
109,空大及進修學校,1A15,蘭陽技術學院附設進修專校,碩士班,0,,
109,空大及進修學校,1A16,修平科技大學附設進修專校,二專,0,,
109,空大及進修學校,1A16,修平科技大學附設進修專校,五專,0,,
109,空大及進修學校,1A16,修平科技大學附設進修專校,博士班,0,,
109,空大及進修學校,1A16,修平科技大學附設進修專校,學士班,0,,
109,空大及進修學校,1A16,修平科技大學附設進修專校,碩士班,0,,
109,空大及進修學校,1A20,中國科技大學附設進修專校,二專,0,,
109,空大及進修學校,1A20,中國科技大學附設進修專校,五專,0,,
109,空大及進修學校,1A20,中國科技大學附設進修專校,博士班,0,,
109,空大及進修學校,1A20,中國科技大學附設進修專校,學士班,0,,
109,空大及進修學校,1A20,中國科技大學附設進修專校,碩士班,0,,
109,空大及進修學校,1A21,中華科技大學附設進修專校,二專,0,,
109,空大及進修學校,1A21,中華科技大學附設進修專校,五專,0,,
109,空大及進修學校,1A21,中華科技大學附設進修專校,博士班,0,,
109,空大及進修學校,1A21,中華科技大學附設進修專校,學士班,0,,
109,空大及進修學校,1A21,中華科技大學附設進修專校,碩士班,0,,
109,空大及進修學校,1A22,正修科技大學附設進修專校,二專,0,,
109,空大及進修學校,1A22,正修科技大學附設進修專校,五專,0,,
109,空大及進修學校,1A22,正修科技大學附設進修專校,博士班,0,,
109,空大及進修學校,1A22,正修科技大學附設進修專校,學士班,0,,
109,空大及進修學校,1A22,正修科技大學附設進修專校,碩士班,0,,
109,空大及進修學校,1A28,南亞技術學院附設進修專校,二專,0,,
109,空大及進修學校,1A28,南亞技術學院附設進修專校,五專,0,,
109,空大及進修學校,1A28,南亞技術學院附設進修專校,博士班,0,,
109,空大及進修學校,1A28,南亞技術學院附設進修專校,學士班,0,,
109,空大及進修學校,1A28,南亞技術學院附設進修專校,碩士班,0,,
109,空大及進修學校,1A31,大仁科技大學附設進修專校,二專,0,,
109,空大及進修學校,1A31,大仁科技大學附設進修專校,五專,0,,
109,空大及進修學校,1A31,大仁科技大學附設進修專校,博士班,0,,
109,空大及進修學校,1A31,大仁科技大學附設進修專校,學士班,0,,
109,空大及進修學校,1A31,大仁科技大學附設進修專校,碩士班,0,,
109,空大及進修學校,1A33,崇右影藝科技大學附設進修專校,二專,0,,
109,空大及進修學校,1A33,崇右影藝科技大學附設進修專校,五專,0,,
109,空大及進修學校,1A33,崇右影藝科技大學附設進修專校,博士班,0,,
109,空大及進修學校,1A33,崇右影藝科技大學附設進修專校,學士班,0,,
109,空大及進修學校,1A33,崇右影藝科技大學附設進修專校,碩士班,0,,
109,空大及進修學校,1A36,經國管理暨健康學院附設進修專校,二專,0,,
109,空大及進修學校,1A36,經國管理暨健康學院附設進修專校,五專,0,,
109,空大及進修學校,1A36,經國管理暨健康學院附設進修專校,博士班,0,,
109,空大及進修學校,1A36,經國管理暨健康學院附設進修專校,學士班,0,,
109,空大及進修學校,1A36,經國管理暨健康學院附設進修專校,碩士班,0,,
109,空大及進修學校,1A41,高苑科技大學附設進修學院,二專,0,,
109,空大及進修學校,1A41,高苑科技大學附設進修學院,五專,0,,
109,空大及進修學校,1A41,高苑科技大學附設進修學院,博士班,0,,
109,空大及進修學校,1A41,高苑科技大學附設進修學院,學士班,0,,
109,空大及進修學校,1A41,高苑科技大學附設進修學院,碩士班,0,,
109,空大及進修學校,1A42,建國科技大學附設進修學院,二專,0,,
109,空大及進修學校,1A42,建國科技大學附設進修學院,五專,0,,
109,空大及進修學校,1A42,建國科技大學附設進修學院,博士班,0,,
109,空大及進修學校,1A42,建國科技大學附設進修學院,學士班,0,,
109,空大及進修學校,1A42,建國科技大學附設進修學院,碩士班,0,,
109,空大及進修學校,1A49,德明財經科技大學附設進修學院,二專,0,,
109,空大及進修學校,1A49,德明財經科技大學附設進修學院,五專,0,,
109,空大及進修學校,1A49,德明財經科技大學附設進修學院,博士班,0,,
109,空大及進修學校,1A49,德明財經科技大學附設進修學院,學士班,1,,
109,空大及進修學校,1A49,德明財經科技大學附設進修學院,碩士班,0,,
109,空大及進修學校,1A50,中國科技大學附設進修學院,二專,0,,
109,空大及進修學校,1A50,中國科技大學附設進修學院,五專,0,,
109,空大及進修學校,1A50,中國科技大學附設進修學院,博士班,0,,
109,空大及進修學校,1A50,中國科技大學附設進修學院,學士班,6,,
109,空大及進修學校,1A50,中國科技大學附設進修學院,碩士班,0,,
109,空大及進修學校,1A52,醒吾科技大學附設進修學院,二專,0,,
109,空大及進修學校,1A52,醒吾科技大學附設進修學院,五專,0,,
109,空大及進修學校,1A52,醒吾科技大學附設進修學院,博士班,0,,
109,空大及進修學校,1A52,醒吾科技大學附設進修學院,學士班,0,,
109,空大及進修學校,1A52,醒吾科技大學附設進修學院,碩士班,0,,
109,空大及進修學校,1A54,南亞技術學院附設進修學院,二專,0,,
109,空大及進修學校,1A54,南亞技術學院附設進修學院,五專,0,,
109,空大及進修學校,1A54,南亞技術學院附設進修學院,博士班,0,,
109,空大及進修學校,1A54,南亞技術學院附設進修學院,學士班,0,,
109,空大及進修學校,1A54,南亞技術學院附設進修學院,碩士班,0,,
109,空大及進修學校,1A56,明新科技大學附設進修學院,二專,0,,
109,空大及進修學校,1A56,明新科技大學附設進修學院,五專,0,,
109,空大及進修學校,1A56,明新科技大學附設進修學院,博士班,0,,
109,空大及進修學校,1A56,明新科技大學附設進修學院,學士班,0,,
109,空大及進修學校,1A56,明新科技大學附設進修學院,碩士班,0,,
109,空大及進修學校,1A57,修平科技大學附設進修學院,二專,0,,
109,空大及進修學校,1A57,修平科技大學附設進修學院,五專,0,,
109,空大及進修學校,1A57,修平科技大學附設進修學院,博士班,0,,
109,空大及進修學校,1A57,修平科技大學附設進修學院,學士班,22,,
109,空大及進修學校,1A57,修平科技大學附設進修學院,碩士班,0,,
109,空大及進修學校,1A58,環球科技大學附設進修學院,二專,0,,
109,空大及進修學校,1A58,環球科技大學附設進修學院,五專,0,,
109,空大及進修學校,1A58,環球科技大學附設進修學院,博士班,0,,
109,空大及進修學校,1A58,環球科技大學附設進修學院,學士班,0,,
109,空大及進修學校,1A58,環球科技大學附設進修學院,碩士班,0,,
109,空大及進修學校,1A62,美和科技大學附設進修學院,二專,0,,
109,空大及進修學校,1A62,美和科技大學附設進修學院,五專,0,,
109,空大及進修學校,1A62,美和科技大學附設進修學院,博士班,0,,
109,空大及進修學校,1A62,美和科技大學附設進修學院,學士班,63,,
109,空大及進修學校,1A62,美和科技大學附設進修學院,碩士班,0,,
109,空大及進修學校,1A64,蘭陽技術學院附設進修學院,二專,0,,
109,空大及進修學校,1A64,蘭陽技術學院附設進修學院,五專,0,,
109,空大及進修學校,1A64,蘭陽技術學院附設進修學院,博士班,0,,
109,空大及進修學校,1A64,蘭陽技術學院附設進修學院,學士班,21,,
109,空大及進修學校,1A64,蘭陽技術學院附設進修學院,碩士班,0,,
109,空大及進修學校,1A65,經國管理暨健康學院附設進修學院,二專,0,,
109,空大及進修學校,1A65,經國管理暨健康學院附設進修學院,五專,0,,
109,空大及進修學校,1A65,經國管理暨健康學院附設進修學院,博士班,0,,
109,空大及進修學校,1A65,經國管理暨健康學院附設進修學院,學士班,0,,
109,空大及進修學校,1A65,經國管理暨健康學院附設進修學院,碩士班,0,,
109,空大及進修學校,1A67,崇右影藝科技大學附設進修學院,二專,0,,
109,空大及進修學校,1A67,崇右影藝科技大學附設進修學院,五專,0,,
109,空大及進修學校,1A67,崇右影藝科技大學附設進修學院,博士班,0,,
109,空大及進修學校,1A67,崇右影藝科技大學附設進修學院,學士班,0,,
109,空大及進修學校,1A67,崇右影藝科技大學附設進修學院,碩士班,0,,
109,空大及進修學校,1A68,南開科技大學附設進修學院,二專,0,,
109,空大及進修學校,1A68,南開科技大學附設進修學院,五專,0,,
109,空大及進修學校,1A68,南開科技大學附設進修學院,博士班,0,,
109,空大及進修學校,1A68,南開科技大學附設進修學院,學士班,0,,
109,空大及進修學校,1A68,南開科技大學附設進修學院,碩士班,0,,
109,空大及進修學校,1A75,元培醫事科技大學附設進修專校,二專,0,,
109,空大及進修學校,1A75,元培醫事科技大學附設進修專校,五專,0,,
109,空大及進修學校,1A75,元培醫事科技大學附設進修專校,博士班,0,,
109,空大及進修學校,1A75,元培醫事科技大學附設進修專校,學士班,0,,
109,空大及進修學校,1A75,元培醫事科技大學附設進修專校,碩士班,0,,
109,空大及進修學校,1A76,東方設計大學附設進修學院,二專,0,,
109,空大及進修學校,1A76,東方設計大學附設進修學院,五專,0,,
109,空大及進修學校,1A76,東方設計大學附設進修學院,博士班,0,,
109,空大及進修學校,1A76,東方設計大學附設進修學院,學士班,0,,
109,空大及進修學校,1A76,東方設計大學附設進修學院,碩士班,0,,
109,空大及進修學校,1A78,華夏科技大學附設進修專校,二專,0,,
109,空大及進修學校,1A78,華夏科技大學附設進修專校,五專,0,,
109,空大及進修學校,1A78,華夏科技大學附設進修專校,博士班,0,,
109,空大及進修學校,1A78,華夏科技大學附設進修專校,學士班,0,,
109,空大及進修學校,1A78,華夏科技大學附設進修專校,碩士班,0,,
109,空大及進修學校,1A79,樹德科技大學附設進修專校,二專,0,,
109,空大及進修學校,1A79,樹德科技大學附設進修專校,五專,0,,
109,空大及進修學校,1A79,樹德科技大學附設進修專校,博士班,0,,
109,空大及進修學校,1A79,樹德科技大學附設進修專校,學士班,0,,
109,空大及進修學校,1A79,樹德科技大學附設進修專校,碩士班,0,,
109,空大及進修學校,1A82,慈濟科技大學附設進修學院,二專,0,,
109,空大及進修學校,1A82,慈濟科技大學附設進修學院,五專,0,,
109,空大及進修學校,1A82,慈濟科技大學附設進修學院,博士班,0,,
109,空大及進修學校,1A82,慈濟科技大學附設進修學院,學士班,0,,
109,空大及進修學校,1A82,慈濟科技大學附設進修學院,碩士班,0,,
109,宗教研修學院,1R02,基督教台灣浸會神學院,二專,0,,
109,宗教研修學院,1R02,基督教台灣浸會神學院,五專,0,,
109,宗教研修學院,1R02,基督教台灣浸會神學院,博士班,0,,
109,宗教研修學院,1R02,基督教台灣浸會神學院,學士班,0,,
109,宗教研修學院,1R02,基督教台灣浸會神學院,碩士班,3,,
109,宗教研修學院,1R03,臺北基督學院,二專,0,,
109,宗教研修學院,1R03,臺北基督學院,五專,0,,
109,宗教研修學院,1R03,臺北基督學院,博士班,0,,
109,宗教研修學院,1R03,臺北基督學院,學士班,13,,
109,宗教研修學院,1R03,臺北基督學院,碩士班,0,,
109,宗教研修學院,1R05,台灣神學研究學院,二專,0,,
109,宗教研修學院,1R05,台灣神學研究學院,五專,0,,
109,宗教研修學院,1R05,台灣神學研究學院,博士班,0,,
109,宗教研修學院,1R05,台灣神學研究學院,學士班,0,,
109,宗教研修學院,1R05,台灣神學研究學院,碩士班,13,,
109,宗教研修學院,1R07,台灣基督長老教會南神神學院,二專,0,,
109,宗教研修學院,1R07,台灣基督長老教會南神神學院,五專,0,,
109,宗教研修學院,1R07,台灣基督長老教會南神神學院,博士班,0,,
109,宗教研修學院,1R07,台灣基督長老教會南神神學院,學士班,0,,
109,宗教研修學院,1R07,台灣基督長老教會南神神學院,碩士班,9,,
109,大專校院,3002,臺北市立大學,二專,0,,
109,大專校院,3002,臺北市立大學,五專,0,,
109,大專校院,3002,臺北市立大學,博士班,0,225.0,0.0
109,大專校院,3002,臺北市立大學,學士班,329,5351.0,0.06148
109,大專校院,3002,臺北市立大學,碩士班,56,2410.0,0.02324
109,空大及進修學校,3A01,高雄市立空中大學,二專,0,,
109,空大及進修學校,3A01,高雄市立空中大學,五專,0,,
109,空大及進修學校,3A01,高雄市立空中大學,博士班,0,,
109,空大及進修學校,3A01,高雄市立空中大學,學士班,80,,
109,空大及進修學校,3A01,高雄市立空中大學,碩士班,0,,
110,大專校院,0001,國立政治大學,二專,0,,
110,大專校院,0001,國立政治大學,五專,0,,
110,大專校院,0001,國立政治大學,博士班,5,948.0,0.00527
110,大專校院,0001,國立政治大學,學士班,138,9556.0,0.01444
110,大專校院,0001,國立政治大學,碩士班,62,5606.0,0.01106
110,大專校院,0002,國立清華大學,二專,0,,
110,大專校院,0002,國立清華大學,五專,0,,
110,大專校院,0002,國立清華大學,博士班,13,1663.0,0.00782
110,大專校院,0002,國立清華大學,學士班,83,8889.0,0.00934
110,大專校院,0002,國立清華大學,碩士班,64,6936.0,0.00923
110,大專校院,0003,國立臺灣大學,二專,0,,
110,大專校院,0003,國立臺灣大學,五專,0,,
110,大專校院,0003,國立臺灣大學,博士班,11,3666.0,0.003
110,大專校院,0003,國立臺灣大學,學士班,268,16906.0,0.01585
110,大專校院,0003,國立臺灣大學,碩士班,49,12351.0,0.00397
110,大專校院,0004,國立臺灣師範大學,二專,0,,
110,大專校院,0004,國立臺灣師範大學,五專,0,,
110,大專校院,0004,國立臺灣師範大學,博士班,17,1358.0,0.01252
110,大專校院,0004,國立臺灣師範大學,學士班,214,8313.0,0.02574
110,大專校院,0004,國立臺灣師範大學,碩士班,57,6493.0,0.00878
110,大專校院,0005,國立成功大學,二專,0,,
110,大專校院,0005,國立成功大學,五專,0,,
110,大專校院,0005,國立成功大學,博士班,5,1872.0,0.00267
110,大專校院,0005,國立成功大學,學士班,146,11758.0,0.01242
110,大專校院,0005,國立成功大學,碩士班,32,8776.0,0.00365
110,大專校院,0006,國立中興大學,二專,0,,
110,大專校院,0006,國立中興大學,五專,0,,
110,大專校院,0006,國立中興大學,博士班,5,966.0,0.00518
110,大專校院,0006,國立中興大學,學士班,132,9005.0,0.01466
110,大專校院,0006,國立中興大學,碩士班,10,5183.0,0.00193
110,大專校院,0007,國立陽明交通大學,二專,0,,
110,大專校院,0007,國立陽明交通大學,五專,0,,
110,大專校院,0007,國立陽明交通大學,博士班,11,2653.0,0.00415
110,大專校院,0007,國立陽明交通大學,學士班,68,8431.0,0.00807
110,大專校院,0007,國立陽明交通大學,碩士班,32,9328.0,0.00343
110,大專校院,0008,國立中央大學,二專,0,,
110,大專校院,0008,國立中央大學,五專,0,,
110,大專校院,0008,國立中央大學,博士班,2,1007.0,0.00199
110,大專校院,0008,國立中央大學,學士班,44,6068.0,0.00725
110,大專校院,0008,國立中央大學,碩士班,21,5053.0,0.00416
110,大專校院,0009,國立中山大學,二專,0,,
110,大專校院,0009,國立中山大學,五專,0,,
110,大專校院,0009,國立中山大學,博士班,0,823.0,0.0
110,大專校院,0009,國立中山大學,學士班,39,4804.0,0.00812
110,大專校院,0009,國立中山大學,碩士班,49,4270.0,0.01148
110,大專校院,0012,國立臺灣海洋大學,二專,0,,
110,大專校院,0012,國立臺灣海洋大學,五專,0,,
110,大專校院,0012,國立臺灣海洋大學,博士班,3,330.0,0.00909
110,大專校院,0012,國立臺灣海洋大學,學士班,101,6661.0,0.01516
110,大專校院,0012,國立臺灣海洋大學,碩士班,11,2077.0,0.0053
110,大專校院,0013,國立中正大學,二專,0,,
110,大專校院,0013,國立中正大學,五專,0,,
110,大專校院,0013,國立中正大學,博士班,2,549.0,0.00364
110,大專校院,0013,國立中正大學,學士班,74,6414.0,0.01154
110,大專校院,0013,國立中正大學,碩士班,36,4249.0,0.00847
110,大專校院,0014,國立高雄師範大學,二專,0,,
110,大專校院,0014,國立高雄師範大學,五專,0,,
110,大專校院,0014,國立高雄師範大學,博士班,10,458.0,0.02183
110,大專校院,0014,國立高雄師範大學,學士班,382,3793.0,0.10071
110,大專校院,0014,國立高雄師範大學,碩士班,72,2896.0,0.02486
110,大專校院,0015,國立彰化師範大學,二專,0,,
110,大專校院,0015,國立彰化師範大學,五專,0,,
110,大專校院,0015,國立彰化師範大學,博士班,1,506.0,0.00198
110,大專校院,0015,國立彰化師範大學,學士班,108,4942.0,0.02185
110,大專校院,0015,國立彰化師範大學,碩士班,29,3011.0,0.00963
110,大專校院,0017,國立臺北大學,二專,0,,
110,大專校院,0017,國立臺北大學,五專,0,,
110,大專校院,0017,國立臺北大學,博士班,1,212.0,0.00472
110,大專校院,0017,國立臺北大學,學士班,106,8025.0,0.01321
110,大專校院,0017,國立臺北大學,碩士班,10,1999.0,0.005
110,大專校院,0018,國立嘉義大學,二專,0,,
110,大專校院,0018,國立嘉義大學,五專,0,,
110,大專校院,0018,國立嘉義大學,博士班,2,195.0,0.01026
110,大專校院,0018,國立嘉義大學,學士班,149,9403.0,0.01585
110,大專校院,0018,國立嘉義大學,碩士班,29,2207.0,0.01314
110,大專校院,0019,國立高雄大學,二專,0,,
110,大專校院,0019,國立高雄大學,五專,0,,
110,大專校院,0019,國立高雄大學,博士班,0,30.0,0.0
110,大專校院,0019,國立高雄大學,學士班,108,4680.0,0.02308
110,大專校院,0019,國立高雄大學,碩士班,7,1206.0,0.0058
110,大專校院,0020,國立東華大學,二專,0,,
110,大專校院,0020,國立東華大學,五專,0,,
110,大專校院,0020,國立東華大學,博士班,29,423.0,0.06856
110,大專校院,0020,國立東華大學,學士班,613,7847.0,0.07812
110,大專校院,0020,國立東華大學,碩士班,221,1981.0,0.11156
110,大專校院,0021,國立暨南國際大學,二專,0,,
110,大專校院,0021,國立暨南國際大學,五專,0,,
110,大專校院,0021,國立暨南國際大學,博士班,7,342.0,0.02047
110,大專校院,0021,國立暨南國際大學,學士班,244,4606.0,0.05297
110,大專校院,0021,國立暨南國際大學,碩士班,40,1294.0,0.03091
110,大專校院,0022,國立臺灣科技大學,二專,0,,
110,大專校院,0022,國立臺灣科技大學,五專,0,,
110,大專校院,0022,國立臺灣科技大學,博士班,5,1063.0,0.0047
110,大專校院,0022,國立臺灣科技大學,學士班,92,5642.0,0.01631
110,大專校院,0022,國立臺灣科技大學,碩士班,13,4524.0,0.00287
110,大專校院,0023,國立雲林科技大學,二專,0,,
110,大專校院,0023,國立雲林科技大學,五專,0,,
110,大專校院,0023,國立雲林科技大學,博士班,2,427.0,0.00468
110,大專校院,0023,國立雲林科技大學,學士班,78,6699.0,0.01164
110,大專校院,0023,國立雲林科技大學,碩士班,11,2759.0,0.00399
110,大專校院,0024,國立屏東科技大學,二專,0,,
110,大專校院,0024,國立屏東科技大學,五專,0,,
110,大專校院,0024,國立屏東科技大學,博士班,3,256.0,0.01172
110,大專校院,0024,國立屏東科技大學,學士班,168,9055.0,0.01855
110,大專校院,0024,國立屏東科技大學,碩士班,38,1376.0,0.02762
110,大專校院,0025,國立臺北科技大學,二專,0,,
110,大專校院,0025,國立臺北科技大學,五專,4,121.0,0.03306
110,大專校院,0025,國立臺北科技大學,博士班,2,750.0,0.00267
110,大專校院,0025,國立臺北科技大學,學士班,77,7956.0,0.00968
110,大專校院,0025,國立臺北科技大學,碩士班,17,4794.0,0.00355
110,大專校院,0028,國立臺北藝術大學,二專,0,,
110,大專校院,0028,國立臺北藝術大學,五專,0,84.0,0.0
110,大專校院,0028,國立臺北藝術大學,博士班,4,109.0,0.0367
110,大專校院,0028,國立臺北藝術大學,學士班,49,1747.0,0.02805
110,大專校院,0028,國立臺北藝術大學,碩士班,18,1123.0,0.01603
110,大專校院,0029,國立臺灣藝術大學,二專,0,,
110,大專校院,0029,國立臺灣藝術大學,五專,0,,
110,大專校院,0029,國立臺灣藝術大學,博士班,0,150.0,0.0
110,大專校院,0029,國立臺灣藝術大學,學士班,105,4305.0,0.02439
110,大專校院,0029,國立臺灣藝術大學,碩士班,16,1159.0,0.01381
110,大專校院,0030,國立臺東大學,二專,0,,
110,大專校院,0030,國立臺東大學,五專,0,,
110,大專校院,0030,國立臺東大學,博士班,2,43.0,0.04651
110,大專校院,0030,國立臺東大學,學士班,543,4089.0,0.1328
110,大專校院,0030,國立臺東大學,碩士班,155,1008.0,0.15377
110,大專校院,0031,國立宜蘭大學,二專,0,,
110,大專校院,0031,國立宜蘭大學,五專,0,,
110,大專校院,0031,國立宜蘭大學,博士班,0,17.0,0.0
110,大專校院,0031,國立宜蘭大學,學士班,174,4902.0,0.0355
110,大專校院,0031,國立宜蘭大學,碩士班,16,718.0,0.02228
110,大專校院,0032,國立聯合大學,二專,0,,
110,大專校院,0032,國立聯合大學,五專,0,,
110,大專校院,0032,國立聯合大學,博士班,0,19.0,0.0
110,大專校院,0032,國立聯合大學,學士班,95,7187.0,0.01322
110,大專校院,0032,國立聯合大學,碩士班,3,449.0,0.00668
110,大專校院,0033,國立虎尾科技大學,二專,0,64.0,0.0
110,大專校院,0033,國立虎尾科技大學,五專,4,238.0,0.01681
110,大專校院,0033,國立虎尾科技大學,博士班,0,57.0,0.0
110,大專校院,0033,國立虎尾科技大學,學士班,103,9944.0,0.01036
110,大專校院,0033,國立虎尾科技大學,碩士班,4,1105.0,0.00362
110,大專校院,0035,國立臺南藝術大學,二專,0,,
110,大專校院,0035,國立臺南藝術大學,五專,0,173.0,0.0
110,大專校院,0035,國立臺南藝術大學,博士班,3,58.0,0.05172
110,大專校院,0035,國立臺南藝術大學,學士班,33,786.0,0.04198
110,大專校院,0035,國立臺南藝術大學,碩士班,10,599.0,0.01669
110,大專校院,0036,國立臺南大學,二專,0,,
110,大專校院,0036,國立臺南大學,五專,0,,
110,大專校院,0036,國立臺南大學,博士班,1,153.0,0.00654
110,大專校院,0036,國立臺南大學,學士班,80,4136.0,0.01934
110,大專校院,0036,國立臺南大學,碩士班,18,1650.0,0.01091
110,大專校院,0037,國立臺北教育大學,二專,0,,
110,大專校院,0037,國立臺北教育大學,五專,0,,
110,大專校院,0037,國立臺北教育大學,博士班,3,154.0,0.01948
110,大專校院,0037,國立臺北教育大學,學士班,113,3318.0,0.03406
110,大專校院,0037,國立臺北教育大學,碩士班,45,2466.0,0.01825
110,大專校院,0039,國立臺中教育大學,二專,0,,
110,大專校院,0039,國立臺中教育大學,五專,0,,
110,大專校院,0039,國立臺中教育大學,博士班,3,106.0,0.0283
110,大專校院,0039,國立臺中教育大學,學士班,82,3234.0,0.02536
110,大專校院,0039,國立臺中教育大學,碩士班,81,1665.0,0.04865
110,大專校院,0042,國立澎湖科技大學,二專,0,,
110,大專校院,0042,國立澎湖科技大學,五專,2,68.0,0.02941
110,大專校院,0042,國立澎湖科技大學,博士班,0,,
110,大專校院,0042,國立澎湖科技大學,學士班,20,2868.0,0.00697
110,大專校院,0042,國立澎湖科技大學,碩士班,2,127.0,0.01575
110,大專校院,0043,國立勤益科技大學,二專,4,408.0,0.0098
110,大專校院,0043,國立勤益科技大學,五專,0,,
110,大專校院,0043,國立勤益科技大學,博士班,0,45.0,0.0
110,大專校院,0043,國立勤益科技大學,學士班,128,11079.0,0.01155
110,大專校院,0043,國立勤益科技大學,碩士班,6,910.0,0.00659
110,大專校院,0044,國立體育大學,二專,0,,
110,大專校院,0044,國立體育大學,五專,0,,
110,大專校院,0044,國立體育大學,博士班,1,153.0,0.00654
110,大專校院,0044,國立體育大學,學士班,321,1915.0,0.16762
110,大專校院,0044,國立體育大學,碩士班,24,575.0,0.04174
110,大專校院,0046,國立臺北護理健康大學,二專,0,,
110,大專校院,0046,國立臺北護理健康大學,五專,0,,
110,大專校院,0046,國立臺北護理健康大學,博士班,0,77.0,0.0
110,大專校院,0046,國立臺北護理健康大學,學士班,105,4524.0,0.02321
110,大專校院,0046,國立臺北護理健康大學,碩士班,6,764.0,0.00785
110,大專校院,0047,國立高雄餐旅大學,二專,0,,
110,大專校院,0047,國立高雄餐旅大學,五專,6,249.0,0.0241
110,大專校院,0047,國立高雄餐旅大學,博士班,0,32.0,0.0
110,大專校院,0047,國立高雄餐旅大學,學士班,93,4313.0,0.02156
110,大專校院,0047,國立高雄餐旅大學,碩士班,2,204.0,0.0098
110,大專校院,0048,國立金門大學,二專,0,,
110,大專校院,0048,國立金門大學,五專,0,,
110,大專校院,0048,國立金門大學,博士班,0,,
110,大專校院,0048,國立金門大學,學士班,77,3903.0,0.01973
110,大專校院,0048,國立金門大學,碩士班,1,312.0,0.00321
110,大專校院,0049,國立臺灣體育運動大學,二專,0,,
110,大專校院,0049,國立臺灣體育運動大學,五專,0,,
110,大專校院,0049,國立臺灣體育運動大學,博士班,1,13.0,0.07692
110,大專校院,0049,國立臺灣體育運動大學,學士班,202,2734.0,0.07388
110,大專校院,0049,國立臺灣體育運動大學,碩士班,29,374.0,0.07754
110,大專校院,0050,國立臺中科技大學,二專,22,1196.0,0.01839
110,大專校院,0050,國立臺中科技大學,五專,72,3564.0,0.0202
110,大專校院,0050,國立臺中科技大學,博士班,0,,
110,大專校院,0050,國立臺中科技大學,學士班,210,10757.0,0.01952
110,大專校院,0050,國立臺中科技大學,碩士班,8,674.0,0.01187
110,大專校院,0051,國立臺北商業大學,二專,19,493.0,0.03854
110,大專校院,0051,國立臺北商業大學,五專,22,1704.0,0.01291
110,大專校院,0051,國立臺北商業大學,博士班,0,8.0,0.0
110,大專校院,0051,國立臺北商業大學,學士班,92,4916.0,0.01871
110,大專校院,0051,國立臺北商業大學,碩士班,1,369.0,0.00271
110,大專校院,0052,國立屏東大學,二專,0,,
110,大專校院,0052,國立屏東大學,五專,0,,
110,大專校院,0052,國立屏東大學,博士班,5,47.0,0.10638
110,大專校院,0052,國立屏東大學,學士班,343,7453.0,0.04602
110,大專校院,0052,國立屏東大學,碩士班,113,1637.0,0.06903
110,大專校院,0053,國立高雄科技大學,二專,0,,
110,大專校院,0053,國立高雄科技大學,五專,13,798.0,0.01629
110,大專校院,0053,國立高雄科技大學,博士班,0,621.0,0.0
110,大專校院,0053,國立高雄科技大學,學士班,213,21943.0,0.00971
110,大專校院,0053,國立高雄科技大學,碩士班,2,4540.0,0.00044
110,大專校院,0144,國立臺灣戲曲學院,二專,0,,
110,大專校院,0144,國立臺灣戲曲學院,五專,0,,
110,大專校院,0144,國立臺灣戲曲學院,博士班,0,,
110,大專校院,0144,國立臺灣戲曲學院,學士班,13,541.0,0.02403
110,大專校院,0144,國立臺灣戲曲學院,碩士班,0,,
110,大專校院,0221,國立臺南護理專科學校,二專,1,122.0,0.0082
110,大專校院,0221,國立臺南護理專科學校,五專,85,1804.0,0.04712
110,大專校院,0221,國立臺南護理專科學校,博士班,0,,
110,大專校院,0221,國立臺南護理專科學校,學士班,0,,
110,大專校院,0221,國立臺南護理專科學校,碩士班,0,,
110,大專校院,0222,國立臺東專科學校,二專,49,689.0,0.07112
110,大專校院,0222,國立臺東專科學校,五專,65,266.0,0.24436
110,大專校院,0222,國立臺東專科學校,博士班,0,,
110,大專校院,0222,國立臺東專科學校,學士班,0,,
110,大專校院,0222,國立臺東專科學校,碩士班,0,,
110,空大及進修學校,0A01,國立空中大學,二專,352,,
110,空大及進修學校,0A01,國立空中大學,五專,0,,
110,空大及進修學校,0A01,國立空中大學,博士班,0,,
110,空大及進修學校,0A01,國立空中大學,學士班,873,,
110,空大及進修學校,0A01,國立空中大學,碩士班,0,,
110,空大及進修學校,0A13,國立高雄科技大學附設進修學院,二專,0,,
110,空大及進修學校,0A13,國立高雄科技大學附設進修學院,五專,0,,
110,空大及進修學校,0A13,國立高雄科技大學附設進修學院,博士班,0,,
110,空大及進修學校,0A13,國立高雄科技大學附設進修學院,學士班,7,,
110,空大及進修學校,0A13,國立高雄科技大學附設進修學院,碩士班,0,,
110,空大及進修學校,0A17,國立臺北商業大學附設空中進修學院,二專,113,,
110,空大及進修學校,0A17,國立臺北商業大學附設空中進修學院,五專,0,,
110,空大及進修學校,0A17,國立臺北商業大學附設空中進修學院,博士班,0,,
110,空大及進修學校,0A17,國立臺北商業大學附設空中進修學院,學士班,92,,
110,空大及進修學校,0A17,國立臺北商業大學附設空中進修學院,碩士班,0,,
110,空大及進修學校,0A18,國立臺中科技大學附設空中進修學院,二專,26,,
110,空大及進修學校,0A18,國立臺中科技大學附設空中進修學院,五專,0,,
110,空大及進修學校,0A18,國立臺中科技大學附設空中進修學院,博士班,0,,
110,空大及進修學校,0A18,國立臺中科技大學附設空中進修學院,學士班,23,,
110,空大及進修學校,0A18,國立臺中科技大學附設空中進修學院,碩士班,0,,
110,大專校院,1001,東海大學,二專,0,,
110,大專校院,1001,東海大學,五專,0,,
110,大專校院,1001,東海大學,博士班,2,253.0,0.00791
110,大專校院,1001,東海大學,學士班,78,13551.0,0.00576
110,大專校院,1001,東海大學,碩士班,10,2063.0,0.00485
110,大專校院,1002,輔仁大學,二專,0,,
110,大專校院,1002,輔仁大學,五專,0,,
110,大專校院,1002,輔仁大學,博士班,4,427.0,0.00937
110,大專校院,1002,輔仁大學,學士班,312,21872.0,0.01426
110,大專校院,1002,輔仁大學,碩士班,119,3461.0,0.03438
110,大專校院,1003,東吳大學,二專,0,,
110,大專校院,1003,東吳大學,五專,0,,
110,大專校院,1003,東吳大學,博士班,0,127.0,0.0
110,大專校院,1003,東吳大學,學士班,117,12805.0,0.00914
110,大專校院,1003,東吳大學,碩士班,0,2526.0,0.0
110,大專校院,1004,中原大學,二專,0,,
110,大專校院,1004,中原大學,五專,0,,
110,大專校院,1004,中原大學,博士班,2,353.0,0.00567
110,大專校院,1004,中原大學,學士班,188,13658.0,0.01376
110,大專校院,1004,中原大學,碩士班,18,2518.0,0.00715
110,大專校院,1005,淡江大學,二專,0,,
110,大專校院,1005,淡江大學,五專,0,,
110,大專校院,1005,淡江大學,博士班,0,374.0,0.0
110,大專校院,1005,淡江大學,學士班,225,21909.0,0.01027
110,大專校院,1005,淡江大學,碩士班,4,2251.0,0.00178
110,大專校院,1006,中國文化大學,二專,0,,
110,大專校院,1006,中國文化大學,五專,0,,
110,大專校院,1006,中國文化大學,博士班,0,505.0,0.0
110,大專校院,1006,中國文化大學,學士班,361,21800.0,0.01656
110,大專校院,1006,中國文化大學,碩士班,5,2198.0,0.00227
110,大專校院,1007,逢甲大學,二專,0,,
110,大專校院,1007,逢甲大學,五專,0,,
110,大專校院,1007,逢甲大學,博士班,0,417.0,0.0
110,大專校院,1007,逢甲大學,學士班,95,18207.0,0.00522
110,大專校院,1007,逢甲大學,碩士班,9,2769.0,0.00325
110,大專校院,1008,靜宜大學,二專,0,,
110,大專校院,1008,靜宜大學,五專,0,,
110,大專校院,1008,靜宜大學,博士班,6,50.0,0.12
110,大專校院,1008,靜宜大學,學士班,165,11138.0,0.01481
110,大專校院,1008,靜宜大學,碩士班,53,985.0,0.05381
110,大專校院,1009,長庚大學,二專,0,,
110,大專校院,1009,長庚大學,五專,0,,
110,大專校院,1009,長庚大學,博士班,3,443.0,0.00677
110,大專校院,1009,長庚大學,學士班,27,5236.0,0.00516
110,大專校院,1009,長庚大學,碩士班,17,1251.0,0.01359
110,大專校院,1010,元智大學,二專,0,,
110,大專校院,1010,元智大學,五專,0,,
110,大專校院,1010,元智大學,博士班,2,261.0,0.00766
110,大專校院,1010,元智大學,學士班,53,7165.0,0.0074
110,大專校院,1010,元智大學,碩士班,1,1373.0,0.00073
110,大專校院,1011,中華大學,二專,0,,
110,大專校院,1011,中華大學,五專,0,,
110,大專校院,1011,中華大學,博士班,0,76.0,0.0
110,大專校院,1011,中華大學,學士班,35,4529.0,0.00773
110,大專校院,1011,中華大學,碩士班,1,440.0,0.00227
110,大專校院,1012,大葉大學,二專,0,,
110,大專校院,1012,大葉大學,五專,0,,
110,大專校院,1012,大葉大學,博士班,1,115.0,0.0087
110,大專校院,1012,大葉大學,學士班,52,6052.0,0.00859
110,大專校院,1012,大葉大學,碩士班,9,608.0,0.0148
110,大專校院,1013,華梵大學,二專,0,,
110,大專校院,1013,華梵大學,五專,0,,
110,大專校院,1013,華梵大學,博士班,0,65.0,0.0
110,大專校院,1013,華梵大學,學士班,4,668.0,0.00599
110,大專校院,1013,華梵大學,碩士班,2,357.0,0.0056
110,大專校院,1014,義守大學,二專,0,,
110,大專校院,1014,義守大學,五專,0,,
110,大專校院,1014,義守大學,博士班,2,155.0,0.0129
110,大專校院,1014,義守大學,學士班,517,13102.0,0.03946
110,大專校院,1014,義守大學,碩士班,6,702.0,0.00855
110,大專校院,1015,世新大學,二專,0,,
110,大專校院,1015,世新大學,五專,0,,
110,大專校院,1015,世新大學,博士班,4,87.0,0.04598
110,大專校院,1015,世新大學,學士班,291,10109.0,0.02879
110,大專校院,1015,世新大學,碩士班,20,1238.0,0.01616
110,大專校院,1016,銘傳大學,二專,0,,
110,大專校院,1016,銘傳大學,五專,0,,
110,大專校院,1016,銘傳大學,博士班,0,69.0,0.0
110,大專校院,1016,銘傳大學,學士班,205,17355.0,0.01181
110,大專校院,1016,銘傳大學,碩士班,8,1546.0,0.00517
110,大專校院,1017,實踐大學,二專,0,,
110,大專校院,1017,實踐大學,五專,0,,
110,大專校院,1017,實踐大學,博士班,0,32.0,0.0
110,大專校院,1017,實踐大學,學士班,243,12362.0,0.01966
110,大專校院,1017,實踐大學,碩士班,5,500.0,0.01
110,大專校院,1018,朝陽科技大學,二專,0,,
110,大專校院,1018,朝陽科技大學,五專,0,,
110,大專校院,1018,朝陽科技大學,博士班,3,110.0,0.02727
110,大專校院,1018,朝陽科技大學,學士班,174,13593.0,0.0128
110,大專校院,1018,朝陽科技大學,碩士班,7,952.0,0.00735
110,大專校院,1019,高雄醫學大學,二專,0,,
110,大專校院,1019,高雄醫學大學,五專,0,,
110,大專校院,1019,高雄醫學大學,博士班,0,319.0,0.0
110,大專校院,1019,高雄醫學大學,學士班,99,5247.0,0.01887
110,大專校院,1019,高雄醫學大學,碩士班,13,962.0,0.01351
110,大專校院,1020,南華大學,二專,0,,
110,大專校院,1020,南華大學,五專,0,,
110,大專校院,1020,南華大學,博士班,0,54.0,0.0
110,大專校院,1020,南華大學,學士班,75,4496.0,0.01668
110,大專校院,1020,南華大學,碩士班,13,922.0,0.0141
110,大專校院,1021,真理大學,二專,0,,
110,大專校院,1021,真理大學,五專,0,,
110,大專校院,1021,真理大學,博士班,0,,
110,大專校院,1021,真理大學,學士班,84,4872.0,0.01724
110,大專校院,1021,真理大學,碩士班,4,138.0,0.02899
110,大專校院,1022,大同大學,二專,0,,
110,大專校院,1022,大同大學,五專,0,,
110,大專校院,1022,大同大學,博士班,1,94.0,0.01064
110,大專校院,1022,大同大學,學士班,15,3525.0,0.00426
110,大專校院,1022,大同大學,碩士班,1,361.0,0.00277
110,大專校院,1023,南臺科技大學,二專,0,,
110,大專校院,1023,南臺科技大學,五專,4,316.0,0.01266
110,大專校院,1023,南臺科技大學,博士班,0,93.0,0.0
110,大專校院,1023,南臺科技大學,學士班,174,15749.0,0.01105
110,大專校院,1023,南臺科技大學,碩士班,5,1064.0,0.0047
110,大專校院,1024,崑山科技大學,二專,1,13.0,0.07692
110,大專校院,1024,崑山科技大學,五專,0,,
110,大專校院,1024,崑山科技大學,博士班,0,32.0,0.0
110,大專校院,1024,崑山科技大學,學士班,114,9480.0,0.01203
110,大專校院,1024,崑山科技大學,碩士班,5,445.0,0.01124
110,大專校院,1025,嘉南藥理大學,二專,0,,
110,大專校院,1025,嘉南藥理大學,五專,0,,
110,大專校院,1025,嘉南藥理大學,博士班,0,,
110,大專校院,1025,嘉南藥理大學,學士班,192,11086.0,0.01732
110,大專校院,1025,嘉南藥理大學,碩士班,6,372.0,0.01613
110,大專校院,1026,樹德科技大學,二專,9,395.0,0.02278
110,大專校院,1026,樹德科技大學,五專,0,,
110,大專校院,1026,樹德科技大學,博士班,1,32.0,0.03125
110,大專校院,1026,樹德科技大學,學士班,231,9037.0,0.02556
110,大專校院,1026,樹德科技大學,碩士班,8,579.0,0.01382
110,大專校院,1027,慈濟大學,二專,0,,
110,大專校院,1027,慈濟大學,五專,0,,
110,大專校院,1027,慈濟大學,博士班,7,111.0,0.06306
110,大專校院,1027,慈濟大學,學士班,96,2844.0,0.03376
110,大專校院,1027,慈濟大學,碩士班,26,393.0,0.06616
110,大專校院,1028,臺北醫學大學,二專,0,,
110,大專校院,1028,臺北醫學大學,五專,0,,
110,大專校院,1028,臺北醫學大學,博士班,0,581.0,0.0
110,大專校院,1028,臺北醫學大學,學士班,50,4551.0,0.01099
110,大專校院,1028,臺北醫學大學,碩士班,0,1005.0,0.0
110,大專校院,1029,中山醫學大學,二專,0,,
110,大專校院,1029,中山醫學大學,五專,0,,
110,大專校院,1029,中山醫學大學,博士班,0,178.0,0.0
110,大專校院,1029,中山醫學大學,學士班,149,6177.0,0.02412
110,大專校院,1029,中山醫學大學,碩士班,9,697.0,0.01291
110,大專校院,1030,龍華科技大學,二專,0,,
110,大專校院,1030,龍華科技大學,五專,6,679.0,0.00884
110,大專校院,1030,龍華科技大學,博士班,0,,
110,大專校院,1030,龍華科技大學,學士班,149,10892.0,0.01368
110,大專校院,1030,龍華科技大學,碩士班,2,433.0,0.00462
110,大專校院,1031,輔英科技大學,二專,0,,
110,大專校院,1031,輔英科技大學,五專,128,2682.0,0.04773
110,大專校院,1031,輔英科技大學,博士班,0,,
110,大專校院,1031,輔英科技大學,學士班,147,6781.0,0.02168
110,大專校院,1031,輔英科技大學,碩士班,2,265.0,0.00755
110,大專校院,1032,明新科技大學,二專,10,244.0,0.04098
110,大專校院,1032,明新科技大學,五專,0,,
110,大專校院,1032,明新科技大學,博士班,0,,
110,大專校院,1032,明新科技大學,學士班,258,10584.0,0.02438
110,大專校院,1032,明新科技大學,碩士班,16,549.0,0.02914
110,大專校院,1033,長榮大學,二專,0,,
110,大專校院,1033,長榮大學,五專,0,,
110,大專校院,1033,長榮大學,博士班,0,48.0,0.0
110,大專校院,1033,長榮大學,學士班,112,7418.0,0.0151
110,大專校院,1033,長榮大學,碩士班,4,383.0,0.01044
110,大專校院,1034,弘光科技大學,二專,2,133.0,0.01504
110,大專校院,1034,弘光科技大學,五專,12,260.0,0.04615
110,大專校院,1034,弘光科技大學,博士班,0,13.0,0.0
110,大專校院,1034,弘光科技大學,學士班,180,11956.0,0.01506
110,大專校院,1034,弘光科技大學,碩士班,5,304.0,0.01645
110,大專校院,1035,中國醫藥大學,二專,0,,
110,大專校院,1035,中國醫藥大學,五專,0,,
110,大專校院,1035,中國醫藥大學,博士班,1,407.0,0.00246
110,大專校院,1035,中國醫藥大學,學士班,148,6254.0,0.02366
110,大專校院,1035,中國醫藥大學,碩士班,7,582.0,0.01203
110,大專校院,1036,健行科技大學,二專,0,,
110,大專校院,1036,健行科技大學,五專,0,,
110,大專校院,1036,健行科技大學,博士班,0,,
110,大專校院,1036,健行科技大學,學士班,330,10844.0,0.03043
110,大專校院,1036,健行科技大學,碩士班,11,323.0,0.03406
110,大專校院,1037,正修科技大學,二專,22,948.0,0.02321
110,大專校院,1037,正修科技大學,五專,3,274.0,0.01095
110,大專校院,1037,正修科技大學,博士班,0,14.0,0.0
110,大專校院,1037,正修科技大學,學士班,356,15803.0,0.02253
110,大專校院,1037,正修科技大學,碩士班,6,529.0,0.01134
110,大專校院,1038,萬能科技大學,二專,6,32.0,0.1875
110,大專校院,1038,萬能科技大學,五專,0,,
110,大專校院,1038,萬能科技大學,博士班,0,,
110,大專校院,1038,萬能科技大學,學士班,405,8701.0,0.04655
110,大專校院,1038,萬能科技大學,碩士班,11,280.0,0.03929
110,大專校院,1039,玄奘大學,二專,0,,
110,大專校院,1039,玄奘大學,五專,0,,
110,大專校院,1039,玄奘大學,博士班,0,1.0,0.0
110,大專校院,1039,玄奘大學,學士班,50,1660.0,0.03012
110,大專校院,1039,玄奘大學,碩士班,10,388.0,0.02577
110,大專校院,1040,建國科技大學,二專,1,69.0,0.01449
110,大專校院,1040,建國科技大學,五專,0,,
110,大專校院,1040,建國科技大學,博士班,0,,
110,大專校院,1040,建國科技大學,學士班,43,5668.0,0.00759
110,大專校院,1040,建國科技大學,碩士班,2,134.0,0.01493
110,大專校院,1041,明志科技大學,二專,0,,
110,大專校院,1041,明志科技大學,五專,0,,
110,大專校院,1041,明志科技大學,博士班,0,37.0,0.0
110,大專校院,1041,明志科技大學,學士班,41,3908.0,0.01049
110,大專校院,1041,明志科技大學,碩士班,1,493.0,0.00203
110,大專校院,1042,高苑科技大學,二專,1,167.0,0.00599
110,大專校院,1042,高苑科技大學,五專,0,,
110,大專校院,1042,高苑科技大學,博士班,0,,
110,大專校院,1042,高苑科技大學,學士班,56,2712.0,0.02065
110,大專校院,1042,高苑科技大學,碩士班,0,261.0,0.0
110,大專校院,1043,大仁科技大學,二專,19,92.0,0.20652
110,大專校院,1043,大仁科技大學,五專,0,,
110,大專校院,1043,大仁科技大學,博士班,0,,
110,大專校院,1043,大仁科技大學,學士班,563,4597.0,0.12247
110,大專校院,1043,大仁科技大學,碩士班,33,245.0,0.13469
110,大專校院,1044,聖約翰科技大學,二專,2,79.0,0.02532
110,大專校院,1044,聖約翰科技大學,五專,7,158.0,0.0443
110,大專校院,1044,聖約翰科技大學,博士班,0,,
110,大專校院,1044,聖約翰科技大學,學士班,56,1408.0,0.03977
110,大專校院,1044,聖約翰科技大學,碩士班,6,193.0,0.03109
110,大專校院,1045,嶺東科技大學,二專,0,,
110,大專校院,1045,嶺東科技大學,五專,0,,
110,大專校院,1045,嶺東科技大學,博士班,0,,
110,大專校院,1045,嶺東科技大學,學士班,184,9857.0,0.01867
110,大專校院,1045,嶺東科技大學,碩士班,11,396.0,0.02778
110,大專校院,1046,中國科技大學,二專,6,390.0,0.01538
110,大專校院,1046,中國科技大學,五專,0,,
110,大專校院,1046,中國科技大學,博士班,0,,
110,大專校院,1046,中國科技大學,學士班,136,7957.0,0.01709
110,大專校院,1046,中國科技大學,碩士班,4,265.0,0.01509
110,大專校院,1047,中臺科技大學,二專,0,16.0,0.0
110,大專校院,1047,中臺科技大學,五專,0,,
110,大專校院,1047,中臺科技大學,博士班,0,9.0,0.0
110,大專校院,1047,中臺科技大學,學士班,132,7195.0,0.01835
110,大專校院,1047,中臺科技大學,碩士班,6,384.0,0.01562
110,大專校院,1048,亞洲大學,二專,0,,
110,大專校院,1048,亞洲大學,五專,0,,
110,大專校院,1048,亞洲大學,博士班,3,235.0,0.01277
110,大專校院,1048,亞洲大學,學士班,148,10167.0,0.01456
110,大專校院,1048,亞洲大學,碩士班,9,1029.0,0.00875
110,大專校院,1049,開南大學,二專,0,,
110,大專校院,1049,開南大學,五專,0,,
110,大專校院,1049,開南大學,博士班,0,,
110,大專校院,1049,開南大學,學士班,177,4575.0,0.03869
110,大專校院,1049,開南大學,碩士班,37,533.0,0.06942
110,大專校院,1050,佛光大學,二專,0,,
110,大專校院,1050,佛光大學,五專,0,,
110,大專校院,1050,佛光大學,博士班,0,63.0,0.0
110,大專校院,1050,佛光大學,學士班,56,2637.0,0.02124
110,大專校院,1050,佛光大學,碩士班,12,542.0,0.02214
110,大專校院,1051,台南應用科技大學,二專,0,,
110,大專校院,1051,台南應用科技大學,五專,25,950.0,0.02632
110,大專校院,1051,台南應用科技大學,博士班,0,,
110,大專校院,1051,台南應用科技大學,學士班,209,10565.0,0.01978
110,大專校院,1051,台南應用科技大學,碩士班,3,201.0,0.01493
110,大專校院,1052,遠東科技大學,二專,3,197.0,0.01523
110,大專校院,1052,遠東科技大學,五專,0,,
110,大專校院,1052,遠東科技大學,博士班,0,,
110,大專校院,1052,遠東科技大學,學士班,114,3245.0,0.03513
110,大專校院,1052,遠東科技大學,碩士班,3,315.0,0.00952
110,大專校院,1053,元培醫事科技大學,二專,0,,
110,大專校院,1053,元培醫事科技大學,五專,0,,
110,大專校院,1053,元培醫事科技大學,博士班,0,2.0,0.0
110,大專校院,1053,元培醫事科技大學,學士班,98,5443.0,0.018
110,大專校院,1053,元培醫事科技大學,碩士班,7,306.0,0.02288
110,大專校院,1054,景文科技大學,二專,4,122.0,0.03279
110,大專校院,1054,景文科技大學,五專,0,,
110,大專校院,1054,景文科技大學,博士班,0,,
110,大專校院,1054,景文科技大學,學士班,109,5716.0,0.01907
110,大專校院,1054,景文科技大學,碩士班,0,65.0,0.0
110,大專校院,1055,中華醫事科技大學,二專,2,82.0,0.02439
110,大專校院,1055,中華醫事科技大學,五專,63,3147.0,0.02002
110,大專校院,1055,中華醫事科技大學,博士班,0,,
110,大專校院,1055,中華醫事科技大學,學士班,69,5168.0,0.01335
110,大專校院,1055,中華醫事科技大學,碩士班,2,114.0,0.01754
110,大專校院,1056,東南科技大學,二專,0,,
110,大專校院,1056,東南科技大學,五專,0,,
110,大專校院,1056,東南科技大學,博士班,0,,
110,大專校院,1056,東南科技大學,學士班,129,4675.0,0.02759
110,大專校院,1056,東南科技大學,碩士班,3,175.0,0.01714
110,大專校院,1057,德明財經科技大學,二專,0,,
110,大專校院,1057,德明財經科技大學,五專,0,,
110,大專校院,1057,德明財經科技大學,博士班,0,,
110,大專校院,1057,德明財經科技大學,學士班,67,7224.0,0.00927
110,大專校院,1057,德明財經科技大學,碩士班,0,68.0,0.0
110,大專校院,1058,明道大學,二專,0,,
110,大專校院,1058,明道大學,五專,0,,
110,大專校院,1058,明道大學,博士班,0,32.0,0.0
110,大專校院,1058,明道大學,學士班,22,1780.0,0.01236
110,大專校院,1058,明道大學,碩士班,0,201.0,0.0
110,大專校院,1060,南開科技大學,二專,3,64.0,0.04688
110,大專校院,1060,南開科技大學,五專,4,415.0,0.00964
110,大專校院,1060,南開科技大學,博士班,0,,
110,大專校院,1060,南開科技大學,學士班,61,2612.0,0.02335
110,大專校院,1060,南開科技大學,碩士班,4,144.0,0.02778
110,大專校院,1061,中華科技大學,二專,8,118.0,0.0678
110,大專校院,1061,中華科技大學,五專,0,,
110,大專校院,1061,中華科技大學,博士班,0,,
110,大專校院,1061,中華科技大學,學士班,88,3912.0,0.02249
110,大專校院,1061,中華科技大學,碩士班,6,335.0,0.01791
110,大專校院,1062,僑光科技大學,二專,0,,
110,大專校院,1062,僑光科技大學,五專,0,,
110,大專校院,1062,僑光科技大學,博士班,0,,
110,大專校院,1062,僑光科技大學,學士班,123,9791.0,0.01256
110,大專校院,1062,僑光科技大學,碩士班,0,50.0,0.0
110,大專校院,1063,育達科技大學,二專,0,,
110,大專校院,1063,育達科技大學,五專,0,,
110,大專校院,1063,育達科技大學,博士班,0,,
110,大專校院,1063,育達科技大學,學士班,131,3459.0,0.03787
110,大專校院,1063,育達科技大學,碩士班,4,325.0,0.01231
110,大專校院,1064,美和科技大學,二專,25,127.0,0.19685
110,大專校院,1064,美和科技大學,五專,189,1637.0,0.11546
110,大專校院,1064,美和科技大學,博士班,0,,
110,大專校院,1064,美和科技大學,學士班,525,3807.0,0.1379
110,大專校院,1064,美和科技大學,碩士班,41,364.0,0.11264
110,大專校院,1065,吳鳳科技大學,二專,10,224.0,0.04464
110,大專校院,1065,吳鳳科技大學,五專,0,,
110,大專校院,1065,吳鳳科技大學,博士班,0,,
110,大專校院,1065,吳鳳科技大學,學士班,74,4579.0,0.01616
110,大專校院,1065,吳鳳科技大學,碩士班,0,112.0,0.0
110,大專校院,1066,環球科技大學,二專,15,128.0,0.11719
110,大專校院,1066,環球科技大學,五專,0,,
110,大專校院,1066,環球科技大學,博士班,0,,
110,大專校院,1066,環球科技大學,學士班,99,2505.0,0.03952
110,大專校院,1066,環球科技大學,碩士班,61,198.0,0.30808
110,大專校院,1067,台灣首府大學,二專,0,,
110,大專校院,1067,台灣首府大學,五專,0,,
110,大專校院,1067,台灣首府大學,博士班,0,,
110,大專校院,1067,台灣首府大學,學士班,17,758.0,0.02243
110,大專校院,1067,台灣首府大學,碩士班,0,53.0,0.0
110,大專校院,1068,中州科技大學,二專,4,76.0,0.05263
110,大專校院,1068,中州科技大學,五專,0,,
110,大專校院,1068,中州科技大學,博士班,0,,
110,大專校院,1068,中州科技大學,學士班,32,1843.0,0.01736
110,大專校院,1068,中州科技大學,碩士班,0,12.0,0.0
110,大專校院,1069,修平科技大學,二專,0,3.0,0.0
110,大專校院,1069,修平科技大學,五專,0,,
110,大專校院,1069,修平科技大學,博士班,0,,
110,大專校院,1069,修平科技大學,學士班,81,4904.0,0.01652
110,大專校院,1069,修平科技大學,碩士班,1,117.0,0.00855
110,大專校院,1070,長庚科技大學,二專,0,,
110,大專校院,1070,長庚科技大學,五專,0,,
110,大專校院,1070,長庚科技大學,博士班,0,,
110,大專校院,1070,長庚科技大學,學士班,95,6176.0,0.01538
110,大專校院,1070,長庚科技大學,碩士班,2,221.0,0.00905
110,大專校院,1071,臺北城市科技大學,二專,13,374.0,0.03476
110,大專校院,1071,臺北城市科技大學,五專,24,933.0,0.02572
110,大專校院,1071,臺北城市科技大學,博士班,0,,
110,大專校院,1071,臺北城市科技大學,學士班,271,8065.0,0.0336
110,大專校院,1071,臺北城市科技大學,碩士班,3,87.0,0.03448
110,大專校院,1072,敏實科技大學,二專,0,,
110,大專校院,1072,敏實科技大學,五專,9,203.0,0.04433
110,大專校院,1072,敏實科技大學,博士班,0,,
110,大專校院,1072,敏實科技大學,學士班,24,376.0,0.06383
110,大專校院,1072,敏實科技大學,碩士班,0,,
110,大專校院,1073,醒吾科技大學,二專,4,123.0,0.03252
110,大專校院,1073,醒吾科技大學,五專,9,333.0,0.02703
110,大專校院,1073,醒吾科技大學,博士班,0,,
110,大專校院,1073,醒吾科技大學,學士班,329,6923.0,0.04752
110,大專校院,1073,醒吾科技大學,碩士班,10,138.0,0.07246
110,大專校院,1075,文藻外語大學,二專,0,,
110,大專校院,1075,文藻外語大學,五專,39,1698.0,0.02297
110,大專校院,1075,文藻外語大學,博士班,0,,
110,大專校院,1075,文藻外語大學,學士班,83,6712.0,0.01237
110,大專校院,1075,文藻外語大學,碩士班,1,273.0,0.00366
110,大專校院,1076,華夏科技大學,二專,3,112.0,0.02679
110,大專校院,1076,華夏科技大學,五專,2,558.0,0.00358
110,大專校院,1076,華夏科技大學,博士班,0,,
110,大專校院,1076,華夏科技大學,學士班,58,2733.0,0.02122
110,大專校院,1076,華夏科技大學,碩士班,2,97.0,0.02062
110,大專校院,1077,慈濟科技大學,二專,4,25.0,0.16
110,大專校院,1077,慈濟科技大學,五專,559,1349.0,0.41438
110,大專校院,1077,慈濟科技大學,博士班,0,,
110,大專校院,1077,慈濟科技大學,學士班,264,1776.0,0.14865
110,大專校院,1077,慈濟科技大學,碩士班,11,61.0,0.18033
110,大專校院,1078,致理科技大學,二專,0,,
110,大專校院,1078,致理科技大學,五專,20,1556.0,0.01285
110,大專校院,1078,致理科技大學,博士班,0,,
110,大專校院,1078,致理科技大學,學士班,165,9835.0,0.01678
110,大專校院,1078,致理科技大學,碩士班,0,95.0,0.0
110,大專校院,1079,康寧大學,二專,5,182.0,0.02747
110,大專校院,1079,康寧大學,五專,49,2653.0,0.01847
110,大專校院,1079,康寧大學,博士班,0,,
110,大專校院,1079,康寧大學,學士班,11,424.0,0.02594
110,大專校院,1079,康寧大學,碩士班,0,21.0,0.0
110,大專校院,1080,宏國德霖科技大學,二專,3,25.0,0.12
110,大專校院,1080,宏國德霖科技大學,五專,20,1090.0,0.01835
110,大專校院,1080,宏國德霖科技大學,博士班,0,,
110,大專校院,1080,宏國德霖科技大學,學士班,81,3850.0,0.02104
110,大專校院,1080,宏國德霖科技大學,碩士班,0,31.0,0.0
110,大專校院,1081,東方設計大學,二專,3,75.0,0.04
110,大專校院,1081,東方設計大學,五專,11,459.0,0.02397
110,大專校院,1081,東方設計大學,博士班,0,28.0,0.0
110,大專校院,1081,東方設計大學,學士班,15,786.0,0.01908
110,大專校院,1081,東方設計大學,碩士班,4,123.0,0.03252
110,大專校院,1082,崇右影藝科技大學,二專,48,140.0,0.34286
110,大專校院,1082,崇右影藝科技大學,五專,1,6.0,0.16667
110,大專校院,1082,崇右影藝科技大學,博士班,0,,
110,大專校院,1082,崇右影藝科技大學,學士班,247,1715.0,0.14402
110,大專校院,1082,崇右影藝科技大學,碩士班,3,63.0,0.04762
110,大專校院,1083,台北海洋科技大學,二專,11,132.0,0.08333
110,大專校院,1083,台北海洋科技大學,五專,27,696.0,0.03879
110,大專校院,1083,台北海洋科技大學,博士班,0,,
110,大專校院,1083,台北海洋科技大學,學士班,104,3153.0,0.03298
110,大專校院,1083,台北海洋科技大學,碩士班,4,143.0,0.02797
110,大專校院,1084,亞東科技大學,二專,0,,
110,大專校院,1084,亞東科技大學,五專,0,,
110,大專校院,1084,亞東科技大學,博士班,0,,
110,大專校院,1084,亞東科技大學,學士班,56,4172.0,0.01342
110,大專校院,1084,亞東科技大學,碩士班,0,51.0,0.0
110,大專校院,1125,中信金融管理學院,二專,0,,
110,大專校院,1125,中信金融管理學院,五專,0,,
110,大專校院,1125,中信金融管理學院,博士班,0,,
110,大專校院,1125,中信金融管理學院,學士班,37,765.0,0.04837
110,大專校院,1125,中信金融管理學院,碩士班,1,154.0,0.00649
110,大專校院,1148,大漢技術學院,二專,47,107.0,0.43925
110,大專校院,1148,大漢技術學院,五專,0,,
110,大專校院,1148,大漢技術學院,博士班,0,,
110,大專校院,1148,大漢技術學院,學士班,305,710.0,0.42958
110,大專校院,1148,大漢技術學院,碩士班,31,87.0,0.35632
110,大專校院,1159,和春技術學院,二專,2,52.0,0.03846
110,大專校院,1159,和春技術學院,五專,0,34.0,0.0
110,大專校院,1159,和春技術學院,博士班,0,,
110,大專校院,1159,和春技術學院,學士班,17,215.0,0.07907
110,大專校院,1159,和春技術學院,碩士班,0,,
110,大專校院,1168,南亞技術學院,二專,3,30.0,0.1
110,大專校院,1168,南亞技術學院,五專,8,196.0,0.04082
110,大專校院,1168,南亞技術學院,博士班,0,,
110,大專校院,1168,南亞技術學院,學士班,161,2525.0,0.06376
110,大專校院,1168,南亞技術學院,碩士班,1,11.0,0.09091
110,大專校院,1182,蘭陽技術學院,二專,0,,
110,大專校院,1182,蘭陽技術學院,五專,4,130.0,0.03077
110,大專校院,1182,蘭陽技術學院,博士班,0,,
110,大專校院,1182,蘭陽技術學院,學士班,21,195.0,0.10769
110,大專校院,1182,蘭陽技術學院,碩士班,0,,
110,大專校院,1183,黎明技術學院,二專,0,,
110,大專校院,1183,黎明技術學院,五專,4,380.0,0.01053
110,大專校院,1183,黎明技術學院,博士班,0,,
110,大專校院,1183,黎明技術學院,學士班,204,4874.0,0.04185
110,大專校院,1183,黎明技術學院,碩士班,0,,
110,大專校院,1185,經國管理暨健康學院,二專,9,214.0,0.04206
110,大專校院,1185,經國管理暨健康學院,五專,45,1012.0,0.04447
110,大專校院,1185,經國管理暨健康學院,博士班,0,,
110,大專校院,1185,經國管理暨健康學院,學士班,88,2694.0,0.03267
110,大專校院,1185,經國管理暨健康學院,碩士班,6,88.0,0.06818
110,大專校院,1188,大同技術學院,二專,9,45.0,0.2
110,大專校院,1188,大同技術學院,五專,4,80.0,0.05
110,大專校院,1188,大同技術學院,博士班,0,,
110,大專校院,1188,大同技術學院,學士班,41,817.0,0.05018
110,大專校院,1188,大同技術學院,碩士班,0,,
110,大專校院,1195,馬偕醫學院,二專,0,,
110,大專校院,1195,馬偕醫學院,五專,0,,
110,大專校院,1195,馬偕醫學院,博士班,0,8.0,0.0
110,大專校院,1195,馬偕醫學院,學士班,24,805.0,0.02981
110,大專校院,1195,馬偕醫學院,碩士班,1,88.0,0.01136
110,大專校院,1196,法鼓文理學院,二專,0,,
110,大專校院,1196,法鼓文理學院,五專,0,,
110,大專校院,1196,法鼓文理學院,博士班,0,18.0,0.0
110,大專校院,1196,法鼓文理學院,學士班,0,52.0,0.0
110,大專校院,1196,法鼓文理學院,碩士班,1,259.0,0.00386
110,大專校院,1282,馬偕醫護管理專科學校,二專,4,145.0,0.02759
110,大專校院,1282,馬偕醫護管理專科學校,五專,270,3852.0,0.07009
110,大專校院,1282,馬偕醫護管理專科學校,博士班,0,,
110,大專校院,1282,馬偕醫護管理專科學校,學士班,0,,
110,大專校院,1282,馬偕醫護管理專科學校,碩士班,0,,
110,大專校院,1283,仁德醫護管理專科學校,二專,14,416.0,0.03365
110,大專校院,1283,仁德醫護管理專科學校,五專,248,5970.0,0.04154
110,大專校院,1283,仁德醫護管理專科學校,博士班,0,,
110,大專校院,1283,仁德醫護管理專科學校,學士班,0,,
110,大專校院,1283,仁德醫護管理專科學校,碩士班,0,,
110,大專校院,1284,樹人醫護管理專科學校,二專,13,562.0,0.02313
110,大專校院,1284,樹人醫護管理專科學校,五專,245,6743.0,0.03633
110,大專校院,1284,樹人醫護管理專科學校,博士班,0,,
110,大專校院,1284,樹人醫護管理專科學校,學士班,0,,
110,大專校院,1284,樹人醫護管理專科學校,碩士班,0,,
110,大專校院,1285,慈惠醫護管理專科學校,二專,51,340.0,0.15
110,大專校院,1285,慈惠醫護管理專科學校,五專,387,3005.0,0.12879
110,大專校院,1285,慈惠醫護管理專科學校,博士班,0,,
110,大專校院,1285,慈惠醫護管理專科學校,學士班,0,,
110,大專校院,1285,慈惠醫護管理專科學校,碩士班,0,,
110,大專校院,1286,耕莘健康管理專科學校,二專,4,120.0,0.03333
110,大專校院,1286,耕莘健康管理專科學校,五專,184,4272.0,0.04307
110,大專校院,1286,耕莘健康管理專科學校,博士班,0,,
110,大專校院,1286,耕莘健康管理專科學校,學士班,0,,
110,大專校院,1286,耕莘健康管理專科學校,碩士班,0,,
110,大專校院,1287,敏惠醫護管理專科學校,二專,3,64.0,0.04688
110,大專校院,1287,敏惠醫護管理專科學校,五專,59,3841.0,0.01536
110,大專校院,1287,敏惠醫護管理專科學校,博士班,0,,
110,大專校院,1287,敏惠醫護管理專科學校,學士班,0,,
110,大專校院,1287,敏惠醫護管理專科學校,碩士班,0,,
110,大專校院,1289,育英醫護管理專科學校,二專,0,,
110,大專校院,1289,育英醫護管理專科學校,五專,55,1923.0,0.0286
110,大專校院,1289,育英醫護管理專科學校,博士班,0,,
110,大專校院,1289,育英醫護管理專科學校,學士班,0,,
110,大專校院,1289,育英醫護管理專科學校,碩士班,0,,
110,大專校院,1291,聖母醫護管理專科學校,二專,1,85.0,0.01176
110,大專校院,1291,聖母醫護管理專科學校,五專,211,1787.0,0.11807
110,大專校院,1291,聖母醫護管理專科學校,博士班,0,,
110,大專校院,1291,聖母醫護管理專科學校,學士班,0,,
110,大專校院,1291,聖母醫護管理專科學校,碩士班,0,,
110,大專校院,1292,新生醫護管理專科學校,二專,17,70.0,0.24286
110,大專校院,1292,新生醫護管理專科學校,五專,629,5985.0,0.1051
110,大專校院,1292,新生醫護管理專科學校,博士班,0,,
110,大專校院,1292,新生醫護管理專科學校,學士班,0,,
110,大專校院,1292,新生醫護管理專科學校,碩士班,0,,
110,大專校院,1293,崇仁醫護管理專科學校,二專,0,,
110,大專校院,1293,崇仁醫護管理專科學校,五專,42,3209.0,0.01309
110,大專校院,1293,崇仁醫護管理專科學校,博士班,0,,
110,大專校院,1293,崇仁醫護管理專科學校,學士班,0,,
110,大專校院,1293,崇仁醫護管理專科學校,碩士班,0,,
110,空大及進修學校,1A49,德明財經科技大學附設進修學院,二專,0,,
110,空大及進修學校,1A49,德明財經科技大學附設進修學院,五專,0,,
110,空大及進修學校,1A49,德明財經科技大學附設進修學院,博士班,0,,
110,空大及進修學校,1A49,德明財經科技大學附設進修學院,學士班,0,,
110,空大及進修學校,1A49,德明財經科技大學附設進修學院,碩士班,0,,
110,空大及進修學校,1A50,中國科技大學附設進修學院,二專,0,,
110,空大及進修學校,1A50,中國科技大學附設進修學院,五專,0,,
110,空大及進修學校,1A50,中國科技大學附設進修學院,博士班,0,,
110,空大及進修學校,1A50,中國科技大學附設進修學院,學士班,0,,
110,空大及進修學校,1A50,中國科技大學附設進修學院,碩士班,0,,
110,空大及進修學校,1A57,修平科技大學附設進修學院,二專,0,,
110,空大及進修學校,1A57,修平科技大學附設進修學院,五專,0,,
110,空大及進修學校,1A57,修平科技大學附設進修學院,博士班,0,,
110,空大及進修學校,1A57,修平科技大學附設進修學院,學士班,0,,
110,空大及進修學校,1A57,修平科技大學附設進修學院,碩士班,0,,
110,空大及進修學校,1A62,美和科技大學附設進修學院,二專,0,,
110,空大及進修學校,1A62,美和科技大學附設進修學院,五專,0,,
110,空大及進修學校,1A62,美和科技大學附設進修學院,博士班,0,,
110,空大及進修學校,1A62,美和科技大學附設進修學院,學士班,5,,
110,空大及進修學校,1A62,美和科技大學附設進修學院,碩士班,0,,
110,空大及進修學校,1A64,蘭陽技術學院附設進修學院,二專,0,,
110,空大及進修學校,1A64,蘭陽技術學院附設進修學院,五專,0,,
110,空大及進修學校,1A64,蘭陽技術學院附設進修學院,博士班,0,,
110,空大及進修學校,1A64,蘭陽技術學院附設進修學院,學士班,0,,
110,空大及進修學校,1A64,蘭陽技術學院附設進修學院,碩士班,0,,
110,空大及進修學校,1A67,崇右影藝科技大學附設進修學院,二專,0,,
110,空大及進修學校,1A67,崇右影藝科技大學附設進修學院,五專,0,,
110,空大及進修學校,1A67,崇右影藝科技大學附設進修學院,博士班,0,,
110,空大及進修學校,1A67,崇右影藝科技大學附設進修學院,學士班,1,,
110,空大及進修學校,1A67,崇右影藝科技大學附設進修學院,碩士班,0,,
110,宗教研修學院,1R02,基督教台灣浸會神學院,二專,0,,
110,宗教研修學院,1R02,基督教台灣浸會神學院,五專,0,,
110,宗教研修學院,1R02,基督教台灣浸會神學院,博士班,0,,
110,宗教研修學院,1R02,基督教台灣浸會神學院,學士班,0,,
110,宗教研修學院,1R02,基督教台灣浸會神學院,碩士班,3,,
110,宗教研修學院,1R03,臺北基督學院,二專,0,,
110,宗教研修學院,1R03,臺北基督學院,五專,0,,
110,宗教研修學院,1R03,臺北基督學院,博士班,0,,
110,宗教研修學院,1R03,臺北基督學院,學士班,11,,
110,宗教研修學院,1R03,臺北基督學院,碩士班,0,,
110,宗教研修學院,1R05,台灣神學研究學院,二專,0,,
110,宗教研修學院,1R05,台灣神學研究學院,五專,0,,
110,宗教研修學院,1R05,台灣神學研究學院,博士班,0,,
110,宗教研修學院,1R05,台灣神學研究學院,學士班,0,,
110,宗教研修學院,1R05,台灣神學研究學院,碩士班,18,,
110,宗教研修學院,1R07,台灣基督長老教會南神神學院,二專,0,,
110,宗教研修學院,1R07,台灣基督長老教會南神神學院,五專,0,,
110,宗教研修學院,1R07,台灣基督長老教會南神神學院,博士班,0,,
110,宗教研修學院,1R07,台灣基督長老教會南神神學院,學士班,0,,
110,宗教研修學院,1R07,台灣基督長老教會南神神學院,碩士班,8,,
110,宗教研修學院,1R08,中華福音神學研究學院,二專,0,,
110,宗教研修學院,1R08,中華福音神學研究學院,五專,0,,
110,宗教研修學院,1R08,中華福音神學研究學院,博士班,0,,
110,宗教研修學院,1R08,中華福音神學研究學院,學士班,0,,
110,宗教研修學院,1R08,中華福音神學研究學院,碩士班,1,,
110,大專校院,3002,臺北市立大學,二專,0,,
110,大專校院,3002,臺北市立大學,五專,0,,
110,大專校院,3002,臺北市立大學,博士班,1,220.0,0.00455
110,大專校院,3002,臺北市立大學,學士班,313,5345.0,0.05856
110,大專校院,3002,臺北市立大學,碩士班,59,2549.0,0.02315
110,空大及進修學校,3A01,高雄市立空中大學,二專,0,,
110,空大及進修學校,3A01,高雄市立空中大學,五專,0,,
110,空大及進修學校,3A01,高雄市立空中大學,博士班,0,,
110,空大及進修學校,3A01,高雄市立空中大學,學士班,147,,
110,空大及進修學校,3A01,高雄市立空中大學,碩士班,0,,
111,大專校院,0001,國立政治大學,二專,0,,
111,大專校院,0001,國立政治大學,五專,0,,
111,大專校院,0001,國立政治大學,博士班,7,922.0,0.00759
111,大專校院,0001,國立政治大學,學士班,142,9732.0,0.01459
111,大專校院,0001,國立政治大學,碩士班,61,6073.0,0.01004
111,大專校院,0002,國立清華大學,二專,0,,
111,大專校院,0002,國立清華大學,五專,0,,
111,大專校院,0002,國立清華大學,博士班,11,1669.0,0.00659
111,大專校院,0002,國立清華大學,學士班,76,9119.0,0.00833
111,大專校院,0002,國立清華大學,碩士班,67,7246.0,0.00925
111,大專校院,0003,國立臺灣大學,二專,0,,
111,大專校院,0003,國立臺灣大學,五專,0,,
111,大專校院,0003,國立臺灣大學,博士班,14,3629.0,0.00386
111,大專校院,0003,國立臺灣大學,學士班,266,17074.0,0.01558
111,大專校院,0003,國立臺灣大學,碩士班,45,12719.0,0.00354
111,大專校院,0004,國立臺灣師範大學,二專,0,,
111,大專校院,0004,國立臺灣師範大學,五專,0,,
111,大專校院,0004,國立臺灣師範大學,博士班,17,1326.0,0.01282
111,大專校院,0004,國立臺灣師範大學,學士班,204,8394.0,0.0243
111,大專校院,0004,國立臺灣師範大學,碩士班,66,6542.0,0.01009
111,大專校院,0005,國立成功大學,二專,0,,
111,大專校院,0005,國立成功大學,五專,0,,
111,大專校院,0005,國立成功大學,博士班,6,1857.0,0.00323
111,大專校院,0005,國立成功大學,學士班,152,12010.0,0.01266
111,大專校院,0005,國立成功大學,碩士班,39,8958.0,0.00435
111,大專校院,0006,國立中興大學,二專,0,,
111,大專校院,0006,國立中興大學,五專,0,,
111,大專校院,0006,國立中興大學,博士班,4,969.0,0.00413
111,大專校院,0006,國立中興大學,學士班,143,9093.0,0.01573
111,大專校院,0006,國立中興大學,碩士班,16,5401.0,0.00296
111,大專校院,0007,國立陽明交通大學,二專,0,,
111,大專校院,0007,國立陽明交通大學,五專,0,,
111,大專校院,0007,國立陽明交通大學,博士班,12,2613.0,0.00459
111,大專校院,0007,國立陽明交通大學,學士班,71,8605.0,0.00825
111,大專校院,0007,國立陽明交通大學,碩士班,26,9489.0,0.00274
111,大專校院,0008,國立中央大學,二專,0,,
111,大專校院,0008,國立中央大學,五專,0,,
111,大專校院,0008,國立中央大學,博士班,2,1025.0,0.00195
111,大專校院,0008,國立中央大學,學士班,55,6154.0,0.00894
111,大專校院,0008,國立中央大學,碩士班,19,5115.0,0.00371
111,大專校院,0009,國立中山大學,二專,0,,
111,大專校院,0009,國立中山大學,五專,0,,
111,大專校院,0009,國立中山大學,博士班,0,854.0,0.0
111,大專校院,0009,國立中山大學,學士班,39,4945.0,0.00789
111,大專校院,0009,國立中山大學,碩士班,45,4497.0,0.01001
111,大專校院,0012,國立臺灣海洋大學,二專,0,,
111,大專校院,0012,國立臺灣海洋大學,五專,0,,
111,大專校院,0012,國立臺灣海洋大學,博士班,2,328.0,0.0061
111,大專校院,0012,國立臺灣海洋大學,學士班,105,6691.0,0.01569
111,大專校院,0012,國立臺灣海洋大學,碩士班,12,2148.0,0.00559
111,大專校院,0013,國立中正大學,二專,0,,
111,大專校院,0013,國立中正大學,五專,0,,
111,大專校院,0013,國立中正大學,博士班,5,558.0,0.00896
111,大專校院,0013,國立中正大學,學士班,92,6558.0,0.01403
111,大專校院,0013,國立中正大學,碩士班,38,4257.0,0.00893
111,大專校院,0014,國立高雄師範大學,二專,0,,
111,大專校院,0014,國立高雄師範大學,五專,0,,
111,大專校院,0014,國立高雄師範大學,博士班,12,445.0,0.02697
111,大專校院,0014,國立高雄師範大學,學士班,421,3870.0,0.10879
111,大專校院,0014,國立高雄師範大學,碩士班,76,2904.0,0.02617
111,大專校院,0015,國立彰化師範大學,二專,0,,
111,大專校院,0015,國立彰化師範大學,五專,0,,
111,大專校院,0015,國立彰化師範大學,博士班,2,488.0,0.0041
111,大專校院,0015,國立彰化師範大學,學士班,110,4988.0,0.02205
111,大專校院,0015,國立彰化師範大學,碩士班,31,3050.0,0.01016
111,大專校院,0017,國立臺北大學,二專,0,,
111,大專校院,0017,國立臺北大學,五專,0,,
111,大專校院,0017,國立臺北大學,博士班,1,202.0,0.00495
111,大專校院,0017,國立臺北大學,學士班,123,7930.0,0.01551
111,大專校院,0017,國立臺北大學,碩士班,15,2145.0,0.00699
111,大專校院,0018,國立嘉義大學,二專,0,,
111,大專校院,0018,國立嘉義大學,五專,0,,
111,大專校院,0018,國立嘉義大學,博士班,2,197.0,0.01015
111,大專校院,0018,國立嘉義大學,學士班,151,9169.0,0.01647
111,大專校院,0018,國立嘉義大學,碩士班,31,2120.0,0.01462
111,大專校院,0019,國立高雄大學,二專,0,,
111,大專校院,0019,國立高雄大學,五專,0,,
111,大專校院,0019,國立高雄大學,博士班,0,30.0,0.0
111,大專校院,0019,國立高雄大學,學士班,107,4716.0,0.02269
111,大專校院,0019,國立高雄大學,碩士班,7,1240.0,0.00565
111,大專校院,0020,國立東華大學,二專,0,,
111,大專校院,0020,國立東華大學,五專,0,,
111,大專校院,0020,國立東華大學,博士班,36,421.0,0.08551
111,大專校院,0020,國立東華大學,學士班,635,7878.0,0.0806
111,大專校院,0020,國立東華大學,碩士班,220,1981.0,0.11106
111,大專校院,0021,國立暨南國際大學,二專,0,,
111,大專校院,0021,國立暨南國際大學,五專,0,,
111,大專校院,0021,國立暨南國際大學,博士班,9,354.0,0.02542
111,大專校院,0021,國立暨南國際大學,學士班,258,4666.0,0.05529
111,大專校院,0021,國立暨南國際大學,碩士班,50,1361.0,0.03674
111,大專校院,0022,國立臺灣科技大學,二專,0,,
111,大專校院,0022,國立臺灣科技大學,五專,0,,
111,大專校院,0022,國立臺灣科技大學,博士班,5,1075.0,0.00465
111,大專校院,0022,國立臺灣科技大學,學士班,97,5682.0,0.01707
111,大專校院,0022,國立臺灣科技大學,碩士班,24,4891.0,0.00491
111,大專校院,0023,國立雲林科技大學,二專,0,,
111,大專校院,0023,國立雲林科技大學,五專,0,,
111,大專校院,0023,國立雲林科技大學,博士班,0,433.0,0.0
111,大專校院,0023,國立雲林科技大學,學士班,85,6761.0,0.01257
111,大專校院,0023,國立雲林科技大學,碩士班,13,2833.0,0.00459
111,大專校院,0024,國立屏東科技大學,二專,0,,
111,大專校院,0024,國立屏東科技大學,五專,0,,
111,大專校院,0024,國立屏東科技大學,博士班,4,254.0,0.01575
111,大專校院,0024,國立屏東科技大學,學士班,175,8945.0,0.01956
111,大專校院,0024,國立屏東科技大學,碩士班,30,1431.0,0.02096
111,大專校院,0025,國立臺北科技大學,二專,0,,
111,大專校院,0025,國立臺北科技大學,五專,5,150.0,0.03333
111,大專校院,0025,國立臺北科技大學,博士班,2,737.0,0.00271
111,大專校院,0025,國立臺北科技大學,學士班,78,7784.0,0.01002
111,大專校院,0025,國立臺北科技大學,碩士班,18,4962.0,0.00363
111,大專校院,0028,國立臺北藝術大學,二專,0,,
111,大專校院,0028,國立臺北藝術大學,五專,0,85.0,0.0
111,大專校院,0028,國立臺北藝術大學,博士班,2,109.0,0.01835
111,大專校院,0028,國立臺北藝術大學,學士班,55,1797.0,0.03061
111,大專校院,0028,國立臺北藝術大學,碩士班,18,1188.0,0.01515
111,大專校院,0029,國立臺灣藝術大學,二專,0,,
111,大專校院,0029,國立臺灣藝術大學,五專,0,,
111,大專校院,0029,國立臺灣藝術大學,博士班,1,152.0,0.00658
111,大專校院,0029,國立臺灣藝術大學,學士班,107,4303.0,0.02487
111,大專校院,0029,國立臺灣藝術大學,碩士班,18,1159.0,0.01553
111,大專校院,0030,國立臺東大學,二專,0,,
111,大專校院,0030,國立臺東大學,五專,0,,
111,大專校院,0030,國立臺東大學,博士班,4,47.0,0.08511
111,大專校院,0030,國立臺東大學,學士班,546,4036.0,0.13528
111,大專校院,0030,國立臺東大學,碩士班,161,1016.0,0.15846
111,大專校院,0031,國立宜蘭大學,二專,0,,
111,大專校院,0031,國立宜蘭大學,五專,0,,
111,大專校院,0031,國立宜蘭大學,博士班,0,15.0,0.0
111,大專校院,0031,國立宜蘭大學,學士班,179,4891.0,0.0366
111,大專校院,0031,國立宜蘭大學,碩士班,17,735.0,0.02313
111,大專校院,0032,國立聯合大學,二專,0,,
111,大專校院,0032,國立聯合大學,五專,0,,
111,大專校院,0032,國立聯合大學,博士班,0,18.0,0.0
111,大專校院,0032,國立聯合大學,學士班,101,7175.0,0.01408
111,大專校院,0032,國立聯合大學,碩士班,5,456.0,0.01096
111,大專校院,0033,國立虎尾科技大學,二專,0,70.0,0.0
111,大專校院,0033,國立虎尾科技大學,五專,2,317.0,0.00631
111,大專校院,0033,國立虎尾科技大學,博士班,0,57.0,0.0
111,大專校院,0033,國立虎尾科技大學,學士班,123,10033.0,0.01226
111,大專校院,0033,國立虎尾科技大學,碩士班,4,1205.0,0.00332
111,大專校院,0035,國立臺南藝術大學,二專,0,,
111,大專校院,0035,國立臺南藝術大學,五專,0,174.0,0.0
111,大專校院,0035,國立臺南藝術大學,博士班,3,62.0,0.04839
111,大專校院,0035,國立臺南藝術大學,學士班,38,789.0,0.04816
111,大專校院,0035,國立臺南藝術大學,碩士班,14,637.0,0.02198
111,大專校院,0036,國立臺南大學,二專,0,,
111,大專校院,0036,國立臺南大學,五專,0,,
111,大專校院,0036,國立臺南大學,博士班,1,153.0,0.00654
111,大專校院,0036,國立臺南大學,學士班,69,4082.0,0.0169
111,大專校院,0036,國立臺南大學,碩士班,16,1634.0,0.00979
111,大專校院,0037,國立臺北教育大學,二專,0,,
111,大專校院,0037,國立臺北教育大學,五專,0,,
111,大專校院,0037,國立臺北教育大學,博士班,3,152.0,0.01974
111,大專校院,0037,國立臺北教育大學,學士班,108,3325.0,0.03248
111,大專校院,0037,國立臺北教育大學,碩士班,50,2478.0,0.02018
111,大專校院,0039,國立臺中教育大學,二專,0,,
111,大專校院,0039,國立臺中教育大學,五專,0,,
111,大專校院,0039,國立臺中教育大學,博士班,4,108.0,0.03704
111,大專校院,0039,國立臺中教育大學,學士班,78,3211.0,0.02429
111,大專校院,0039,國立臺中教育大學,碩士班,105,1681.0,0.06246
111,大專校院,0042,國立澎湖科技大學,二專,0,,
111,大專校院,0042,國立澎湖科技大學,五專,1,94.0,0.01064
111,大專校院,0042,國立澎湖科技大學,博士班,0,,
111,大專校院,0042,國立澎湖科技大學,學士班,17,2712.0,0.00627
111,大專校院,0042,國立澎湖科技大學,碩士班,2,121.0,0.01653
111,大專校院,0043,國立勤益科技大學,二專,6,294.0,0.02041
111,大專校院,0043,國立勤益科技大學,五專,0,,
111,大專校院,0043,國立勤益科技大學,博士班,0,52.0,0.0
111,大專校院,0043,國立勤益科技大學,學士班,113,11101.0,0.01018
111,大專校院,0043,國立勤益科技大學,碩士班,4,974.0,0.00411
111,大專校院,0044,國立體育大學,二專,0,,
111,大專校院,0044,國立體育大學,五專,0,,
111,大專校院,0044,國立體育大學,博士班,2,144.0,0.01389
111,大專校院,0044,國立體育大學,學士班,386,2016.0,0.19147
111,大專校院,0044,國立體育大學,碩士班,27,573.0,0.04712
111,大專校院,0046,國立臺北護理健康大學,二專,0,,
111,大專校院,0046,國立臺北護理健康大學,五專,0,,
111,大專校院,0046,國立臺北護理健康大學,博士班,0,77.0,0.0
111,大專校院,0046,國立臺北護理健康大學,學士班,97,4465.0,0.02172
111,大專校院,0046,國立臺北護理健康大學,碩士班,6,755.0,0.00795
111,大專校院,0047,國立高雄餐旅大學,二專,0,,
111,大專校院,0047,國立高雄餐旅大學,五專,7,251.0,0.02789
111,大專校院,0047,國立高雄餐旅大學,博士班,0,31.0,0.0
111,大專校院,0047,國立高雄餐旅大學,學士班,91,4061.0,0.02241
111,大專校院,0047,國立高雄餐旅大學,碩士班,0,178.0,0.0
111,大專校院,0048,國立金門大學,二專,0,,
111,大專校院,0048,國立金門大學,五專,0,,
111,大專校院,0048,國立金門大學,博士班,0,2.0,0.0
111,大專校院,0048,國立金門大學,學士班,69,3866.0,0.01785
111,大專校院,0048,國立金門大學,碩士班,1,307.0,0.00326
111,大專校院,0049,國立臺灣體育運動大學,二專,0,,
111,大專校院,0049,國立臺灣體育運動大學,五專,0,,
111,大專校院,0049,國立臺灣體育運動大學,博士班,1,14.0,0.07143
111,大專校院,0049,國立臺灣體育運動大學,學士班,210,2718.0,0.07726
111,大專校院,0049,國立臺灣體育運動大學,碩士班,30,390.0,0.07692
111,大專校院,0050,國立臺中科技大學,二專,17,1007.0,0.01688
111,大專校院,0050,國立臺中科技大學,五專,75,3694.0,0.0203
111,大專校院,0050,國立臺中科技大學,博士班,0,,
111,大專校院,0050,國立臺中科技大學,學士班,204,10683.0,0.0191
111,大專校院,0050,國立臺中科技大學,碩士班,8,711.0,0.01125
111,大專校院,0051,國立臺北商業大學,二專,10,302.0,0.03311
111,大專校院,0051,國立臺北商業大學,五專,21,1755.0,0.01197
111,大專校院,0051,國立臺北商業大學,博士班,0,9.0,0.0
111,大專校院,0051,國立臺北商業大學,學士班,93,4823.0,0.01928
111,大專校院,0051,國立臺北商業大學,碩士班,1,401.0,0.00249
111,大專校院,0052,國立屏東大學,二專,0,,
111,大專校院,0052,國立屏東大學,五專,0,,
111,大專校院,0052,國立屏東大學,博士班,6,46.0,0.13043
111,大專校院,0052,國立屏東大學,學士班,352,7253.0,0.04853
111,大專校院,0052,國立屏東大學,碩士班,117,1623.0,0.07209
111,大專校院,0053,國立高雄科技大學,二專,0,,
111,大專校院,0053,國立高雄科技大學,五專,14,867.0,0.01615
111,大專校院,0053,國立高雄科技大學,博士班,0,598.0,0.0
111,大專校院,0053,國立高雄科技大學,學士班,185,21755.0,0.0085
111,大專校院,0053,國立高雄科技大學,碩士班,4,4628.0,0.00086
111,大專校院,0144,國立臺灣戲曲學院,二專,0,,
111,大專校院,0144,國立臺灣戲曲學院,五專,0,,
111,大專校院,0144,國立臺灣戲曲學院,博士班,0,,
111,大專校院,0144,國立臺灣戲曲學院,學士班,11,516.0,0.02132
111,大專校院,0144,國立臺灣戲曲學院,碩士班,0,,
111,大專校院,0221,國立臺南護理專科學校,二專,1,120.0,0.00833
111,大專校院,0221,國立臺南護理專科學校,五專,118,1865.0,0.06327
111,大專校院,0221,國立臺南護理專科學校,博士班,0,,
111,大專校院,0221,國立臺南護理專科學校,學士班,0,,
111,大專校院,0221,國立臺南護理專科學校,碩士班,0,,
111,大專校院,0222,國立臺東專科學校,二專,34,534.0,0.06367
111,大專校院,0222,國立臺東專科學校,五專,48,221.0,0.21719
111,大專校院,0222,國立臺東專科學校,博士班,0,,
111,大專校院,0222,國立臺東專科學校,學士班,0,,
111,大專校院,0222,國立臺東專科學校,碩士班,0,,
111,空大及進修學校,0A01,國立空中大學,二專,297,,
111,空大及進修學校,0A01,國立空中大學,五專,0,,
111,空大及進修學校,0A01,國立空中大學,博士班,0,,
111,空大及進修學校,0A01,國立空中大學,學士班,903,,
111,空大及進修學校,0A01,國立空中大學,碩士班,0,,
111,空大及進修學校,0A13,國立高雄科技大學附設進修學院,二專,0,,
111,空大及進修學校,0A13,國立高雄科技大學附設進修學院,五專,0,,
111,空大及進修學校,0A13,國立高雄科技大學附設進修學院,博士班,0,,
111,空大及進修學校,0A13,國立高雄科技大學附設進修學院,學士班,9,,
111,空大及進修學校,0A13,國立高雄科技大學附設進修學院,碩士班,0,,
111,空大及進修學校,0A17,國立臺北商業大學附設空中進修學院,二專,89,,
111,空大及進修學校,0A17,國立臺北商業大學附設空中進修學院,五專,0,,
111,空大及進修學校,0A17,國立臺北商業大學附設空中進修學院,博士班,0,,
111,空大及進修學校,0A17,國立臺北商業大學附設空中進修學院,學士班,96,,
111,空大及進修學校,0A17,國立臺北商業大學附設空中進修學院,碩士班,0,,
111,空大及進修學校,0A18,國立臺中科技大學附設空中進修學院,二專,14,,
111,空大及進修學校,0A18,國立臺中科技大學附設空中進修學院,五專,0,,
111,空大及進修學校,0A18,國立臺中科技大學附設空中進修學院,博士班,0,,
111,空大及進修學校,0A18,國立臺中科技大學附設空中進修學院,學士班,34,,
111,空大及進修學校,0A18,國立臺中科技大學附設空中進修學院,碩士班,0,,
111,大專校院,1001,東海大學,二專,0,,
111,大專校院,1001,東海大學,五專,0,,
111,大專校院,1001,東海大學,博士班,1,240.0,0.00417
111,大專校院,1001,東海大學,學士班,95,12915.0,0.00736
111,大專校院,1001,東海大學,碩士班,11,2128.0,0.00517
111,大專校院,1002,輔仁大學,二專,0,,
111,大專校院,1002,輔仁大學,五專,0,,
111,大專校院,1002,輔仁大學,博士班,4,423.0,0.00946
111,大專校院,1002,輔仁大學,學士班,326,22049.0,0.01479
111,大專校院,1002,輔仁大學,碩士班,124,3509.0,0.03534
111,大專校院,1003,東吳大學,二專,0,,
111,大專校院,1003,東吳大學,五專,0,,
111,大專校院,1003,東吳大學,博士班,0,127.0,0.0
111,大專校院,1003,東吳大學,學士班,113,12544.0,0.00901
111,大專校院,1003,東吳大學,碩士班,0,2616.0,0.0
111,大專校院,1004,中原大學,二專,0,,
111,大專校院,1004,中原大學,五專,0,,
111,大專校院,1004,中原大學,博士班,2,355.0,0.00563
111,大專校院,1004,中原大學,學士班,183,13751.0,0.01331
111,大專校院,1004,中原大學,碩士班,22,2523.0,0.00872
111,大專校院,1005,淡江大學,二專,0,,
111,大專校院,1005,淡江大學,五專,0,,
111,大專校院,1005,淡江大學,博士班,0,366.0,0.0
111,大專校院,1005,淡江大學,學士班,234,20801.0,0.01125
111,大專校院,1005,淡江大學,碩士班,3,2161.0,0.00139
111,大專校院,1006,中國文化大學,二專,0,,
111,大專校院,1006,中國文化大學,五專,0,,
111,大專校院,1006,中國文化大學,博士班,0,508.0,0.0
111,大專校院,1006,中國文化大學,學士班,337,19648.0,0.01715
111,大專校院,1006,中國文化大學,碩士班,7,2109.0,0.00332
111,大專校院,1007,逢甲大學,二專,0,,
111,大專校院,1007,逢甲大學,五專,0,,
111,大專校院,1007,逢甲大學,博士班,0,415.0,0.0
111,大專校院,1007,逢甲大學,學士班,127,18176.0,0.00699
111,大專校院,1007,逢甲大學,碩士班,13,2850.0,0.00456
111,大專校院,1008,靜宜大學,二專,0,,
111,大專校院,1008,靜宜大學,五專,0,,
111,大專校院,1008,靜宜大學,博士班,6,59.0,0.10169
111,大專校院,1008,靜宜大學,學士班,184,10642.0,0.01729
111,大專校院,1008,靜宜大學,碩士班,55,1005.0,0.05473
111,大專校院,1009,長庚大學,二專,0,,
111,大專校院,1009,長庚大學,五專,0,,
111,大專校院,1009,長庚大學,博士班,4,424.0,0.00943
111,大專校院,1009,長庚大學,學士班,25,5236.0,0.00477
111,大專校院,1009,長庚大學,碩士班,14,1327.0,0.01055
111,大專校院,1010,元智大學,二專,0,,
111,大專校院,1010,元智大學,五專,0,,
111,大專校院,1010,元智大學,博士班,2,233.0,0.00858
111,大專校院,1010,元智大學,學士班,56,7010.0,0.00799
111,大專校院,1010,元智大學,碩士班,0,1401.0,0.0
111,大專校院,1011,中華大學,二專,0,,
111,大專校院,1011,中華大學,五專,0,,
111,大專校院,1011,中華大學,博士班,2,65.0,0.03077
111,大專校院,1011,中華大學,學士班,35,3974.0,0.00881
111,大專校院,1011,中華大學,碩士班,1,422.0,0.00237
111,大專校院,1012,大葉大學,二專,0,,
111,大專校院,1012,大葉大學,五專,0,,
111,大專校院,1012,大葉大學,博士班,1,104.0,0.00962
111,大專校院,1012,大葉大學,學士班,40,5005.0,0.00799
111,大專校院,1012,大葉大學,碩士班,7,585.0,0.01197
111,大專校院,1013,華梵大學,二專,0,,
111,大專校院,1013,華梵大學,五專,0,,
111,大專校院,1013,華梵大學,博士班,0,64.0,0.0
111,大專校院,1013,華梵大學,學士班,4,562.0,0.00712
111,大專校院,1013,華梵大學,碩士班,3,365.0,0.00822
111,大專校院,1014,義守大學,二專,0,,
111,大專校院,1014,義守大學,五專,0,,
111,大專校院,1014,義守大學,博士班,2,143.0,0.01399
111,大專校院,1014,義守大學,學士班,480,12098.0,0.03968
111,大專校院,1014,義守大學,碩士班,16,700.0,0.02286
111,大專校院,1015,世新大學,二專,0,,
111,大專校院,1015,世新大學,五專,0,,
111,大專校院,1015,世新大學,博士班,3,82.0,0.03659
111,大專校院,1015,世新大學,學士班,287,9715.0,0.02954
111,大專校院,1015,世新大學,碩士班,15,1102.0,0.01361
111,大專校院,1016,銘傳大學,二專,0,,
111,大專校院,1016,銘傳大學,五專,0,,
111,大專校院,1016,銘傳大學,博士班,0,67.0,0.0
111,大專校院,1016,銘傳大學,學士班,220,16655.0,0.01321
111,大專校院,1016,銘傳大學,碩士班,11,1534.0,0.00717
111,大專校院,1017,實踐大學,二專,0,,
111,大專校院,1017,實踐大學,五專,0,,
111,大專校院,1017,實踐大學,博士班,0,27.0,0.0
111,大專校院,1017,實踐大學,學士班,208,11380.0,0.01828
111,大專校院,1017,實踐大學,碩士班,4,468.0,0.00855
111,大專校院,1018,朝陽科技大學,二專,0,,
111,大專校院,1018,朝陽科技大學,五專,0,,
111,大專校院,1018,朝陽科技大學,博士班,3,112.0,0.02679
111,大專校院,1018,朝陽科技大學,學士班,161,12814.0,0.01256
111,大專校院,1018,朝陽科技大學,碩士班,8,885.0,0.00904
111,大專校院,1019,高雄醫學大學,二專,0,,
111,大專校院,1019,高雄醫學大學,五專,0,,
111,大專校院,1019,高雄醫學大學,博士班,2,313.0,0.00639
111,大專校院,1019,高雄醫學大學,學士班,100,5274.0,0.01896
111,大專校院,1019,高雄醫學大學,碩士班,15,931.0,0.01611
111,大專校院,1020,南華大學,二專,0,,
111,大專校院,1020,南華大學,五專,0,,
111,大專校院,1020,南華大學,博士班,0,47.0,0.0
111,大專校院,1020,南華大學,學士班,66,4232.0,0.0156
111,大專校院,1020,南華大學,碩士班,14,857.0,0.01634
111,大專校院,1021,真理大學,二專,0,,
111,大專校院,1021,真理大學,五專,0,,
111,大專校院,1021,真理大學,博士班,0,,
111,大專校院,1021,真理大學,學士班,63,4176.0,0.01509
111,大專校院,1021,真理大學,碩士班,4,138.0,0.02899
111,大專校院,1022,大同大學,二專,0,,
111,大專校院,1022,大同大學,五專,0,,
111,大專校院,1022,大同大學,博士班,1,95.0,0.01053
111,大專校院,1022,大同大學,學士班,19,3351.0,0.00567
111,大專校院,1022,大同大學,碩士班,1,372.0,0.00269
111,大專校院,1023,南臺科技大學,二專,0,,
111,大專校院,1023,南臺科技大學,五專,3,414.0,0.00725
111,大專校院,1023,南臺科技大學,博士班,0,79.0,0.0
111,大專校院,1023,南臺科技大學,學士班,182,14551.0,0.01251
111,大專校院,1023,南臺科技大學,碩士班,5,1062.0,0.00471
111,大專校院,1024,崑山科技大學,二專,0,13.0,0.0
111,大專校院,1024,崑山科技大學,五專,0,,
111,大專校院,1024,崑山科技大學,博士班,0,30.0,0.0
111,大專校院,1024,崑山科技大學,學士班,125,8754.0,0.01428
111,大專校院,1024,崑山科技大學,碩士班,4,479.0,0.00835
111,大專校院,1025,嘉南藥理大學,二專,0,,
111,大專校院,1025,嘉南藥理大學,五專,0,112.0,0.0
111,大專校院,1025,嘉南藥理大學,博士班,0,,
111,大專校院,1025,嘉南藥理大學,學士班,176,10148.0,0.01734
111,大專校院,1025,嘉南藥理大學,碩士班,6,356.0,0.01685
111,大專校院,1026,樹德科技大學,二專,7,308.0,0.02273
111,大專校院,1026,樹德科技大學,五專,0,,
111,大專校院,1026,樹德科技大學,博士班,0,33.0,0.0
111,大專校院,1026,樹德科技大學,學士班,240,8234.0,0.02915
111,大專校院,1026,樹德科技大學,碩士班,8,556.0,0.01439
111,大專校院,1027,慈濟大學,二專,0,,
111,大專校院,1027,慈濟大學,五專,0,,
111,大專校院,1027,慈濟大學,博士班,5,97.0,0.05155
111,大專校院,1027,慈濟大學,學士班,87,2558.0,0.03401
111,大專校院,1027,慈濟大學,碩士班,27,402.0,0.06716
111,大專校院,1028,臺北醫學大學,二專,0,,
111,大專校院,1028,臺北醫學大學,五專,0,,
111,大專校院,1028,臺北醫學大學,博士班,0,612.0,0.0
111,大專校院,1028,臺北醫學大學,學士班,52,4543.0,0.01145
111,大專校院,1028,臺北醫學大學,碩士班,0,999.0,0.0
111,大專校院,1029,中山醫學大學,二專,0,,
111,大專校院,1029,中山醫學大學,五專,0,,
111,大專校院,1029,中山醫學大學,博士班,0,181.0,0.0
111,大專校院,1029,中山醫學大學,學士班,154,6096.0,0.02526
111,大專校院,1029,中山醫學大學,碩士班,13,705.0,0.01844
111,大專校院,1030,龍華科技大學,二專,0,,
111,大專校院,1030,龍華科技大學,五專,4,823.0,0.00486
111,大專校院,1030,龍華科技大學,博士班,0,,
111,大專校院,1030,龍華科技大學,學士班,139,10416.0,0.01334
111,大專校院,1030,龍華科技大學,碩士班,3,481.0,0.00624
111,大專校院,1031,輔英科技大學,二專,0,,
111,大專校院,1031,輔英科技大學,五專,131,2652.0,0.0494
111,大專校院,1031,輔英科技大學,博士班,0,,
111,大專校院,1031,輔英科技大學,學士班,152,6213.0,0.02446
111,大專校院,1031,輔英科技大學,碩士班,3,233.0,0.01288
111,大專校院,1032,明新科技大學,二專,7,230.0,0.03043
111,大專校院,1032,明新科技大學,五專,0,,
111,大專校院,1032,明新科技大學,博士班,0,,
111,大專校院,1032,明新科技大學,學士班,260,9679.0,0.02686
111,大專校院,1032,明新科技大學,碩士班,27,647.0,0.04173
111,大專校院,1033,長榮大學,二專,0,,
111,大專校院,1033,長榮大學,五專,0,,
111,大專校院,1033,長榮大學,博士班,3,50.0,0.06
111,大專校院,1033,長榮大學,學士班,95,6393.0,0.01486
111,大專校院,1033,長榮大學,碩士班,11,340.0,0.03235
111,大專校院,1034,弘光科技大學,二專,5,133.0,0.03759
111,大專校院,1034,弘光科技大學,五專,14,266.0,0.05263
111,大專校院,1034,弘光科技大學,博士班,2,15.0,0.13333
111,大專校院,1034,弘光科技大學,學士班,179,11406.0,0.01569
111,大專校院,1034,弘光科技大學,碩士班,8,286.0,0.02797
111,大專校院,1035,中國醫藥大學,二專,0,,
111,大專校院,1035,中國醫藥大學,五專,0,,
111,大專校院,1035,中國醫藥大學,博士班,1,412.0,0.00243
111,大專校院,1035,中國醫藥大學,學士班,186,6304.0,0.02951
111,大專校院,1035,中國醫藥大學,碩士班,9,584.0,0.01541
111,大專校院,1036,健行科技大學,二專,0,,
111,大專校院,1036,健行科技大學,五專,0,,
111,大專校院,1036,健行科技大學,博士班,0,,
111,大專校院,1036,健行科技大學,學士班,303,9709.0,0.03121
111,大專校院,1036,健行科技大學,碩士班,15,383.0,0.03916
111,大專校院,1037,正修科技大學,二專,27,827.0,0.03265
111,大專校院,1037,正修科技大學,五專,4,340.0,0.01176
111,大專校院,1037,正修科技大學,博士班,0,14.0,0.0
111,大專校院,1037,正修科技大學,學士班,354,15004.0,0.02359
111,大專校院,1037,正修科技大學,碩士班,14,582.0,0.02405
111,大專校院,1038,萬能科技大學,二專,1,6.0,0.16667
111,大專校院,1038,萬能科技大學,五專,0,,
111,大專校院,1038,萬能科技大學,博士班,0,,
111,大專校院,1038,萬能科技大學,學士班,360,7924.0,0.04543
111,大專校院,1038,萬能科技大學,碩士班,12,293.0,0.04096
111,大專校院,1039,玄奘大學,二專,0,,
111,大專校院,1039,玄奘大學,五專,0,,
111,大專校院,1039,玄奘大學,博士班,0,,
111,大專校院,1039,玄奘大學,學士班,36,1395.0,0.02581
111,大專校院,1039,玄奘大學,碩士班,9,410.0,0.02195
111,大專校院,1040,建國科技大學,二專,1,57.0,0.01754
111,大專校院,1040,建國科技大學,五專,0,,
111,大專校院,1040,建國科技大學,博士班,0,,
111,大專校院,1040,建國科技大學,學士班,42,4607.0,0.00912
111,大專校院,1040,建國科技大學,碩士班,2,132.0,0.01515
111,大專校院,1041,明志科技大學,二專,0,,
111,大專校院,1041,明志科技大學,五專,0,,
111,大專校院,1041,明志科技大學,博士班,0,47.0,0.0
111,大專校院,1041,明志科技大學,學士班,37,3796.0,0.00975
111,大專校院,1041,明志科技大學,碩士班,2,501.0,0.00399
111,大專校院,1042,高苑科技大學,二專,0,59.0,0.0
111,大專校院,1042,高苑科技大學,五專,0,8.0,0.0
111,大專校院,1042,高苑科技大學,博士班,0,,
111,大專校院,1042,高苑科技大學,學士班,41,1838.0,0.02231
111,大專校院,1042,高苑科技大學,碩士班,0,200.0,0.0
111,大專校院,1043,大仁科技大學,二專,22,89.0,0.24719
111,大專校院,1043,大仁科技大學,五專,0,,
111,大專校院,1043,大仁科技大學,博士班,0,,
111,大專校院,1043,大仁科技大學,學士班,523,4209.0,0.12426
111,大專校院,1043,大仁科技大學,碩士班,30,224.0,0.13393
111,大專校院,1044,聖約翰科技大學,二專,0,49.0,0.0
111,大專校院,1044,聖約翰科技大學,五專,5,98.0,0.05102
111,大專校院,1044,聖約翰科技大學,博士班,0,,
111,大專校院,1044,聖約翰科技大學,學士班,34,832.0,0.04087
111,大專校院,1044,聖約翰科技大學,碩士班,2,140.0,0.01429
111,大專校院,1045,嶺東科技大學,二專,0,,
111,大專校院,1045,嶺東科技大學,五專,0,,
111,大專校院,1045,嶺東科技大學,博士班,0,,
111,大專校院,1045,嶺東科技大學,學士班,168,9093.0,0.01848
111,大專校院,1045,嶺東科技大學,碩士班,10,373.0,0.02681
111,大專校院,1046,中國科技大學,二專,6,307.0,0.01954
111,大專校院,1046,中國科技大學,五專,0,,
111,大專校院,1046,中國科技大學,博士班,0,,
111,大專校院,1046,中國科技大學,學士班,119,7066.0,0.01684
111,大專校院,1046,中國科技大學,碩士班,7,245.0,0.02857
111,大專校院,1047,中臺科技大學,二專,0,14.0,0.0
111,大專校院,1047,中臺科技大學,五專,0,,
111,大專校院,1047,中臺科技大學,博士班,0,8.0,0.0
111,大專校院,1047,中臺科技大學,學士班,141,6509.0,0.02166
111,大專校院,1047,中臺科技大學,碩士班,7,390.0,0.01795
111,大專校院,1048,亞洲大學,二專,0,,
111,大專校院,1048,亞洲大學,五專,0,,
111,大專校院,1048,亞洲大學,博士班,3,230.0,0.01304
111,大專校院,1048,亞洲大學,學士班,138,9632.0,0.01433
111,大專校院,1048,亞洲大學,碩士班,31,1051.0,0.0295
111,大專校院,1049,開南大學,二專,0,,
111,大專校院,1049,開南大學,五專,0,,
111,大專校院,1049,開南大學,博士班,0,,
111,大專校院,1049,開南大學,學士班,173,4251.0,0.0407
111,大專校院,1049,開南大學,碩士班,29,527.0,0.05503
111,大專校院,1050,佛光大學,二專,0,,
111,大專校院,1050,佛光大學,五專,0,,
111,大專校院,1050,佛光大學,博士班,1,64.0,0.01562
111,大專校院,1050,佛光大學,學士班,41,2469.0,0.01661
111,大專校院,1050,佛光大學,碩士班,17,535.0,0.03178
111,大專校院,1051,台南應用科技大學,二專,0,,
111,大專校院,1051,台南應用科技大學,五專,21,902.0,0.02328
111,大專校院,1051,台南應用科技大學,博士班,0,,
111,大專校院,1051,台南應用科技大學,學士班,185,9620.0,0.01923
111,大專校院,1051,台南應用科技大學,碩士班,4,198.0,0.0202
111,大專校院,1052,遠東科技大學,二專,2,193.0,0.01036
111,大專校院,1052,遠東科技大學,五專,0,,
111,大專校院,1052,遠東科技大學,博士班,0,,
111,大專校院,1052,遠東科技大學,學士班,82,2473.0,0.03316
111,大專校院,1052,遠東科技大學,碩士班,3,266.0,0.01128
111,大專校院,1053,元培醫事科技大學,二專,0,,
111,大專校院,1053,元培醫事科技大學,五專,0,,
111,大專校院,1053,元培醫事科技大學,博士班,0,2.0,0.0
111,大專校院,1053,元培醫事科技大學,學士班,100,4772.0,0.02096
111,大專校院,1053,元培醫事科技大學,碩士班,4,286.0,0.01399
111,大專校院,1054,景文科技大學,二專,4,79.0,0.05063
111,大專校院,1054,景文科技大學,五專,0,,
111,大專校院,1054,景文科技大學,博士班,0,,
111,大專校院,1054,景文科技大學,學士班,113,5199.0,0.02173
111,大專校院,1054,景文科技大學,碩士班,0,64.0,0.0
111,大專校院,1055,中華醫事科技大學,二專,0,77.0,0.0
111,大專校院,1055,中華醫事科技大學,五專,57,3110.0,0.01833
111,大專校院,1055,中華醫事科技大學,博士班,0,,
111,大專校院,1055,中華醫事科技大學,學士班,74,4608.0,0.01606
111,大專校院,1055,中華醫事科技大學,碩士班,2,123.0,0.01626
111,大專校院,1056,東南科技大學,二專,0,,
111,大專校院,1056,東南科技大學,五專,0,,
111,大專校院,1056,東南科技大學,博士班,0,,
111,大專校院,1056,東南科技大學,學士班,118,4185.0,0.0282
111,大專校院,1056,東南科技大學,碩士班,5,191.0,0.02618
111,大專校院,1057,德明財經科技大學,二專,0,,
111,大專校院,1057,德明財經科技大學,五專,0,,
111,大專校院,1057,德明財經科技大學,博士班,0,,
111,大專校院,1057,德明財經科技大學,學士班,76,6358.0,0.01195
111,大專校院,1057,德明財經科技大學,碩士班,1,67.0,0.01493
111,大專校院,1058,明道大學,二專,0,,
111,大專校院,1058,明道大學,五專,0,,
111,大專校院,1058,明道大學,博士班,0,30.0,0.0
111,大專校院,1058,明道大學,學士班,17,1161.0,0.01464
111,大專校院,1058,明道大學,碩士班,1,185.0,0.00541
111,大專校院,1060,南開科技大學,二專,2,53.0,0.03774
111,大專校院,1060,南開科技大學,五專,2,341.0,0.00587
111,大專校院,1060,南開科技大學,博士班,0,,
111,大專校院,1060,南開科技大學,學士班,69,2266.0,0.03045
111,大專校院,1060,南開科技大學,碩士班,8,124.0,0.06452
111,大專校院,1061,中華科技大學,二專,4,121.0,0.03306
111,大專校院,1061,中華科技大學,五專,0,,
111,大專校院,1061,中華科技大學,博士班,0,,
111,大專校院,1061,中華科技大學,學士班,67,3470.0,0.01931
111,大專校院,1061,中華科技大學,碩士班,8,295.0,0.02712
111,大專校院,1062,僑光科技大學,二專,0,,
111,大專校院,1062,僑光科技大學,五專,0,,
111,大專校院,1062,僑光科技大學,博士班,0,,
111,大專校院,1062,僑光科技大學,學士班,123,8813.0,0.01396
111,大專校院,1062,僑光科技大學,碩士班,2,87.0,0.02299
111,大專校院,1063,育達科技大學,二專,0,,
111,大專校院,1063,育達科技大學,五專,0,,
111,大專校院,1063,育達科技大學,博士班,0,,
111,大專校院,1063,育達科技大學,學士班,95,3109.0,0.03056
111,大專校院,1063,育達科技大學,碩士班,9,325.0,0.02769
111,大專校院,1064,美和科技大學,二專,19,109.0,0.17431
111,大專校院,1064,美和科技大學,五專,196,1625.0,0.12062
111,大專校院,1064,美和科技大學,博士班,0,,
111,大專校院,1064,美和科技大學,學士班,487,3420.0,0.1424
111,大專校院,1064,美和科技大學,碩士班,43,348.0,0.12356
111,大專校院,1065,吳鳳科技大學,二專,8,206.0,0.03883
111,大專校院,1065,吳鳳科技大學,五專,0,,
111,大專校院,1065,吳鳳科技大學,博士班,0,,
111,大專校院,1065,吳鳳科技大學,學士班,71,4024.0,0.01764
111,大專校院,1065,吳鳳科技大學,碩士班,0,111.0,0.0
111,大專校院,1066,環球科技大學,二專,14,104.0,0.13462
111,大專校院,1066,環球科技大學,五專,0,,
111,大專校院,1066,環球科技大學,博士班,0,,
111,大專校院,1066,環球科技大學,學士班,83,1844.0,0.04501
111,大專校院,1066,環球科技大學,碩士班,49,163.0,0.30061
111,大專校院,1067,台灣首府大學,二專,0,,
111,大專校院,1067,台灣首府大學,五專,0,,
111,大專校院,1067,台灣首府大學,博士班,0,,
111,大專校院,1067,台灣首府大學,學士班,4,304.0,0.01316
111,大專校院,1067,台灣首府大學,碩士班,0,33.0,0.0
111,大專校院,1068,中州科技大學,二專,0,30.0,0.0
111,大專校院,1068,中州科技大學,五專,0,,
111,大專校院,1068,中州科技大學,博士班,0,,
111,大專校院,1068,中州科技大學,學士班,9,872.0,0.01032
111,大專校院,1068,中州科技大學,碩士班,0,5.0,0.0
111,大專校院,1069,修平科技大學,二專,0,2.0,0.0
111,大專校院,1069,修平科技大學,五專,0,,
111,大專校院,1069,修平科技大學,博士班,0,,
111,大專校院,1069,修平科技大學,學士班,70,4258.0,0.01644
111,大專校院,1069,修平科技大學,碩士班,4,151.0,0.02649
111,大專校院,1070,長庚科技大學,二專,0,,
111,大專校院,1070,長庚科技大學,五專,0,,
111,大專校院,1070,長庚科技大學,博士班,0,,
111,大專校院,1070,長庚科技大學,學士班,112,6040.0,0.01854
111,大專校院,1070,長庚科技大學,碩士班,3,231.0,0.01299
111,大專校院,1071,臺北城市科技大學,二專,7,361.0,0.01939
111,大專校院,1071,臺北城市科技大學,五專,22,838.0,0.02625
111,大專校院,1071,臺北城市科技大學,博士班,0,,
111,大專校院,1071,臺北城市科技大學,學士班,251,7698.0,0.03261
111,大專校院,1071,臺北城市科技大學,碩士班,5,88.0,0.05682
111,大專校院,1072,敏實科技大學,二專,0,,
111,大專校院,1072,敏實科技大學,五專,2,114.0,0.01754
111,大專校院,1072,敏實科技大學,博士班,0,,
111,大專校院,1072,敏實科技大學,學士班,28,449.0,0.06236
111,大專校院,1072,敏實科技大學,碩士班,0,,
111,大專校院,1073,醒吾科技大學,二專,3,72.0,0.04167
111,大專校院,1073,醒吾科技大學,五專,4,241.0,0.0166
111,大專校院,1073,醒吾科技大學,博士班,0,,
111,大專校院,1073,醒吾科技大學,學士班,232,6231.0,0.03723
111,大專校院,1073,醒吾科技大學,碩士班,22,143.0,0.15385
111,大專校院,1075,文藻外語大學,二專,0,,
111,大專校院,1075,文藻外語大學,五專,45,1785.0,0.02521
111,大專校院,1075,文藻外語大學,博士班,0,,
111,大專校院,1075,文藻外語大學,學士班,82,5867.0,0.01398
111,大專校院,1075,文藻外語大學,碩士班,0,278.0,0.0
111,大專校院,1076,華夏科技大學,二專,2,36.0,0.05556
111,大專校院,1076,華夏科技大學,五專,1,517.0,0.00193
111,大專校院,1076,華夏科技大學,博士班,0,,
111,大專校院,1076,華夏科技大學,學士班,48,2182.0,0.022
111,大專校院,1076,華夏科技大學,碩士班,2,82.0,0.02439
111,大專校院,1077,慈濟科技大學,二專,2,23.0,0.08696
111,大專校院,1077,慈濟科技大學,五專,546,1300.0,0.42
111,大專校院,1077,慈濟科技大學,博士班,0,,
111,大專校院,1077,慈濟科技大學,學士班,241,1619.0,0.14886
111,大專校院,1077,慈濟科技大學,碩士班,15,80.0,0.1875
111,大專校院,1078,致理科技大學,二專,0,,
111,大專校院,1078,致理科技大學,五專,20,1576.0,0.01269
111,大專校院,1078,致理科技大學,博士班,0,,
111,大專校院,1078,致理科技大學,學士班,144,9656.0,0.01491
111,大專校院,1078,致理科技大學,碩士班,2,94.0,0.02128
111,大專校院,1079,康寧大學,二專,5,177.0,0.02825
111,大專校院,1079,康寧大學,五專,50,2635.0,0.01898
111,大專校院,1079,康寧大學,博士班,0,,
111,大專校院,1079,康寧大學,學士班,4,371.0,0.01078
111,大專校院,1079,康寧大學,碩士班,0,9.0,0.0
111,大專校院,1080,宏國德霖科技大學,二專,0,,
111,大專校院,1080,宏國德霖科技大學,五專,21,1107.0,0.01897
111,大專校院,1080,宏國德霖科技大學,博士班,0,,
111,大專校院,1080,宏國德霖科技大學,學士班,67,3526.0,0.019
111,大專校院,1080,宏國德霖科技大學,碩士班,0,56.0,0.0
111,大專校院,1081,東方設計大學,二專,3,48.0,0.0625
111,大專校院,1081,東方設計大學,五專,7,290.0,0.02414
111,大專校院,1081,東方設計大學,博士班,0,26.0,0.0
111,大專校院,1081,東方設計大學,學士班,17,498.0,0.03414
111,大專校院,1081,東方設計大學,碩士班,1,88.0,0.01136
111,大專校院,1082,崇右影藝科技大學,二專,0,2.0,0.0
111,大專校院,1082,崇右影藝科技大學,五專,0,,
111,大專校院,1082,崇右影藝科技大學,博士班,0,,
111,大專校院,1082,崇右影藝科技大學,學士班,251,1318.0,0.19044
111,大專校院,1082,崇右影藝科技大學,碩士班,2,44.0,0.04545
111,大專校院,1083,台北海洋科技大學,二專,10,154.0,0.06494
111,大專校院,1083,台北海洋科技大學,五專,25,607.0,0.04119
111,大專校院,1083,台北海洋科技大學,博士班,0,,
111,大專校院,1083,台北海洋科技大學,學士班,112,3103.0,0.03609
111,大專校院,1083,台北海洋科技大學,碩士班,2,143.0,0.01399
111,大專校院,1084,亞東科技大學,二專,0,,
111,大專校院,1084,亞東科技大學,五專,0,,
111,大專校院,1084,亞東科技大學,博士班,0,,
111,大專校院,1084,亞東科技大學,學士班,61,3868.0,0.01577
111,大專校院,1084,亞東科技大學,碩士班,0,53.0,0.0
111,大專校院,1125,中信金融管理學院,二專,0,,
111,大專校院,1125,中信金融管理學院,五專,0,,
111,大專校院,1125,中信金融管理學院,博士班,0,,
111,大專校院,1125,中信金融管理學院,學士班,43,776.0,0.05541
111,大專校院,1125,中信金融管理學院,碩士班,1,149.0,0.00671
111,大專校院,1148,大漢技術學院,二專,36,92.0,0.3913
111,大專校院,1148,大漢技術學院,五專,0,,
111,大專校院,1148,大漢技術學院,博士班,0,,
111,大專校院,1148,大漢技術學院,學士班,266,615.0,0.43252
111,大專校院,1148,大漢技術學院,碩士班,27,77.0,0.35065
111,大專校院,1159,和春技術學院,二專,1,7.0,0.14286
111,大專校院,1159,和春技術學院,五專,0,8.0,0.0
111,大專校院,1159,和春技術學院,博士班,0,,
111,大專校院,1159,和春技術學院,學士班,5,54.0,0.09259
111,大專校院,1159,和春技術學院,碩士班,0,,
111,大專校院,1168,南亞技術學院,二專,0,3.0,0.0
111,大專校院,1168,南亞技術學院,五專,5,132.0,0.03788
111,大專校院,1168,南亞技術學院,博士班,0,,
111,大專校院,1168,南亞技術學院,學士班,137,2181.0,0.06282
111,大專校院,1168,南亞技術學院,碩士班,0,4.0,0.0
111,大專校院,1182,蘭陽技術學院,二專,0,,
111,大專校院,1182,蘭陽技術學院,五專,0,,
111,大專校院,1182,蘭陽技術學院,博士班,0,,
111,大專校院,1182,蘭陽技術學院,學士班,0,,
111,大專校院,1182,蘭陽技術學院,碩士班,0,,
111,大專校院,1183,黎明技術學院,二專,0,,
111,大專校院,1183,黎明技術學院,五專,8,353.0,0.02266
111,大專校院,1183,黎明技術學院,博士班,0,,
111,大專校院,1183,黎明技術學院,學士班,229,4708.0,0.04864
111,大專校院,1183,黎明技術學院,碩士班,0,,
111,大專校院,1185,經國管理暨健康學院,二專,9,190.0,0.04737
111,大專校院,1185,經國管理暨健康學院,五專,34,959.0,0.03545
111,大專校院,1185,經國管理暨健康學院,博士班,0,,
111,大專校院,1185,經國管理暨健康學院,學士班,78,2430.0,0.0321
111,大專校院,1185,經國管理暨健康學院,碩士班,2,80.0,0.025
111,大專校院,1188,大同技術學院,二專,8,19.0,0.42105
111,大專校院,1188,大同技術學院,五專,0,46.0,0.0
111,大專校院,1188,大同技術學院,博士班,0,,
111,大專校院,1188,大同技術學院,學士班,23,407.0,0.05651
111,大專校院,1188,大同技術學院,碩士班,0,,
111,大專校院,1195,馬偕醫學院,二專,0,,
111,大專校院,1195,馬偕醫學院,五專,0,,
111,大專校院,1195,馬偕醫學院,博士班,0,10.0,0.0
111,大專校院,1195,馬偕醫學院,學士班,25,758.0,0.03298
111,大專校院,1195,馬偕醫學院,碩士班,2,94.0,0.02128
111,大專校院,1196,法鼓文理學院,二專,0,,
111,大專校院,1196,法鼓文理學院,五專,0,,
111,大專校院,1196,法鼓文理學院,博士班,0,20.0,0.0
111,大專校院,1196,法鼓文理學院,學士班,0,57.0,0.0
111,大專校院,1196,法鼓文理學院,碩士班,1,261.0,0.00383
111,大專校院,1282,馬偕醫護管理專科學校,二專,2,145.0,0.01379
111,大專校院,1282,馬偕醫護管理專科學校,五專,271,3873.0,0.06997
111,大專校院,1282,馬偕醫護管理專科學校,博士班,0,,
111,大專校院,1282,馬偕醫護管理專科學校,學士班,0,,
111,大專校院,1282,馬偕醫護管理專科學校,碩士班,0,,
111,大專校院,1283,仁德醫護管理專科學校,二專,16,374.0,0.04278
111,大專校院,1283,仁德醫護管理專科學校,五專,221,5782.0,0.03822
111,大專校院,1283,仁德醫護管理專科學校,博士班,0,,
111,大專校院,1283,仁德醫護管理專科學校,學士班,0,,
111,大專校院,1283,仁德醫護管理專科學校,碩士班,0,,
111,大專校院,1284,樹人醫護管理專科學校,二專,11,547.0,0.02011
111,大專校院,1284,樹人醫護管理專科學校,五專,242,6727.0,0.03597
111,大專校院,1284,樹人醫護管理專科學校,博士班,0,,
111,大專校院,1284,樹人醫護管理專科學校,學士班,0,,
111,大專校院,1284,樹人醫護管理專科學校,碩士班,0,,
111,大專校院,1285,慈惠醫護管理專科學校,二專,39,287.0,0.13589
111,大專校院,1285,慈惠醫護管理專科學校,五專,327,2461.0,0.13287
111,大專校院,1285,慈惠醫護管理專科學校,博士班,0,,
111,大專校院,1285,慈惠醫護管理專科學校,學士班,0,,
111,大專校院,1285,慈惠醫護管理專科學校,碩士班,0,,
111,大專校院,1286,耕莘健康管理專科學校,二專,3,97.0,0.03093
111,大專校院,1286,耕莘健康管理專科學校,五專,174,4117.0,0.04226
111,大專校院,1286,耕莘健康管理專科學校,博士班,0,,
111,大專校院,1286,耕莘健康管理專科學校,學士班,0,,
111,大專校院,1286,耕莘健康管理專科學校,碩士班,0,,
111,大專校院,1287,敏惠醫護管理專科學校,二專,5,71.0,0.07042
111,大專校院,1287,敏惠醫護管理專科學校,五專,53,3726.0,0.01422
111,大專校院,1287,敏惠醫護管理專科學校,博士班,0,,
111,大專校院,1287,敏惠醫護管理專科學校,學士班,0,,
111,大專校院,1287,敏惠醫護管理專科學校,碩士班,0,,
111,大專校院,1289,育英醫護管理專科學校,二專,0,,
111,大專校院,1289,育英醫護管理專科學校,五專,67,1891.0,0.03543
111,大專校院,1289,育英醫護管理專科學校,博士班,0,,
111,大專校院,1289,育英醫護管理專科學校,學士班,0,,
111,大專校院,1289,育英醫護管理專科學校,碩士班,0,,
111,大專校院,1291,聖母醫護管理專科學校,二專,4,59.0,0.0678
111,大專校院,1291,聖母醫護管理專科學校,五專,205,1577.0,0.12999
111,大專校院,1291,聖母醫護管理專科學校,博士班,0,,
111,大專校院,1291,聖母醫護管理專科學校,學士班,0,,
111,大專校院,1291,聖母醫護管理專科學校,碩士班,0,,
111,大專校院,1292,新生醫護管理專科學校,二專,15,75.0,0.2
111,大專校院,1292,新生醫護管理專科學校,五專,643,5915.0,0.10871
111,大專校院,1292,新生醫護管理專科學校,博士班,0,,
111,大專校院,1292,新生醫護管理專科學校,學士班,0,,
111,大專校院,1292,新生醫護管理專科學校,碩士班,0,,
111,大專校院,1293,崇仁醫護管理專科學校,二專,0,,
111,大專校院,1293,崇仁醫護管理專科學校,五專,45,3051.0,0.01475
111,大專校院,1293,崇仁醫護管理專科學校,博士班,0,,
111,大專校院,1293,崇仁醫護管理專科學校,學士班,0,,
111,大專校院,1293,崇仁醫護管理專科學校,碩士班,0,,
111,空大及進修學校,1A62,美和科技大學附設進修學院,二專,0,,
111,空大及進修學校,1A62,美和科技大學附設進修學院,五專,0,,
111,空大及進修學校,1A62,美和科技大學附設進修學院,博士班,0,,
111,空大及進修學校,1A62,美和科技大學附設進修學院,學士班,0,,
111,空大及進修學校,1A62,美和科技大學附設進修學院,碩士班,0,,
111,空大及進修學校,1A67,崇右影藝科技大學附設進修學院,二專,0,,
111,空大及進修學校,1A67,崇右影藝科技大學附設進修學院,五專,0,,
111,空大及進修學校,1A67,崇右影藝科技大學附設進修學院,博士班,0,,
111,空大及進修學校,1A67,崇右影藝科技大學附設進修學院,學士班,0,,
111,空大及進修學校,1A67,崇右影藝科技大學附設進修學院,碩士班,0,,
111,宗教研修學院,1R02,基督教台灣浸會神學院,二專,0,,
111,宗教研修學院,1R02,基督教台灣浸會神學院,五專,0,,
111,宗教研修學院,1R02,基督教台灣浸會神學院,博士班,0,,
111,宗教研修學院,1R02,基督教台灣浸會神學院,學士班,0,,
111,宗教研修學院,1R02,基督教台灣浸會神學院,碩士班,3,,
111,宗教研修學院,1R03,臺北基督學院,二專,0,,
111,宗教研修學院,1R03,臺北基督學院,五專,0,,
111,宗教研修學院,1R03,臺北基督學院,博士班,0,,
111,宗教研修學院,1R03,臺北基督學院,學士班,10,,
111,宗教研修學院,1R03,臺北基督學院,碩士班,0,,
111,宗教研修學院,1R05,台灣神學研究學院,二專,0,,
111,宗教研修學院,1R05,台灣神學研究學院,五專,0,,
111,宗教研修學院,1R05,台灣神學研究學院,博士班,0,,
111,宗教研修學院,1R05,台灣神學研究學院,學士班,0,,
111,宗教研修學院,1R05,台灣神學研究學院,碩士班,21,,
111,宗教研修學院,1R07,台灣基督長老教會南神神學院,二專,0,,
111,宗教研修學院,1R07,台灣基督長老教會南神神學院,五專,0,,
111,宗教研修學院,1R07,台灣基督長老教會南神神學院,博士班,0,,
111,宗教研修學院,1R07,台灣基督長老教會南神神學院,學士班,0,,
111,宗教研修學院,1R07,台灣基督長老教會南神神學院,碩士班,6,,
111,宗教研修學院,1R08,中華福音神學研究學院,二專,0,,
111,宗教研修學院,1R08,中華福音神學研究學院,五專,0,,
111,宗教研修學院,1R08,中華福音神學研究學院,博士班,0,,
111,宗教研修學院,1R08,中華福音神學研究學院,學士班,0,,
111,宗教研修學院,1R08,中華福音神學研究學院,碩士班,2,,
111,大專校院,3002,臺北市立大學,二專,0,,
111,大專校院,3002,臺北市立大學,五專,0,,
111,大專校院,3002,臺北市立大學,博士班,1,211.0,0.00474
111,大專校院,3002,臺北市立大學,學士班,305,5287.0,0.05769
111,大專校院,3002,臺北市立大學,碩士班,49,2533.0,0.01934
111,空大及進修學校,3A01,高雄市立空中大學,二專,0,,
111,空大及進修學校,3A01,高雄市立空中大學,五專,0,,
111,空大及進修學校,3A01,高雄市立空中大學,博士班,0,,
111,空大及進修學校,3A01,高雄市立空中大學,學士班,180,,
111,空大及進修學校,3A01,高雄市立空中大學,碩士班,0,,
112,大專校院,0001,國立政治大學,二專,0,,
112,大專校院,0001,國立政治大學,五專,0,,
112,大專校院,0001,國立政治大學,博士班,5,921.0,0.00543
112,大專校院,0001,國立政治大學,學士班,154,9763.0,0.01577
112,大專校院,0001,國立政治大學,碩士班,49,6134.0,0.00799
112,大專校院,0002,國立清華大學,二專,0,,
112,大專校院,0002,國立清華大學,五專,0,,
112,大專校院,0002,國立清華大學,博士班,12,1636.0,0.00733
112,大專校院,0002,國立清華大學,學士班,78,9275.0,0.00841
112,大專校院,0002,國立清華大學,碩士班,67,7280.0,0.0092
112,大專校院,0003,國立臺灣大學,二專,0,,
112,大專校院,0003,國立臺灣大學,五專,0,,
112,大專校院,0003,國立臺灣大學,博士班,12,3654.0,0.00328
112,大專校院,0003,國立臺灣大學,學士班,270,17323.0,0.01559
112,大專校院,0003,國立臺灣大學,碩士班,43,12905.0,0.00333
112,大專校院,0004,國立臺灣師範大學,二專,0,,
112,大專校院,0004,國立臺灣師範大學,五專,0,,
112,大專校院,0004,國立臺灣師範大學,博士班,19,1337.0,0.01421
112,大專校院,0004,國立臺灣師範大學,學士班,196,8503.0,0.02305
112,大專校院,0004,國立臺灣師範大學,碩士班,70,6656.0,0.01052
112,大專校院,0005,國立成功大學,二專,0,,
112,大專校院,0005,國立成功大學,五專,0,,
112,大專校院,0005,國立成功大學,博士班,8,1888.0,0.00424
112,大專校院,0005,國立成功大學,學士班,170,12159.0,0.01398
112,大專校院,0005,國立成功大學,碩士班,35,9035.0,0.00387
112,大專校院,0006,國立中興大學,二專,0,,
112,大專校院,0006,國立中興大學,五專,0,,
112,大專校院,0006,國立中興大學,博士班,3,1000.0,0.003
112,大專校院,0006,國立中興大學,學士班,154,9006.0,0.0171
112,大專校院,0006,國立中興大學,碩士班,7,5591.0,0.00125
112,大專校院,0007,國立陽明交通大學,二專,0,,
112,大專校院,0007,國立陽明交通大學,五專,0,,
112,大專校院,0007,國立陽明交通大學,博士班,11,2604.0,0.00422
112,大專校院,0007,國立陽明交通大學,學士班,72,8612.0,0.00836
112,大專校院,0007,國立陽明交通大學,碩士班,25,10212.0,0.00245
112,大專校院,0008,國立中央大學,二專,0,,
112,大專校院,0008,國立中央大學,五專,0,,
112,大專校院,0008,國立中央大學,博士班,2,937.0,0.00213
112,大專校院,0008,國立中央大學,學士班,58,6274.0,0.00924
112,大專校院,0008,國立中央大學,碩士班,21,5286.0,0.00397
112,大專校院,0009,國立中山大學,二專,0,,
112,大專校院,0009,國立中山大學,五專,0,,
112,大專校院,0009,國立中山大學,博士班,0,839.0,0.0
112,大專校院,0009,國立中山大學,學士班,36,5040.0,0.00714
112,大專校院,0009,國立中山大學,碩士班,42,4467.0,0.0094
112,大專校院,0012,國立臺灣海洋大學,二專,0,,
112,大專校院,0012,國立臺灣海洋大學,五專,0,,
112,大專校院,0012,國立臺灣海洋大學,博士班,4,327.0,0.01223
112,大專校院,0012,國立臺灣海洋大學,學士班,110,6662.0,0.01651
112,大專校院,0012,國立臺灣海洋大學,碩士班,13,2225.0,0.00584
112,大專校院,0013,國立中正大學,二專,0,,
112,大專校院,0013,國立中正大學,五專,0,,
112,大專校院,0013,國立中正大學,博士班,4,537.0,0.00745
112,大專校院,0013,國立中正大學,學士班,99,6653.0,0.01488
112,大專校院,0013,國立中正大學,碩士班,29,4350.0,0.00667
112,大專校院,0014,國立高雄師範大學,二專,0,,
112,大專校院,0014,國立高雄師範大學,五專,0,,
112,大專校院,0014,國立高雄師範大學,博士班,11,422.0,0.02607
112,大專校院,0014,國立高雄師範大學,學士班,478,3988.0,0.11986
112,大專校院,0014,國立高雄師範大學,碩士班,79,2986.0,0.02646
112,大專校院,0015,國立彰化師範大學,二專,0,,
112,大專校院,0015,國立彰化師範大學,五專,0,,
112,大專校院,0015,國立彰化師範大學,博士班,1,475.0,0.00211
112,大專校院,0015,國立彰化師範大學,學士班,149,5044.0,0.02954
112,大專校院,0015,國立彰化師範大學,碩士班,31,3092.0,0.01003
112,大專校院,0017,國立臺北大學,二專,0,,
112,大專校院,0017,國立臺北大學,五專,0,,
112,大專校院,0017,國立臺北大學,博士班,1,195.0,0.00513
112,大專校院,0017,國立臺北大學,學士班,141,7874.0,0.01791
112,大專校院,0017,國立臺北大學,碩士班,15,2136.0,0.00702
112,大專校院,0018,國立嘉義大學,二專,0,,
112,大專校院,0018,國立嘉義大學,五專,0,,
112,大專校院,0018,國立嘉義大學,博士班,1,184.0,0.00543
112,大專校院,0018,國立嘉義大學,學士班,153,9218.0,0.0166
112,大專校院,0018,國立嘉義大學,碩士班,32,2180.0,0.01468
112,大專校院,0019,國立高雄大學,二專,0,,
112,大專校院,0019,國立高雄大學,五專,0,,
112,大專校院,0019,國立高雄大學,博士班,0,31.0,0.0
112,大專校院,0019,國立高雄大學,學士班,100,4840.0,0.02066
112,大專校院,0019,國立高雄大學,碩士班,6,1274.0,0.00471
112,大專校院,0020,國立東華大學,二專,0,,
112,大專校院,0020,國立東華大學,五專,0,,
112,大專校院,0020,國立東華大學,博士班,31,412.0,0.07524
112,大專校院,0020,國立東華大學,學士班,609,7975.0,0.07636
112,大專校院,0020,國立東華大學,碩士班,222,1963.0,0.11309
112,大專校院,0021,國立暨南國際大學,二專,0,,
112,大專校院,0021,國立暨南國際大學,五專,0,,
112,大專校院,0021,國立暨南國際大學,博士班,9,346.0,0.02601
112,大專校院,0021,國立暨南國際大學,學士班,254,4802.0,0.05289
112,大專校院,0021,國立暨南國際大學,碩士班,41,1408.0,0.02912
112,大專校院,0022,國立臺灣科技大學,二專,0,,
112,大專校院,0022,國立臺灣科技大學,五專,0,,
112,大專校院,0022,國立臺灣科技大學,博士班,5,1084.0,0.00461
112,大專校院,0022,國立臺灣科技大學,學士班,88,5593.0,0.01573
112,大專校院,0022,國立臺灣科技大學,碩士班,24,4995.0,0.0048
112,大專校院,0023,國立雲林科技大學,二專,0,,
112,大專校院,0023,國立雲林科技大學,五專,0,,
112,大專校院,0023,國立雲林科技大學,博士班,2,425.0,0.00471
112,大專校院,0023,國立雲林科技大學,學士班,99,6969.0,0.01421
112,大專校院,0023,國立雲林科技大學,碩士班,14,2944.0,0.00476
112,大專校院,0024,國立屏東科技大學,二專,0,,
112,大專校院,0024,國立屏東科技大學,五專,0,,
112,大專校院,0024,國立屏東科技大學,博士班,4,245.0,0.01633
112,大專校院,0024,國立屏東科技大學,學士班,170,8776.0,0.01937
112,大專校院,0024,國立屏東科技大學,碩士班,34,1373.0,0.02476
112,大專校院,0025,國立臺北科技大學,二專,0,,
112,大專校院,0025,國立臺北科技大學,五專,5,153.0,0.03268
112,大專校院,0025,國立臺北科技大學,博士班,2,754.0,0.00265
112,大專校院,0025,國立臺北科技大學,學士班,89,7590.0,0.01173
112,大專校院,0025,國立臺北科技大學,碩士班,16,5162.0,0.0031
112,大專校院,0028,國立臺北藝術大學,二專,0,,
112,大專校院,0028,國立臺北藝術大學,五專,0,83.0,0.0
112,大專校院,0028,國立臺北藝術大學,博士班,3,118.0,0.02542
112,大專校院,0028,國立臺北藝術大學,學士班,54,1797.0,0.03005
112,大專校院,0028,國立臺北藝術大學,碩士班,20,1215.0,0.01646
112,大專校院,0029,國立臺灣藝術大學,二專,0,,
112,大專校院,0029,國立臺灣藝術大學,五專,0,,
112,大專校院,0029,國立臺灣藝術大學,博士班,1,158.0,0.00633
112,大專校院,0029,國立臺灣藝術大學,學士班,113,4251.0,0.02658
112,大專校院,0029,國立臺灣藝術大學,碩士班,15,1183.0,0.01268
112,大專校院,0030,國立臺東大學,二專,0,,
112,大專校院,0030,國立臺東大學,五專,0,,
112,大專校院,0030,國立臺東大學,博士班,6,50.0,0.12
112,大專校院,0030,國立臺東大學,學士班,554,4036.0,0.13726
112,大專校院,0030,國立臺東大學,碩士班,159,1035.0,0.15362
112,大專校院,0031,國立宜蘭大學,二專,0,,
112,大專校院,0031,國立宜蘭大學,五專,0,,
112,大專校院,0031,國立宜蘭大學,博士班,1,16.0,0.0625
112,大專校院,0031,國立宜蘭大學,學士班,172,4859.0,0.0354
112,大專校院,0031,國立宜蘭大學,碩士班,19,717.0,0.0265
112,大專校院,0032,國立聯合大學,二專,0,,
112,大專校院,0032,國立聯合大學,五專,0,,
112,大專校院,0032,國立聯合大學,博士班,0,21.0,0.0
112,大專校院,0032,國立聯合大學,學士班,112,7199.0,0.01556
112,大專校院,0032,國立聯合大學,碩士班,3,491.0,0.00611
112,大專校院,0033,國立虎尾科技大學,二專,0,78.0,0.0
112,大專校院,0033,國立虎尾科技大學,五專,2,358.0,0.00559
112,大專校院,0033,國立虎尾科技大學,博士班,0,53.0,0.0
112,大專校院,0033,國立虎尾科技大學,學士班,133,9966.0,0.01335
112,大專校院,0033,國立虎尾科技大學,碩士班,3,1238.0,0.00242
112,大專校院,0035,國立臺南藝術大學,二專,0,,
112,大專校院,0035,國立臺南藝術大學,五專,0,162.0,0.0
112,大專校院,0035,國立臺南藝術大學,博士班,2,67.0,0.02985
112,大專校院,0035,國立臺南藝術大學,學士班,42,802.0,0.05237
112,大專校院,0035,國立臺南藝術大學,碩士班,10,607.0,0.01647
112,大專校院,0036,國立臺南大學,二專,0,,
112,大專校院,0036,國立臺南大學,五專,0,,
112,大專校院,0036,國立臺南大學,博士班,2,141.0,0.01418
112,大專校院,0036,國立臺南大學,學士班,72,4151.0,0.01735
112,大專校院,0036,國立臺南大學,碩士班,10,1669.0,0.00599
112,大專校院,0037,國立臺北教育大學,二專,0,,
112,大專校院,0037,國立臺北教育大學,五專,0,,
112,大專校院,0037,國立臺北教育大學,博士班,4,138.0,0.02899
112,大專校院,0037,國立臺北教育大學,學士班,114,3352.0,0.03401
112,大專校院,0037,國立臺北教育大學,碩士班,46,2605.0,0.01766
112,大專校院,0039,國立臺中教育大學,二專,0,,
112,大專校院,0039,國立臺中教育大學,五專,0,,
112,大專校院,0039,國立臺中教育大學,博士班,5,108.0,0.0463
112,大專校院,0039,國立臺中教育大學,學士班,78,3283.0,0.02376
112,大專校院,0039,國立臺中教育大學,碩士班,105,1699.0,0.0618
112,大專校院,0042,國立澎湖科技大學,二專,0,,
112,大專校院,0042,國立澎湖科技大學,五專,0,106.0,0.0
112,大專校院,0042,國立澎湖科技大學,博士班,0,,
112,大專校院,0042,國立澎湖科技大學,學士班,16,2485.0,0.00644
112,大專校院,0042,國立澎湖科技大學,碩士班,1,111.0,0.00901
112,大專校院,0043,國立勤益科技大學,二專,5,241.0,0.02075
112,大專校院,0043,國立勤益科技大學,五專,0,,
112,大專校院,0043,國立勤益科技大學,博士班,0,63.0,0.0
112,大專校院,0043,國立勤益科技大學,學士班,105,11283.0,0.00931
112,大專校院,0043,國立勤益科技大學,碩士班,0,1016.0,0.0
112,大專校院,0044,國立體育大學,二專,0,,
112,大專校院,0044,國立體育大學,五專,0,,
112,大專校院,0044,國立體育大學,博士班,2,139.0,0.01439
112,大專校院,0044,國立體育大學,學士班,427,2012.0,0.21223
112,大專校院,0044,國立體育大學,碩士班,29,608.0,0.0477
112,大專校院,0046,國立臺北護理健康大學,二專,0,,
112,大專校院,0046,國立臺北護理健康大學,五專,0,,
112,大專校院,0046,國立臺北護理健康大學,博士班,0,79.0,0.0
112,大專校院,0046,國立臺北護理健康大學,學士班,99,4436.0,0.02232
112,大專校院,0046,國立臺北護理健康大學,碩士班,15,760.0,0.01974
112,大專校院,0047,國立高雄餐旅大學,二專,0,,
112,大專校院,0047,國立高雄餐旅大學,五專,10,251.0,0.03984
112,大專校院,0047,國立高雄餐旅大學,博士班,0,37.0,0.0
112,大專校院,0047,國立高雄餐旅大學,學士班,81,3864.0,0.02096
112,大專校院,0047,國立高雄餐旅大學,碩士班,0,151.0,0.0
112,大專校院,0048,國立金門大學,二專,0,,
112,大專校院,0048,國立金門大學,五專,0,,
112,大專校院,0048,國立金門大學,博士班,0,4.0,0.0
112,大專校院,0048,國立金門大學,學士班,65,3744.0,0.01736
112,大專校院,0048,國立金門大學,碩士班,2,302.0,0.00662
112,大專校院,0049,國立臺灣體育運動大學,二專,0,,
112,大專校院,0049,國立臺灣體育運動大學,五專,0,,
112,大專校院,0049,國立臺灣體育運動大學,博士班,2,19.0,0.10526
112,大專校院,0049,國立臺灣體育運動大學,學士班,212,2704.0,0.0784
112,大專校院,0049,國立臺灣體育運動大學,碩士班,28,426.0,0.06573
112,大專校院,0050,國立臺中科技大學,二專,13,805.0,0.01615
112,大專校院,0050,國立臺中科技大學,五專,67,3704.0,0.01809
112,大專校院,0050,國立臺中科技大學,博士班,0,5.0,0.0
112,大專校院,0050,國立臺中科技大學,學士班,216,10774.0,0.02005
112,大專校院,0050,國立臺中科技大學,碩士班,6,701.0,0.00856
112,大專校院,0051,國立臺北商業大學,二專,5,138.0,0.03623
112,大專校院,0051,國立臺北商業大學,五專,23,1745.0,0.01318
112,大專校院,0051,國立臺北商業大學,博士班,0,10.0,0.0
112,大專校院,0051,國立臺北商業大學,學士班,95,4651.0,0.02043
112,大專校院,0051,國立臺北商業大學,碩士班,0,455.0,0.0
112,大專校院,0052,國立屏東大學,二專,0,,
112,大專校院,0052,國立屏東大學,五專,0,,
112,大專校院,0052,國立屏東大學,博士班,6,46.0,0.13043
112,大專校院,0052,國立屏東大學,學士班,362,7196.0,0.05031
112,大專校院,0052,國立屏東大學,碩士班,107,1617.0,0.06617
112,大專校院,0053,國立高雄科技大學,二專,0,,
112,大專校院,0053,國立高雄科技大學,五專,15,874.0,0.01716
112,大專校院,0053,國立高雄科技大學,博士班,0,564.0,0.0
112,大專校院,0053,國立高雄科技大學,學士班,191,21794.0,0.00876
112,大專校院,0053,國立高雄科技大學,碩士班,3,4551.0,0.00066
112,大專校院,0144,國立臺灣戲曲學院,二專,0,,
112,大專校院,0144,國立臺灣戲曲學院,五專,0,,
112,大專校院,0144,國立臺灣戲曲學院,博士班,0,,
112,大專校院,0144,國立臺灣戲曲學院,學士班,10,501.0,0.01996
112,大專校院,0144,國立臺灣戲曲學院,碩士班,0,,
112,大專校院,0221,國立臺南護理專科學校,二專,2,105.0,0.01905
112,大專校院,0221,國立臺南護理專科學校,五專,148,1878.0,0.07881
112,大專校院,0221,國立臺南護理專科學校,博士班,0,,
112,大專校院,0221,國立臺南護理專科學校,學士班,0,,
112,大專校院,0221,國立臺南護理專科學校,碩士班,0,,
112,大專校院,0222,國立臺東專科學校,二專,48,499.0,0.09619
112,大專校院,0222,國立臺東專科學校,五專,43,187.0,0.22995
112,大專校院,0222,國立臺東專科學校,博士班,0,,
112,大專校院,0222,國立臺東專科學校,學士班,0,,
112,大專校院,0222,國立臺東專科學校,碩士班,0,,
112,空大及進修學校,0A01,國立空中大學,二專,317,,
112,空大及進修學校,0A01,國立空中大學,五專,0,,
112,空大及進修學校,0A01,國立空中大學,博士班,0,,
112,空大及進修學校,0A01,國立空中大學,學士班,790,,
112,空大及進修學校,0A01,國立空中大學,碩士班,0,,
112,空大及進修學校,0A13,國立高雄科技大學附設進修學院,二專,0,,
112,空大及進修學校,0A13,國立高雄科技大學附設進修學院,五專,0,,
112,空大及進修學校,0A13,國立高雄科技大學附設進修學院,博士班,0,,
112,空大及進修學校,0A13,國立高雄科技大學附設進修學院,學士班,6,,
112,空大及進修學校,0A13,國立高雄科技大學附設進修學院,碩士班,0,,
112,空大及進修學校,0A17,國立臺北商業大學附設空中進修學院,二專,51,,
112,空大及進修學校,0A17,國立臺北商業大學附設空中進修學院,五專,0,,
112,空大及進修學校,0A17,國立臺北商業大學附設空中進修學院,博士班,0,,
112,空大及進修學校,0A17,國立臺北商業大學附設空中進修學院,學士班,42,,
112,空大及進修學校,0A17,國立臺北商業大學附設空中進修學院,碩士班,0,,
112,空大及進修學校,0A18,國立臺中科技大學附設空中進修學院,二專,17,,
112,空大及進修學校,0A18,國立臺中科技大學附設空中進修學院,五專,0,,
112,空大及進修學校,0A18,國立臺中科技大學附設空中進修學院,博士班,0,,
112,空大及進修學校,0A18,國立臺中科技大學附設空中進修學院,學士班,35,,
112,空大及進修學校,0A18,國立臺中科技大學附設空中進修學院,碩士班,0,,
112,大專校院,1001,東海大學,二專,0,,
112,大專校院,1001,東海大學,五專,0,,
112,大專校院,1001,東海大學,博士班,1,249.0,0.00402
112,大專校院,1001,東海大學,學士班,118,13201.0,0.00894
112,大專校院,1001,東海大學,碩士班,11,2132.0,0.00516
112,大專校院,1002,輔仁大學,二專,0,,
112,大專校院,1002,輔仁大學,五專,0,,
112,大專校院,1002,輔仁大學,博士班,3,428.0,0.00701
112,大專校院,1002,輔仁大學,學士班,351,21767.0,0.01613
112,大專校院,1002,輔仁大學,碩士班,107,3437.0,0.03113
112,大專校院,1003,東吳大學,二專,0,,
112,大專校院,1003,東吳大學,五專,0,,
112,大專校院,1003,東吳大學,博士班,0,113.0,0.0
112,大專校院,1003,東吳大學,學士班,115,12510.0,0.00919
112,大專校院,1003,東吳大學,碩士班,0,2586.0,0.0
112,大專校院,1004,中原大學,二專,0,,
112,大專校院,1004,中原大學,五專,0,,
112,大專校院,1004,中原大學,博士班,2,332.0,0.00602
112,大專校院,1004,中原大學,學士班,174,13732.0,0.01267
112,大專校院,1004,中原大學,碩士班,21,2632.0,0.00798
112,大專校院,1005,淡江大學,二專,0,,
112,大專校院,1005,淡江大學,五專,0,,
112,大專校院,1005,淡江大學,博士班,0,351.0,0.0
112,大專校院,1005,淡江大學,學士班,226,20282.0,0.01114
112,大專校院,1005,淡江大學,碩士班,2,2041.0,0.00098
112,大專校院,1006,中國文化大學,二專,0,,
112,大專校院,1006,中國文化大學,五專,0,,
112,大專校院,1006,中國文化大學,博士班,0,494.0,0.0
112,大專校院,1006,中國文化大學,學士班,309,17289.0,0.01787
112,大專校院,1006,中國文化大學,碩士班,9,2083.0,0.00432
112,大專校院,1007,逢甲大學,二專,0,,
112,大專校院,1007,逢甲大學,五專,0,,
112,大專校院,1007,逢甲大學,博士班,0,404.0,0.0
112,大專校院,1007,逢甲大學,學士班,130,18148.0,0.00716
112,大專校院,1007,逢甲大學,碩士班,14,2889.0,0.00485
112,大專校院,1008,靜宜大學,二專,0,,
112,大專校院,1008,靜宜大學,五專,0,,
112,大專校院,1008,靜宜大學,博士班,8,61.0,0.13115
112,大專校院,1008,靜宜大學,學士班,183,9872.0,0.01854
112,大專校院,1008,靜宜大學,碩士班,69,1054.0,0.06546
112,大專校院,1009,長庚大學,二專,0,,
112,大專校院,1009,長庚大學,五專,0,,
112,大專校院,1009,長庚大學,博士班,6,454.0,0.01322
112,大專校院,1009,長庚大學,學士班,32,5272.0,0.00607
112,大專校院,1009,長庚大學,碩士班,10,1377.0,0.00726
112,大專校院,1010,元智大學,二專,0,,
112,大專校院,1010,元智大學,五專,0,,
112,大專校院,1010,元智大學,博士班,2,238.0,0.0084
112,大專校院,1010,元智大學,學士班,61,7180.0,0.0085
112,大專校院,1010,元智大學,碩士班,4,1345.0,0.00297
112,大專校院,1011,中華大學,二專,0,,
112,大專校院,1011,中華大學,五專,0,,
112,大專校院,1011,中華大學,博士班,1,58.0,0.01724
112,大專校院,1011,中華大學,學士班,32,3427.0,0.00934
112,大專校院,1011,中華大學,碩士班,2,413.0,0.00484
112,大專校院,1012,大葉大學,二專,0,,
112,大專校院,1012,大葉大學,五專,0,,
112,大專校院,1012,大葉大學,博士班,3,113.0,0.02655
112,大專校院,1012,大葉大學,學士班,36,3907.0,0.00921
112,大專校院,1012,大葉大學,碩士班,26,541.0,0.04806
112,大專校院,1013,華梵大學,二專,0,,
112,大專校院,1013,華梵大學,五專,0,,
112,大專校院,1013,華梵大學,博士班,0,64.0,0.0
112,大專校院,1013,華梵大學,學士班,3,544.0,0.00551
112,大專校院,1013,華梵大學,碩士班,3,415.0,0.00723
112,大專校院,1014,義守大學,二專,0,,
112,大專校院,1014,義守大學,五專,0,,
112,大專校院,1014,義守大學,博士班,1,131.0,0.00763
112,大專校院,1014,義守大學,學士班,388,10909.0,0.03557
112,大專校院,1014,義守大學,碩士班,15,681.0,0.02203
112,大專校院,1015,世新大學,二專,0,,
112,大專校院,1015,世新大學,五專,0,,
112,大專校院,1015,世新大學,博士班,3,81.0,0.03704
112,大專校院,1015,世新大學,學士班,271,9823.0,0.02759
112,大專校院,1015,世新大學,碩士班,14,1016.0,0.01378
112,大專校院,1016,銘傳大學,二專,0,,
112,大專校院,1016,銘傳大學,五專,0,,
112,大專校院,1016,銘傳大學,博士班,0,78.0,0.0
112,大專校院,1016,銘傳大學,學士班,208,15949.0,0.01304
112,大專校院,1016,銘傳大學,碩士班,13,1471.0,0.00884
112,大專校院,1017,實踐大學,二專,0,,
112,大專校院,1017,實踐大學,五專,0,,
112,大專校院,1017,實踐大學,博士班,0,25.0,0.0
112,大專校院,1017,實踐大學,學士班,194,10293.0,0.01885
112,大專校院,1017,實踐大學,碩士班,3,436.0,0.00688
112,大專校院,1018,朝陽科技大學,二專,0,,
112,大專校院,1018,朝陽科技大學,五專,0,,
112,大專校院,1018,朝陽科技大學,博士班,1,99.0,0.0101
112,大專校院,1018,朝陽科技大學,學士班,154,12274.0,0.01255
112,大專校院,1018,朝陽科技大學,碩士班,7,860.0,0.00814
112,大專校院,1019,高雄醫學大學,二專,0,,
112,大專校院,1019,高雄醫學大學,五專,0,,
112,大專校院,1019,高雄醫學大學,博士班,0,309.0,0.0
112,大專校院,1019,高雄醫學大學,學士班,92,5388.0,0.01707
112,大專校院,1019,高雄醫學大學,碩士班,13,924.0,0.01407
112,大專校院,1020,南華大學,二專,0,,
112,大專校院,1020,南華大學,五專,0,,
112,大專校院,1020,南華大學,博士班,0,47.0,0.0
112,大專校院,1020,南華大學,學士班,72,3942.0,0.01826
112,大專校院,1020,南華大學,碩士班,15,905.0,0.01657
112,大專校院,1021,真理大學,二專,0,,
112,大專校院,1021,真理大學,五專,0,,
112,大專校院,1021,真理大學,博士班,0,,
112,大專校院,1021,真理大學,學士班,47,3147.0,0.01493
112,大專校院,1021,真理大學,碩士班,0,134.0,0.0
112,大專校院,1022,大同大學,二專,0,,
112,大專校院,1022,大同大學,五專,0,,
112,大專校院,1022,大同大學,博士班,1,101.0,0.0099
112,大專校院,1022,大同大學,學士班,16,3143.0,0.00509
112,大專校院,1022,大同大學,碩士班,1,359.0,0.00279
112,大專校院,1023,南臺科技大學,二專,0,,
112,大專校院,1023,南臺科技大學,五專,3,475.0,0.00632
112,大專校院,1023,南臺科技大學,博士班,0,81.0,0.0
112,大專校院,1023,南臺科技大學,學士班,173,13347.0,0.01296
112,大專校院,1023,南臺科技大學,碩士班,5,1014.0,0.00493
112,大專校院,1024,崑山科技大學,二專,0,12.0,0.0
112,大專校院,1024,崑山科技大學,五專,0,,
112,大專校院,1024,崑山科技大學,博士班,0,29.0,0.0
112,大專校院,1024,崑山科技大學,學士班,130,7891.0,0.01647
112,大專校院,1024,崑山科技大學,碩士班,5,481.0,0.0104
112,大專校院,1025,嘉南藥理大學,二專,0,,
112,大專校院,1025,嘉南藥理大學,五專,2,281.0,0.00712
112,大專校院,1025,嘉南藥理大學,博士班,0,,
112,大專校院,1025,嘉南藥理大學,學士班,174,8830.0,0.01971
112,大專校院,1025,嘉南藥理大學,碩士班,3,285.0,0.01053
112,大專校院,1026,樹德科技大學,二專,3,236.0,0.01271
112,大專校院,1026,樹德科技大學,五專,0,,
112,大專校院,1026,樹德科技大學,博士班,0,21.0,0.0
112,大專校院,1026,樹德科技大學,學士班,263,7666.0,0.03431
112,大專校院,1026,樹德科技大學,碩士班,11,530.0,0.02075
112,大專校院,1027,慈濟大學,二專,0,,
112,大專校院,1027,慈濟大學,五專,0,,
112,大專校院,1027,慈濟大學,博士班,5,92.0,0.05435
112,大專校院,1027,慈濟大學,學士班,80,2348.0,0.03407
112,大專校院,1027,慈濟大學,碩士班,41,395.0,0.1038
112,大專校院,1028,臺北醫學大學,二專,0,,
112,大專校院,1028,臺北醫學大學,五專,0,,
112,大專校院,1028,臺北醫學大學,博士班,0,635.0,0.0
112,大專校院,1028,臺北醫學大學,學士班,57,4538.0,0.01256
112,大專校院,1028,臺北醫學大學,碩士班,0,981.0,0.0
112,大專校院,1029,中山醫學大學,二專,0,,
112,大專校院,1029,中山醫學大學,五專,0,,
112,大專校院,1029,中山醫學大學,博士班,0,165.0,0.0
112,大專校院,1029,中山醫學大學,學士班,145,6219.0,0.02332
112,大專校院,1029,中山醫學大學,碩士班,16,701.0,0.02282
112,大專校院,1030,龍華科技大學,二專,0,27.0,0.0
112,大專校院,1030,龍華科技大學,五專,6,894.0,0.00671
112,大專校院,1030,龍華科技大學,博士班,0,,
112,大專校院,1030,龍華科技大學,學士班,135,9743.0,0.01386
112,大專校院,1030,龍華科技大學,碩士班,3,458.0,0.00655
112,大專校院,1031,輔英科技大學,二專,0,,
112,大專校院,1031,輔英科技大學,五專,134,2642.0,0.05072
112,大專校院,1031,輔英科技大學,博士班,0,,
112,大專校院,1031,輔英科技大學,學士班,145,5592.0,0.02593
112,大專校院,1031,輔英科技大學,碩士班,4,228.0,0.01754
112,大專校院,1032,明新科技大學,二專,5,205.0,0.02439
112,大專校院,1032,明新科技大學,五專,0,,
112,大專校院,1032,明新科技大學,博士班,0,4.0,0.0
112,大專校院,1032,明新科技大學,學士班,264,8998.0,0.02934
112,大專校院,1032,明新科技大學,碩士班,31,687.0,0.04512
112,大專校院,1033,長榮大學,二專,0,,
112,大專校院,1033,長榮大學,五專,0,,
112,大專校院,1033,長榮大學,博士班,1,46.0,0.02174
112,大專校院,1033,長榮大學,學士班,79,5302.0,0.0149
112,大專校院,1033,長榮大學,碩士班,12,306.0,0.03922
112,大專校院,1034,弘光科技大學,二專,3,127.0,0.02362
112,大專校院,1034,弘光科技大學,五專,16,268.0,0.0597
112,大專校院,1034,弘光科技大學,博士班,2,16.0,0.125
112,大專校院,1034,弘光科技大學,學士班,170,10912.0,0.01558
112,大專校院,1034,弘光科技大學,碩士班,10,272.0,0.03676
112,大專校院,1035,中國醫藥大學,二專,0,,
112,大專校院,1035,中國醫藥大學,五專,0,,
112,大專校院,1035,中國醫藥大學,博士班,2,416.0,0.00481
112,大專校院,1035,中國醫藥大學,學士班,231,6356.0,0.03634
112,大專校院,1035,中國醫藥大學,碩士班,10,577.0,0.01733
112,大專校院,1036,健行科技大學,二專,0,,
112,大專校院,1036,健行科技大學,五專,0,,
112,大專校院,1036,健行科技大學,博士班,0,,
112,大專校院,1036,健行科技大學,學士班,283,9019.0,0.03138
112,大專校院,1036,健行科技大學,碩士班,10,382.0,0.02618
112,大專校院,1037,正修科技大學,二專,30,651.0,0.04608
112,大專校院,1037,正修科技大學,五專,7,380.0,0.01842
112,大專校院,1037,正修科技大學,博士班,0,17.0,0.0
112,大專校院,1037,正修科技大學,學士班,304,13918.0,0.02184
112,大專校院,1037,正修科技大學,碩士班,9,521.0,0.01727
112,大專校院,1038,萬能科技大學,二專,0,1.0,0.0
112,大專校院,1038,萬能科技大學,五專,0,,
112,大專校院,1038,萬能科技大學,博士班,0,,
112,大專校院,1038,萬能科技大學,學士班,374,7402.0,0.05053
112,大專校院,1038,萬能科技大學,碩士班,10,331.0,0.03021
112,大專校院,1039,玄奘大學,二專,0,,
112,大專校院,1039,玄奘大學,五專,0,,
112,大專校院,1039,玄奘大學,博士班,0,,
112,大專校院,1039,玄奘大學,學士班,38,1131.0,0.0336
112,大專校院,1039,玄奘大學,碩士班,7,420.0,0.01667
112,大專校院,1040,建國科技大學,二專,3,75.0,0.04
112,大專校院,1040,建國科技大學,五專,0,,
112,大專校院,1040,建國科技大學,博士班,0,,
112,大專校院,1040,建國科技大學,學士班,39,3681.0,0.01059
112,大專校院,1040,建國科技大學,碩士班,1,98.0,0.0102
112,大專校院,1041,明志科技大學,二專,0,,
112,大專校院,1041,明志科技大學,五專,0,,
112,大專校院,1041,明志科技大學,博士班,0,62.0,0.0
112,大專校院,1041,明志科技大學,學士班,42,3703.0,0.01134
112,大專校院,1041,明志科技大學,碩士班,2,562.0,0.00356
112,大專校院,1042,高苑科技大學,二專,2,26.0,0.07692
112,大專校院,1042,高苑科技大學,五專,0,1.0,0.0
112,大專校院,1042,高苑科技大學,博士班,0,,
112,大專校院,1042,高苑科技大學,學士班,43,1135.0,0.03789
112,大專校院,1042,高苑科技大學,碩士班,0,73.0,0.0
112,大專校院,1043,大仁科技大學,二專,11,63.0,0.1746
112,大專校院,1043,大仁科技大學,五專,0,,
112,大專校院,1043,大仁科技大學,博士班,0,,
112,大專校院,1043,大仁科技大學,學士班,429,3575.0,0.12
112,大專校院,1043,大仁科技大學,碩士班,15,225.0,0.06667
112,大專校院,1044,聖約翰科技大學,二專,1,25.0,0.04
112,大專校院,1044,聖約翰科技大學,五專,4,46.0,0.08696
112,大專校院,1044,聖約翰科技大學,博士班,0,,
112,大專校院,1044,聖約翰科技大學,學士班,21,442.0,0.04751
112,大專校院,1044,聖約翰科技大學,碩士班,0,94.0,0.0
112,大專校院,1045,嶺東科技大學,二專,0,,
112,大專校院,1045,嶺東科技大學,五專,0,,
112,大專校院,1045,嶺東科技大學,博士班,0,,
112,大專校院,1045,嶺東科技大學,學士班,209,8274.0,0.02526
112,大專校院,1045,嶺東科技大學,碩士班,7,407.0,0.0172
112,大專校院,1046,中國科技大學,二專,8,198.0,0.0404
112,大專校院,1046,中國科技大學,五專,0,,
112,大專校院,1046,中國科技大學,博士班,0,,
112,大專校院,1046,中國科技大學,學士班,94,5795.0,0.01622
112,大專校院,1046,中國科技大學,碩士班,5,218.0,0.02294
112,大專校院,1047,中臺科技大學,二專,0,3.0,0.0
112,大專校院,1047,中臺科技大學,五專,0,,
112,大專校院,1047,中臺科技大學,博士班,0,9.0,0.0
112,大專校院,1047,中臺科技大學,學士班,146,5922.0,0.02465
112,大專校院,1047,中臺科技大學,碩士班,6,406.0,0.01478
112,大專校院,1048,亞洲大學,二專,0,,
112,大專校院,1048,亞洲大學,五專,0,,
112,大專校院,1048,亞洲大學,博士班,3,224.0,0.01339
112,大專校院,1048,亞洲大學,學士班,137,9512.0,0.0144
112,大專校院,1048,亞洲大學,碩士班,39,1122.0,0.03476
112,大專校院,1049,開南大學,二專,0,,
112,大專校院,1049,開南大學,五專,0,,
112,大專校院,1049,開南大學,博士班,0,,
112,大專校院,1049,開南大學,學士班,189,3676.0,0.05141
112,大專校院,1049,開南大學,碩士班,31,518.0,0.05985
112,大專校院,1050,佛光大學,二專,0,,
112,大專校院,1050,佛光大學,五專,0,,
112,大專校院,1050,佛光大學,博士班,3,71.0,0.04225
112,大專校院,1050,佛光大學,學士班,39,2137.0,0.01825
112,大專校院,1050,佛光大學,碩士班,13,556.0,0.02338
112,大專校院,1051,台南應用科技大學,二專,0,,
112,大專校院,1051,台南應用科技大學,五專,19,851.0,0.02233
112,大專校院,1051,台南應用科技大學,博士班,0,,
112,大專校院,1051,台南應用科技大學,學士班,164,8587.0,0.0191
112,大專校院,1051,台南應用科技大學,碩士班,3,222.0,0.01351
112,大專校院,1052,遠東科技大學,二專,5,129.0,0.03876
112,大專校院,1052,遠東科技大學,五專,0,,
112,大專校院,1052,遠東科技大學,博士班,0,,
112,大專校院,1052,遠東科技大學,學士班,57,1766.0,0.03228
112,大專校院,1052,遠東科技大學,碩士班,3,236.0,0.01271
112,大專校院,1053,元培醫事科技大學,二專,0,,
112,大專校院,1053,元培醫事科技大學,五專,0,,
112,大專校院,1053,元培醫事科技大學,博士班,0,2.0,0.0
112,大專校院,1053,元培醫事科技大學,學士班,76,3749.0,0.02027
112,大專校院,1053,元培醫事科技大學,碩士班,4,254.0,0.01575
112,大專校院,1054,景文科技大學,二專,2,89.0,0.02247
112,大專校院,1054,景文科技大學,五專,0,,
112,大專校院,1054,景文科技大學,博士班,0,,
112,大專校院,1054,景文科技大學,學士班,103,4449.0,0.02315
112,大專校院,1054,景文科技大學,碩士班,0,61.0,0.0
112,大專校院,1055,中華醫事科技大學,二專,1,63.0,0.01587
112,大專校院,1055,中華醫事科技大學,五專,58,3200.0,0.01812
112,大專校院,1055,中華醫事科技大學,博士班,0,,
112,大專校院,1055,中華醫事科技大學,學士班,78,3955.0,0.01972
112,大專校院,1055,中華醫事科技大學,碩士班,1,128.0,0.00781
112,大專校院,1056,東南科技大學,二專,0,,
112,大專校院,1056,東南科技大學,五專,0,,
112,大專校院,1056,東南科技大學,博士班,0,,
112,大專校院,1056,東南科技大學,學士班,93,3443.0,0.02701
112,大專校院,1056,東南科技大學,碩士班,12,204.0,0.05882
112,大專校院,1057,德明財經科技大學,二專,0,,
112,大專校院,1057,德明財經科技大學,五專,0,,
112,大專校院,1057,德明財經科技大學,博士班,0,,
112,大專校院,1057,德明財經科技大學,學士班,72,5477.0,0.01315
112,大專校院,1057,德明財經科技大學,碩士班,1,66.0,0.01515
112,大專校院,1058,明道大學,二專,0,,
112,大專校院,1058,明道大學,五專,0,,
112,大專校院,1058,明道大學,博士班,0,29.0,0.0
112,大專校院,1058,明道大學,學士班,10,555.0,0.01802
112,大專校院,1058,明道大學,碩士班,1,112.0,0.00893
112,大專校院,1060,南開科技大學,二專,2,52.0,0.03846
112,大專校院,1060,南開科技大學,五專,2,266.0,0.00752
112,大專校院,1060,南開科技大學,博士班,0,,
112,大專校院,1060,南開科技大學,學士班,59,2129.0,0.02771
112,大專校院,1060,南開科技大學,碩士班,15,119.0,0.12605
112,大專校院,1061,中華科技大學,二專,10,97.0,0.10309
112,大專校院,1061,中華科技大學,五專,0,,
112,大專校院,1061,中華科技大學,博士班,0,,
112,大專校院,1061,中華科技大學,學士班,69,2825.0,0.02442
112,大專校院,1061,中華科技大學,碩士班,6,283.0,0.0212
112,大專校院,1062,僑光科技大學,二專,0,,
112,大專校院,1062,僑光科技大學,五專,0,,
112,大專校院,1062,僑光科技大學,博士班,0,,
112,大專校院,1062,僑光科技大學,學士班,130,8194.0,0.01587
112,大專校院,1062,僑光科技大學,碩士班,3,120.0,0.025
112,大專校院,1063,育達科技大學,二專,0,,
112,大專校院,1063,育達科技大學,五專,0,,
112,大專校院,1063,育達科技大學,博士班,0,,
112,大專校院,1063,育達科技大學,學士班,93,2729.0,0.03408
112,大專校院,1063,育達科技大學,碩士班,10,309.0,0.03236
112,大專校院,1064,美和科技大學,二專,13,94.0,0.1383
112,大專校院,1064,美和科技大學,五專,197,1603.0,0.12289
112,大專校院,1064,美和科技大學,博士班,0,,
112,大專校院,1064,美和科技大學,學士班,448,2875.0,0.15583
112,大專校院,1064,美和科技大學,碩士班,46,314.0,0.1465
112,大專校院,1065,吳鳳科技大學,二專,5,176.0,0.02841
112,大專校院,1065,吳鳳科技大學,五專,0,,
112,大專校院,1065,吳鳳科技大學,博士班,0,,
112,大專校院,1065,吳鳳科技大學,學士班,62,3510.0,0.01766
112,大專校院,1065,吳鳳科技大學,碩士班,2,96.0,0.02083
112,大專校院,1066,環球科技大學,二專,3,38.0,0.07895
112,大專校院,1066,環球科技大學,五專,0,,
112,大專校院,1066,環球科技大學,博士班,0,,
112,大專校院,1066,環球科技大學,學士班,20,907.0,0.02205
112,大專校院,1066,環球科技大學,碩士班,23,73.0,0.31507
112,大專校院,1067,台灣首府大學,二專,0,,
112,大專校院,1067,台灣首府大學,五專,0,,
112,大專校院,1067,台灣首府大學,博士班,0,,
112,大專校院,1067,台灣首府大學,學士班,0,,
112,大專校院,1067,台灣首府大學,碩士班,0,,
112,大專校院,1068,中州科技大學,二專,0,,
112,大專校院,1068,中州科技大學,五專,0,,
112,大專校院,1068,中州科技大學,博士班,0,,
112,大專校院,1068,中州科技大學,學士班,0,,
112,大專校院,1068,中州科技大學,碩士班,0,,
112,大專校院,1069,修平科技大學,二專,0,2.0,0.0
112,大專校院,1069,修平科技大學,五專,0,,
112,大專校院,1069,修平科技大學,博士班,0,,
112,大專校院,1069,修平科技大學,學士班,59,3682.0,0.01602
112,大專校院,1069,修平科技大學,碩士班,4,148.0,0.02703
112,大專校院,1070,長庚科技大學,二專,0,,
112,大專校院,1070,長庚科技大學,五專,0,,
112,大專校院,1070,長庚科技大學,博士班,0,,
112,大專校院,1070,長庚科技大學,學士班,121,5868.0,0.02062
112,大專校院,1070,長庚科技大學,碩士班,3,245.0,0.01224
112,大專校院,1071,臺北城市科技大學,二專,9,326.0,0.02761
112,大專校院,1071,臺北城市科技大學,五專,18,745.0,0.02416
112,大專校院,1071,臺北城市科技大學,博士班,0,,
112,大專校院,1071,臺北城市科技大學,學士班,245,7096.0,0.03453
112,大專校院,1071,臺北城市科技大學,碩士班,3,97.0,0.03093
112,大專校院,1072,敏實科技大學,二專,0,,
112,大專校院,1072,敏實科技大學,五專,2,101.0,0.0198
112,大專校院,1072,敏實科技大學,博士班,0,,
112,大專校院,1072,敏實科技大學,學士班,22,601.0,0.03661
112,大專校院,1072,敏實科技大學,碩士班,0,,
112,大專校院,1073,醒吾科技大學,二專,2,53.0,0.03774
112,大專校院,1073,醒吾科技大學,五專,3,138.0,0.02174
112,大專校院,1073,醒吾科技大學,博士班,0,,
112,大專校院,1073,醒吾科技大學,學士班,204,5781.0,0.03529
112,大專校院,1073,醒吾科技大學,碩士班,22,128.0,0.17188
112,大專校院,1075,文藻外語大學,二專,0,,
112,大專校院,1075,文藻外語大學,五專,41,1919.0,0.02137
112,大專校院,1075,文藻外語大學,博士班,0,,
112,大專校院,1075,文藻外語大學,學士班,68,5062.0,0.01343
112,大專校院,1075,文藻外語大學,碩士班,6,281.0,0.02135
112,大專校院,1076,華夏科技大學,二專,0,9.0,0.0
112,大專校院,1076,華夏科技大學,五專,1,349.0,0.00287
112,大專校院,1076,華夏科技大學,博士班,0,,
112,大專校院,1076,華夏科技大學,學士班,24,1246.0,0.01926
112,大專校院,1076,華夏科技大學,碩士班,1,46.0,0.02174
112,大專校院,1077,慈濟科技大學,二專,0,16.0,0.0
112,大專校院,1077,慈濟科技大學,五專,518,1291.0,0.40124
112,大專校院,1077,慈濟科技大學,博士班,0,,
112,大專校院,1077,慈濟科技大學,學士班,232,1444.0,0.16066
112,大專校院,1077,慈濟科技大學,碩士班,18,85.0,0.21176
112,大專校院,1078,致理科技大學,二專,0,,
112,大專校院,1078,致理科技大學,五專,18,1558.0,0.01155
112,大專校院,1078,致理科技大學,博士班,0,,
112,大專校院,1078,致理科技大學,學士班,143,9285.0,0.0154
112,大專校院,1078,致理科技大學,碩士班,3,108.0,0.02778
112,大專校院,1079,康寧大學,二專,4,211.0,0.01896
112,大專校院,1079,康寧大學,五專,50,2676.0,0.01868
112,大專校院,1079,康寧大學,博士班,0,,
112,大專校院,1079,康寧大學,學士班,3,351.0,0.00855
112,大專校院,1079,康寧大學,碩士班,0,5.0,0.0
112,大專校院,1080,宏國德霖科技大學,二專,0,,
112,大專校院,1080,宏國德霖科技大學,五專,18,1070.0,0.01682
112,大專校院,1080,宏國德霖科技大學,博士班,0,,
112,大專校院,1080,宏國德霖科技大學,學士班,50,2881.0,0.01736
112,大專校院,1080,宏國德霖科技大學,碩士班,0,39.0,0.0
112,大專校院,1081,東方設計大學,二專,2,11.0,0.18182
112,大專校院,1081,東方設計大學,五專,4,121.0,0.03306
112,大專校院,1081,東方設計大學,博士班,0,20.0,0.0
112,大專校院,1081,東方設計大學,學士班,5,160.0,0.03125
112,大專校院,1081,東方設計大學,碩士班,1,33.0,0.0303
112,大專校院,1082,崇右影藝科技大學,二專,0,,
112,大專校院,1082,崇右影藝科技大學,五專,0,,
112,大專校院,1082,崇右影藝科技大學,博士班,0,,
112,大專校院,1082,崇右影藝科技大學,學士班,239,1112.0,0.21493
112,大專校院,1082,崇右影藝科技大學,碩士班,2,33.0,0.06061
112,大專校院,1083,台北海洋科技大學,二專,6,160.0,0.0375
112,大專校院,1083,台北海洋科技大學,五專,17,558.0,0.03047
112,大專校院,1083,台北海洋科技大學,博士班,0,,
112,大專校院,1083,台北海洋科技大學,學士班,106,2931.0,0.03617
112,大專校院,1083,台北海洋科技大學,碩士班,1,126.0,0.00794
112,大專校院,1084,亞東科技大學,二專,0,,
112,大專校院,1084,亞東科技大學,五專,0,,
112,大專校院,1084,亞東科技大學,博士班,0,,
112,大專校院,1084,亞東科技大學,學士班,66,3798.0,0.01738
112,大專校院,1084,亞東科技大學,碩士班,0,58.0,0.0
112,大專校院,1125,中信金融管理學院,二專,0,,
112,大專校院,1125,中信金融管理學院,五專,0,,
112,大專校院,1125,中信金融管理學院,博士班,0,,
112,大專校院,1125,中信金融管理學院,學士班,52,799.0,0.06508
112,大專校院,1125,中信金融管理學院,碩士班,0,158.0,0.0
112,大專校院,1148,大漢技術學院,二專,22,51.0,0.43137
112,大專校院,1148,大漢技術學院,五專,0,,
112,大專校院,1148,大漢技術學院,博士班,0,,
112,大專校院,1148,大漢技術學院,學士班,191,477.0,0.40042
112,大專校院,1148,大漢技術學院,碩士班,31,73.0,0.42466
112,大專校院,1159,和春技術學院,二專,0,,
112,大專校院,1159,和春技術學院,五專,0,,
112,大專校院,1159,和春技術學院,博士班,0,,
112,大專校院,1159,和春技術學院,學士班,0,,
112,大專校院,1159,和春技術學院,碩士班,0,,
112,大專校院,1168,南亞技術學院,二專,0,,
112,大專校院,1168,南亞技術學院,五專,5,77.0,0.06494
112,大專校院,1168,南亞技術學院,博士班,0,,
112,大專校院,1168,南亞技術學院,學士班,121,1921.0,0.06299
112,大專校院,1168,南亞技術學院,碩士班,0,1.0,0.0
112,大專校院,1183,黎明技術學院,二專,0,,
112,大專校院,1183,黎明技術學院,五專,5,310.0,0.01613
112,大專校院,1183,黎明技術學院,博士班,0,,
112,大專校院,1183,黎明技術學院,學士班,205,4418.0,0.0464
112,大專校院,1183,黎明技術學院,碩士班,2,14.0,0.14286
112,大專校院,1185,德育護理健康學院,二專,4,164.0,0.02439
112,大專校院,1185,德育護理健康學院,五專,37,961.0,0.0385
112,大專校院,1185,德育護理健康學院,博士班,0,,
112,大專校院,1185,德育護理健康學院,學士班,62,2230.0,0.0278
112,大專校院,1185,德育護理健康學院,碩士班,0,99.0,0.0
112,大專校院,1188,大同技術學院,二專,0,1.0,0.0
112,大專校院,1188,大同技術學院,五專,0,14.0,0.0
112,大專校院,1188,大同技術學院,博士班,0,,
112,大專校院,1188,大同技術學院,學士班,6,130.0,0.04615
112,大專校院,1188,大同技術學院,碩士班,0,,
112,大專校院,1195,馬偕醫學院,二專,0,,
112,大專校院,1195,馬偕醫學院,五專,0,,
112,大專校院,1195,馬偕醫學院,博士班,0,12.0,0.0
112,大專校院,1195,馬偕醫學院,學士班,24,797.0,0.03011
112,大專校院,1195,馬偕醫學院,碩士班,4,94.0,0.04255
112,大專校院,1196,法鼓文理學院,二專,0,,
112,大專校院,1196,法鼓文理學院,五專,0,,
112,大專校院,1196,法鼓文理學院,博士班,0,26.0,0.0
112,大專校院,1196,法鼓文理學院,學士班,1,70.0,0.01429
112,大專校院,1196,法鼓文理學院,碩士班,1,267.0,0.00375
112,大專校院,1282,馬偕醫護管理專科學校,二專,3,148.0,0.02027
112,大專校院,1282,馬偕醫護管理專科學校,五專,268,3932.0,0.06816
112,大專校院,1282,馬偕醫護管理專科學校,博士班,0,,
112,大專校院,1282,馬偕醫護管理專科學校,學士班,0,,
112,大專校院,1282,馬偕醫護管理專科學校,碩士班,0,,
112,大專校院,1283,仁德醫護管理專科學校,二專,11,377.0,0.02918
112,大專校院,1283,仁德醫護管理專科學校,五專,194,5465.0,0.0355
112,大專校院,1283,仁德醫護管理專科學校,博士班,0,,
112,大專校院,1283,仁德醫護管理專科學校,學士班,0,,
112,大專校院,1283,仁德醫護管理專科學校,碩士班,0,,
112,大專校院,1284,樹人醫護管理專科學校,二專,7,528.0,0.01326
112,大專校院,1284,樹人醫護管理專科學校,五專,264,6713.0,0.03933
112,大專校院,1284,樹人醫護管理專科學校,博士班,0,,
112,大專校院,1284,樹人醫護管理專科學校,學士班,0,,
112,大專校院,1284,樹人醫護管理專科學校,碩士班,0,,
112,大專校院,1285,慈惠醫護管理專科學校,二專,20,217.0,0.09217
112,大專校院,1285,慈惠醫護管理專科學校,五專,275,1938.0,0.1419
112,大專校院,1285,慈惠醫護管理專科學校,博士班,0,,
112,大專校院,1285,慈惠醫護管理專科學校,學士班,0,,
112,大專校院,1285,慈惠醫護管理專科學校,碩士班,0,,
112,大專校院,1286,耕莘健康管理專科學校,二專,5,104.0,0.04808
112,大專校院,1286,耕莘健康管理專科學校,五專,141,3940.0,0.03579
112,大專校院,1286,耕莘健康管理專科學校,博士班,0,,
112,大專校院,1286,耕莘健康管理專科學校,學士班,0,,
112,大專校院,1286,耕莘健康管理專科學校,碩士班,0,,
112,大專校院,1287,敏惠醫護管理專科學校,二專,3,87.0,0.03448
112,大專校院,1287,敏惠醫護管理專科學校,五專,59,3486.0,0.01692
112,大專校院,1287,敏惠醫護管理專科學校,博士班,0,,
112,大專校院,1287,敏惠醫護管理專科學校,學士班,0,,
112,大專校院,1287,敏惠醫護管理專科學校,碩士班,0,,
112,大專校院,1289,育英醫護管理專科學校,二專,0,,
112,大專校院,1289,育英醫護管理專科學校,五專,64,1833.0,0.03492
112,大專校院,1289,育英醫護管理專科學校,博士班,0,,
112,大專校院,1289,育英醫護管理專科學校,學士班,0,,
112,大專校院,1289,育英醫護管理專科學校,碩士班,0,,
112,大專校院,1291,聖母醫護管理專科學校,二專,2,54.0,0.03704
112,大專校院,1291,聖母醫護管理專科學校,五專,192,1466.0,0.13097
112,大專校院,1291,聖母醫護管理專科學校,博士班,0,,
112,大專校院,1291,聖母醫護管理專科學校,學士班,0,,
112,大專校院,1291,聖母醫護管理專科學校,碩士班,0,,
112,大專校院,1292,新生醫護管理專科學校,二專,15,79.0,0.18987
112,大專校院,1292,新生醫護管理專科學校,五專,655,5978.0,0.10957
112,大專校院,1292,新生醫護管理專科學校,博士班,0,,
112,大專校院,1292,新生醫護管理專科學校,學士班,0,,
112,大專校院,1292,新生醫護管理專科學校,碩士班,0,,
112,大專校院,1293,崇仁醫護管理專科學校,二專,0,,
112,大專校院,1293,崇仁醫護管理專科學校,五專,46,3017.0,0.01525
112,大專校院,1293,崇仁醫護管理專科學校,博士班,0,,
112,大專校院,1293,崇仁醫護管理專科學校,學士班,0,,
112,大專校院,1293,崇仁醫護管理專科學校,碩士班,0,,
112,宗教研修學院,1R02,基督教台灣浸會神學院,二專,0,,
112,宗教研修學院,1R02,基督教台灣浸會神學院,五專,0,,
112,宗教研修學院,1R02,基督教台灣浸會神學院,博士班,0,,
112,宗教研修學院,1R02,基督教台灣浸會神學院,學士班,0,,
112,宗教研修學院,1R02,基督教台灣浸會神學院,碩士班,2,,
112,宗教研修學院,1R03,臺北基督學院,二專,0,,
112,宗教研修學院,1R03,臺北基督學院,五專,0,,
112,宗教研修學院,1R03,臺北基督學院,博士班,0,,
112,宗教研修學院,1R03,臺北基督學院,學士班,8,,
112,宗教研修學院,1R03,臺北基督學院,碩士班,0,,
112,宗教研修學院,1R05,台灣神學研究學院,二專,0,,
112,宗教研修學院,1R05,台灣神學研究學院,五專,0,,
112,宗教研修學院,1R05,台灣神學研究學院,博士班,0,,
112,宗教研修學院,1R05,台灣神學研究學院,學士班,0,,
112,宗教研修學院,1R05,台灣神學研究學院,碩士班,23,,
112,宗教研修學院,1R07,台灣基督長老教會南神神學院,二專,0,,
112,宗教研修學院,1R07,台灣基督長老教會南神神學院,五專,0,,
112,宗教研修學院,1R07,台灣基督長老教會南神神學院,博士班,0,,
112,宗教研修學院,1R07,台灣基督長老教會南神神學院,學士班,0,,
112,宗教研修學院,1R07,台灣基督長老教會南神神學院,碩士班,3,,
112,宗教研修學院,1R08,中華福音神學研究學院,二專,0,,
112,宗教研修學院,1R08,中華福音神學研究學院,五專,0,,
112,宗教研修學院,1R08,中華福音神學研究學院,博士班,0,,
112,宗教研修學院,1R08,中華福音神學研究學院,學士班,0,,
112,宗教研修學院,1R08,中華福音神學研究學院,碩士班,2,,
112,大專校院,3002,臺北市立大學,二專,0,,
112,大專校院,3002,臺北市立大學,五專,0,,
112,大專校院,3002,臺北市立大學,博士班,1,208.0,0.00481
112,大專校院,3002,臺北市立大學,學士班,320,5275.0,0.06066
112,大專校院,3002,臺北市立大學,碩士班,50,2578.0,0.01939
112,空大及進修學校,3A01,高雄市立空中大學,二專,0,,
112,空大及進修學校,3A01,高雄市立空中大學,五專,0,,
112,空大及進修學校,3A01,高雄市立空中大學,博士班,0,,
112,空大及進修學校,3A01,高雄市立空中大學,學士班,112,,
112,空大及進修學校,3A01,高雄市立空中大學,碩士班,0,,
113,大專校院,0001,國立政治大學,二專,0,,
113,大專校院,0001,國立政治大學,五專,0,,
113,大專校院,0001,國立政治大學,博士班,4,897.0,0.00446
113,大專校院,0001,國立政治大學,學士班,177,9801.0,0.01806
113,大專校院,0001,國立政治大學,碩士班,45,6201.0,0.00726
113,大專校院,0002,國立清華大學,二專,0,,
113,大專校院,0002,國立清華大學,五專,0,,
113,大專校院,0002,國立清華大學,博士班,14,1661.0,0.00843
113,大專校院,0002,國立清華大學,學士班,82,9307.0,0.00881
113,大專校院,0002,國立清華大學,碩士班,62,7301.0,0.00849
113,大專校院,0003,國立臺灣大學,二專,0,,
113,大專校院,0003,國立臺灣大學,五專,0,,
113,大專校院,0003,國立臺灣大學,博士班,15,3779.0,0.00397
113,大專校院,0003,國立臺灣大學,學士班,271,17432.0,0.01555
113,大專校院,0003,國立臺灣大學,碩士班,33,13276.0,0.00249
113,大專校院,0004,國立臺灣師範大學,二專,0,,
113,大專校院,0004,國立臺灣師範大學,五專,0,,
113,大專校院,0004,國立臺灣師範大學,博士班,18,1297.0,0.01388
113,大專校院,0004,國立臺灣師範大學,學士班,211,8587.0,0.02457
113,大專校院,0004,國立臺灣師範大學,碩士班,75,6740.0,0.01113
113,大專校院,0005,國立成功大學,二專,0,,
113,大專校院,0005,國立成功大學,五專,0,,
113,大專校院,0005,國立成功大學,博士班,6,1929.0,0.00311
113,大專校院,0005,國立成功大學,學士班,171,12224.0,0.01399
113,大專校院,0005,國立成功大學,碩士班,40,9228.0,0.00433
113,大專校院,0006,國立中興大學,二專,0,,
113,大專校院,0006,國立中興大學,五專,0,,
113,大專校院,0006,國立中興大學,博士班,2,1058.0,0.00189
113,大專校院,0006,國立中興大學,學士班,154,9041.0,0.01703
113,大專校院,0006,國立中興大學,碩士班,2,5746.0,0.00035
113,大專校院,0007,國立陽明交通大學,二專,0,,
113,大專校院,0007,國立陽明交通大學,五專,0,,
113,大專校院,0007,國立陽明交通大學,博士班,12,2637.0,0.00455
113,大專校院,0007,國立陽明交通大學,學士班,67,8771.0,0.00764
113,大專校院,0007,國立陽明交通大學,碩士班,46,10709.0,0.0043
113,大專校院,0008,國立中央大學,二專,0,,
113,大專校院,0008,國立中央大學,五專,0,,
113,大專校院,0008,國立中央大學,博士班,2,905.0,0.00221
113,大專校院,0008,國立中央大學,學士班,58,6275.0,0.00924
113,大專校院,0008,國立中央大學,碩士班,29,5383.0,0.00539
113,大專校院,0009,國立中山大學,二專,0,,
113,大專校院,0009,國立中山大學,五專,0,,
113,大專校院,0009,國立中山大學,博士班,6,859.0,0.00698
113,大專校院,0009,國立中山大學,學士班,48,5133.0,0.00935
113,大專校院,0009,國立中山大學,碩士班,62,4956.0,0.01251
113,大專校院,0012,國立臺灣海洋大學,二專,0,,
113,大專校院,0012,國立臺灣海洋大學,五專,0,,
113,大專校院,0012,國立臺灣海洋大學,博士班,4,341.0,0.01173
113,大專校院,0012,國立臺灣海洋大學,學士班,113,6564.0,0.01722
113,大專校院,0012,國立臺灣海洋大學,碩士班,22,2197.0,0.01001
113,大專校院,0013,國立中正大學,二專,0,,
113,大專校院,0013,國立中正大學,五專,0,,
113,大專校院,0013,國立中正大學,博士班,5,558.0,0.00896
113,大專校院,0013,國立中正大學,學士班,107,6619.0,0.01617
113,大專校院,0013,國立中正大學,碩士班,29,4376.0,0.00663
113,大專校院,0014,國立高雄師範大學,二專,0,,
113,大專校院,0014,國立高雄師範大學,五專,0,,
113,大專校院,0014,國立高雄師範大學,博士班,10,442.0,0.02262
113,大專校院,0014,國立高雄師範大學,學士班,470,3879.0,0.12117
113,大專校院,0014,國立高雄師範大學,碩士班,91,2941.0,0.03094
113,大專校院,0015,國立彰化師範大學,二專,0,,
113,大專校院,0015,國立彰化師範大學,五專,0,,
113,大專校院,0015,國立彰化師範大學,博士班,0,462.0,0.0
113,大專校院,0015,國立彰化師範大學,學士班,172,5091.0,0.03379
113,大專校院,0015,國立彰化師範大學,碩士班,28,3071.0,0.00912
113,大專校院,0017,國立臺北大學,二專,0,,
113,大專校院,0017,國立臺北大學,五專,0,,
113,大專校院,0017,國立臺北大學,博士班,1,206.0,0.00485
113,大專校院,0017,國立臺北大學,學士班,170,7779.0,0.02185
113,大專校院,0017,國立臺北大學,碩士班,13,2157.0,0.00603
113,大專校院,0018,國立嘉義大學,二專,0,,
113,大專校院,0018,國立嘉義大學,五專,0,,
113,大專校院,0018,國立嘉義大學,博士班,1,196.0,0.0051
113,大專校院,0018,國立嘉義大學,學士班,138,9041.0,0.01526
113,大專校院,0018,國立嘉義大學,碩士班,31,2112.0,0.01468
113,大專校院,0019,國立高雄大學,二專,0,,
113,大專校院,0019,國立高雄大學,五專,0,,
113,大專校院,0019,國立高雄大學,博士班,0,20.0,0.0
113,大專校院,0019,國立高雄大學,學士班,89,4888.0,0.01821
113,大專校院,0019,國立高雄大學,碩士班,4,1284.0,0.00312
113,大專校院,0020,國立東華大學,二專,0,,
113,大專校院,0020,國立東華大學,五專,0,,
113,大專校院,0020,國立東華大學,博士班,27,405.0,0.06667
113,大專校院,0020,國立東華大學,學士班,618,7832.0,0.07891
113,大專校院,0020,國立東華大學,碩士班,217,2029.0,0.10695
113,大專校院,0021,國立暨南國際大學,二專,0,,
113,大專校院,0021,國立暨南國際大學,五專,0,,
113,大專校院,0021,國立暨南國際大學,博士班,9,348.0,0.02586
113,大專校院,0021,國立暨南國際大學,學士班,281,4925.0,0.05706
113,大專校院,0021,國立暨南國際大學,碩士班,36,1362.0,0.02643
113,大專校院,0022,國立臺灣科技大學,二專,0,,
113,大專校院,0022,國立臺灣科技大學,五專,0,,
113,大專校院,0022,國立臺灣科技大學,博士班,4,1023.0,0.00391
113,大專校院,0022,國立臺灣科技大學,學士班,90,5691.0,0.01581
113,大專校院,0022,國立臺灣科技大學,碩士班,22,5135.0,0.00428
113,大專校院,0023,國立雲林科技大學,二專,0,,
113,大專校院,0023,國立雲林科技大學,五專,0,,
113,大專校院,0023,國立雲林科技大學,博士班,1,443.0,0.00226
113,大專校院,0023,國立雲林科技大學,學士班,104,7055.0,0.01474
113,大專校院,0023,國立雲林科技大學,碩士班,15,2972.0,0.00505
113,大專校院,0024,國立屏東科技大學,二專,0,,
113,大專校院,0024,國立屏東科技大學,五專,0,,
113,大專校院,0024,國立屏東科技大學,博士班,4,256.0,0.01562
113,大專校院,0024,國立屏東科技大學,學士班,186,8443.0,0.02203
113,大專校院,0024,國立屏東科技大學,碩士班,32,1304.0,0.02454
113,大專校院,0025,國立臺北科技大學,二專,0,,
113,大專校院,0025,國立臺北科技大學,五專,4,159.0,0.02516
113,大專校院,0025,國立臺北科技大學,博士班,2,763.0,0.00262
113,大專校院,0025,國立臺北科技大學,學士班,99,7296.0,0.01357
113,大專校院,0025,國立臺北科技大學,碩士班,18,5275.0,0.00341
113,大專校院,0028,國立臺北藝術大學,二專,0,,
113,大專校院,0028,國立臺北藝術大學,五專,0,76.0,0.0
113,大專校院,0028,國立臺北藝術大學,博士班,4,138.0,0.02899
113,大專校院,0028,國立臺北藝術大學,學士班,57,1789.0,0.03186
113,大專校院,0028,國立臺北藝術大學,碩士班,25,1210.0,0.02066
113,大專校院,0029,國立臺灣藝術大學,二專,0,,
113,大專校院,0029,國立臺灣藝術大學,五專,0,,
113,大專校院,0029,國立臺灣藝術大學,博士班,1,161.0,0.00621
113,大專校院,0029,國立臺灣藝術大學,學士班,113,4241.0,0.02664
113,大專校院,0029,國立臺灣藝術大學,碩士班,14,1137.0,0.01231
113,大專校院,0030,國立臺東大學,二專,0,,
113,大專校院,0030,國立臺東大學,五專,0,,
113,大專校院,0030,國立臺東大學,博士班,5,54.0,0.09259
113,大專校院,0030,國立臺東大學,學士班,556,3944.0,0.14097
113,大專校院,0030,國立臺東大學,碩士班,155,1050.0,0.14762
113,大專校院,0031,國立宜蘭大學,二專,0,,
113,大專校院,0031,國立宜蘭大學,五專,0,,
113,大專校院,0031,國立宜蘭大學,博士班,1,13.0,0.07692
113,大專校院,0031,國立宜蘭大學,學士班,173,4735.0,0.03654
113,大專校院,0031,國立宜蘭大學,碩士班,14,699.0,0.02003
113,大專校院,0032,國立聯合大學,二專,0,,
113,大專校院,0032,國立聯合大學,五專,0,,
113,大專校院,0032,國立聯合大學,博士班,0,26.0,0.0
113,大專校院,0032,國立聯合大學,學士班,110,7033.0,0.01564
113,大專校院,0032,國立聯合大學,碩士班,1,535.0,0.00187
113,大專校院,0033,國立虎尾科技大學,二專,0,80.0,0.0
113,大專校院,0033,國立虎尾科技大學,五專,2,404.0,0.00495
113,大專校院,0033,國立虎尾科技大學,博士班,0,58.0,0.0
113,大專校院,0033,國立虎尾科技大學,學士班,149,10048.0,0.01483
113,大專校院,0033,國立虎尾科技大學,碩士班,4,1385.0,0.00289
113,大專校院,0035,國立臺南藝術大學,二專,0,,
113,大專校院,0035,國立臺南藝術大學,五專,0,160.0,0.0
113,大專校院,0035,國立臺南藝術大學,博士班,2,73.0,0.0274
113,大專校院,0035,國立臺南藝術大學,學士班,45,763.0,0.05898
113,大專校院,0035,國立臺南藝術大學,碩士班,15,600.0,0.025
113,大專校院,0036,國立臺南大學,二專,0,,
113,大專校院,0036,國立臺南大學,五專,0,,
113,大專校院,0036,國立臺南大學,博士班,2,146.0,0.0137
113,大專校院,0036,國立臺南大學,學士班,73,4123.0,0.01771
113,大專校院,0036,國立臺南大學,碩士班,13,1697.0,0.00766
113,大專校院,0037,國立臺北教育大學,二專,0,,
113,大專校院,0037,國立臺北教育大學,五專,0,,
113,大專校院,0037,國立臺北教育大學,博士班,2,155.0,0.0129
113,大專校院,0037,國立臺北教育大學,學士班,109,3328.0,0.03275
113,大專校院,0037,國立臺北教育大學,碩士班,49,2556.0,0.01917
113,大專校院,0039,國立臺中教育大學,二專,0,,
113,大專校院,0039,國立臺中教育大學,五專,0,,
113,大專校院,0039,國立臺中教育大學,博士班,3,111.0,0.02703
113,大專校院,0039,國立臺中教育大學,學士班,90,3286.0,0.02739
113,大專校院,0039,國立臺中教育大學,碩士班,106,1733.0,0.06117
113,大專校院,0042,國立澎湖科技大學,二專,0,,
113,大專校院,0042,國立澎湖科技大學,五專,0,107.0,0.0
113,大專校院,0042,國立澎湖科技大學,博士班,0,,
113,大專校院,0042,國立澎湖科技大學,學士班,14,2198.0,0.00637
113,大專校院,0042,國立澎湖科技大學,碩士班,2,83.0,0.0241
113,大專校院,0043,國立勤益科技大學,二專,4,214.0,0.01869
113,大專校院,0043,國立勤益科技大學,五專,0,,
113,大專校院,0043,國立勤益科技大學,博士班,0,67.0,0.0
113,大專校院,0043,國立勤益科技大學,學士班,129,11240.0,0.01148
113,大專校院,0043,國立勤益科技大學,碩士班,2,989.0,0.00202
113,大專校院,0044,國立體育大學,二專,0,,
113,大專校院,0044,國立體育大學,五專,0,,
113,大專校院,0044,國立體育大學,博士班,2,141.0,0.01418
113,大專校院,0044,國立體育大學,學士班,439,2039.0,0.2153
113,大專校院,0044,國立體育大學,碩士班,23,602.0,0.03821
113,大專校院,0046,國立臺北護理健康大學,二專,0,,
113,大專校院,0046,國立臺北護理健康大學,五專,0,,
113,大專校院,0046,國立臺北護理健康大學,博士班,0,74.0,0.0
113,大專校院,0046,國立臺北護理健康大學,學士班,97,4384.0,0.02213
113,大專校院,0046,國立臺北護理健康大學,碩士班,17,743.0,0.02288
113,大專校院,0047,國立高雄餐旅大學,二專,0,,
113,大專校院,0047,國立高雄餐旅大學,五專,11,249.0,0.04418
113,大專校院,0047,國立高雄餐旅大學,博士班,0,39.0,0.0
113,大專校院,0047,國立高雄餐旅大學,學士班,83,3661.0,0.02267
113,大專校院,0047,國立高雄餐旅大學,碩士班,3,152.0,0.01974
113,大專校院,0048,國立金門大學,二專,0,,
113,大專校院,0048,國立金門大學,五專,0,,
113,大專校院,0048,國立金門大學,博士班,0,9.0,0.0
113,大專校院,0048,國立金門大學,學士班,50,3506.0,0.01426
113,大專校院,0048,國立金門大學,碩士班,4,308.0,0.01299
113,大專校院,0049,國立臺灣體育運動大學,二專,0,,
113,大專校院,0049,國立臺灣體育運動大學,五專,0,,
113,大專校院,0049,國立臺灣體育運動大學,博士班,3,23.0,0.13043
113,大專校院,0049,國立臺灣體育運動大學,學士班,232,2661.0,0.08719
113,大專校院,0049,國立臺灣體育運動大學,碩士班,26,406.0,0.06404
113,大專校院,0050,國立臺中科技大學,二專,8,550.0,0.01455
113,大專校院,0050,國立臺中科技大學,五專,68,3714.0,0.01831
113,大專校院,0050,國立臺中科技大學,博士班,0,8.0,0.0
113,大專校院,0050,國立臺中科技大學,學士班,226,10802.0,0.02092
113,大專校院,0050,國立臺中科技大學,碩士班,5,688.0,0.00727
113,大專校院,0051,國立臺北商業大學,二專,4,80.0,0.05
113,大專校院,0051,國立臺北商業大學,五專,23,1771.0,0.01299
113,大專校院,0051,國立臺北商業大學,博士班,0,12.0,0.0
113,大專校院,0051,國立臺北商業大學,學士班,94,4615.0,0.02037
113,大專校院,0051,國立臺北商業大學,碩士班,8,470.0,0.01702
113,大專校院,0052,國立屏東大學,二專,0,,
113,大專校院,0052,國立屏東大學,五專,0,,
113,大專校院,0052,國立屏東大學,博士班,5,47.0,0.10638
113,大專校院,0052,國立屏東大學,學士班,378,7081.0,0.05338
113,大專校院,0052,國立屏東大學,碩士班,102,1612.0,0.06328
113,大專校院,0053,國立高雄科技大學,二專,0,,
113,大專校院,0053,國立高雄科技大學,五專,17,853.0,0.01993
113,大專校院,0053,國立高雄科技大學,博士班,0,568.0,0.0
113,大專校院,0053,國立高雄科技大學,學士班,215,21451.0,0.01002
113,大專校院,0053,國立高雄科技大學,碩士班,2,4522.0,0.00044
113,大專校院,0144,國立臺灣戲曲學院,二專,0,,
113,大專校院,0144,國立臺灣戲曲學院,五專,0,,
113,大專校院,0144,國立臺灣戲曲學院,博士班,0,,
113,大專校院,0144,國立臺灣戲曲學院,學士班,12,449.0,0.02673
113,大專校院,0144,國立臺灣戲曲學院,碩士班,0,,
113,大專校院,0221,國立臺南護理專科學校,二專,1,85.0,0.01176
113,大專校院,0221,國立臺南護理專科學校,五專,176,1907.0,0.09229
113,大專校院,0221,國立臺南護理專科學校,博士班,0,,
113,大專校院,0221,國立臺南護理專科學校,學士班,0,,
113,大專校院,0221,國立臺南護理專科學校,碩士班,0,,
113,大專校院,0222,國立臺東專科學校,二專,67,438.0,0.15297
113,大專校院,0222,國立臺東專科學校,五專,40,159.0,0.25157
113,大專校院,0222,國立臺東專科學校,博士班,0,,
113,大專校院,0222,國立臺東專科學校,學士班,0,,
113,大專校院,0222,國立臺東專科學校,碩士班,0,,
113,空大及進修學校,0A01,國立空中大學,二專,370,,
113,空大及進修學校,0A01,國立空中大學,五專,0,,
113,空大及進修學校,0A01,國立空中大學,博士班,0,,
113,空大及進修學校,0A01,國立空中大學,學士班,786,,
113,空大及進修學校,0A01,國立空中大學,碩士班,0,,
113,空大及進修學校,0A13,國立高雄科技大學附設進修學院,二專,0,,
113,空大及進修學校,0A13,國立高雄科技大學附設進修學院,五專,0,,
113,空大及進修學校,0A13,國立高雄科技大學附設進修學院,博士班,0,,
113,空大及進修學校,0A13,國立高雄科技大學附設進修學院,學士班,0,,
113,空大及進修學校,0A13,國立高雄科技大學附設進修學院,碩士班,0,,
113,空大及進修學校,0A17,國立臺北商業大學附設空中進修學院,二專,98,,
113,空大及進修學校,0A17,國立臺北商業大學附設空中進修學院,五專,0,,
113,空大及進修學校,0A17,國立臺北商業大學附設空中進修學院,博士班,0,,
113,空大及進修學校,0A17,國立臺北商業大學附設空中進修學院,學士班,95,,
113,空大及進修學校,0A17,國立臺北商業大學附設空中進修學院,碩士班,0,,
113,空大及進修學校,0A18,國立臺中科技大學附設空中進修學院,二專,12,,
113,空大及進修學校,0A18,國立臺中科技大學附設空中進修學院,五專,0,,
113,空大及進修學校,0A18,國立臺中科技大學附設空中進修學院,博士班,0,,
113,空大及進修學校,0A18,國立臺中科技大學附設空中進修學院,學士班,27,,
113,空大及進修學校,0A18,國立臺中科技大學附設空中進修學院,碩士班,0,,
113,大專校院,1001,東海大學,二專,0,,
113,大專校院,1001,東海大學,五專,0,,
113,大專校院,1001,東海大學,博士班,0,242.0,0.0
113,大專校院,1001,東海大學,學士班,136,13242.0,0.01027
113,大專校院,1001,東海大學,碩士班,15,2102.0,0.00714
113,大專校院,1002,輔仁大學,二專,0,,
113,大專校院,1002,輔仁大學,五專,0,,
113,大專校院,1002,輔仁大學,博士班,4,449.0,0.00891
113,大專校院,1002,輔仁大學,學士班,379,21878.0,0.01732
113,大專校院,1002,輔仁大學,碩士班,105,3354.0,0.03131
113,大專校院,1003,東吳大學,二專,0,,
113,大專校院,1003,東吳大學,五專,0,,
113,大專校院,1003,東吳大學,博士班,0,101.0,0.0
113,大專校院,1003,東吳大學,學士班,109,12325.0,0.00884
113,大專校院,1003,東吳大學,碩士班,0,2532.0,0.0
113,大專校院,1004,中原大學,二專,0,,
113,大專校院,1004,中原大學,五專,0,,
113,大專校院,1004,中原大學,博士班,2,320.0,0.00625
113,大專校院,1004,中原大學,學士班,184,13657.0,0.01347
113,大專校院,1004,中原大學,碩士班,19,2533.0,0.0075
113,大專校院,1005,淡江大學,二專,0,,
113,大專校院,1005,淡江大學,五專,0,,
113,大專校院,1005,淡江大學,博士班,0,359.0,0.0
113,大專校院,1005,淡江大學,學士班,260,19960.0,0.01303
113,大專校院,1005,淡江大學,碩士班,1,1957.0,0.00051
113,大專校院,1006,中國文化大學,二專,0,,
113,大專校院,1006,中國文化大學,五專,0,,
113,大專校院,1006,中國文化大學,博士班,0,489.0,0.0
113,大專校院,1006,中國文化大學,學士班,288,15396.0,0.01871
113,大專校院,1006,中國文化大學,碩士班,6,2019.0,0.00297
113,大專校院,1007,逢甲大學,二專,0,,
113,大專校院,1007,逢甲大學,五專,0,,
113,大專校院,1007,逢甲大學,博士班,0,385.0,0.0
113,大專校院,1007,逢甲大學,學士班,146,18206.0,0.00802
113,大專校院,1007,逢甲大學,碩士班,12,2871.0,0.00418
113,大專校院,1008,靜宜大學,二專,0,,
113,大專校院,1008,靜宜大學,五專,0,,
113,大專校院,1008,靜宜大學,博士班,7,62.0,0.1129
113,大專校院,1008,靜宜大學,學士班,176,9471.0,0.01858
113,大專校院,1008,靜宜大學,碩士班,86,1097.0,0.0784
113,大專校院,1009,長庚大學,二專,0,,
113,大專校院,1009,長庚大學,五專,0,,
113,大專校院,1009,長庚大學,博士班,5,452.0,0.01106
113,大專校院,1009,長庚大學,學士班,31,5328.0,0.00582
113,大專校院,1009,長庚大學,碩士班,8,1461.0,0.00548
113,大專校院,1010,元智大學,二專,0,,
113,大專校院,1010,元智大學,五專,0,,
113,大專校院,1010,元智大學,博士班,1,237.0,0.00422
113,大專校院,1010,元智大學,學士班,73,7447.0,0.0098
113,大專校院,1010,元智大學,碩士班,7,1430.0,0.0049
113,大專校院,1011,中華大學,二專,0,,
113,大專校院,1011,中華大學,五專,0,,
113,大專校院,1011,中華大學,博士班,1,60.0,0.01667
113,大專校院,1011,中華大學,學士班,37,3159.0,0.01171
113,大專校院,1011,中華大學,碩士班,1,338.0,0.00296
113,大專校院,1012,大葉大學,二專,0,,
113,大專校院,1012,大葉大學,五專,0,,
113,大專校院,1012,大葉大學,博士班,5,101.0,0.0495
113,大專校院,1012,大葉大學,學士班,29,3078.0,0.00942
113,大專校院,1012,大葉大學,碩士班,28,487.0,0.05749
113,大專校院,1013,華梵大學,二專,0,,
113,大專校院,1013,華梵大學,五專,0,,
113,大專校院,1013,華梵大學,博士班,0,68.0,0.0
113,大專校院,1013,華梵大學,學士班,4,568.0,0.00704
113,大專校院,1013,華梵大學,碩士班,4,427.0,0.00937
113,大專校院,1014,義守大學,二專,0,,
113,大專校院,1014,義守大學,五專,0,,
113,大專校院,1014,義守大學,博士班,2,121.0,0.01653
113,大專校院,1014,義守大學,學士班,325,10179.0,0.03193
113,大專校院,1014,義守大學,碩士班,7,632.0,0.01108
113,大專校院,1015,世新大學,二專,0,,
113,大專校院,1015,世新大學,五專,0,,
113,大專校院,1015,世新大學,博士班,2,78.0,0.02564
113,大專校院,1015,世新大學,學士班,309,9963.0,0.03101
113,大專校院,1015,世新大學,碩士班,16,987.0,0.01621
113,大專校院,1016,銘傳大學,二專,0,,
113,大專校院,1016,銘傳大學,五專,0,,
113,大專校院,1016,銘傳大學,博士班,0,73.0,0.0
113,大專校院,1016,銘傳大學,學士班,230,15813.0,0.01454
113,大專校院,1016,銘傳大學,碩士班,11,1401.0,0.00785
113,大專校院,1017,實踐大學,二專,0,,
113,大專校院,1017,實踐大學,五專,0,,
113,大專校院,1017,實踐大學,博士班,0,25.0,0.0
113,大專校院,1017,實踐大學,學士班,182,9845.0,0.01849
113,大專校院,1017,實踐大學,碩士班,1,435.0,0.0023
113,大專校院,1018,朝陽科技大學,二專,0,,
113,大專校院,1018,朝陽科技大學,五專,0,,
113,大專校院,1018,朝陽科技大學,博士班,1,101.0,0.0099
113,大專校院,1018,朝陽科技大學,學士班,166,12181.0,0.01363
113,大專校院,1018,朝陽科技大學,碩士班,10,870.0,0.01149
113,大專校院,1019,高雄醫學大學,二專,0,,
113,大專校院,1019,高雄醫學大學,五專,0,,
113,大專校院,1019,高雄醫學大學,博士班,0,324.0,0.0
113,大專校院,1019,高雄醫學大學,學士班,95,5421.0,0.01752
113,大專校院,1019,高雄醫學大學,碩士班,13,922.0,0.0141
113,大專校院,1020,南華大學,二專,0,,
113,大專校院,1020,南華大學,五專,0,,
113,大專校院,1020,南華大學,博士班,1,47.0,0.02128
113,大專校院,1020,南華大學,學士班,77,3689.0,0.02087
113,大專校院,1020,南華大學,碩士班,18,954.0,0.01887
113,大專校院,1021,真理大學,二專,0,,
113,大專校院,1021,真理大學,五專,0,,
113,大專校院,1021,真理大學,博士班,0,,
113,大專校院,1021,真理大學,學士班,32,2193.0,0.01459
113,大專校院,1021,真理大學,碩士班,1,129.0,0.00775
113,大專校院,1022,大同大學,二專,0,,
113,大專校院,1022,大同大學,五專,0,,
113,大專校院,1022,大同大學,博士班,1,97.0,0.01031
113,大專校院,1022,大同大學,學士班,21,3055.0,0.00687
113,大專校院,1022,大同大學,碩士班,0,338.0,0.0
113,大專校院,1023,南臺科技大學,二專,0,,
113,大專校院,1023,南臺科技大學,五專,5,590.0,0.00847
113,大專校院,1023,南臺科技大學,博士班,0,75.0,0.0
113,大專校院,1023,南臺科技大學,學士班,174,12876.0,0.01351
113,大專校院,1023,南臺科技大學,碩士班,7,966.0,0.00725
113,大專校院,1024,崑山科技大學,二專,0,,
113,大專校院,1024,崑山科技大學,五專,0,,
113,大專校院,1024,崑山科技大學,博士班,0,21.0,0.0
113,大專校院,1024,崑山科技大學,學士班,128,7675.0,0.01668
113,大專校院,1024,崑山科技大學,碩士班,6,477.0,0.01258
113,大專校院,1025,嘉南藥理大學,二專,0,,
113,大專校院,1025,嘉南藥理大學,五專,5,432.0,0.01157
113,大專校院,1025,嘉南藥理大學,博士班,0,,
113,大專校院,1025,嘉南藥理大學,學士班,185,8193.0,0.02258
113,大專校院,1025,嘉南藥理大學,碩士班,1,285.0,0.00351
113,大專校院,1026,樹德科技大學,二專,8,280.0,0.02857
113,大專校院,1026,樹德科技大學,五專,1,12.0,0.08333
113,大專校院,1026,樹德科技大學,博士班,0,27.0,0.0
113,大專校院,1026,樹德科技大學,學士班,244,7429.0,0.03284
113,大專校院,1026,樹德科技大學,碩士班,14,478.0,0.02929
113,大專校院,1027,慈濟大學,二專,0,,
113,大專校院,1027,慈濟大學,五專,493,1238.0,0.39822
113,大專校院,1027,慈濟大學,博士班,4,93.0,0.04301
113,大專校院,1027,慈濟大學,學士班,297,3500.0,0.08486
113,大專校院,1027,慈濟大學,碩士班,37,454.0,0.0815
113,大專校院,1028,臺北醫學大學,二專,0,,
113,大專校院,1028,臺北醫學大學,五專,0,,
113,大專校院,1028,臺北醫學大學,博士班,0,669.0,0.0
113,大專校院,1028,臺北醫學大學,學士班,60,4524.0,0.01326
113,大專校院,1028,臺北醫學大學,碩士班,0,1011.0,0.0
113,大專校院,1029,中山醫學大學,二專,0,,
113,大專校院,1029,中山醫學大學,五專,0,,
113,大專校院,1029,中山醫學大學,博士班,0,162.0,0.0
113,大專校院,1029,中山醫學大學,學士班,158,6314.0,0.02502
113,大專校院,1029,中山醫學大學,碩士班,11,681.0,0.01615
113,大專校院,1030,龍華科技大學,二專,0,47.0,0.0
113,大專校院,1030,龍華科技大學,五專,11,922.0,0.01193
113,大專校院,1030,龍華科技大學,博士班,0,2.0,0.0
113,大專校院,1030,龍華科技大學,學士班,143,9881.0,0.01447
113,大專校院,1030,龍華科技大學,碩士班,4,488.0,0.0082
113,大專校院,1031,輔英科技大學,二專,0,4.0,0.0
113,大專校院,1031,輔英科技大學,五專,122,2608.0,0.04678
113,大專校院,1031,輔英科技大學,博士班,0,,
113,大專校院,1031,輔英科技大學,學士班,149,5409.0,0.02755
113,大專校院,1031,輔英科技大學,碩士班,4,259.0,0.01544
113,大專校院,1032,明新科技大學,二專,3,139.0,0.02158
113,大專校院,1032,明新科技大學,五專,0,,
113,大專校院,1032,明新科技大學,博士班,0,8.0,0.0
113,大專校院,1032,明新科技大學,學士班,255,9082.0,0.02808
113,大專校院,1032,明新科技大學,碩士班,23,680.0,0.03382
113,大專校院,1033,長榮大學,二專,0,,
113,大專校院,1033,長榮大學,五專,0,,
113,大專校院,1033,長榮大學,博士班,1,46.0,0.02174
113,大專校院,1033,長榮大學,學士班,82,4421.0,0.01855
113,大專校院,1033,長榮大學,碩士班,6,302.0,0.01987
113,大專校院,1034,弘光科技大學,二專,3,126.0,0.02381
113,大專校院,1034,弘光科技大學,五專,20,264.0,0.07576
113,大專校院,1034,弘光科技大學,博士班,2,17.0,0.11765
113,大專校院,1034,弘光科技大學,學士班,183,10652.0,0.01718
113,大專校院,1034,弘光科技大學,碩士班,7,261.0,0.02682
113,大專校院,1035,中國醫藥大學,二專,0,,
113,大專校院,1035,中國醫藥大學,五專,0,,
113,大專校院,1035,中國醫藥大學,博士班,2,442.0,0.00452
113,大專校院,1035,中國醫藥大學,學士班,269,6440.0,0.04177
113,大專校院,1035,中國醫藥大學,碩士班,8,610.0,0.01311
113,大專校院,1036,健行科技大學,二專,0,,
113,大專校院,1036,健行科技大學,五專,0,,
113,大專校院,1036,健行科技大學,博士班,0,,
113,大專校院,1036,健行科技大學,學士班,228,8419.0,0.02708
113,大專校院,1036,健行科技大學,碩士班,11,358.0,0.03073
113,大專校院,1037,正修科技大學,二專,35,602.0,0.05814
113,大專校院,1037,正修科技大學,五專,6,400.0,0.015
113,大專校院,1037,正修科技大學,博士班,0,21.0,0.0
113,大專校院,1037,正修科技大學,學士班,263,13377.0,0.01966
113,大專校院,1037,正修科技大學,碩士班,8,557.0,0.01436
113,大專校院,1038,萬能科技大學,二專,0,,
113,大專校院,1038,萬能科技大學,五專,0,,
113,大專校院,1038,萬能科技大學,博士班,0,,
113,大專校院,1038,萬能科技大學,學士班,348,7550.0,0.04609
113,大專校院,1038,萬能科技大學,碩士班,9,331.0,0.02719
113,大專校院,1039,玄奘大學,二專,0,,
113,大專校院,1039,玄奘大學,五專,0,,
113,大專校院,1039,玄奘大學,博士班,0,,
113,大專校院,1039,玄奘大學,學士班,31,967.0,0.03206
113,大專校院,1039,玄奘大學,碩士班,9,420.0,0.02143
113,大專校院,1040,建國科技大學,二專,3,50.0,0.06
113,大專校院,1040,建國科技大學,五專,0,,
113,大專校院,1040,建國科技大學,博士班,0,,
113,大專校院,1040,建國科技大學,學士班,33,3365.0,0.00981
113,大專校院,1040,建國科技大學,碩士班,1,82.0,0.0122
113,大專校院,1041,明志科技大學,二專,0,,
113,大專校院,1041,明志科技大學,五專,0,,
113,大專校院,1041,明志科技大學,博士班,0,85.0,0.0
113,大專校院,1041,明志科技大學,學士班,44,3729.0,0.0118
113,大專校院,1041,明志科技大學,碩士班,3,569.0,0.00527
113,大專校院,1042,台鋼科技大學,二專,1,32.0,0.03125
113,大專校院,1042,台鋼科技大學,五專,0,,
113,大專校院,1042,台鋼科技大學,博士班,0,,
113,大專校院,1042,台鋼科技大學,學士班,61,1145.0,0.05328
113,大專校院,1042,台鋼科技大學,碩士班,0,63.0,0.0
113,大專校院,1043,大仁科技大學,二專,11,53.0,0.20755
113,大專校院,1043,大仁科技大學,五專,6,67.0,0.08955
113,大專校院,1043,大仁科技大學,博士班,0,,
113,大專校院,1043,大仁科技大學,學士班,412,3475.0,0.11856
113,大專校院,1043,大仁科技大學,碩士班,27,214.0,0.12617
113,大專校院,1044,聖約翰科技大學,二專,1,21.0,0.04762
113,大專校院,1044,聖約翰科技大學,五專,1,15.0,0.06667
113,大專校院,1044,聖約翰科技大學,博士班,0,,
113,大專校院,1044,聖約翰科技大學,學士班,14,358.0,0.03911
113,大專校院,1044,聖約翰科技大學,碩士班,1,73.0,0.0137
113,大專校院,1045,嶺東科技大學,二專,0,,
113,大專校院,1045,嶺東科技大學,五專,0,,
113,大專校院,1045,嶺東科技大學,博士班,0,,
113,大專校院,1045,嶺東科技大學,學士班,223,7929.0,0.02812
113,大專校院,1045,嶺東科技大學,碩士班,8,426.0,0.01878
113,大專校院,1046,中國科技大學,二專,3,112.0,0.02679
113,大專校院,1046,中國科技大學,五專,0,,
113,大專校院,1046,中國科技大學,博士班,0,,
113,大專校院,1046,中國科技大學,學士班,77,5251.0,0.01466
113,大專校院,1046,中國科技大學,碩士班,3,198.0,0.01515
113,大專校院,1047,中臺科技大學,二專,0,,
113,大專校院,1047,中臺科技大學,五專,2,42.0,0.04762
113,大專校院,1047,中臺科技大學,博士班,0,10.0,0.0
113,大專校院,1047,中臺科技大學,學士班,132,5621.0,0.02348
113,大專校院,1047,中臺科技大學,碩士班,9,429.0,0.02098
113,大專校院,1048,亞洲大學,二專,0,,
113,大專校院,1048,亞洲大學,五專,0,,
113,大專校院,1048,亞洲大學,博士班,4,213.0,0.01878
113,大專校院,1048,亞洲大學,學士班,145,9589.0,0.01512
113,大專校院,1048,亞洲大學,碩士班,43,974.0,0.04415
113,大專校院,1049,開南大學,二專,0,,
113,大專校院,1049,開南大學,五專,0,,
113,大專校院,1049,開南大學,博士班,0,,
113,大專校院,1049,開南大學,學士班,188,4164.0,0.04515
113,大專校院,1049,開南大學,碩士班,48,539.0,0.08905
113,大專校院,1050,佛光大學,二專,0,,
113,大專校院,1050,佛光大學,五專,0,,
113,大專校院,1050,佛光大學,博士班,3,75.0,0.04
113,大專校院,1050,佛光大學,學士班,41,1886.0,0.02174
113,大專校院,1050,佛光大學,碩士班,15,564.0,0.0266
113,大專校院,1051,台南應用科技大學,二專,0,,
113,大專校院,1051,台南應用科技大學,五專,16,843.0,0.01898
113,大專校院,1051,台南應用科技大學,博士班,0,,
113,大專校院,1051,台南應用科技大學,學士班,188,8026.0,0.02342
113,大專校院,1051,台南應用科技大學,碩士班,2,219.0,0.00913
113,大專校院,1052,中信科技大學,二專,4,100.0,0.04
113,大專校院,1052,中信科技大學,五專,0,,
113,大專校院,1052,中信科技大學,博士班,0,,
113,大專校院,1052,中信科技大學,學士班,63,1422.0,0.0443
113,大專校院,1052,中信科技大學,碩士班,9,252.0,0.03571
113,大專校院,1053,元培醫事科技大學,二專,0,,
113,大專校院,1053,元培醫事科技大學,五專,0,,
113,大專校院,1053,元培醫事科技大學,博士班,0,2.0,0.0
113,大專校院,1053,元培醫事科技大學,學士班,62,3349.0,0.01851
113,大專校院,1053,元培醫事科技大學,碩士班,3,220.0,0.01364
113,大專校院,1054,景文科技大學,二專,1,62.0,0.01613
113,大專校院,1054,景文科技大學,五專,0,,
113,大專校院,1054,景文科技大學,博士班,0,,
113,大專校院,1054,景文科技大學,學士班,97,4240.0,0.02288
113,大專校院,1054,景文科技大學,碩士班,1,52.0,0.01923
113,大專校院,1055,中華醫事科技大學,二專,1,69.0,0.01449
113,大專校院,1055,中華醫事科技大學,五專,66,3251.0,0.0203
113,大專校院,1055,中華醫事科技大學,博士班,0,,
113,大專校院,1055,中華醫事科技大學,學士班,69,3534.0,0.01952
113,大專校院,1055,中華醫事科技大學,碩士班,4,114.0,0.03509
113,大專校院,1056,東南科技大學,二專,0,,
113,大專校院,1056,東南科技大學,五專,0,,
113,大專校院,1056,東南科技大學,博士班,0,,
113,大專校院,1056,東南科技大學,學士班,93,3337.0,0.02787
113,大專校院,1056,東南科技大學,碩士班,7,219.0,0.03196
113,大專校院,1057,德明財經科技大學,二專,0,,
113,大專校院,1057,德明財經科技大學,五專,0,,
113,大專校院,1057,德明財經科技大學,博士班,0,,
113,大專校院,1057,德明財經科技大學,學士班,65,5011.0,0.01297
113,大專校院,1057,德明財經科技大學,碩士班,1,75.0,0.01333
113,大專校院,1058,明道大學,二專,0,,
113,大專校院,1058,明道大學,五專,0,,
113,大專校院,1058,明道大學,博士班,0,,
113,大專校院,1058,明道大學,學士班,0,,
113,大專校院,1058,明道大學,碩士班,0,,
113,大專校院,1060,南開科技大學,二專,2,45.0,0.04444
113,大專校院,1060,南開科技大學,五專,0,211.0,0.0
113,大專校院,1060,南開科技大學,博士班,0,,
113,大專校院,1060,南開科技大學,學士班,48,2072.0,0.02317
113,大專校院,1060,南開科技大學,碩士班,13,110.0,0.11818
113,大專校院,1061,中華科技大學,二專,7,99.0,0.07071
113,大專校院,1061,中華科技大學,五專,0,44.0,0.0
113,大專校院,1061,中華科技大學,博士班,0,,
113,大專校院,1061,中華科技大學,學士班,84,2462.0,0.03412
113,大專校院,1061,中華科技大學,碩士班,5,261.0,0.01916
113,大專校院,1062,僑光科技大學,二專,0,,
113,大專校院,1062,僑光科技大學,五專,0,,
113,大專校院,1062,僑光科技大學,博士班,0,,
113,大專校院,1062,僑光科技大學,學士班,124,7841.0,0.01581
113,大專校院,1062,僑光科技大學,碩士班,6,154.0,0.03896
113,大專校院,1063,育達科技大學,二專,0,,
113,大專校院,1063,育達科技大學,五專,0,,
113,大專校院,1063,育達科技大學,博士班,0,,
113,大專校院,1063,育達科技大學,學士班,76,3118.0,0.02437
113,大專校院,1063,育達科技大學,碩士班,9,268.0,0.03358
113,大專校院,1064,美和科技大學,二專,13,80.0,0.1625
113,大專校院,1064,美和科技大學,五專,172,1490.0,0.11544
113,大專校院,1064,美和科技大學,博士班,0,,
113,大專校院,1064,美和科技大學,學士班,392,2591.0,0.15129
113,大專校院,1064,美和科技大學,碩士班,37,299.0,0.12375
113,大專校院,1065,吳鳳科技大學,二專,6,181.0,0.03315
113,大專校院,1065,吳鳳科技大學,五專,0,,
113,大專校院,1065,吳鳳科技大學,博士班,0,,
113,大專校院,1065,吳鳳科技大學,學士班,58,3651.0,0.01589
113,大專校院,1065,吳鳳科技大學,碩士班,3,101.0,0.0297
113,大專校院,1066,環球科技大學,二專,0,,
113,大專校院,1066,環球科技大學,五專,0,,
113,大專校院,1066,環球科技大學,博士班,0,,
113,大專校院,1066,環球科技大學,學士班,0,,
113,大專校院,1066,環球科技大學,碩士班,0,,
113,大專校院,1069,修平科技大學,二專,0,2.0,0.0
113,大專校院,1069,修平科技大學,五專,0,,
113,大專校院,1069,修平科技大學,博士班,0,,
113,大專校院,1069,修平科技大學,學士班,45,3227.0,0.01394
113,大專校院,1069,修平科技大學,碩士班,7,129.0,0.05426
113,大專校院,1070,長庚科技大學,二專,0,,
113,大專校院,1070,長庚科技大學,五專,0,,
113,大專校院,1070,長庚科技大學,博士班,0,,
113,大專校院,1070,長庚科技大學,學士班,124,5734.0,0.02163
113,大專校院,1070,長庚科技大學,碩士班,7,254.0,0.02756
113,大專校院,1071,臺北城市科技大學,二專,11,318.0,0.03459
113,大專校院,1071,臺北城市科技大學,五專,17,711.0,0.02391
113,大專校院,1071,臺北城市科技大學,博士班,0,,
113,大專校院,1071,臺北城市科技大學,學士班,262,7659.0,0.03421
113,大專校院,1071,臺北城市科技大學,碩士班,3,90.0,0.03333
113,大專校院,1072,敏實科技大學,二專,0,,
113,大專校院,1072,敏實科技大學,五專,4,80.0,0.05
113,大專校院,1072,敏實科技大學,博士班,0,,
113,大專校院,1072,敏實科技大學,學士班,25,991.0,0.02523
113,大專校院,1072,敏實科技大學,碩士班,0,,
113,大專校院,1073,醒吾科技大學,二專,2,34.0,0.05882
113,大專校院,1073,醒吾科技大學,五專,1,88.0,0.01136
113,大專校院,1073,醒吾科技大學,博士班,0,,
113,大專校院,1073,醒吾科技大學,學士班,209,5425.0,0.03853
113,大專校院,1073,醒吾科技大學,碩士班,8,87.0,0.09195
113,大專校院,1075,文藻外語大學,二專,0,,
113,大專校院,1075,文藻外語大學,五專,53,2026.0,0.02616
113,大專校院,1075,文藻外語大學,博士班,0,,
113,大專校院,1075,文藻外語大學,學士班,72,4550.0,0.01582
113,大專校院,1075,文藻外語大學,碩士班,9,273.0,0.03297
113,大專校院,1076,華夏科技大學,二專,0,1.0,0.0
113,大專校院,1076,華夏科技大學,五專,2,239.0,0.00837
113,大專校院,1076,華夏科技大學,博士班,0,,
113,大專校院,1076,華夏科技大學,學士班,10,555.0,0.01802
113,大專校院,1076,華夏科技大學,碩士班,0,27.0,0.0
113,大專校院,1078,致理科技大學,二專,0,,
113,大專校院,1078,致理科技大學,五專,22,1554.0,0.01416
113,大專校院,1078,致理科技大學,博士班,0,,
113,大專校院,1078,致理科技大學,學士班,155,9170.0,0.0169
113,大專校院,1078,致理科技大學,碩士班,4,133.0,0.03008
113,大專校院,1079,康寧大學,二專,3,207.0,0.01449
113,大專校院,1079,康寧大學,五專,49,2698.0,0.01816
113,大專校院,1079,康寧大學,博士班,0,,
113,大專校院,1079,康寧大學,學士班,3,332.0,0.00904
113,大專校院,1079,康寧大學,碩士班,0,2.0,0.0
113,大專校院,1080,宏國德霖科技大學,二專,0,,
113,大專校院,1080,宏國德霖科技大學,五專,16,1031.0,0.01552
113,大專校院,1080,宏國德霖科技大學,博士班,0,,
113,大專校院,1080,宏國德霖科技大學,學士班,49,3227.0,0.01518
113,大專校院,1080,宏國德霖科技大學,碩士班,1,34.0,0.02941
113,大專校院,1081,東方設計大學,二專,0,,
113,大專校院,1081,東方設計大學,五專,0,,
113,大專校院,1081,東方設計大學,博士班,0,,
113,大專校院,1081,東方設計大學,學士班,0,,
113,大專校院,1081,東方設計大學,碩士班,0,,
113,大專校院,1082,崇右影藝科技大學,二專,0,,
113,大專校院,1082,崇右影藝科技大學,五專,0,,
113,大專校院,1082,崇右影藝科技大學,博士班,0,,
113,大專校院,1082,崇右影藝科技大學,學士班,249,1090.0,0.22844
113,大專校院,1082,崇右影藝科技大學,碩士班,2,24.0,0.08333
113,大專校院,1083,台北海洋科技大學,二專,3,102.0,0.02941
113,大專校院,1083,台北海洋科技大學,五專,13,533.0,0.02439
113,大專校院,1083,台北海洋科技大學,博士班,0,,
113,大專校院,1083,台北海洋科技大學,學士班,98,2878.0,0.03405
113,大專校院,1083,台北海洋科技大學,碩士班,1,108.0,0.00926
113,大專校院,1084,亞東科技大學,二專,0,,
113,大專校院,1084,亞東科技大學,五專,0,,
113,大專校院,1084,亞東科技大學,博士班,0,,
113,大專校院,1084,亞東科技大學,學士班,74,3889.0,0.01903
113,大專校院,1084,亞東科技大學,碩士班,2,61.0,0.03279
113,大專校院,1125,中信金融管理學院,二專,0,,
113,大專校院,1125,中信金融管理學院,五專,0,,
113,大專校院,1125,中信金融管理學院,博士班,0,3.0,0.0
113,大專校院,1125,中信金融管理學院,學士班,52,731.0,0.07114
113,大專校院,1125,中信金融管理學院,碩士班,0,183.0,0.0
113,大專校院,1148,大漢技術學院,二專,10,14.0,0.71429
113,大專校院,1148,大漢技術學院,五專,0,,
113,大專校院,1148,大漢技術學院,博士班,0,,
113,大專校院,1148,大漢技術學院,學士班,94,256.0,0.36719
113,大專校院,1148,大漢技術學院,碩士班,18,40.0,0.45
113,大專校院,1168,南亞技術學院,二專,11,89.0,0.1236
113,大專校院,1168,南亞技術學院,五專,1,41.0,0.02439
113,大專校院,1168,南亞技術學院,博士班,0,,
113,大專校院,1168,南亞技術學院,學士班,97,1694.0,0.05726
113,大專校院,1168,南亞技術學院,碩士班,0,,
113,大專校院,1183,黎明技術學院,二專,0,,
113,大專校院,1183,黎明技術學院,五專,4,302.0,0.01325
113,大專校院,1183,黎明技術學院,博士班,0,,
113,大專校院,1183,黎明技術學院,學士班,207,4598.0,0.04502
113,大專校院,1183,黎明技術學院,碩士班,3,24.0,0.125
113,大專校院,1185,德育護理健康學院,二專,8,153.0,0.05229
113,大專校院,1185,德育護理健康學院,五專,37,896.0,0.04129
113,大專校院,1185,德育護理健康學院,博士班,0,,
113,大專校院,1185,德育護理健康學院,學士班,51,2021.0,0.02524
113,大專校院,1185,德育護理健康學院,碩士班,1,97.0,0.01031
113,大專校院,1188,大同技術學院,二專,0,,
113,大專校院,1188,大同技術學院,五專,0,,
113,大專校院,1188,大同技術學院,博士班,0,,
113,大專校院,1188,大同技術學院,學士班,0,,
113,大專校院,1188,大同技術學院,碩士班,0,,
113,大專校院,1195,馬偕醫學院,二專,0,,
113,大專校院,1195,馬偕醫學院,五專,0,,
113,大專校院,1195,馬偕醫學院,博士班,0,13.0,0.0
113,大專校院,1195,馬偕醫學院,學士班,29,871.0,0.0333
113,大專校院,1195,馬偕醫學院,碩士班,3,102.0,0.02941
113,大專校院,1196,法鼓文理學院,二專,0,,
113,大專校院,1196,法鼓文理學院,五專,0,,
113,大專校院,1196,法鼓文理學院,博士班,0,29.0,0.0
113,大專校院,1196,法鼓文理學院,學士班,0,86.0,0.0
113,大專校院,1196,法鼓文理學院,碩士班,2,275.0,0.00727
113,大專校院,1282,馬偕醫護管理專科學校,二專,3,108.0,0.02778
113,大專校院,1282,馬偕醫護管理專科學校,五專,280,3938.0,0.0711
113,大專校院,1282,馬偕醫護管理專科學校,博士班,0,,
113,大專校院,1282,馬偕醫護管理專科學校,學士班,0,,
113,大專校院,1282,馬偕醫護管理專科學校,碩士班,0,,
113,大專校院,1283,仁德醫護管理專科學校,二專,10,401.0,0.02494
113,大專校院,1283,仁德醫護管理專科學校,五專,172,5057.0,0.03401
113,大專校院,1283,仁德醫護管理專科學校,博士班,0,,
113,大專校院,1283,仁德醫護管理專科學校,學士班,0,,
113,大專校院,1283,仁德醫護管理專科學校,碩士班,0,,
113,大專校院,1284,樹人醫護管理專科學校,二專,9,544.0,0.01654
113,大專校院,1284,樹人醫護管理專科學校,五專,285,6669.0,0.04274
113,大專校院,1284,樹人醫護管理專科學校,博士班,0,,
113,大專校院,1284,樹人醫護管理專科學校,學士班,0,,
113,大專校院,1284,樹人醫護管理專科學校,碩士班,0,,
113,大專校院,1285,慈惠醫護管理專科學校,二專,26,199.0,0.13065
113,大專校院,1285,慈惠醫護管理專科學校,五專,222,1599.0,0.13884
113,大專校院,1285,慈惠醫護管理專科學校,博士班,0,,
113,大專校院,1285,慈惠醫護管理專科學校,學士班,0,,
113,大專校院,1285,慈惠醫護管理專科學校,碩士班,0,,
113,大專校院,1286,耕莘健康管理專科學校,二專,11,157.0,0.07006
113,大專校院,1286,耕莘健康管理專科學校,五專,141,3774.0,0.03736
113,大專校院,1286,耕莘健康管理專科學校,博士班,0,,
113,大專校院,1286,耕莘健康管理專科學校,學士班,0,,
113,大專校院,1286,耕莘健康管理專科學校,碩士班,0,,
113,大專校院,1287,敏惠醫護管理專科學校,二專,1,97.0,0.01031
113,大專校院,1287,敏惠醫護管理專科學校,五專,54,3209.0,0.01683
113,大專校院,1287,敏惠醫護管理專科學校,博士班,0,,
113,大專校院,1287,敏惠醫護管理專科學校,學士班,0,,
113,大專校院,1287,敏惠醫護管理專科學校,碩士班,0,,
113,大專校院,1289,育英醫護管理專科學校,二專,0,,
113,大專校院,1289,育英醫護管理專科學校,五專,56,1704.0,0.03286
113,大專校院,1289,育英醫護管理專科學校,博士班,0,,
113,大專校院,1289,育英醫護管理專科學校,學士班,0,,
113,大專校院,1289,育英醫護管理專科學校,碩士班,0,,
113,大專校院,1291,聖母醫護管理專科學校,二專,6,121.0,0.04959
113,大專校院,1291,聖母醫護管理專科學校,五專,182,1295.0,0.14054
113,大專校院,1291,聖母醫護管理專科學校,博士班,0,,
113,大專校院,1291,聖母醫護管理專科學校,學士班,0,,
113,大專校院,1291,聖母醫護管理專科學校,碩士班,0,,
113,大專校院,1292,新生醫護管理專科學校,二專,17,83.0,0.20482
113,大專校院,1292,新生醫護管理專科學校,五專,643,5878.0,0.10939
113,大專校院,1292,新生醫護管理專科學校,博士班,0,,
113,大專校院,1292,新生醫護管理專科學校,學士班,0,,
113,大專校院,1292,新生醫護管理專科學校,碩士班,0,,
113,大專校院,1293,崇仁醫護管理專科學校,二專,0,,
113,大專校院,1293,崇仁醫護管理專科學校,五專,40,2957.0,0.01353
113,大專校院,1293,崇仁醫護管理專科學校,博士班,0,,
113,大專校院,1293,崇仁醫護管理專科學校,學士班,0,,
113,大專校院,1293,崇仁醫護管理專科學校,碩士班,0,,
113,宗教研修學院,1R02,基督教台灣浸會神學院,二專,0,,
113,宗教研修學院,1R02,基督教台灣浸會神學院,五專,0,,
113,宗教研修學院,1R02,基督教台灣浸會神學院,博士班,0,,
113,宗教研修學院,1R02,基督教台灣浸會神學院,學士班,0,,
113,宗教研修學院,1R02,基督教台灣浸會神學院,碩士班,3,,
113,宗教研修學院,1R03,臺北基督學院,二專,0,,
113,宗教研修學院,1R03,臺北基督學院,五專,0,,
113,宗教研修學院,1R03,臺北基督學院,博士班,0,,
113,宗教研修學院,1R03,臺北基督學院,學士班,1,,
113,宗教研修學院,1R03,臺北基督學院,碩士班,0,,
113,宗教研修學院,1R05,台灣神學研究學院,二專,0,,
113,宗教研修學院,1R05,台灣神學研究學院,五專,0,,
113,宗教研修學院,1R05,台灣神學研究學院,博士班,0,,
113,宗教研修學院,1R05,台灣神學研究學院,學士班,0,,
113,宗教研修學院,1R05,台灣神學研究學院,碩士班,20,,
113,宗教研修學院,1R07,台灣基督長老教會南神神學院,二專,0,,
113,宗教研修學院,1R07,台灣基督長老教會南神神學院,五專,0,,
113,宗教研修學院,1R07,台灣基督長老教會南神神學院,博士班,0,,
113,宗教研修學院,1R07,台灣基督長老教會南神神學院,學士班,0,,
113,宗教研修學院,1R07,台灣基督長老教會南神神學院,碩士班,5,,
113,宗教研修學院,1R08,中華福音神學研究學院,二專,0,,
113,宗教研修學院,1R08,中華福音神學研究學院,五專,0,,
113,宗教研修學院,1R08,中華福音神學研究學院,博士班,0,,
113,宗教研修學院,1R08,中華福音神學研究學院,學士班,0,,
113,宗教研修學院,1R08,中華福音神學研究學院,碩士班,3,,
113,大專校院,3002,臺北市立大學,二專,0,,
113,大專校院,3002,臺北市立大學,五專,0,,
113,大專校院,3002,臺北市立大學,博士班,1,204.0,0.0049
113,大專校院,3002,臺北市立大學,學士班,320,5251.0,0.06094
113,大專校院,3002,臺北市立大學,碩士班,61,2644.0,0.02307
113,空大及進修學校,3A01,高雄市立空中大學,二專,0,,
113,空大及進修學校,3A01,高雄市立空中大學,五專,0,,
113,空大及進修學校,3A01,高雄市立空中大學,博士班,0,,
113,空大及進修學校,3A01,高雄市立空中大學,學士班,112,,
113,空大及進修學校,3A01,高雄市立空中大學,碩士班,0,,
