學年度,代碼,名稱,等級別,原民在學數,原民畢業數,全體在學數,全體畢業數,一般生在學數,一般生畢業數,原民佔比,可比,原民結構占比,一般生結構占比,結構差距_百分點,相對倍數,分母完整度
106,01111,綜合教育細學類,二專,0,0,,,,,,True,0.0,,,,1.0
106,01112,成人教育細學類,二專,0,0,,,,,,True,0.0,,,,1.0
106,01113,特殊教育細學類,二專,0,0,,,,,,True,0.0,,,,1.0
106,01114,教育行政細學類,二專,0,0,,,,,,True,0.0,,,,1.0
106,01115,課程與教學細學類,二專,0,0,,,,,,True,0.0,,,,1.0
106,01116,教育科技細學類,二專,0,0,,,,,,True,0.0,,,,1.0
106,01118,技職教育細學類,二專,0,0,,,,,,True,0.0,,,,1.0
106,01121,幼兒師資教育細學類,二專,0,0,,,,,,True,0.0,,,,1.0
106,01131,普通科目師資教育細學類,二專,0,0,,,,,,True,0.0,,,,1.0
106,01141,專業科目師資教育細學類,二專,0,0,,,,,,True,0.0,,,,1.0
106,01199,其他教育細學類,二專,0,0,,,,,,True,0.0,,,,1.0
106,02111,視覺藝術細學類,二專,0,1,,,,,,True,0.0,,,,1.0
106,02112,視覺傳達設計細學類,二專,1,0,26.0,12.0,25.0,12.0,0.03846,True,0.0009,0.00488,-0.4,0.184,1.0
106,02121,應用藝術細學類,二專,0,0,,,,,,True,0.0,,,,1.0
106,02122,綜合設計細學類,二專,11,8,0.0,8.0,-11.0,0.0,inf,True,0.00993,-0.00215,1.21,-4.619,1.0
106,02123,產品設計細學類,二專,9,12,13.0,0.0,4.0,-12.0,0.69231,True,0.00812,0.00078,0.73,10.41,1.0
106,02124,空間設計細學類,二專,1,3,34.0,34.0,33.0,31.0,0.02941,True,0.0009,0.00644,-0.55,0.14,1.0
106,02125,時尚設計與管理細學類,二專,0,0,,,,,,True,0.0,,,,1.0
106,02131,純藝術細學類,二專,0,0,,,,,,True,0.0,,,,1.0
106,02132,雕塑細學類,二專,0,0,,,,,,True,0.0,,,,1.0
106,02141,美術工藝細學類,二專,0,0,,,,,,True,0.0,,,,1.0
106,02151,音樂細學類,二專,0,0,,,,,,True,0.0,,,,1.0
106,02152,表演藝術細學類,二專,0,0,,,,,,True,0.0,,,,1.0
106,02191,綜合藝術細學類,二專,0,0,,,,,,True,0.0,,,,1.0
106,02192,藝術行政細學類,二專,0,0,,,,,,True,0.0,,,,1.0
106,02199,其他藝術細學類,二專,0,0,,,,,,True,0.0,,,,1.0
106,02211,宗教細學類,二專,0,0,,,,,,True,0.0,,,,1.0
106,02221,歷史細學類,二專,0,0,,,,,,True,0.0,,,,1.0
106,02222,人類學及民族學細學類,二專,0,0,,,,,,True,0.0,,,,1.0
106,02231,哲學細學類,二專,0,0,,,,,,True,0.0,,,,1.0
106,02299,其他人文細學類,二專,14,2,,,,,,True,0.01264,,,,1.0
106,02311,外國語文細學類,二專,14,1,41.0,0.0,27.0,-1.0,0.34146,True,0.01264,0.00527,0.74,2.398,1.0
106,02312,翻譯細學類,二專,0,0,,,,,,True,0.0,,,,1.0
106,02313,華語文為第二語言細學類,二專,0,0,,,,,,True,0.0,,,,1.0
106,02321,臺灣語文細學類,二專,0,0,,,,,,True,0.0,,,,1.0
106,02322,中國語文細學類,二專,0,0,,,,,,True,0.0,,,,1.0
106,02323,華語文細學類,二專,0,0,,,,,,True,0.0,,,,1.0
106,02399,其他語文細學類,二專,0,0,,,,,,True,0.0,,,,1.0
106,03111,經濟學細學類,二專,0,0,,,,,,True,0.0,,,,1.0
106,03121,政治學細學類,二專,0,0,,,,,,True,0.0,,,,1.0
106,03122,國際關係細學類,二專,0,0,,,,,,True,0.0,,,,1.0
106,03131,心理學細學類,二專,0,0,,,,,,True,0.0,,,,1.0
106,03141,社會學細學類,二專,0,0,,,,,,True,0.0,,,,1.0
106,03142,地理學細學類,二專,0,0,,,,,,True,0.0,,,,1.0
106,03143,區域研究細學類,二專,0,0,,,,,,True,0.0,,,,1.0
106,03191,發展研究細學類,二專,0,0,,,,,,True,0.0,,,,1.0
106,03199,其他社會及行為科學細學類,二專,0,0,,,,,,True,0.0,,,,1.0
106,03211,大眾傳播細學類,二專,0,0,,,,,,True,0.0,,,,1.0
106,03212,新聞細學類,二專,0,0,,,,,,True,0.0,,,,1.0
106,03213,電子媒體細學類,二專,0,0,,,,,,True,0.0,,,,1.0
106,03214,傳播細學類,二專,0,0,,,,,,True,0.0,,,,1.0
106,03221,博物館細學類,二專,0,0,,,,,,True,0.0,,,,1.0
106,03222,圖書資訊檔案細學類,二專,0,0,,,,,,True,0.0,,,,1.0
106,03299,其他新聞學及圖書資訊細學類,二專,0,0,,,,,,True,0.0,,,,1.0
106,04111,會計及稅務細學類,二專,0,0,0.0,3.0,0.0,3.0,,True,0.0,0.0,0.0,,1.0
106,04121,財務金融細學類,二專,8,1,14.0,3.0,6.0,2.0,0.57143,True,0.00722,0.00117,0.6,6.171,1.0
106,04122,財政細學類,二專,0,0,,,,,,True,0.0,,,,1.0
106,04123,保險及風險管理細學類,二專,0,0,,,,,,True,0.0,,,,1.0
106,04131,企業管理細學類,二專,258,90,639.0,441.0,381.0,351.0,0.40376,True,0.23285,0.07434,15.85,3.132,1.0
106,04132,流通及供應鏈細學類,二專,17,5,61.0,62.0,44.0,57.0,0.27869,True,0.01534,0.00859,0.68,1.786,1.0
106,04133,醫療管理細學類,二專,10,7,,,,,,True,0.00903,,,,1.0
106,04134,公共行政細學類,二專,43,0,,,,,,True,0.03881,,,,1.0
106,04141,國際貿易細學類,二專,2,1,,,,,,True,0.00181,,,,1.0
106,04142,公共關係細學類,二專,0,0,,,,,,True,0.0,,,,1.0
106,04143,行銷及廣告細學類,二專,33,22,76.0,26.0,43.0,4.0,0.43421,True,0.02978,0.00839,2.14,3.549,1.0
106,04191,一般商業細學類,二專,4,5,,,,,,True,0.00361,,,,1.0
106,04199,其他商業及管理細學類,二專,11,5,131.0,73.0,120.0,68.0,0.08397,True,0.00993,0.02341,-1.35,0.424,1.0
106,04211,一般法律細學類,二專,0,0,,,,,,True,0.0,,,,1.0
106,04212,專業法律細學類,二專,0,0,,,,,,True,0.0,,,,1.0
106,05111,生物學細學類,二專,0,0,,,,,,True,0.0,,,,1.0
106,05121,生物科技細學類,二專,2,1,15.0,0.0,13.0,-1.0,0.13333,True,0.00181,0.00254,-0.07,0.713,1.0
106,05123,生物化學細學類,二專,0,0,,,,,,True,0.0,,,,1.0
106,05124,生物訊息及遺傳細學類,二專,0,0,,,,,,True,0.0,,,,1.0
106,05191,營養細學類,二專,0,0,,,,,,True,0.0,,,,1.0
106,05199,其他生命科學細學類,二專,0,0,,,,,,True,0.0,,,,1.0
106,05211,環境資源細學類,二專,0,0,,,,,,True,0.0,,,,1.0
106,05212,生態細學類,二專,0,0,,,,,,True,0.0,,,,1.0
106,05292,水土保持細學類,二專,0,0,,,,,,True,0.0,,,,1.0
106,05299,其他環境細學類,二專,0,0,,,,,,True,0.0,,,,1.0
106,05311,化學細學類,二專,0,0,,,,,,True,0.0,,,,1.0
106,05321,地球科學及環境細學類,二專,0,0,,,,,,True,0.0,,,,1.0
106,05322,大氣及太空科學細學類,二專,0,0,,,,,,True,0.0,,,,1.0
106,05323,海洋科學細學類,二專,0,0,,,,,,True,0.0,,,,1.0
106,05331,物理及應用物理細學類,二專,0,0,,,,,,True,0.0,,,,1.0
106,05399,其他物理、化學及地球科學細學類,二專,0,0,,,,,,True,0.0,,,,1.0
106,05411,數學細學類,二專,0,0,,,,,,True,0.0,,,,1.0
106,05421,統計細學類,二專,0,0,,,,,,True,0.0,,,,1.0
106,05499,其他數學及統計細學類,二專,0,0,,,,,,True,0.0,,,,1.0
106,06111,電腦運用細學類,二專,0,0,,,,,,True,0.0,,,,1.0
106,06121,資料庫、網路設計及管理細學類,二專,28,0,11.0,0.0,-17.0,0.0,2.54545,True,0.02527,-0.00332,2.86,-7.611,1.0
106,06131,資訊技術細學類,二專,35,11,445.0,283.0,410.0,272.0,0.07865,True,0.03159,0.08,-4.84,0.395,1.0
106,06132,軟體開發細學類,二專,0,0,,,,,,True,0.0,,,,1.0
106,06133,系統設計細學類,二專,0,0,,,,,,True,0.0,,,,1.0
106,06134,電算機應用細學類,二專,0,0,0.0,1.0,0.0,1.0,,True,0.0,0.0,0.0,,1.0
106,06199,其他資訊通訊科技細學類,二專,0,0,0.0,2.0,0.0,2.0,,True,0.0,0.0,0.0,,1.0
106,07111,化學工程細學類,二專,0,0,,,,,,True,0.0,,,,1.0
106,07112,材料工程細學類,二專,0,0,,,,,,True,0.0,,,,1.0
106,07121,環境工程細學類,二專,0,0,,,,,,True,0.0,,,,1.0
106,07122,河海工程細學類,二專,0,0,,,,,,True,0.0,,,,1.0
106,07132,能源工程細學類,二專,0,0,,,,,,True,0.0,,,,1.0
106,07141,電機與電子工程細學類,二專,11,8,222.0,143.0,211.0,135.0,0.04955,True,0.00993,0.04117,-3.12,0.241,1.0
106,07151,機械工程細學類,二專,34,3,47.0,46.0,13.0,43.0,0.7234,True,0.03069,0.00254,2.82,12.083,1.0
106,07161,車輛工程細學類,二專,11,2,128.0,38.0,117.0,36.0,0.08594,True,0.00993,0.02283,-1.29,0.435,1.0
106,07162,航空工程細學類,二專,0,0,,,,,,True,0.0,,,,1.0
106,07163,造船工程細學類,二專,7,2,95.0,57.0,88.0,55.0,0.07368,True,0.00632,0.01717,-1.09,0.368,1.0
106,07191,工業工程細學類,二專,20,24,87.0,78.0,67.0,54.0,0.22989,True,0.01805,0.01307,0.5,1.381,1.0
106,07192,紡織工程細學類,二專,0,0,,,,,,True,0.0,,,,1.0
106,07193,生醫工程細學類,二專,0,0,,,,,,True,0.0,,,,1.0
106,07194,綜合工程細學類,二專,0,0,,,,,,True,0.0,,,,1.0
106,07199,其他工程及工程業細學類,二專,0,0,,,,,,True,0.0,,,,1.0
106,07211,食品科學細學類,二專,6,4,27.0,13.0,21.0,9.0,0.22222,True,0.00542,0.0041,0.13,1.322,1.0
106,07311,建築細學類,二專,3,2,132.0,56.0,129.0,54.0,0.02273,True,0.00271,0.02517,-2.25,0.108,1.0
106,07312,景觀設計細學類,二專,0,0,,,,,,True,0.0,,,,1.0
106,07313,都巿規劃細學類,二專,0,0,,,,,,True,0.0,,,,1.0
106,07321,土木工程細學類,二專,15,1,41.0,16.0,26.0,15.0,0.36585,True,0.01354,0.00507,0.85,2.671,1.0
106,07322,空間資訊及測繪細學類,二專,0,0,,,,,,True,0.0,,,,1.0
106,08111,農作物生產細學類,二專,0,0,,,,,,True,0.0,,,,1.0
106,08112,畜牧生產細學類,二專,0,0,,,,,,True,0.0,,,,1.0
106,08121,園藝細學類,二專,19,6,137.0,65.0,118.0,59.0,0.13869,True,0.01715,0.02302,-0.59,0.745,1.0
106,08191,農業化學細學類,二專,0,0,,,,,,True,0.0,,,,1.0
106,08192,農業生物技術細學類,二專,0,0,,,,,,True,0.0,,,,1.0
106,08193,農業經濟及推廣細學類,二專,0,0,,,,,,True,0.0,,,,1.0
106,08194,植物保護細學類,二專,0,0,,,,,,True,0.0,,,,1.0
106,08199,其他農業細學類,二專,0,0,,,,,,True,0.0,,,,1.0
106,08211,林業細學類,二專,0,0,,,,,,True,0.0,,,,1.0
106,08311,漁業科學細學類,二專,0,0,,,,,,True,0.0,,,,1.0
106,08312,水產養殖細學類,二專,0,0,,,,,,True,0.0,,,,1.0
106,08411,獸醫細學類,二專,0,0,,,,,,True,0.0,,,,1.0
106,09111,牙醫細學類,二專,3,1,217.0,104.0,214.0,103.0,0.01382,True,0.00271,0.04176,-3.9,0.065,1.0
106,09121,醫學細學類,二專,0,0,,,,,,True,0.0,,,,1.0
106,09131,護理及助產細學類,二專,19,7,59.0,25.0,40.0,18.0,0.32203,True,0.01715,0.0078,0.94,2.199,1.0
106,09141,醫學技術及檢驗細學類,二專,5,2,555.0,253.0,550.0,251.0,0.00901,True,0.00451,0.10732,-10.28,0.042,1.0
106,09151,物理治療細學類,二專,7,0,246.0,26.0,239.0,26.0,0.02846,True,0.00632,0.04663,-4.03,0.136,1.0
106,09152,職能治療細學類,二專,0,0,,,,,,True,0.0,,,,1.0
106,09153,語言治療與聽力細學類,二專,0,0,,,,,,True,0.0,,,,1.0
106,09159,其他治療及復健細學類,二專,0,0,110.0,44.0,110.0,44.0,0.0,True,0.0,0.02146,-2.15,0.0,1.0
106,09161,藥學細學類,二專,0,0,,,,,,True,0.0,,,,1.0
106,09171,傳統醫學、輔助醫學及治療細學類,二專,4,0,134.0,43.0,130.0,43.0,0.02985,True,0.00361,0.02537,-2.18,0.142,1.0
106,09191,公共衛生細學類,二專,0,0,,,,,,True,0.0,,,,1.0
106,09199,其他醫藥衛生細學類,二專,0,0,,,,,,True,0.0,,,,1.0
106,09211,老年照顧服務細學類,二專,22,13,336.0,224.0,314.0,211.0,0.06548,True,0.01986,0.06127,-4.14,0.324,1.0
106,09212,失能者照顧細學類,二專,0,0,,,,,,True,0.0,,,,1.0
106,09221,兒童及青少年照顧服務細學類,二專,50,33,442.0,331.0,392.0,298.0,0.11312,True,0.04513,0.07649,-3.14,0.59,1.0
106,09231,社會工作細學類,二專,116,6,,,,,,True,0.10469,,,,1.0
106,09299,其他社會福利細學類,二專,2,0,103.0,68.0,101.0,68.0,0.01942,True,0.00181,0.01971,-1.79,0.092,1.0
106,10111,家政服務細學類,二專,0,0,,,,,,True,0.0,,,,1.0
106,10121,美髮美容服務細學類,二專,36,15,445.0,218.0,409.0,203.0,0.0809,True,0.03249,0.0798,-4.73,0.407,1.0
106,10131,旅館及餐飲細學類,二專,39,18,342.0,124.0,303.0,106.0,0.11404,True,0.0352,0.05912,-2.39,0.595,1.0
106,10141,競技運動細學類,二專,0,0,,,,,,True,0.0,,,,1.0
106,10142,運動科技細學類,二專,0,0,,,,,,True,0.0,,,,1.0
106,10151,旅遊觀光細學類,二專,113,37,308.0,151.0,195.0,114.0,0.36688,True,0.10199,0.03805,6.39,2.68,1.0
106,10152,遊憩、運動和休閒管理細學類,二專,56,23,223.0,61.0,167.0,38.0,0.25112,True,0.05054,0.03259,1.8,1.551,1.0
106,10199,其他餐旅及民生服務細學類,二專,5,1,14.0,83.0,9.0,82.0,0.35714,True,0.00451,0.00176,0.27,2.562,1.0
106,10221,職業衛生及安全細學類,二專,0,0,,,,,,True,0.0,,,,1.0
106,10321,警政細學類,二專,0,0,,,,,,True,0.0,,,,1.0
106,10411,運輸管理細學類,二專,0,0,,,,,,True,0.0,,,,1.0
106,10412,航運管理細學類,二專,0,0,,,,,,True,0.0,,,,1.0
106,10413,空運管理細學類,二專,0,0,,,,,,True,0.0,,,,1.0
106,10414,航海細學類,二專,4,2,88.0,36.0,84.0,34.0,0.04545,True,0.00361,0.01639,-1.28,0.22,1.0
106,10499,其他運輸服務細學類,二專,0,0,,,,,,True,0.0,,,,1.0
106,99999,其他細學類,二專,0,0,17.0,0.0,17.0,0.0,0.0,False,,,,,1.0
106,01111,綜合教育細學類,五專,0,0,,,,,,True,0.0,,,,1.0
106,01112,成人教育細學類,五專,0,0,,,,,,True,0.0,,,,1.0
106,01113,特殊教育細學類,五專,0,0,,,,,,True,0.0,,,,1.0
106,01114,教育行政細學類,五專,0,0,,,,,,True,0.0,,,,1.0
106,01115,課程與教學細學類,五專,0,0,,,,,,True,0.0,,,,1.0
106,01116,教育科技細學類,五專,0,0,,,,,,True,0.0,,,,1.0
106,01118,技職教育細學類,五專,0,0,,,,,,True,0.0,,,,1.0
106,01121,幼兒師資教育細學類,五專,0,0,,,,,,True,0.0,,,,1.0
106,01131,普通科目師資教育細學類,五專,0,0,,,,,,True,0.0,,,,1.0
106,01141,專業科目師資教育細學類,五專,0,0,,,,,,True,0.0,,,,1.0
106,01199,其他教育細學類,五專,0,0,,,,,,True,0.0,,,,1.0
106,02111,視覺藝術細學類,五專,4,2,517.0,78.0,513.0,76.0,0.00774,True,0.00094,0.00637,-0.54,0.148,1.0
106,02112,視覺傳達設計細學類,五專,25,6,827.0,220.0,802.0,214.0,0.03023,True,0.00586,0.00996,-0.41,0.588,1.0
106,02121,應用藝術細學類,五專,0,0,,,,,,True,0.0,,,,1.0
106,02122,綜合設計細學類,五專,6,0,263.0,32.0,257.0,32.0,0.02281,True,0.00141,0.00319,-0.18,0.442,1.0
106,02123,產品設計細學類,五專,25,8,645.0,103.0,620.0,95.0,0.03876,True,0.00586,0.0077,-0.18,0.761,1.0
106,02124,空間設計細學類,五專,15,0,335.0,0.0,320.0,0.0,0.04478,True,0.00352,0.00397,-0.04,0.887,1.0
106,02125,時尚設計與管理細學類,五專,0,0,9.0,0.0,9.0,0.0,0.0,True,0.0,0.00011,-0.01,0.0,1.0
106,02131,純藝術細學類,五專,7,0,560.0,0.0,553.0,0.0,0.0125,True,0.00164,0.00687,-0.52,0.239,1.0
106,02132,雕塑細學類,五專,0,0,,,,,,True,0.0,,,,1.0
106,02141,美術工藝細學類,五專,5,0,359.0,32.0,354.0,32.0,0.01393,True,0.00117,0.0044,-0.32,0.266,1.0
106,02151,音樂細學類,五專,11,0,567.0,0.0,556.0,0.0,0.0194,True,0.00258,0.00691,-0.43,0.373,1.0
106,02152,表演藝術細學類,五專,7,0,315.0,0.0,308.0,0.0,0.02222,True,0.00164,0.00383,-0.22,0.428,1.0
106,02191,綜合藝術細學類,五專,0,0,,,,,,True,0.0,,,,1.0
106,02192,藝術行政細學類,五專,0,0,,,,,,True,0.0,,,,1.0
106,02199,其他藝術細學類,五專,0,0,,,,,,True,0.0,,,,1.0
106,02211,宗教細學類,五專,0,0,,,,,,True,0.0,,,,1.0
106,02221,歷史細學類,五專,0,0,,,,,,True,0.0,,,,1.0
106,02222,人類學及民族學細學類,五專,0,0,,,,,,True,0.0,,,,1.0
106,02231,哲學細學類,五專,0,0,,,,,,True,0.0,,,,1.0
106,02299,其他人文細學類,五專,0,0,,,,,,True,0.0,,,,1.0
106,02311,外國語文細學類,五專,163,24,5867.0,1032.0,5704.0,1008.0,0.02778,True,0.03821,0.07085,-3.26,0.539,1.0
106,02312,翻譯細學類,五專,0,0,,,,,,True,0.0,,,,1.0
106,02313,華語文為第二語言細學類,五專,0,0,,,,,,True,0.0,,,,1.0
106,02321,臺灣語文細學類,五專,0,0,,,,,,True,0.0,,,,1.0
106,02322,中國語文細學類,五專,0,0,,,,,,True,0.0,,,,1.0
106,02323,華語文細學類,五專,0,0,,,,,,True,0.0,,,,1.0
106,02399,其他語文細學類,五專,0,0,,,,,,True,0.0,,,,1.0
106,03111,經濟學細學類,五專,0,0,,,,,,True,0.0,,,,1.0
106,03121,政治學細學類,五專,0,0,,,,,,True,0.0,,,,1.0
106,03122,國際關係細學類,五專,0,0,,,,,,True,0.0,,,,1.0
106,03131,心理學細學類,五專,0,0,,,,,,True,0.0,,,,1.0
106,03141,社會學細學類,五專,0,0,,,,,,True,0.0,,,,1.0
106,03142,地理學細學類,五專,0,0,,,,,,True,0.0,,,,1.0
106,03143,區域研究細學類,五專,0,0,,,,,,True,0.0,,,,1.0
106,03191,發展研究細學類,五專,0,0,,,,,,True,0.0,,,,1.0
106,03199,其他社會及行為科學細學類,五專,0,0,,,,,,True,0.0,,,,1.0
106,03211,大眾傳播細學類,五專,0,0,,,,,,True,0.0,,,,1.0
106,03212,新聞細學類,五專,0,0,,,,,,True,0.0,,,,1.0
106,03213,電子媒體細學類,五專,0,0,,,,,,True,0.0,,,,1.0
106,03214,傳播細學類,五專,0,0,,,,,,True,0.0,,,,1.0
106,03221,博物館細學類,五專,0,0,,,,,,True,0.0,,,,1.0
106,03222,圖書資訊檔案細學類,五專,0,0,,,,,,True,0.0,,,,1.0
106,03299,其他新聞學及圖書資訊細學類,五專,0,0,,,,,,True,0.0,,,,1.0
106,04111,會計及稅務細學類,五專,14,2,976.0,161.0,962.0,159.0,0.01434,True,0.00328,0.01195,-0.87,0.274,1.0
106,04121,財務金融細學類,五專,13,1,692.0,126.0,679.0,125.0,0.01879,True,0.00305,0.00843,-0.54,0.362,1.0
106,04122,財政細學類,五專,5,0,255.0,41.0,250.0,41.0,0.01961,True,0.00117,0.00311,-0.19,0.376,1.0
106,04123,保險及風險管理細學類,五專,10,0,451.0,72.0,441.0,72.0,0.02217,True,0.00234,0.00548,-0.31,0.427,1.0
106,04131,企業管理細學類,五專,23,3,1580.0,323.0,1557.0,320.0,0.01456,True,0.00539,0.01934,-1.4,0.279,1.0
106,04132,流通及供應鏈細學類,五專,10,0,287.0,56.0,277.0,56.0,0.03484,True,0.00234,0.00344,-0.11,0.68,1.0
106,04133,醫療管理細學類,五專,4,0,230.0,0.0,226.0,0.0,0.01739,True,0.00094,0.00281,-0.19,0.335,1.0
106,04134,公共行政細學類,五專,0,0,,,,,,True,0.0,,,,1.0
106,04141,國際貿易細學類,五專,21,2,998.0,203.0,977.0,201.0,0.02104,True,0.00492,0.01213,-0.72,0.406,1.0
106,04142,公共關係細學類,五專,0,0,,,,,,True,0.0,,,,1.0
106,04143,行銷及廣告細學類,五專,0,0,,,,,,True,0.0,,,,1.0
106,04191,一般商業細學類,五專,1,0,300.0,71.0,299.0,71.0,0.00333,True,0.00023,0.00371,-0.35,0.062,1.0
106,04199,其他商業及管理細學類,五專,1,0,117.0,22.0,116.0,22.0,0.00855,True,0.00023,0.00144,-0.12,0.16,1.0
106,04211,一般法律細學類,五專,0,0,,,,,,True,0.0,,,,1.0
106,04212,專業法律細學類,五專,0,0,,,,,,True,0.0,,,,1.0
106,05111,生物學細學類,五專,0,0,,,,,,True,0.0,,,,1.0
106,05121,生物科技細學類,五專,0,0,104.0,0.0,104.0,0.0,0.0,True,0.0,0.00129,-0.13,0.0,1.0
106,05123,生物化學細學類,五專,0,0,,,,,,True,0.0,,,,1.0
106,05124,生物訊息及遺傳細學類,五專,0,0,,,,,,True,0.0,,,,1.0
106,05191,營養細學類,五專,8,1,619.0,59.0,611.0,58.0,0.01292,True,0.00188,0.00759,-0.57,0.248,1.0
106,05199,其他生命科學細學類,五專,0,0,,,,,,True,0.0,,,,1.0
106,05211,環境資源細學類,五專,0,0,,,,,,True,0.0,,,,1.0
106,05212,生態細學類,五專,0,0,,,,,,True,0.0,,,,1.0
106,05292,水土保持細學類,五專,0,0,,,,,,True,0.0,,,,1.0
106,05299,其他環境細學類,五專,0,0,,,,,,True,0.0,,,,1.0
106,05311,化學細學類,五專,0,0,,,,,,True,0.0,,,,1.0
106,05321,地球科學及環境細學類,五專,0,0,,,,,,True,0.0,,,,1.0
106,05322,大氣及太空科學細學類,五專,0,0,,,,,,True,0.0,,,,1.0
106,05323,海洋科學細學類,五專,0,0,,,,,,True,0.0,,,,1.0
106,05331,物理及應用物理細學類,五專,0,0,,,,,,True,0.0,,,,1.0
106,05399,其他物理、化學及地球科學細學類,五專,0,0,,,,,,True,0.0,,,,1.0
106,05411,數學細學類,五專,0,0,,,,,,True,0.0,,,,1.0
106,05421,統計細學類,五專,0,0,,,,,,True,0.0,,,,1.0
106,05499,其他數學及統計細學類,五專,0,0,,,,,,True,0.0,,,,1.0
106,06111,電腦運用細學類,五專,0,0,,,,,,True,0.0,,,,1.0
106,06121,資料庫、網路設計及管理細學類,五專,0,0,,,,,,True,0.0,,,,1.0
106,06131,資訊技術細學類,五專,23,6,1832.0,381.0,1809.0,375.0,0.01255,True,0.00539,0.02247,-1.71,0.24,1.0
106,06132,軟體開發細學類,五專,4,0,507.0,65.0,503.0,65.0,0.00789,True,0.00094,0.00625,-0.53,0.15,1.0
106,06133,系統設計細學類,五專,0,0,,,,,,True,0.0,,,,1.0
106,06134,電算機應用細學類,五專,6,1,140.0,42.0,134.0,41.0,0.04286,True,0.00141,0.00166,-0.02,0.849,1.0
106,06199,其他資訊通訊科技細學類,五專,0,0,,,,,,True,0.0,,,,1.0
106,07111,化學工程細學類,五專,0,0,,,,,,True,0.0,,,,1.0
106,07112,材料工程細學類,五專,3,0,108.0,0.0,105.0,0.0,0.02778,True,0.0007,0.0013,-0.06,0.538,1.0
106,07121,環境工程細學類,五專,0,0,,,,,,True,0.0,,,,1.0
106,07122,河海工程細學類,五專,0,0,,,,,,True,0.0,,,,1.0
106,07132,能源工程細學類,五專,0,0,,,,,,True,0.0,,,,1.0
106,07141,電機與電子工程細學類,五專,63,3,2305.0,419.0,2242.0,416.0,0.02733,True,0.01477,0.02785,-1.31,0.53,1.0
106,07151,機械工程細學類,五專,15,0,921.0,144.0,906.0,144.0,0.01629,True,0.00352,0.01125,-0.77,0.313,1.0
106,07161,車輛工程細學類,五專,4,0,104.0,0.0,100.0,0.0,0.03846,True,0.00094,0.00124,-0.03,0.758,1.0
106,07162,航空工程細學類,五專,0,0,,,,,,True,0.0,,,,1.0
106,07163,造船工程細學類,五專,0,0,,,,,,True,0.0,,,,1.0
106,07191,工業工程細學類,五專,2,0,114.0,10.0,112.0,10.0,0.01754,True,0.00047,0.00139,-0.09,0.338,1.0
106,07192,紡織工程細學類,五專,0,0,,,,,,True,0.0,,,,1.0
106,07193,生醫工程細學類,五專,0,0,,,,,,True,0.0,,,,1.0
106,07194,綜合工程細學類,五專,0,0,,,,,,True,0.0,,,,1.0
106,07199,其他工程及工程業細學類,五專,0,0,,,,,,True,0.0,,,,1.0
106,07211,食品科學細學類,五專,38,2,154.0,22.0,116.0,20.0,0.24675,True,0.00891,0.00144,0.75,6.187,1.0
106,07311,建築細學類,五專,5,0,155.0,17.0,150.0,17.0,0.03226,True,0.00117,0.00186,-0.07,0.629,1.0
106,07312,景觀設計細學類,五專,0,0,,,,,,True,0.0,,,,1.0
106,07313,都巿規劃細學類,五專,0,0,,,,,,True,0.0,,,,1.0
106,07321,土木工程細學類,五專,5,2,265.0,50.0,260.0,48.0,0.01887,True,0.00117,0.00323,-0.21,0.362,1.0
106,07322,空間資訊及測繪細學類,五專,0,0,,,,,,True,0.0,,,,1.0
106,08111,農作物生產細學類,五專,0,0,,,,,,True,0.0,,,,1.0
106,08112,畜牧生產細學類,五專,0,0,,,,,,True,0.0,,,,1.0
106,08121,園藝細學類,五專,14,0,86.0,11.0,72.0,11.0,0.16279,True,0.00328,0.00089,0.24,3.685,1.0
106,08191,農業化學細學類,五專,0,0,,,,,,True,0.0,,,,1.0
106,08192,農業生物技術細學類,五專,0,0,,,,,,True,0.0,,,,1.0
106,08193,農業經濟及推廣細學類,五專,0,0,,,,,,True,0.0,,,,1.0
106,08194,植物保護細學類,五專,0,0,,,,,,True,0.0,,,,1.0
106,08199,其他農業細學類,五專,0,0,,,,,,True,0.0,,,,1.0
106,08211,林業細學類,五專,0,0,,,,,,True,0.0,,,,1.0
106,08311,漁業科學細學類,五專,0,0,,,,,,True,0.0,,,,1.0
106,08312,水產養殖細學類,五專,0,0,,,,,,True,0.0,,,,1.0
106,08411,獸醫細學類,五專,0,0,,,,,,True,0.0,,,,1.0
106,09111,牙醫細學類,五專,27,0,1477.0,207.0,1450.0,207.0,0.01828,True,0.00633,0.01801,-1.17,0.351,1.0
106,09121,醫學細學類,五專,0,0,,,,,,True,0.0,,,,1.0
106,09131,護理及助產細學類,五專,2413,405,32683.0,6273.0,30270.0,5868.0,0.07383,True,0.56564,0.37597,18.97,1.504,1.0
106,09141,醫學技術及檢驗細學類,五專,104,10,4344.0,493.0,4240.0,483.0,0.02394,True,0.02438,0.05266,-2.83,0.463,1.0
106,09151,物理治療細學類,五專,94,17,1926.0,288.0,1832.0,271.0,0.04881,True,0.02203,0.02275,-0.07,0.968,1.0
106,09152,職能治療細學類,五專,10,0,488.0,47.0,478.0,47.0,0.02049,True,0.00234,0.00594,-0.36,0.394,1.0
106,09153,語言治療與聽力細學類,五專,0,0,,,,,,True,0.0,,,,1.0
106,09159,其他治療及復健細學類,五專,38,4,1510.0,195.0,1472.0,191.0,0.02517,True,0.00891,0.01828,-0.94,0.487,1.0
106,09161,藥學細學類,五專,1,0,79.0,0.0,78.0,0.0,0.01266,True,0.00023,0.00097,-0.07,0.237,1.0
106,09171,傳統醫學、輔助醫學及治療細學類,五專,0,0,25.0,0.0,25.0,0.0,0.0,True,0.0,0.00031,-0.03,0.0,1.0
106,09191,公共衛生細學類,五專,1,2,288.0,35.0,287.0,33.0,0.00347,True,0.00023,0.00356,-0.33,0.065,1.0
106,09199,其他醫藥衛生細學類,五專,1,0,48.0,0.0,47.0,0.0,0.02083,True,0.00023,0.00058,-0.03,0.397,1.0
106,09211,老年照顧服務細學類,五專,24,0,835.0,56.0,811.0,56.0,0.02874,True,0.00563,0.01007,-0.44,0.559,1.0
106,09212,失能者照顧細學類,五專,0,0,,,,,,True,0.0,,,,1.0
106,09221,兒童及青少年照顧服務細學類,五專,366,46,3129.0,488.0,2763.0,442.0,0.11697,True,0.08579,0.03432,5.15,2.5,1.0
106,09231,社會工作細學類,五專,0,0,,,,,,True,0.0,,,,1.0
106,09299,其他社會福利細學類,五專,12,0,192.0,0.0,180.0,0.0,0.0625,True,0.00281,0.00224,0.06,1.254,1.0
106,10111,家政服務細學類,五專,0,1,18.0,21.0,18.0,20.0,0.0,True,0.0,0.00022,-0.02,0.0,1.0
106,10121,美髮美容服務細學類,五專,211,31,5135.0,949.0,4924.0,918.0,0.04109,True,0.04946,0.06116,-1.17,0.809,1.0
106,10131,旅館及餐飲細學類,五專,212,23,5731.0,832.0,5519.0,809.0,0.03699,True,0.0497,0.06855,-1.88,0.725,1.0
106,10141,競技運動細學類,五專,0,0,,,,,,True,0.0,,,,1.0
106,10142,運動科技細學類,五專,0,0,,,,,,True,0.0,,,,1.0
106,10151,旅遊觀光細學類,五專,96,3,1501.0,176.0,1405.0,173.0,0.06396,True,0.0225,0.01745,0.5,1.289,1.0
106,10152,遊憩、運動和休閒管理細學類,五專,71,6,1021.0,196.0,950.0,190.0,0.06954,True,0.01664,0.0118,0.48,1.41,1.0
106,10199,其他餐旅及民生服務細學類,五專,12,1,331.0,47.0,319.0,46.0,0.03625,True,0.00281,0.00396,-0.12,0.71,1.0
106,10221,職業衛生及安全細學類,五專,0,0,,,,,,True,0.0,,,,1.0
106,10321,警政細學類,五專,0,0,,,,,,True,0.0,,,,1.0
106,10411,運輸管理細學類,五專,0,0,,,,,,True,0.0,,,,1.0
106,10412,航運管理細學類,五專,3,0,197.0,23.0,194.0,23.0,0.01523,True,0.0007,0.00241,-0.17,0.29,1.0
106,10413,空運管理細學類,五專,0,0,,,,,,True,0.0,,,,1.0
106,10414,航海細學類,五專,10,0,255.0,34.0,245.0,34.0,0.03922,True,0.00234,0.00304,-0.07,0.77,1.0
106,10499,其他運輸服務細學類,五專,0,0,,,,,,True,0.0,,,,1.0
106,99999,其他細學類,五專,0,0,,,,,,False,,,,,1.0
106,01111,綜合教育細學類,博士班,22,1,1001.0,112.0,979.0,111.0,0.02198,True,0.15942,0.03504,12.44,4.55,1.0
106,01112,成人教育細學類,博士班,0,0,89.0,10.0,89.0,10.0,0.0,True,0.0,0.00319,-0.32,0.0,1.0
106,01113,特殊教育細學類,博士班,2,0,132.0,8.0,130.0,8.0,0.01515,True,0.01449,0.00465,0.98,3.116,1.0
106,01114,教育行政細學類,博士班,9,0,283.0,25.0,274.0,25.0,0.0318,True,0.06522,0.00981,5.54,6.648,1.0
106,01115,課程與教學細學類,博士班,2,0,104.0,5.0,102.0,5.0,0.01923,True,0.01449,0.00365,1.08,3.97,1.0
106,01116,教育科技細學類,博士班,0,0,41.0,5.0,41.0,5.0,0.0,True,0.0,0.00147,-0.15,0.0,1.0
106,01118,技職教育細學類,博士班,0,0,131.0,6.0,131.0,6.0,0.0,True,0.0,0.00469,-0.47,0.0,1.0
106,01121,幼兒師資教育細學類,博士班,0,0,,,,,,True,0.0,,,,1.0
106,01131,普通科目師資教育細學類,博士班,3,0,221.0,22.0,218.0,22.0,0.01357,True,0.02174,0.0078,1.39,2.787,1.0
106,01141,專業科目師資教育細學類,博士班,6,0,611.0,77.0,605.0,77.0,0.00982,True,0.04348,0.02165,2.18,2.008,1.0
106,01199,其他教育細學類,博士班,1,0,62.0,5.0,61.0,5.0,0.01613,True,0.00725,0.00218,0.51,3.326,1.0
106,02111,視覺藝術細學類,博士班,0,0,3.0,0.0,3.0,0.0,0.0,True,0.0,0.00011,-0.01,0.0,1.0
106,02112,視覺傳達設計細學類,博士班,0,0,42.0,2.0,42.0,2.0,0.0,True,0.0,0.0015,-0.15,0.0,1.0
106,02121,應用藝術細學類,博士班,0,0,14.0,0.0,14.0,0.0,0.0,True,0.0,0.0005,-0.05,0.0,1.0
106,02122,綜合設計細學類,博士班,2,0,442.0,34.0,440.0,34.0,0.00452,True,0.01449,0.01575,-0.13,0.92,1.0
106,02123,產品設計細學類,博士班,1,0,61.0,13.0,60.0,13.0,0.01639,True,0.00725,0.00215,0.51,3.372,1.0
106,02124,空間設計細學類,博士班,0,0,,,,,,True,0.0,,,,1.0
106,02125,時尚設計與管理細學類,博士班,0,0,,,,,,True,0.0,,,,1.0
106,02131,純藝術細學類,博士班,1,0,202.0,26.0,201.0,26.0,0.00495,True,0.00725,0.00719,0.01,1.008,1.0
106,02132,雕塑細學類,博士班,0,0,,,,,,True,0.0,,,,1.0
106,02141,美術工藝細學類,博士班,0,0,,,,,,True,0.0,,,,1.0
106,02151,音樂細學類,博士班,0,0,99.0,10.0,99.0,10.0,0.0,True,0.0,0.00354,-0.35,0.0,1.0
106,02152,表演藝術細學類,博士班,0,0,33.0,0.0,33.0,0.0,0.0,True,0.0,0.00118,-0.12,0.0,1.0
106,02191,綜合藝術細學類,博士班,1,0,19.0,0.0,18.0,0.0,0.05263,True,0.00725,0.00064,0.66,11.328,1.0
106,02192,藝術行政細學類,博士班,0,0,32.0,5.0,32.0,5.0,0.0,True,0.0,0.00115,-0.12,0.0,1.0
106,02199,其他藝術細學類,博士班,0,0,51.0,1.0,51.0,1.0,0.0,True,0.0,0.00183,-0.18,0.0,1.0
106,02211,宗教細學類,博士班,1,0,122.0,9.0,121.0,9.0,0.0082,True,0.00725,0.00433,0.29,1.674,1.0
106,02221,歷史細學類,博士班,1,0,317.0,36.0,316.0,36.0,0.00315,True,0.00725,0.01131,-0.41,0.641,1.0
106,02222,人類學及民族學細學類,博士班,10,0,66.0,14.0,56.0,14.0,0.15152,True,0.07246,0.002,7.05,36.23,1.0
106,02231,哲學細學類,博士班,0,0,191.0,28.0,191.0,28.0,0.0,True,0.0,0.00684,-0.68,0.0,1.0
106,02299,其他人文細學類,博士班,2,0,103.0,7.0,101.0,7.0,0.01942,True,0.01449,0.00361,1.09,4.014,1.0
106,02311,外國語文細學類,博士班,0,0,229.0,26.0,229.0,26.0,0.0,True,0.0,0.0082,-0.82,0.0,1.0
106,02312,翻譯細學類,博士班,0,0,24.0,7.0,24.0,7.0,0.0,True,0.0,0.00086,-0.09,0.0,1.0
106,02313,華語文為第二語言細學類,博士班,0,0,34.0,2.0,34.0,2.0,0.0,True,0.0,0.00122,-0.12,0.0,1.0
106,02321,臺灣語文細學類,博士班,10,1,127.0,11.0,117.0,10.0,0.07874,True,0.07246,0.00419,6.83,17.294,1.0
106,02322,中國語文細學類,博士班,5,0,989.0,132.0,984.0,132.0,0.00506,True,0.03623,0.03521,0.1,1.029,1.0
106,02323,華語文細學類,博士班,0,0,,,,,,True,0.0,,,,1.0
106,02399,其他語文細學類,博士班,3,0,78.0,21.0,75.0,21.0,0.03846,True,0.02174,0.00268,1.91,8.112,1.0
106,03111,經濟學細學類,博士班,0,0,145.0,20.0,145.0,20.0,0.0,True,0.0,0.00519,-0.52,0.0,1.0
106,03121,政治學細學類,博士班,3,0,313.0,23.0,310.0,23.0,0.00958,True,0.02174,0.01109,1.06,1.96,1.0
106,03122,國際關係細學類,博士班,0,0,82.0,12.0,82.0,12.0,0.0,True,0.0,0.00293,-0.29,0.0,1.0
106,03131,心理學細學類,博士班,1,0,288.0,31.0,287.0,31.0,0.00347,True,0.00725,0.01027,-0.3,0.706,1.0
106,03141,社會學細學類,博士班,1,0,89.0,8.0,88.0,8.0,0.01124,True,0.00725,0.00315,0.41,2.302,1.0
106,03142,地理學細學類,博士班,2,0,121.0,8.0,119.0,8.0,0.01653,True,0.01449,0.00426,1.02,3.401,1.0
106,03143,區域研究細學類,博士班,0,0,280.0,18.0,280.0,18.0,0.0,True,0.0,0.01002,-1.0,0.0,1.0
106,03191,發展研究細學類,博士班,0,0,98.0,8.0,98.0,8.0,0.0,True,0.0,0.00351,-0.35,0.0,1.0
106,03199,其他社會及行為科學細學類,博士班,0,0,71.0,4.0,71.0,4.0,0.0,True,0.0,0.00254,-0.25,0.0,1.0
106,03211,大眾傳播細學類,博士班,2,0,53.0,2.0,51.0,2.0,0.03774,True,0.01449,0.00183,1.27,7.918,1.0
106,03212,新聞細學類,博士班,1,0,7.0,2.0,6.0,2.0,0.14286,True,0.00725,0.00021,0.7,34.524,1.0
106,03213,電子媒體細學類,博士班,0,0,,,,,,True,0.0,,,,1.0
106,03214,傳播細學類,博士班,0,0,,,,,,True,0.0,,,,1.0
106,03221,博物館細學類,博士班,0,0,,,,,,True,0.0,,,,1.0
106,03222,圖書資訊檔案細學類,博士班,0,0,42.0,6.0,42.0,6.0,0.0,True,0.0,0.0015,-0.15,0.0,1.0
106,03299,其他新聞學及圖書資訊細學類,博士班,0,0,24.0,0.0,24.0,0.0,0.0,True,0.0,0.00086,-0.09,0.0,1.0
106,04111,會計及稅務細學類,博士班,1,0,89.0,10.0,88.0,10.0,0.01124,True,0.00725,0.00315,0.41,2.302,1.0
106,04121,財務金融細學類,博士班,1,0,436.0,46.0,435.0,46.0,0.00229,True,0.00725,0.01557,-0.83,0.466,1.0
106,04122,財政細學類,博士班,0,0,12.0,0.0,12.0,0.0,0.0,True,0.0,0.00043,-0.04,0.0,1.0
106,04123,保險及風險管理細學類,博士班,0,0,18.0,1.0,18.0,1.0,0.0,True,0.0,0.00064,-0.06,0.0,1.0
106,04131,企業管理細學類,博士班,7,0,1412.0,152.0,1405.0,152.0,0.00496,True,0.05072,0.05028,0.04,1.009,1.0
106,04132,流通及供應鏈細學類,博士班,0,0,,,,,,True,0.0,,,,1.0
106,04133,醫療管理細學類,博士班,0,0,,,,,,True,0.0,,,,1.0
106,04134,公共行政細學類,博士班,1,0,141.0,7.0,140.0,7.0,0.00709,True,0.00725,0.00501,0.22,1.447,1.0
106,04141,國際貿易細學類,博士班,0,0,41.0,1.0,41.0,1.0,0.0,True,0.0,0.00147,-0.15,0.0,1.0
106,04142,公共關係細學類,博士班,0,0,,,,,,True,0.0,,,,1.0
106,04143,行銷及廣告細學類,博士班,0,0,,,,,,True,0.0,,,,1.0
106,04191,一般商業細學類,博士班,0,0,267.0,30.0,267.0,30.0,0.0,True,0.0,0.00956,-0.96,0.0,1.0
106,04199,其他商業及管理細學類,博士班,1,0,576.0,57.0,575.0,57.0,0.00174,True,0.00725,0.02058,-1.33,0.352,1.0
106,04211,一般法律細學類,博士班,1,0,325.0,10.0,324.0,10.0,0.00308,True,0.00725,0.0116,-0.43,0.625,1.0
106,04212,專業法律細學類,博士班,0,0,69.0,3.0,69.0,3.0,0.0,True,0.0,0.00247,-0.25,0.0,1.0
106,05111,生物學細學類,博士班,1,0,308.0,56.0,307.0,56.0,0.00325,True,0.00725,0.01099,-0.37,0.66,1.0
106,05121,生物科技細學類,博士班,1,0,799.0,120.0,798.0,120.0,0.00125,True,0.00725,0.02856,-2.13,0.254,1.0
106,05123,生物化學細學類,博士班,0,0,220.0,46.0,220.0,46.0,0.0,True,0.0,0.00787,-0.79,0.0,1.0
106,05124,生物訊息及遺傳細學類,博士班,0,0,181.0,24.0,181.0,24.0,0.0,True,0.0,0.00648,-0.65,0.0,1.0
106,05191,營養細學類,博士班,3,0,91.0,17.0,88.0,17.0,0.03297,True,0.02174,0.00315,1.86,6.902,1.0
106,05199,其他生命科學細學類,博士班,0,0,42.0,5.0,42.0,5.0,0.0,True,0.0,0.0015,-0.15,0.0,1.0
106,05211,環境資源細學類,博士班,0,0,49.0,3.0,49.0,3.0,0.0,True,0.0,0.00175,-0.18,0.0,1.0
106,05212,生態細學類,博士班,0,0,22.0,7.0,22.0,7.0,0.0,True,0.0,0.00079,-0.08,0.0,1.0
106,05292,水土保持細學類,博士班,1,0,33.0,3.0,32.0,3.0,0.0303,True,0.00725,0.00115,0.61,6.304,1.0
106,05299,其他環境細學類,博士班,0,0,,,,,,True,0.0,,,,1.0
106,05311,化學細學類,博士班,0,1,677.0,146.0,677.0,145.0,0.0,True,0.0,0.02423,-2.42,0.0,1.0
106,05321,地球科學及環境細學類,博士班,0,0,180.0,26.0,180.0,26.0,0.0,True,0.0,0.00644,-0.64,0.0,1.0
106,05322,大氣及太空科學細學類,博士班,0,0,68.0,11.0,68.0,11.0,0.0,True,0.0,0.00243,-0.24,0.0,1.0
106,05323,海洋科學細學類,博士班,0,0,105.0,18.0,105.0,18.0,0.0,True,0.0,0.00376,-0.38,0.0,1.0
106,05331,物理及應用物理細學類,博士班,0,0,538.0,72.0,538.0,72.0,0.0,True,0.0,0.01925,-1.92,0.0,1.0
106,05399,其他物理、化學及地球科學細學類,博士班,1,0,119.0,12.0,118.0,12.0,0.0084,True,0.00725,0.00422,0.3,1.718,1.0
106,05411,數學細學類,博士班,0,0,174.0,18.0,174.0,18.0,0.0,True,0.0,0.00623,-0.62,0.0,1.0
106,05421,統計細學類,博士班,0,0,36.0,8.0,36.0,8.0,0.0,True,0.0,0.00129,-0.13,0.0,1.0
106,05499,其他數學及統計細學類,博士班,0,0,,,,,,True,0.0,,,,1.0
106,06111,電腦運用細學類,博士班,0,0,,,,,,True,0.0,,,,1.0
106,06121,資料庫、網路設計及管理細學類,博士班,0,0,8.0,0.0,8.0,0.0,0.0,True,0.0,0.00029,-0.03,0.0,1.0
106,06131,資訊技術細學類,博士班,2,0,1119.0,148.0,1117.0,148.0,0.00179,True,0.01449,0.03997,-2.55,0.363,1.0
106,06132,軟體開發細學類,博士班,0,0,21.0,0.0,21.0,0.0,0.0,True,0.0,0.00075,-0.08,0.0,1.0
106,06133,系統設計細學類,博士班,0,0,,,,,,True,0.0,,,,1.0
106,06134,電算機應用細學類,博士班,0,0,50.0,3.0,50.0,3.0,0.0,True,0.0,0.00179,-0.18,0.0,1.0
106,06199,其他資訊通訊科技細學類,博士班,0,0,,,,,,True,0.0,,,,1.0
106,07111,化學工程細學類,博士班,0,0,530.0,99.0,530.0,99.0,0.0,True,0.0,0.01897,-1.9,0.0,1.0
106,07112,材料工程細學類,博士班,1,0,735.0,129.0,734.0,129.0,0.00136,True,0.00725,0.02627,-1.9,0.276,1.0
106,07121,環境工程細學類,博士班,0,0,265.0,36.0,265.0,36.0,0.0,True,0.0,0.00948,-0.95,0.0,1.0
106,07122,河海工程細學類,博士班,0,0,106.0,11.0,106.0,11.0,0.0,True,0.0,0.00379,-0.38,0.0,1.0
106,07132,能源工程細學類,博士班,0,0,158.0,17.0,158.0,17.0,0.0,True,0.0,0.00565,-0.56,0.0,1.0
106,07141,電機與電子工程細學類,博士班,4,0,2679.0,374.0,2675.0,374.0,0.00149,True,0.02899,0.09573,-6.67,0.303,1.0
106,07151,機械工程細學類,博士班,0,0,1158.0,153.0,1158.0,153.0,0.0,True,0.0,0.04144,-4.14,0.0,1.0
106,07161,車輛工程細學類,博士班,0,0,,,,,,True,0.0,,,,1.0
106,07162,航空工程細學類,博士班,0,0,48.0,13.0,48.0,13.0,0.0,True,0.0,0.00172,-0.17,0.0,1.0
106,07163,造船工程細學類,博士班,0,0,53.0,7.0,53.0,7.0,0.0,True,0.0,0.0019,-0.19,0.0,1.0
106,07191,工業工程細學類,博士班,0,0,301.0,18.0,301.0,18.0,0.0,True,0.0,0.01077,-1.08,0.0,1.0
106,07192,紡織工程細學類,博士班,0,0,22.0,4.0,22.0,4.0,0.0,True,0.0,0.00079,-0.08,0.0,1.0
106,07193,生醫工程細學類,博士班,3,0,366.0,51.0,363.0,51.0,0.0082,True,0.02174,0.01299,0.87,1.674,1.0
106,07194,綜合工程細學類,博士班,1,0,559.0,64.0,558.0,64.0,0.00179,True,0.00725,0.01997,-1.27,0.363,1.0
106,07199,其他工程及工程業細學類,博士班,0,0,1.0,0.0,1.0,0.0,0.0,True,0.0,4e-05,-0.0,0.0,1.0
106,07211,食品科學細學類,博士班,1,0,137.0,23.0,136.0,23.0,0.0073,True,0.00725,0.00487,0.24,1.489,1.0
106,07311,建築細學類,博士班,0,0,180.0,12.0,180.0,12.0,0.0,True,0.0,0.00644,-0.64,0.0,1.0
106,07312,景觀設計細學類,博士班,0,0,,,,,,True,0.0,,,,1.0
106,07313,都巿規劃細學類,博士班,1,0,70.0,3.0,69.0,3.0,0.01429,True,0.00725,0.00247,0.48,2.935,1.0
106,07321,土木工程細學類,博士班,1,1,600.0,84.0,599.0,83.0,0.00167,True,0.00725,0.02144,-1.42,0.338,1.0
106,07322,空間資訊及測繪細學類,博士班,0,0,28.0,3.0,28.0,3.0,0.0,True,0.0,0.001,-0.1,0.0,1.0
106,08111,農作物生產細學類,博士班,1,0,93.0,6.0,92.0,6.0,0.01075,True,0.00725,0.00329,0.4,2.204,1.0
106,08112,畜牧生產細學類,博士班,1,0,61.0,10.0,60.0,10.0,0.01639,True,0.00725,0.00215,0.51,3.372,1.0
106,08121,園藝細學類,博士班,0,0,63.0,8.0,63.0,8.0,0.0,True,0.0,0.00225,-0.22,0.0,1.0
106,08191,農業化學細學類,博士班,0,0,31.0,4.0,31.0,4.0,0.0,True,0.0,0.00111,-0.11,0.0,1.0
106,08192,農業生物技術細學類,博士班,0,0,1.0,0.0,1.0,0.0,0.0,True,0.0,4e-05,-0.0,0.0,1.0
106,08193,農業經濟及推廣細學類,博士班,0,0,25.0,1.0,25.0,1.0,0.0,True,0.0,0.00089,-0.09,0.0,1.0
106,08194,植物保護細學類,博士班,1,0,31.0,2.0,30.0,2.0,0.03226,True,0.00725,0.00107,0.62,6.776,1.0
106,08199,其他農業細學類,博士班,0,0,76.0,11.0,76.0,11.0,0.0,True,0.0,0.00272,-0.27,0.0,1.0
106,08211,林業細學類,博士班,1,0,49.0,10.0,48.0,10.0,0.02041,True,0.00725,0.00172,0.55,4.215,1.0
106,08311,漁業科學細學類,博士班,0,0,35.0,3.0,35.0,3.0,0.0,True,0.0,0.00125,-0.12,0.0,1.0
106,08312,水產養殖細學類,博士班,0,0,39.0,0.0,39.0,0.0,0.0,True,0.0,0.0014,-0.14,0.0,1.0
106,08411,獸醫細學類,博士班,0,0,107.0,13.0,107.0,13.0,0.0,True,0.0,0.00383,-0.38,0.0,1.0
106,09111,牙醫細學類,博士班,0,0,130.0,25.0,130.0,25.0,0.0,True,0.0,0.00465,-0.46,0.0,1.0
106,09121,醫學細學類,博士班,2,0,1688.0,213.0,1686.0,213.0,0.00118,True,0.01449,0.06034,-4.58,0.24,1.0
106,09131,護理及助產細學類,博士班,1,0,373.0,37.0,372.0,37.0,0.00268,True,0.00725,0.01331,-0.61,0.545,1.0
106,09141,醫學技術及檢驗細學類,博士班,0,0,159.0,27.0,159.0,27.0,0.0,True,0.0,0.00569,-0.57,0.0,1.0
106,09151,物理治療細學類,博士班,2,0,50.0,9.0,48.0,9.0,0.04,True,0.01449,0.00172,1.28,8.424,1.0
106,09152,職能治療細學類,博士班,0,0,18.0,2.0,18.0,2.0,0.0,True,0.0,0.00064,-0.06,0.0,1.0
106,09153,語言治療與聽力細學類,博士班,0,0,,,,,,True,0.0,,,,1.0
106,09159,其他治療及復健細學類,博士班,0,0,,,,,,True,0.0,,,,1.0
106,09161,藥學細學類,博士班,1,0,302.0,36.0,301.0,36.0,0.00331,True,0.00725,0.01077,-0.35,0.673,1.0
106,09171,傳統醫學、輔助醫學及治療細學類,博士班,0,0,49.0,6.0,49.0,6.0,0.0,True,0.0,0.00175,-0.18,0.0,1.0
106,09191,公共衛生細學類,博士班,0,0,462.0,55.0,462.0,55.0,0.0,True,0.0,0.01653,-1.65,0.0,1.0
106,09199,其他醫藥衛生細學類,博士班,0,0,41.0,3.0,41.0,3.0,0.0,True,0.0,0.00147,-0.15,0.0,1.0
106,09211,老年照顧服務細學類,博士班,0,0,26.0,1.0,26.0,1.0,0.0,True,0.0,0.00093,-0.09,0.0,1.0
106,09212,失能者照顧細學類,博士班,0,0,,,,,,True,0.0,,,,1.0
106,09221,兒童及青少年照顧服務細學類,博士班,0,0,,,,,,True,0.0,,,,1.0
106,09231,社會工作細學類,博士班,1,0,122.0,13.0,121.0,13.0,0.0082,True,0.00725,0.00433,0.29,1.674,1.0
106,09299,其他社會福利細學類,博士班,0,0,,,,,,True,0.0,,,,1.0
106,10111,家政服務細學類,博士班,0,0,,,,,,True,0.0,,,,1.0
106,10121,美髮美容服務細學類,博士班,0,0,,,,,,True,0.0,,,,1.0
106,10131,旅館及餐飲細學類,博士班,0,0,,,,,,True,0.0,,,,1.0
106,10141,競技運動細學類,博士班,0,0,82.0,13.0,82.0,13.0,0.0,True,0.0,0.00293,-0.29,0.0,1.0
106,10142,運動科技細學類,博士班,0,0,25.0,3.0,25.0,3.0,0.0,True,0.0,0.00089,-0.09,0.0,1.0
106,10151,旅遊觀光細學類,博士班,1,0,41.0,4.0,40.0,4.0,0.02439,True,0.00725,0.00143,0.58,5.07,1.0
106,10152,遊憩、運動和休閒管理細學類,博士班,1,0,31.0,0.0,30.0,0.0,0.03226,True,0.00725,0.00107,0.62,6.776,1.0
106,10199,其他餐旅及民生服務細學類,博士班,0,0,14.0,0.0,14.0,0.0,0.0,True,0.0,0.0005,-0.05,0.0,1.0
106,10221,職業衛生及安全細學類,博士班,0,0,,,,,,True,0.0,,,,1.0
106,10321,警政細學類,博士班,0,0,,,,,,True,0.0,,,,1.0
106,10411,運輸管理細學類,博士班,0,0,32.0,5.0,32.0,5.0,0.0,True,0.0,0.00115,-0.12,0.0,1.0
106,10412,航運管理細學類,博士班,0,0,37.0,8.0,37.0,8.0,0.0,True,0.0,0.00132,-0.13,0.0,1.0
106,10413,空運管理細學類,博士班,0,0,,,,,,True,0.0,,,,1.0
106,10414,航海細學類,博士班,0,0,,,,,,True,0.0,,,,1.0
106,10499,其他運輸服務細學類,博士班,0,0,,,,,,True,0.0,,,,1.0
106,99999,其他細學類,博士班,0,0,58.0,0.0,58.0,0.0,0.0,False,,,,,1.0
106,01111,綜合教育細學類,學士班,103,20,3339.0,806.0,3236.0,786.0,0.03085,True,0.00529,0.00335,0.19,1.579,1.0
106,01112,成人教育細學類,學士班,3,1,133.0,30.0,130.0,29.0,0.02256,True,0.00015,0.00013,0.0,1.154,1.0
106,01113,特殊教育細學類,學士班,65,11,2504.0,591.0,2439.0,580.0,0.02596,True,0.00334,0.00253,0.08,1.32,1.0
106,01114,教育行政細學類,學士班,9,0,656.0,133.0,647.0,133.0,0.01372,True,0.00046,0.00067,-0.02,0.687,1.0
106,01115,課程與教學細學類,學士班,3,1,166.0,35.0,163.0,34.0,0.01807,True,0.00015,0.00017,-0.0,0.882,1.0
106,01116,教育科技細學類,學士班,12,1,829.0,180.0,817.0,179.0,0.01448,True,0.00062,0.00085,-0.02,0.729,1.0
106,01118,技職教育細學類,學士班,0,0,,,,,,True,0.0,,,,1.0
106,01121,幼兒師資教育細學類,學士班,146,29,4181.0,947.0,4035.0,918.0,0.03492,True,0.00749,0.00418,0.33,1.792,1.0
106,01131,普通科目師資教育細學類,學士班,51,7,3122.0,683.0,3071.0,676.0,0.01634,True,0.00262,0.00318,-0.06,0.824,1.0
106,01141,專業科目師資教育細學類,學士班,329,58,4877.0,1031.0,4548.0,973.0,0.06746,True,0.01688,0.00471,1.22,3.584,1.0
106,01199,其他教育細學類,學士班,3,2,325.0,54.0,322.0,52.0,0.00923,True,0.00015,0.00033,-0.02,0.455,1.0
106,02111,視覺藝術細學類,學士班,98,11,5040.0,1040.0,4942.0,1029.0,0.01944,True,0.00503,0.00512,-0.01,0.982,1.0
106,02112,視覺傳達設計細學類,學士班,431,81,24983.0,5344.0,24552.0,5263.0,0.01725,True,0.02212,0.02544,-0.33,0.869,1.0
106,02121,應用藝術細學類,學士班,13,5,849.0,212.0,836.0,207.0,0.01531,True,0.00067,0.00087,-0.02,0.77,1.0
106,02122,綜合設計細學類,學士班,414,64,13792.0,2999.0,13378.0,2935.0,0.03002,True,0.02125,0.01386,0.74,1.533,1.0
106,02123,產品設計細學類,學士班,163,28,13804.0,3069.0,13641.0,3041.0,0.01181,True,0.00837,0.01414,-0.58,0.592,1.0
106,02124,空間設計細學類,學士班,112,19,6708.0,1280.0,6596.0,1261.0,0.0167,True,0.00575,0.00684,-0.11,0.841,1.0
106,02125,時尚設計與管理細學類,學士班,58,8,3606.0,755.0,3548.0,747.0,0.01608,True,0.00298,0.00368,-0.07,0.81,1.0
106,02131,純藝術細學類,學士班,47,15,4823.0,1087.0,4776.0,1072.0,0.00974,True,0.00241,0.00495,-0.25,0.487,1.0
106,02132,雕塑細學類,學士班,3,0,165.0,35.0,162.0,35.0,0.01818,True,0.00015,0.00017,-0.0,0.882,1.0
106,02141,美術工藝細學類,學士班,37,4,976.0,202.0,939.0,198.0,0.03791,True,0.0019,0.00097,0.09,1.959,1.0
106,02151,音樂細學類,學士班,179,22,5776.0,1137.0,5597.0,1115.0,0.03099,True,0.00919,0.0058,0.34,1.584,1.0
106,02152,表演藝術細學類,學士班,219,30,4661.0,784.0,4442.0,754.0,0.04699,True,0.01124,0.0046,0.66,2.443,1.0
106,02191,綜合藝術細學類,學士班,123,9,2166.0,277.0,2043.0,268.0,0.05679,True,0.00631,0.00212,0.42,2.976,1.0
106,02192,藝術行政細學類,學士班,12,3,472.0,114.0,460.0,111.0,0.02542,True,0.00062,0.00048,0.01,1.292,1.0
106,02199,其他藝術細學類,學士班,78,2,910.0,69.0,832.0,67.0,0.08571,True,0.004,0.00086,0.31,4.651,1.0
106,02211,宗教細學類,學士班,57,16,913.0,174.0,856.0,158.0,0.06243,True,0.00293,0.00089,0.2,3.292,1.0
106,02221,歷史細學類,學士班,85,12,4609.0,1011.0,4524.0,999.0,0.01844,True,0.00436,0.00469,-0.03,0.93,1.0
106,02222,人類學及民族學細學類,學士班,93,26,488.0,96.0,395.0,70.0,0.19057,True,0.00477,0.00041,0.44,11.634,1.0
106,02231,哲學細學類,學士班,30,6,2136.0,393.0,2106.0,387.0,0.01404,True,0.00154,0.00218,-0.06,0.706,1.0
106,02299,其他人文細學類,學士班,221,48,3071.0,670.0,2850.0,622.0,0.07196,True,0.01134,0.00295,0.84,3.844,1.0
106,02311,外國語文細學類,學士班,886,180,59709.0,13613.0,58823.0,13433.0,0.01484,True,0.04547,0.06096,-1.55,0.746,1.0
106,02312,翻譯細學類,學士班,6,2,733.0,200.0,727.0,198.0,0.00819,True,0.00031,0.00075,-0.04,0.413,1.0
106,02313,華語文為第二語言細學類,學士班,6,0,439.0,40.0,433.0,40.0,0.01367,True,0.00031,0.00045,-0.01,0.689,1.0
106,02321,臺灣語文細學類,學士班,114,26,1172.0,281.0,1058.0,255.0,0.09727,True,0.00585,0.0011,0.48,5.318,1.0
106,02322,中國語文細學類,學士班,142,33,11349.0,2497.0,11207.0,2464.0,0.01251,True,0.00729,0.01161,-0.43,0.628,1.0
106,02323,華語文細學類,學士班,37,4,2144.0,469.0,2107.0,465.0,0.01726,True,0.0019,0.00218,-0.03,0.872,1.0
106,02399,其他語文細學類,學士班,7,2,367.0,80.0,360.0,78.0,0.01907,True,0.00036,0.00037,-0.0,0.973,1.0
106,03111,經濟學細學類,學士班,52,12,9799.0,2307.0,9747.0,2295.0,0.00531,True,0.00267,0.0101,-0.74,0.264,1.0
106,03121,政治學細學類,學士班,56,8,3028.0,635.0,2972.0,627.0,0.01849,True,0.00287,0.00308,-0.02,0.932,1.0
106,03122,國際關係細學類,學士班,13,0,919.0,157.0,906.0,157.0,0.01415,True,0.00067,0.00094,-0.03,0.713,1.0
106,03131,心理學細學類,學士班,169,32,7213.0,1587.0,7044.0,1555.0,0.02343,True,0.00867,0.0073,0.14,1.188,1.0
106,03141,社會學細學類,學士班,243,17,3724.0,914.0,3481.0,897.0,0.06525,True,0.01247,0.00361,0.89,3.454,1.0
106,03142,地理學細學類,學士班,29,7,1056.0,229.0,1027.0,222.0,0.02746,True,0.00149,0.00106,0.04,1.406,1.0
106,03143,區域研究細學類,學士班,19,3,1011.0,182.0,992.0,179.0,0.01879,True,0.00098,0.00103,-0.01,0.951,1.0
106,03191,發展研究細學類,學士班,0,0,,,,,,True,0.0,,,,1.0
106,03199,其他社會及行為科學細學類,學士班,87,40,1387.0,332.0,1300.0,292.0,0.06273,True,0.00446,0.00135,0.31,3.304,1.0
106,03211,大眾傳播細學類,學士班,228,41,8207.0,1800.0,7979.0,1759.0,0.02778,True,0.0117,0.00827,0.34,1.415,1.0
106,03212,新聞細學類,學士班,34,10,2304.0,604.0,2270.0,594.0,0.01476,True,0.00174,0.00235,-0.06,0.74,1.0
106,03213,電子媒體細學類,學士班,61,9,1782.0,447.0,1721.0,438.0,0.03423,True,0.00313,0.00178,0.14,1.758,1.0
106,03214,傳播細學類,學士班,53,10,2780.0,597.0,2727.0,587.0,0.01906,True,0.00272,0.00283,-0.01,0.961,1.0
106,03221,博物館細學類,學士班,0,0,,,,,,True,0.0,,,,1.0
106,03222,圖書資訊檔案細學類,學士班,10,1,1128.0,257.0,1118.0,256.0,0.00887,True,0.00051,0.00116,-0.06,0.44,1.0
106,03299,其他新聞學及圖書資訊細學類,學士班,27,15,818.0,86.0,791.0,71.0,0.03301,True,0.00139,0.00082,0.06,1.695,1.0
106,04111,會計及稅務細學類,學士班,148,30,16912.0,4215.0,16764.0,4185.0,0.00875,True,0.0076,0.01737,-0.98,0.438,1.0
106,04121,財務金融細學類,學士班,277,51,29561.0,7357.0,29284.0,7306.0,0.00937,True,0.01422,0.03035,-1.61,0.469,1.0
106,04122,財政細學類,學士班,44,4,3801.0,989.0,3757.0,985.0,0.01158,True,0.00226,0.00389,-0.16,0.581,1.0
106,04123,保險及風險管理細學類,學士班,33,3,4046.0,1099.0,4013.0,1096.0,0.00816,True,0.00169,0.00416,-0.25,0.406,1.0
106,04131,企業管理細學類,學士班,993,214,58643.0,14581.0,57650.0,14367.0,0.01693,True,0.05096,0.05974,-0.88,0.853,1.0
106,04132,流通及供應鏈細學類,學士班,493,86,17215.0,4186.0,16722.0,4100.0,0.02864,True,0.0253,0.01733,0.8,1.46,1.0
106,04133,醫療管理細學類,學士班,173,48,6087.0,1497.0,5914.0,1449.0,0.02842,True,0.00888,0.00613,0.28,1.449,1.0
106,04134,公共行政細學類,學士班,202,42,6618.0,1506.0,6416.0,1464.0,0.03052,True,0.01037,0.00665,0.37,1.559,1.0
106,04141,國際貿易細學類,學士班,126,32,13142.0,3209.0,13016.0,3177.0,0.00959,True,0.00647,0.01349,-0.7,0.48,1.0
106,04142,公共關係細學類,學士班,27,4,1518.0,324.0,1491.0,320.0,0.01779,True,0.00139,0.00155,-0.02,0.897,1.0
106,04143,行銷及廣告細學類,學士班,248,74,5818.0,1452.0,5570.0,1378.0,0.04263,True,0.01273,0.00577,0.7,2.206,1.0
106,04191,一般商業細學類,學士班,77,52,1670.0,426.0,1593.0,374.0,0.04611,True,0.00395,0.00165,0.23,2.394,1.0
106,04199,其他商業及管理細學類,學士班,206,53,14190.0,3466.0,13984.0,3413.0,0.01452,True,0.01057,0.01449,-0.39,0.729,1.0
106,04211,一般法律細學類,學士班,231,40,10365.0,2373.0,10134.0,2333.0,0.02229,True,0.01186,0.0105,0.14,1.13,1.0
106,04212,專業法律細學類,學士班,34,7,3183.0,742.0,3149.0,735.0,0.01068,True,0.00174,0.00326,-0.15,0.534,1.0
106,05111,生物學細學類,學士班,31,6,3925.0,912.0,3894.0,906.0,0.0079,True,0.00159,0.00404,-0.24,0.394,1.0
106,05121,生物科技細學類,學士班,62,14,8273.0,2100.0,8211.0,2086.0,0.00749,True,0.00318,0.00851,-0.53,0.374,1.0
106,05123,生物化學細學類,學士班,2,0,172.0,32.0,170.0,32.0,0.01163,True,0.0001,0.00018,-0.01,0.556,1.0
106,05124,生物訊息及遺傳細學類,學士班,2,0,128.0,42.0,126.0,42.0,0.01562,True,0.0001,0.00013,-0.0,0.769,1.0
106,05191,營養細學類,學士班,86,15,7225.0,1805.0,7139.0,1790.0,0.0119,True,0.00441,0.0074,-0.3,0.596,1.0
106,05199,其他生命科學細學類,學士班,1,0,341.0,73.0,340.0,73.0,0.00293,True,5e-05,0.00035,-0.03,0.143,1.0
106,05211,環境資源細學類,學士班,13,5,1343.0,318.0,1330.0,313.0,0.00968,True,0.00067,0.00138,-0.07,0.486,1.0
106,05212,生態細學類,學士班,0,0,139.0,37.0,139.0,37.0,0.0,True,0.0,0.00014,-0.01,0.0,1.0
106,05292,水土保持細學類,學士班,8,1,679.0,156.0,671.0,155.0,0.01178,True,0.00041,0.0007,-0.03,0.586,1.0
106,05299,其他環境細學類,學士班,8,1,183.0,65.0,175.0,64.0,0.04372,True,0.00041,0.00018,0.02,2.278,1.0
106,05311,化學細學類,學士班,27,5,6614.0,1475.0,6587.0,1470.0,0.00408,True,0.00139,0.00683,-0.54,0.204,1.0
106,05321,地球科學及環境細學類,學士班,3,0,1043.0,255.0,1040.0,255.0,0.00288,True,0.00015,0.00108,-0.09,0.139,1.0
106,05322,大氣及太空科學細學類,學士班,3,0,680.0,135.0,677.0,135.0,0.00441,True,0.00015,0.0007,-0.06,0.214,1.0
106,05323,海洋科學細學類,學士班,5,0,506.0,115.0,501.0,115.0,0.00988,True,0.00026,0.00052,-0.03,0.5,1.0
106,05331,物理及應用物理細學類,學士班,18,1,5129.0,1113.0,5111.0,1112.0,0.00351,True,0.00092,0.0053,-0.44,0.174,1.0
106,05399,其他物理、化學及地球科學細學類,學士班,7,3,931.0,204.0,924.0,201.0,0.00752,True,0.00036,0.00096,-0.06,0.375,1.0
106,05411,數學細學類,學士班,38,5,7102.0,1511.0,7064.0,1506.0,0.00535,True,0.00195,0.00732,-0.54,0.266,1.0
106,05421,統計細學類,學士班,8,2,3599.0,814.0,3591.0,812.0,0.00222,True,0.00041,0.00372,-0.33,0.11,1.0
106,05499,其他數學及統計細學類,學士班,1,0,734.0,164.0,733.0,164.0,0.00136,True,5e-05,0.00076,-0.07,0.066,1.0
106,06111,電腦運用細學類,學士班,0,1,156.0,60.0,156.0,59.0,0.0,True,0.0,0.00016,-0.02,0.0,1.0
106,06121,資料庫、網路設計及管理細學類,學士班,11,5,922.0,252.0,911.0,247.0,0.01193,True,0.00056,0.00094,-0.04,0.596,1.0
106,06131,資訊技術細學類,學士班,561,100,53467.0,12893.0,52906.0,12793.0,0.01049,True,0.02879,0.05483,-2.6,0.525,1.0
106,06132,軟體開發細學類,學士班,40,11,3859.0,883.0,3819.0,872.0,0.01037,True,0.00205,0.00396,-0.19,0.518,1.0
106,06133,系統設計細學類,學士班,23,2,1980.0,441.0,1957.0,439.0,0.01162,True,0.00118,0.00203,-0.08,0.581,1.0
106,06134,電算機應用細學類,學士班,58,14,4891.0,1320.0,4833.0,1306.0,0.01186,True,0.00298,0.00501,-0.2,0.595,1.0
106,06199,其他資訊通訊科技細學類,學士班,8,2,682.0,176.0,674.0,174.0,0.01173,True,0.00041,0.0007,-0.03,0.586,1.0
106,07111,化學工程細學類,學士班,39,7,11213.0,2573.0,11174.0,2566.0,0.00348,True,0.002,0.01158,-0.96,0.173,1.0
106,07112,材料工程細學類,學士班,32,5,6054.0,1544.0,6022.0,1539.0,0.00529,True,0.00164,0.00624,-0.46,0.263,1.0
106,07121,環境工程細學類,學士班,75,13,7768.0,1799.0,7693.0,1786.0,0.00965,True,0.00385,0.00797,-0.41,0.483,1.0
106,07122,河海工程細學類,學士班,17,1,1568.0,360.0,1551.0,359.0,0.01084,True,0.00087,0.00161,-0.07,0.54,1.0
106,07132,能源工程細學類,學士班,19,8,2744.0,634.0,2725.0,626.0,0.00692,True,0.00098,0.00282,-0.18,0.348,1.0
106,07141,電機與電子工程細學類,學士班,521,121,70242.0,16809.0,69721.0,16688.0,0.00742,True,0.02674,0.07225,-4.55,0.37,1.0
106,07151,機械工程細學類,學士班,429,82,41398.0,9169.0,40969.0,9087.0,0.01036,True,0.02202,0.04246,-2.04,0.519,1.0
106,07161,車輛工程細學類,學士班,20,7,1451.0,316.0,1431.0,309.0,0.01378,True,0.00103,0.00148,-0.04,0.696,1.0
106,07162,航空工程細學類,學士班,62,13,2481.0,498.0,2419.0,485.0,0.02499,True,0.00318,0.00251,0.07,1.267,1.0
106,07163,造船工程細學類,學士班,33,4,1914.0,455.0,1881.0,451.0,0.01724,True,0.00169,0.00195,-0.03,0.867,1.0
106,07191,工業工程細學類,學士班,140,33,10250.0,2534.0,10110.0,2501.0,0.01366,True,0.00719,0.01048,-0.33,0.686,1.0
106,07192,紡織工程細學類,學士班,5,2,1134.0,258.0,1129.0,256.0,0.00441,True,0.00026,0.00117,-0.09,0.222,1.0
106,07193,生醫工程細學類,學士班,18,4,2619.0,622.0,2601.0,618.0,0.00687,True,0.00092,0.0027,-0.18,0.341,1.0
106,07194,綜合工程細學類,學士班,0,0,558.0,108.0,558.0,108.0,0.0,True,0.0,0.00058,-0.06,0.0,1.0
106,07199,其他工程及工程業細學類,學士班,2,1,532.0,61.0,530.0,60.0,0.00376,True,0.0001,0.00055,-0.05,0.182,1.0
106,07211,食品科學細學類,學士班,92,19,8072.0,1824.0,7980.0,1805.0,0.0114,True,0.00472,0.00827,-0.35,0.571,1.0
106,07311,建築細學類,學士班,83,13,7326.0,1413.0,7243.0,1400.0,0.01133,True,0.00426,0.00751,-0.32,0.567,1.0
106,07312,景觀設計細學類,學士班,27,7,2433.0,569.0,2406.0,562.0,0.0111,True,0.00139,0.00249,-0.11,0.558,1.0
106,07313,都巿規劃細學類,學士班,16,5,1567.0,393.0,1551.0,388.0,0.01021,True,0.00082,0.00161,-0.08,0.509,1.0
106,07321,土木工程細學類,學士班,334,58,13415.0,3104.0,13081.0,3046.0,0.0249,True,0.01714,0.01356,0.36,1.264,1.0
106,07322,空間資訊及測繪細學類,學士班,1,0,202.0,51.0,201.0,51.0,0.00495,True,5e-05,0.00021,-0.02,0.238,1.0
106,08111,農作物生產細學類,學士班,41,15,1353.0,304.0,1312.0,289.0,0.0303,True,0.0021,0.00136,0.07,1.544,1.0
106,08112,畜牧生產細學類,學士班,21,1,1965.0,453.0,1944.0,452.0,0.01069,True,0.00108,0.00201,-0.09,0.537,1.0
106,08121,園藝細學類,學士班,18,0,1299.0,270.0,1281.0,270.0,0.01386,True,0.00092,0.00133,-0.04,0.692,1.0
106,08191,農業化學細學類,學士班,1,1,390.0,83.0,389.0,82.0,0.00256,True,5e-05,0.0004,-0.03,0.125,1.0
106,08192,農業生物技術細學類,學士班,8,0,215.0,46.0,207.0,46.0,0.03721,True,0.00041,0.00021,0.02,1.952,1.0
106,08193,農業經濟及推廣細學類,學士班,19,4,962.0,249.0,943.0,245.0,0.01975,True,0.00098,0.00098,0.0,1.0,1.0
106,08194,植物保護細學類,學士班,8,2,715.0,153.0,707.0,151.0,0.01119,True,0.00041,0.00073,-0.03,0.562,1.0
106,08199,其他農業細學類,學士班,5,2,494.0,61.0,489.0,59.0,0.01012,True,0.00026,0.00051,-0.03,0.51,1.0
106,08211,林業細學類,學士班,61,8,2030.0,449.0,1969.0,441.0,0.03005,True,0.00313,0.00204,0.11,1.534,1.0
106,08311,漁業科學細學類,學士班,7,1,569.0,129.0,562.0,128.0,0.0123,True,0.00036,0.00058,-0.02,0.621,1.0
106,08312,水產養殖細學類,學士班,13,4,1389.0,312.0,1376.0,308.0,0.00936,True,0.00067,0.00143,-0.08,0.469,1.0
106,08411,獸醫細學類,學士班,20,1,1617.0,263.0,1597.0,262.0,0.01237,True,0.00103,0.00165,-0.06,0.624,1.0
106,09111,牙醫細學類,學士班,59,8,3497.0,653.0,3438.0,645.0,0.01687,True,0.00303,0.00356,-0.05,0.851,1.0
106,09121,醫學細學類,學士班,142,19,10534.0,1496.0,10392.0,1477.0,0.01348,True,0.00729,0.01077,-0.35,0.677,1.0
106,09131,護理及助產細學類,學士班,991,289,26830.0,8441.0,25839.0,8152.0,0.03694,True,0.05086,0.02678,2.41,1.899,1.0
106,09141,醫學技術及檢驗細學類,學士班,92,29,8075.0,1888.0,7983.0,1859.0,0.01139,True,0.00472,0.00827,-0.35,0.571,1.0
106,09151,物理治療細學類,學士班,55,9,2762.0,646.0,2707.0,637.0,0.01991,True,0.00282,0.00281,0.0,1.004,1.0
106,09152,職能治療細學類,學士班,32,6,1435.0,317.0,1403.0,311.0,0.0223,True,0.00164,0.00145,0.02,1.131,1.0
106,09153,語言治療與聽力細學類,學士班,15,3,893.0,107.0,878.0,104.0,0.0168,True,0.00077,0.00091,-0.01,0.846,1.0
106,09159,其他治療及復健細學類,學士班,13,4,562.0,98.0,549.0,94.0,0.02313,True,0.00067,0.00057,0.01,1.175,1.0
106,09161,藥學細學類,學士班,85,14,6970.0,1577.0,6885.0,1563.0,0.0122,True,0.00436,0.00713,-0.28,0.612,1.0
106,09171,傳統醫學、輔助醫學及治療細學類,學士班,2,0,660.0,99.0,658.0,99.0,0.00303,True,0.0001,0.00068,-0.06,0.147,1.0
106,09191,公共衛生細學類,學士班,53,18,2786.0,686.0,2733.0,668.0,0.01902,True,0.00272,0.00283,-0.01,0.961,1.0
106,09199,其他醫藥衛生細學類,學士班,7,3,483.0,131.0,476.0,128.0,0.01449,True,0.00036,0.00049,-0.01,0.735,1.0
106,09211,老年照顧服務細學類,學士班,127,30,4135.0,1016.0,4008.0,986.0,0.03071,True,0.00652,0.00415,0.24,1.571,1.0
106,09212,失能者照顧細學類,學士班,0,0,32.0,0.0,32.0,0.0,0.0,True,0.0,3e-05,-0.0,0.0,1.0
106,09221,兒童及青少年照顧服務細學類,學士班,325,104,8599.0,2790.0,8274.0,2686.0,0.0378,True,0.01668,0.00857,0.81,1.946,1.0
106,09231,社會工作細學類,學士班,721,169,10540.0,2590.0,9819.0,2421.0,0.06841,True,0.037,0.01018,2.68,3.635,1.0
106,09299,其他社會福利細學類,學士班,17,0,603.0,11.0,586.0,11.0,0.02819,True,0.00087,0.00061,0.03,1.426,1.0
106,10111,家政服務細學類,學士班,15,2,1311.0,335.0,1296.0,333.0,0.01144,True,0.00077,0.00134,-0.06,0.575,1.0
106,10121,美髮美容服務細學類,學士班,343,72,11798.0,3044.0,11455.0,2972.0,0.02907,True,0.0176,0.01187,0.57,1.483,1.0
106,10131,旅館及餐飲細學類,學士班,959,187,44674.0,9799.0,43715.0,9612.0,0.02147,True,0.04922,0.0453,0.39,1.087,1.0
106,10141,競技運動細學類,學士班,670,90,5121.0,938.0,4451.0,848.0,0.13083,True,0.03439,0.00461,2.98,7.46,1.0
106,10142,運動科技細學類,學士班,41,5,730.0,131.0,689.0,126.0,0.05616,True,0.0021,0.00071,0.14,2.958,1.0
106,10151,旅遊觀光細學類,學士班,1129,217,38103.0,8658.0,36974.0,8441.0,0.02963,True,0.05794,0.03832,1.96,1.512,1.0
106,10152,遊憩、運動和休閒管理細學類,學士班,1232,226,23301.0,5133.0,22069.0,4907.0,0.05287,True,0.06323,0.02287,4.04,2.765,1.0
106,10199,其他餐旅及民生服務細學類,學士班,172,45,2585.0,574.0,2413.0,529.0,0.06654,True,0.00883,0.0025,0.63,3.532,1.0
106,10221,職業衛生及安全細學類,學士班,16,4,1078.0,235.0,1062.0,231.0,0.01484,True,0.00082,0.0011,-0.03,0.745,1.0
106,10321,警政細學類,學士班,43,2,1542.0,163.0,1499.0,161.0,0.02789,True,0.00221,0.00155,0.07,1.426,1.0
106,10411,運輸管理細學類,學士班,12,2,2374.0,604.0,2362.0,602.0,0.00505,True,0.00062,0.00245,-0.18,0.253,1.0
106,10412,航運管理細學類,學士班,52,9,2435.0,555.0,2383.0,546.0,0.02136,True,0.00267,0.00247,0.02,1.081,1.0
106,10413,空運管理細學類,學士班,27,9,1538.0,281.0,1511.0,272.0,0.01756,True,0.00139,0.00157,-0.02,0.885,1.0
106,10414,航海細學類,學士班,28,6,1327.0,356.0,1299.0,350.0,0.0211,True,0.00144,0.00135,0.01,1.067,1.0
106,10499,其他運輸服務細學類,學士班,11,3,582.0,149.0,571.0,146.0,0.0189,True,0.00056,0.00059,-0.0,0.949,1.0
106,99999,其他細學類,學士班,400,0,997.0,4.0,597.0,4.0,0.4012,False,,,,,1.0
106,01111,綜合教育細學類,碩士班,120,17,3623.0,957.0,3503.0,940.0,0.03312,True,0.07088,0.02106,4.98,3.366,1.0
106,01112,成人教育細學類,碩士班,5,1,424.0,111.0,419.0,110.0,0.01179,True,0.00295,0.00252,0.04,1.171,1.0
106,01113,特殊教育細學類,碩士班,25,2,1215.0,282.0,1190.0,280.0,0.02058,True,0.01477,0.00715,0.76,2.066,1.0
106,01114,教育行政細學類,碩士班,41,5,1080.0,273.0,1039.0,268.0,0.03796,True,0.02422,0.00625,1.8,3.875,1.0
106,01115,課程與教學細學類,碩士班,13,0,523.0,140.0,510.0,140.0,0.02486,True,0.00768,0.00307,0.46,2.502,1.0
106,01116,教育科技細學類,碩士班,2,0,473.0,129.0,471.0,129.0,0.00423,True,0.00118,0.00283,-0.16,0.417,1.0
106,01118,技職教育細學類,碩士班,5,1,253.0,77.0,248.0,76.0,0.01976,True,0.00295,0.00149,0.15,1.98,1.0
106,01121,幼兒師資教育細學類,碩士班,32,4,1007.0,191.0,975.0,187.0,0.03178,True,0.0189,0.00586,1.3,3.225,1.0
106,01131,普通科目師資教育細學類,碩士班,24,3,1618.0,342.0,1594.0,339.0,0.01483,True,0.01418,0.00958,0.46,1.48,1.0
106,01141,專業科目師資教育細學類,碩士班,75,22,2497.0,671.0,2422.0,649.0,0.03004,True,0.0443,0.01456,2.97,3.043,1.0
106,01199,其他教育細學類,碩士班,2,1,342.0,67.0,340.0,66.0,0.00585,True,0.00118,0.00204,-0.09,0.578,1.0
106,02111,視覺藝術細學類,碩士班,10,1,853.0,163.0,843.0,162.0,0.01172,True,0.00591,0.00507,0.08,1.166,1.0
106,02112,視覺傳達設計細學類,碩士班,9,3,1160.0,305.0,1151.0,302.0,0.00776,True,0.00532,0.00692,-0.16,0.769,1.0
106,02121,應用藝術細學類,碩士班,6,1,354.0,82.0,348.0,81.0,0.01695,True,0.00354,0.00209,0.15,1.694,1.0
106,02122,綜合設計細學類,碩士班,5,2,1156.0,305.0,1151.0,303.0,0.00433,True,0.00295,0.00692,-0.4,0.426,1.0
106,02123,產品設計細學類,碩士班,3,0,1122.0,324.0,1119.0,324.0,0.00267,True,0.00177,0.00673,-0.5,0.263,1.0
106,02124,空間設計細學類,碩士班,0,0,318.0,94.0,318.0,94.0,0.0,True,0.0,0.00191,-0.19,0.0,1.0
106,02125,時尚設計與管理細學類,碩士班,2,0,240.0,52.0,238.0,52.0,0.00833,True,0.00118,0.00143,-0.02,0.825,1.0
106,02131,純藝術細學類,碩士班,22,2,1667.0,369.0,1645.0,367.0,0.0132,True,0.01299,0.00989,0.31,1.313,1.0
106,02132,雕塑細學類,碩士班,0,0,33.0,3.0,33.0,3.0,0.0,True,0.0,0.0002,-0.02,0.0,1.0
106,02141,美術工藝細學類,碩士班,1,1,169.0,26.0,168.0,25.0,0.00592,True,0.00059,0.00101,-0.04,0.584,1.0
106,02151,音樂細學類,碩士班,41,5,2115.0,453.0,2074.0,448.0,0.01939,True,0.02422,0.01247,1.17,1.942,1.0
106,02152,表演藝術細學類,碩士班,8,1,699.0,153.0,691.0,152.0,0.01144,True,0.00473,0.00415,0.06,1.14,1.0
106,02191,綜合藝術細學類,碩士班,14,1,616.0,101.0,602.0,100.0,0.02273,True,0.00827,0.00362,0.46,2.285,1.0
106,02192,藝術行政細學類,碩士班,3,0,355.0,80.0,352.0,80.0,0.00845,True,0.00177,0.00212,-0.03,0.835,1.0
106,02199,其他藝術細學類,碩士班,3,1,353.0,98.0,350.0,97.0,0.0085,True,0.00177,0.0021,-0.03,0.843,1.0
106,02211,宗教細學類,碩士班,24,4,644.0,140.0,620.0,136.0,0.03727,True,0.01418,0.00373,1.05,3.802,1.0
106,02221,歷史細學類,碩士班,11,1,1108.0,217.0,1097.0,216.0,0.00993,True,0.0065,0.0066,-0.01,0.985,1.0
106,02222,人類學及民族學細學類,碩士班,40,6,183.0,27.0,143.0,21.0,0.21858,True,0.02363,0.00086,2.28,27.477,1.0
106,02231,哲學細學類,碩士班,4,1,500.0,84.0,496.0,83.0,0.008,True,0.00236,0.00298,-0.06,0.792,1.0
106,02299,其他人文細學類,碩士班,11,3,830.0,147.0,819.0,144.0,0.01325,True,0.0065,0.00492,0.16,1.321,1.0
106,02311,外國語文細學類,碩士班,22,1,3018.0,624.0,2996.0,623.0,0.00729,True,0.01299,0.01801,-0.5,0.721,1.0
106,02312,翻譯細學類,碩士班,0,0,284.0,61.0,284.0,61.0,0.0,True,0.0,0.00171,-0.17,0.0,1.0
106,02313,華語文為第二語言細學類,碩士班,0,0,230.0,30.0,230.0,30.0,0.0,True,0.0,0.00138,-0.14,0.0,1.0
106,02321,臺灣語文細學類,碩士班,49,6,642.0,122.0,593.0,116.0,0.07632,True,0.02894,0.00357,2.54,8.106,1.0
106,02322,中國語文細學類,碩士班,18,2,2608.0,475.0,2590.0,473.0,0.0069,True,0.01063,0.01557,-0.49,0.683,1.0
106,02323,華語文細學類,碩士班,6,0,205.0,47.0,199.0,47.0,0.02927,True,0.00354,0.0012,0.23,2.95,1.0
106,02399,其他語文細學類,碩士班,6,0,371.0,74.0,365.0,74.0,0.01617,True,0.00354,0.00219,0.14,1.616,1.0
106,03111,經濟學細學類,碩士班,1,0,1172.0,500.0,1171.0,500.0,0.00085,True,0.00059,0.00704,-0.64,0.084,1.0
106,03121,政治學細學類,碩士班,7,0,816.0,208.0,809.0,208.0,0.00858,True,0.00413,0.00486,-0.07,0.85,1.0
106,03122,國際關係細學類,碩士班,3,1,712.0,208.0,709.0,207.0,0.00421,True,0.00177,0.00426,-0.25,0.415,1.0
106,03131,心理學細學類,碩士班,32,3,3379.0,613.0,3347.0,610.0,0.00947,True,0.0189,0.02012,-0.12,0.939,1.0
106,03141,社會學細學類,碩士班,33,4,1016.0,233.0,983.0,229.0,0.03248,True,0.01949,0.00591,1.36,3.298,1.0
106,03142,地理學細學類,碩士班,1,0,291.0,85.0,290.0,85.0,0.00344,True,0.00059,0.00174,-0.12,0.339,1.0
106,03143,區域研究細學類,碩士班,28,3,1462.0,362.0,1434.0,359.0,0.01915,True,0.01654,0.00862,0.79,1.919,1.0
106,03191,發展研究細學類,碩士班,1,1,392.0,84.0,391.0,83.0,0.00255,True,0.00059,0.00235,-0.18,0.251,1.0
106,03199,其他社會及行為科學細學類,碩士班,66,8,1116.0,273.0,1050.0,265.0,0.05914,True,0.03898,0.00631,3.27,6.177,1.0
106,03211,大眾傳播細學類,碩士班,20,2,1044.0,267.0,1024.0,265.0,0.01916,True,0.01181,0.00616,0.56,1.917,1.0
106,03212,新聞細學類,碩士班,1,0,157.0,57.0,156.0,57.0,0.00637,True,0.00059,0.00094,-0.03,0.628,1.0
106,03213,電子媒體細學類,碩士班,0,2,185.0,52.0,185.0,50.0,0.0,True,0.0,0.00111,-0.11,0.0,1.0
106,03214,傳播細學類,碩士班,1,0,290.0,69.0,289.0,69.0,0.00345,True,0.00059,0.00174,-0.12,0.339,1.0
106,03221,博物館細學類,碩士班,2,0,114.0,27.0,112.0,27.0,0.01754,True,0.00118,0.00067,0.05,1.761,1.0
106,03222,圖書資訊檔案細學類,碩士班,2,1,366.0,104.0,364.0,103.0,0.00546,True,0.00118,0.00219,-0.1,0.539,1.0
106,03299,其他新聞學及圖書資訊細學類,碩士班,0,0,53.0,15.0,53.0,15.0,0.0,True,0.0,0.00032,-0.03,0.0,1.0
106,04111,會計及稅務細學類,碩士班,4,1,1760.0,795.0,1756.0,794.0,0.00227,True,0.00236,0.01056,-0.82,0.223,1.0
106,04121,財務金融細學類,碩士班,8,3,3391.0,1559.0,3383.0,1556.0,0.00236,True,0.00473,0.02034,-1.56,0.233,1.0
106,04122,財政細學類,碩士班,1,0,182.0,63.0,181.0,63.0,0.00549,True,0.00059,0.00109,-0.05,0.541,1.0
106,04123,保險及風險管理細學類,碩士班,4,0,384.0,173.0,380.0,173.0,0.01042,True,0.00236,0.00228,0.01,1.035,1.0
106,04131,企業管理細學類,碩士班,83,20,14084.0,5567.0,14001.0,5547.0,0.00589,True,0.04903,0.08418,-3.52,0.582,1.0
106,04132,流通及供應鏈細學類,碩士班,17,5,782.0,290.0,765.0,285.0,0.02174,True,0.01004,0.0046,0.54,2.183,1.0
106,04133,醫療管理細學類,碩士班,13,1,945.0,377.0,932.0,376.0,0.01376,True,0.00768,0.0056,0.21,1.371,1.0
106,04134,公共行政細學類,碩士班,61,10,2311.0,675.0,2250.0,665.0,0.0264,True,0.03603,0.01353,2.25,2.663,1.0
106,04141,國際貿易細學類,碩士班,0,0,740.0,279.0,740.0,279.0,0.0,True,0.0,0.00445,-0.44,0.0,1.0
106,04142,公共關係細學類,碩士班,1,0,162.0,57.0,161.0,57.0,0.00617,True,0.00059,0.00097,-0.04,0.608,1.0
106,04143,行銷及廣告細學類,碩士班,0,0,243.0,81.0,243.0,81.0,0.0,True,0.0,0.00146,-0.15,0.0,1.0
106,04191,一般商業細學類,碩士班,1,1,528.0,167.0,527.0,166.0,0.00189,True,0.00059,0.00317,-0.26,0.186,1.0
106,04199,其他商業及管理細學類,碩士班,28,7,6087.0,2178.0,6059.0,2171.0,0.0046,True,0.01654,0.03643,-1.99,0.454,1.0
106,04211,一般法律細學類,碩士班,20,4,3997.0,722.0,3977.0,718.0,0.005,True,0.01181,0.02391,-1.21,0.494,1.0
106,04212,專業法律細學類,碩士班,36,1,2384.0,431.0,2348.0,430.0,0.0151,True,0.02126,0.01412,0.71,1.506,1.0
106,05111,生物學細學類,碩士班,2,0,922.0,312.0,920.0,312.0,0.00217,True,0.00118,0.00553,-0.43,0.213,1.0
106,05121,生物科技細學類,碩士班,12,4,1855.0,696.0,1843.0,692.0,0.00647,True,0.00709,0.01108,-0.4,0.64,1.0
106,05123,生物化學細學類,碩士班,1,0,441.0,142.0,440.0,142.0,0.00227,True,0.00059,0.00265,-0.21,0.223,1.0
106,05124,生物訊息及遺傳細學類,碩士班,1,0,158.0,83.0,157.0,83.0,0.00633,True,0.00059,0.00094,-0.03,0.628,1.0
106,05191,營養細學類,碩士班,1,0,392.0,146.0,391.0,146.0,0.00255,True,0.00059,0.00235,-0.18,0.251,1.0
106,05199,其他生命科學細學類,碩士班,0,0,93.0,49.0,93.0,49.0,0.0,True,0.0,0.00056,-0.06,0.0,1.0
106,05211,環境資源細學類,碩士班,3,2,395.0,123.0,392.0,121.0,0.00759,True,0.00177,0.00236,-0.06,0.75,1.0
106,05212,生態細學類,碩士班,1,0,114.0,34.0,113.0,34.0,0.00877,True,0.00059,0.00068,-0.01,0.868,1.0
106,05292,水土保持細學類,碩士班,0,0,152.0,57.0,152.0,57.0,0.0,True,0.0,0.00091,-0.09,0.0,1.0
106,05299,其他環境細學類,碩士班,0,1,20.0,11.0,20.0,10.0,0.0,True,0.0,0.00012,-0.01,0.0,1.0
106,05311,化學細學類,碩士班,7,1,1982.0,820.0,1975.0,819.0,0.00353,True,0.00413,0.01187,-0.77,0.348,1.0
106,05321,地球科學及環境細學類,碩士班,2,2,429.0,138.0,427.0,136.0,0.00466,True,0.00118,0.00257,-0.14,0.459,1.0
106,05322,大氣及太空科學細學類,碩士班,0,0,134.0,66.0,134.0,66.0,0.0,True,0.0,0.00081,-0.08,0.0,1.0
106,05323,海洋科學細學類,碩士班,0,1,314.0,113.0,314.0,112.0,0.0,True,0.0,0.00189,-0.19,0.0,1.0
106,05331,物理及應用物理細學類,碩士班,2,3,1323.0,497.0,1321.0,494.0,0.00151,True,0.00118,0.00794,-0.68,0.149,1.0
106,05399,其他物理、化學及地球科學細學類,碩士班,1,1,289.0,93.0,288.0,92.0,0.00346,True,0.00059,0.00173,-0.11,0.341,1.0
106,05411,數學細學類,碩士班,2,1,1197.0,408.0,1195.0,407.0,0.00167,True,0.00118,0.00718,-0.6,0.164,1.0
106,05421,統計細學類,碩士班,0,0,680.0,286.0,680.0,286.0,0.0,True,0.0,0.00409,-0.41,0.0,1.0
106,05499,其他數學及統計細學類,碩士班,0,0,59.0,30.0,59.0,30.0,0.0,True,0.0,0.00035,-0.03,0.0,1.0
106,06111,電腦運用細學類,碩士班,0,0,17.0,1.0,17.0,1.0,0.0,True,0.0,0.0001,-0.01,0.0,1.0
106,06121,資料庫、網路設計及管理細學類,碩士班,2,0,239.0,82.0,237.0,82.0,0.00837,True,0.00118,0.00142,-0.02,0.831,1.0
106,06131,資訊技術細學類,碩士班,35,7,8635.0,3231.0,8600.0,3224.0,0.00405,True,0.02067,0.0517,-3.1,0.4,1.0
106,06132,軟體開發細學類,碩士班,1,0,420.0,108.0,419.0,108.0,0.00238,True,0.00059,0.00252,-0.19,0.234,1.0
106,06133,系統設計細學類,碩士班,1,1,209.0,68.0,208.0,67.0,0.00478,True,0.00059,0.00125,-0.07,0.472,1.0
106,06134,電算機應用細學類,碩士班,3,0,751.0,322.0,748.0,322.0,0.00399,True,0.00177,0.0045,-0.27,0.393,1.0
106,06199,其他資訊通訊科技細學類,碩士班,0,0,149.0,67.0,149.0,67.0,0.0,True,0.0,0.0009,-0.09,0.0,1.0
106,07111,化學工程細學類,碩士班,11,0,2902.0,1256.0,2891.0,1256.0,0.00379,True,0.0065,0.01738,-1.09,0.374,1.0
106,07112,材料工程細學類,碩士班,5,2,2192.0,862.0,2187.0,860.0,0.00228,True,0.00295,0.01315,-1.02,0.224,1.0
106,07121,環境工程細學類,碩士班,4,1,1866.0,675.0,1862.0,674.0,0.00214,True,0.00236,0.01119,-0.88,0.211,1.0
106,07122,河海工程細學類,碩士班,2,1,407.0,156.0,405.0,155.0,0.00491,True,0.00118,0.00243,-0.12,0.486,1.0
106,07132,能源工程細學類,碩士班,0,0,714.0,276.0,714.0,276.0,0.0,True,0.0,0.00429,-0.43,0.0,1.0
106,07141,電機與電子工程細學類,碩士班,38,10,15946.0,6137.0,15908.0,6127.0,0.00238,True,0.02245,0.09564,-7.32,0.235,1.0
106,07151,機械工程細學類,碩士班,26,2,6818.0,2555.0,6792.0,2553.0,0.00381,True,0.01536,0.04083,-2.55,0.376,1.0
106,07161,車輛工程細學類,碩士班,2,1,287.0,108.0,285.0,107.0,0.00697,True,0.00118,0.00171,-0.05,0.69,1.0
106,07162,航空工程細學類,碩士班,0,0,455.0,171.0,455.0,171.0,0.0,True,0.0,0.00274,-0.27,0.0,1.0
106,07163,造船工程細學類,碩士班,2,0,238.0,106.0,236.0,106.0,0.0084,True,0.00118,0.00142,-0.02,0.831,1.0
106,07191,工業工程細學類,碩士班,6,5,2470.0,1072.0,2464.0,1067.0,0.00243,True,0.00354,0.01481,-1.13,0.239,1.0
106,07192,紡織工程細學類,碩士班,0,0,82.0,36.0,82.0,36.0,0.0,True,0.0,0.00049,-0.05,0.0,1.0
106,07193,生醫工程細學類,碩士班,3,0,1078.0,391.0,1075.0,391.0,0.00278,True,0.00177,0.00646,-0.47,0.274,1.0
106,07194,綜合工程細學類,碩士班,5,0,923.0,341.0,918.0,341.0,0.00542,True,0.00295,0.00552,-0.26,0.534,1.0
106,07199,其他工程及工程業細學類,碩士班,1,0,416.0,62.0,415.0,62.0,0.0024,True,0.00059,0.0025,-0.19,0.236,1.0
106,07211,食品科學細學類,碩士班,3,3,1122.0,367.0,1119.0,364.0,0.00267,True,0.00177,0.00673,-0.5,0.263,1.0
106,07311,建築細學類,碩士班,6,2,1360.0,339.0,1354.0,337.0,0.00441,True,0.00354,0.00814,-0.46,0.435,1.0
106,07312,景觀設計細學類,碩士班,4,2,250.0,73.0,246.0,71.0,0.016,True,0.00236,0.00148,0.09,1.595,1.0
106,07313,都巿規劃細學類,碩士班,4,1,443.0,127.0,439.0,126.0,0.00903,True,0.00236,0.00264,-0.03,0.894,1.0
106,07321,土木工程細學類,碩士班,34,8,3267.0,1362.0,3233.0,1354.0,0.01041,True,0.02008,0.01944,0.06,1.033,1.0
106,07322,空間資訊及測繪細學類,碩士班,0,0,62.0,19.0,62.0,19.0,0.0,True,0.0,0.00037,-0.04,0.0,1.0
106,08111,農作物生產細學類,碩士班,8,2,324.0,94.0,316.0,92.0,0.02469,True,0.00473,0.0019,0.28,2.489,1.0
106,08112,畜牧生產細學類,碩士班,0,1,264.0,108.0,264.0,107.0,0.0,True,0.0,0.00159,-0.16,0.0,1.0
106,08121,園藝細學類,碩士班,1,0,274.0,80.0,273.0,80.0,0.00365,True,0.00059,0.00164,-0.1,0.36,1.0
106,08191,農業化學細學類,碩士班,0,0,92.0,43.0,92.0,43.0,0.0,True,0.0,0.00055,-0.06,0.0,1.0
106,08192,農業生物技術細學類,碩士班,1,0,52.0,20.0,51.0,20.0,0.01923,True,0.00059,0.00031,0.03,1.903,1.0
106,08193,農業經濟及推廣細學類,碩士班,3,0,387.0,143.0,384.0,143.0,0.00775,True,0.00177,0.00231,-0.05,0.766,1.0
106,08194,植物保護細學類,碩士班,1,1,177.0,43.0,176.0,42.0,0.00565,True,0.00059,0.00106,-0.05,0.557,1.0
106,08199,其他農業細學類,碩士班,0,1,67.0,32.0,67.0,31.0,0.0,True,0.0,0.0004,-0.04,0.0,1.0
106,08211,林業細學類,碩士班,8,0,313.0,104.0,305.0,104.0,0.02556,True,0.00473,0.00183,0.29,2.585,1.0
106,08311,漁業科學細學類,碩士班,1,1,125.0,58.0,124.0,57.0,0.008,True,0.00059,0.00075,-0.02,0.787,1.0
106,08312,水產養殖細學類,碩士班,1,0,148.0,66.0,147.0,66.0,0.00676,True,0.00059,0.00088,-0.03,0.67,1.0
106,08411,獸醫細學類,碩士班,2,0,270.0,102.0,268.0,102.0,0.00741,True,0.00118,0.00161,-0.04,0.733,1.0
106,09111,牙醫細學類,碩士班,2,0,387.0,111.0,385.0,111.0,0.00517,True,0.00118,0.00231,-0.11,0.511,1.0
106,09121,醫學細學類,碩士班,6,2,1228.0,371.0,1222.0,369.0,0.00489,True,0.00354,0.00735,-0.38,0.482,1.0
106,09131,護理及助產細學類,碩士班,37,4,1812.0,397.0,1775.0,393.0,0.02042,True,0.02185,0.01067,1.12,2.048,1.0
106,09141,醫學技術及檢驗細學類,碩士班,5,3,703.0,295.0,698.0,292.0,0.00711,True,0.00295,0.0042,-0.12,0.702,1.0
106,09151,物理治療細學類,碩士班,4,0,198.0,63.0,194.0,63.0,0.0202,True,0.00236,0.00117,0.12,2.017,1.0
106,09152,職能治療細學類,碩士班,0,1,127.0,31.0,127.0,30.0,0.0,True,0.0,0.00076,-0.08,0.0,1.0
106,09153,語言治療與聽力細學類,碩士班,0,2,89.0,31.0,89.0,29.0,0.0,True,0.0,0.00054,-0.05,0.0,1.0
106,09159,其他治療及復健細學類,碩士班,0,0,99.0,41.0,99.0,41.0,0.0,True,0.0,0.0006,-0.06,0.0,1.0
106,09161,藥學細學類,碩士班,1,0,751.0,300.0,750.0,300.0,0.00133,True,0.00059,0.00451,-0.39,0.131,1.0
106,09171,傳統醫學、輔助醫學及治療細學類,碩士班,0,0,101.0,28.0,101.0,28.0,0.0,True,0.0,0.00061,-0.06,0.0,1.0
106,09191,公共衛生細學類,碩士班,7,4,1092.0,360.0,1085.0,356.0,0.00641,True,0.00413,0.00652,-0.24,0.633,1.0
106,09199,其他醫藥衛生細學類,碩士班,0,0,87.0,23.0,87.0,23.0,0.0,True,0.0,0.00052,-0.05,0.0,1.0
106,09211,老年照顧服務細學類,碩士班,9,1,400.0,105.0,391.0,104.0,0.0225,True,0.00532,0.00235,0.3,2.264,1.0
106,09212,失能者照顧細學類,碩士班,3,0,150.0,10.0,147.0,10.0,0.02,True,0.00177,0.00088,0.09,2.011,1.0
106,09221,兒童及青少年照顧服務細學類,碩士班,4,0,502.0,131.0,498.0,131.0,0.00797,True,0.00236,0.00299,-0.06,0.789,1.0
106,09231,社會工作細學類,碩士班,42,2,1143.0,232.0,1101.0,230.0,0.03675,True,0.02481,0.00662,1.82,3.748,1.0
106,09299,其他社會福利細學類,碩士班,0,0,,,,,,True,0.0,,,,1.0
106,10111,家政服務細學類,碩士班,2,2,159.0,58.0,157.0,56.0,0.01258,True,0.00118,0.00094,0.02,1.255,1.0
106,10121,美髮美容服務細學類,碩士班,4,3,232.0,68.0,228.0,65.0,0.01724,True,0.00236,0.00137,0.1,1.723,1.0
106,10131,旅館及餐飲細學類,碩士班,5,2,465.0,161.0,460.0,159.0,0.01075,True,0.00295,0.00277,0.02,1.065,1.0
106,10141,競技運動細學類,碩士班,42,5,570.0,152.0,528.0,147.0,0.07368,True,0.02481,0.00317,2.16,7.826,1.0
106,10142,運動科技細學類,碩士班,8,1,285.0,75.0,277.0,74.0,0.02807,True,0.00473,0.00167,0.31,2.832,1.0
106,10151,旅遊觀光細學類,碩士班,58,13,1301.0,602.0,1243.0,589.0,0.04458,True,0.03426,0.00747,2.68,4.586,1.0
106,10152,遊憩、運動和休閒管理細學類,碩士班,46,28,2141.0,726.0,2095.0,698.0,0.02149,True,0.02717,0.0126,1.46,2.156,1.0
106,10199,其他餐旅及民生服務細學類,碩士班,0,0,104.0,30.0,104.0,30.0,0.0,True,0.0,0.00063,-0.06,0.0,1.0
106,10221,職業衛生及安全細學類,碩士班,0,0,163.0,48.0,163.0,48.0,0.0,True,0.0,0.00098,-0.1,0.0,1.0
106,10321,警政細學類,碩士班,2,0,93.0,17.0,91.0,17.0,0.02151,True,0.00118,0.00055,0.06,2.145,1.0
106,10411,運輸管理細學類,碩士班,1,0,452.0,183.0,451.0,183.0,0.00221,True,0.00059,0.00271,-0.21,0.218,1.0
106,10412,航運管理細學類,碩士班,2,1,287.0,114.0,285.0,113.0,0.00697,True,0.00118,0.00171,-0.05,0.69,1.0
106,10413,空運管理細學類,碩士班,4,0,28.0,17.0,24.0,17.0,0.14286,True,0.00236,0.00014,0.22,16.857,1.0
106,10414,航海細學類,碩士班,0,0,126.0,44.0,126.0,44.0,0.0,True,0.0,0.00076,-0.08,0.0,1.0
106,10499,其他運輸服務細學類,碩士班,3,2,155.0,56.0,152.0,54.0,0.01935,True,0.00177,0.00091,0.09,1.945,1.0
106,99999,其他細學類,碩士班,1,1,197.0,22.0,196.0,21.0,0.00508,False,,,,,1.0
106,01111,綜合教育細學類,總計,245,38,7963.0,1875.0,7718.0,1837.0,0.03077,True,0.00918,0.0062,0.3,1.481,1.0
106,01112,成人教育細學類,總計,8,2,646.0,151.0,638.0,149.0,0.01238,True,0.0003,0.00051,-0.02,0.588,1.0
106,01113,特殊教育細學類,總計,92,13,3851.0,881.0,3759.0,868.0,0.02389,True,0.00345,0.00302,0.04,1.142,1.0
106,01114,教育行政細學類,總計,59,5,2019.0,431.0,1960.0,426.0,0.02922,True,0.00221,0.00157,0.06,1.408,1.0
106,01115,課程與教學細學類,總計,18,1,793.0,180.0,775.0,179.0,0.0227,True,0.00067,0.00062,0.01,1.081,1.0
106,01116,教育科技細學類,總計,14,1,1343.0,314.0,1329.0,313.0,0.01042,True,0.00052,0.00107,-0.06,0.486,1.0
106,01118,技職教育細學類,總計,5,1,384.0,83.0,379.0,82.0,0.01302,True,0.00019,0.0003,-0.01,0.633,1.0
106,01121,幼兒師資教育細學類,總計,178,33,5188.0,1138.0,5010.0,1105.0,0.03431,True,0.00667,0.00403,0.26,1.655,1.0
106,01131,普通科目師資教育細學類,總計,78,10,4961.0,1047.0,4883.0,1037.0,0.01572,True,0.00292,0.00392,-0.1,0.745,1.0
106,01141,專業科目師資教育細學類,總計,410,80,7985.0,1779.0,7575.0,1699.0,0.05135,True,0.01536,0.00609,0.93,2.522,1.0
106,01199,其他教育細學類,總計,6,3,729.0,126.0,723.0,123.0,0.00823,True,0.00022,0.00058,-0.04,0.379,1.0
106,02111,視覺藝術細學類,總計,112,15,6413.0,1281.0,6301.0,1266.0,0.01746,True,0.0042,0.00506,-0.09,0.83,1.0
106,02112,視覺傳達設計細學類,總計,466,90,27038.0,5883.0,26572.0,5793.0,0.01724,True,0.01746,0.02135,-0.39,0.818,1.0
106,02121,應用藝術細學類,總計,19,6,1217.0,294.0,1198.0,288.0,0.01561,True,0.00071,0.00096,-0.02,0.74,1.0
106,02122,綜合設計細學類,總計,438,74,15653.0,3378.0,15215.0,3304.0,0.02798,True,0.01641,0.01222,0.42,1.343,1.0
106,02123,產品設計細學類,總計,201,48,15645.0,3509.0,15444.0,3461.0,0.01285,True,0.00753,0.01241,-0.49,0.607,1.0
106,02124,空間設計細學類,總計,128,22,7395.0,1408.0,7267.0,1386.0,0.01731,True,0.0048,0.00584,-0.1,0.822,1.0
106,02125,時尚設計與管理細學類,總計,60,8,3855.0,807.0,3795.0,799.0,0.01556,True,0.00225,0.00305,-0.08,0.738,1.0
106,02131,純藝術細學類,總計,77,17,7252.0,1482.0,7175.0,1465.0,0.01062,True,0.00288,0.00576,-0.29,0.5,1.0
106,02132,雕塑細學類,總計,3,0,198.0,38.0,195.0,38.0,0.01515,True,0.00011,0.00016,-0.01,0.688,1.0
106,02141,美術工藝細學類,總計,43,5,1504.0,260.0,1461.0,255.0,0.02859,True,0.00161,0.00117,0.04,1.376,1.0
106,02151,音樂細學類,總計,231,27,8557.0,1600.0,8326.0,1573.0,0.027,True,0.00865,0.00669,0.2,1.293,1.0
106,02152,表演藝術細學類,總計,234,31,5708.0,937.0,5474.0,906.0,0.041,True,0.00877,0.0044,0.44,1.993,1.0
106,02191,綜合藝術細學類,總計,138,10,2801.0,378.0,2663.0,368.0,0.04927,True,0.00517,0.00214,0.3,2.416,1.0
106,02192,藝術行政細學類,總計,15,3,859.0,199.0,844.0,196.0,0.01746,True,0.00056,0.00068,-0.01,0.824,1.0
106,02199,其他藝術細學類,總計,81,3,1314.0,168.0,1233.0,165.0,0.06164,True,0.00303,0.00099,0.2,3.061,1.0
106,02211,宗教細學類,總計,82,20,1679.0,323.0,1597.0,303.0,0.04884,True,0.00307,0.00128,0.18,2.398,1.0
106,02221,歷史細學類,總計,97,13,6034.0,1264.0,5937.0,1251.0,0.01608,True,0.00363,0.00477,-0.11,0.761,1.0
106,02222,人類學及民族學細學類,總計,143,32,737.0,137.0,594.0,105.0,0.19403,True,0.00536,0.00048,0.49,11.167,1.0
106,02231,哲學細學類,總計,34,7,2827.0,505.0,2793.0,498.0,0.01203,True,0.00127,0.00224,-0.1,0.567,1.0
106,02299,其他人文細學類,總計,248,53,4004.0,824.0,3756.0,771.0,0.06194,True,0.00929,0.00302,0.63,3.076,1.0
106,02311,外國語文細學類,總計,1085,206,68864.0,15295.0,67779.0,15089.0,0.01576,True,0.04065,0.05445,-1.38,0.747,1.0
106,02312,翻譯細學類,總計,6,2,1041.0,268.0,1035.0,266.0,0.00576,True,0.00022,0.00083,-0.06,0.265,1.0
106,02313,華語文為第二語言細學類,總計,6,0,703.0,72.0,697.0,72.0,0.00853,True,0.00022,0.00056,-0.03,0.393,1.0
106,02321,臺灣語文細學類,總計,173,33,1941.0,414.0,1768.0,381.0,0.08913,True,0.00648,0.00142,0.51,4.563,1.0
106,02322,中國語文細學類,總計,165,35,14946.0,3104.0,14781.0,3069.0,0.01104,True,0.00618,0.01188,-0.57,0.52,1.0
106,02323,華語文細學類,總計,43,4,2349.0,516.0,2306.0,512.0,0.01831,True,0.00161,0.00185,-0.02,0.87,1.0
106,02399,其他語文細學類,總計,16,2,816.0,175.0,800.0,173.0,0.01961,True,0.0006,0.00064,-0.0,0.937,1.0
106,03111,經濟學細學類,總計,53,12,11116.0,2827.0,11063.0,2815.0,0.00477,True,0.00199,0.00889,-0.69,0.224,1.0
106,03121,政治學細學類,總計,66,8,4157.0,866.0,4091.0,858.0,0.01588,True,0.00247,0.00329,-0.08,0.751,1.0
106,03122,國際關係細學類,總計,16,1,1713.0,377.0,1697.0,376.0,0.00934,True,0.0006,0.00136,-0.08,0.441,1.0
106,03131,心理學細學類,總計,202,35,10880.0,2231.0,10678.0,2196.0,0.01857,True,0.00757,0.00858,-0.1,0.882,1.0
106,03141,社會學細學類,總計,277,21,4829.0,1155.0,4552.0,1134.0,0.05736,True,0.01038,0.00366,0.67,2.836,1.0
106,03142,地理學細學類,總計,32,7,1468.0,322.0,1436.0,315.0,0.0218,True,0.0012,0.00115,0.0,1.043,1.0
106,03143,區域研究細學類,總計,47,6,2753.0,562.0,2706.0,556.0,0.01707,True,0.00176,0.00217,-0.04,0.811,1.0
106,03191,發展研究細學類,總計,1,1,490.0,92.0,489.0,91.0,0.00204,True,4e-05,0.00039,-0.03,0.103,1.0
106,03199,其他社會及行為科學細學類,總計,153,48,2574.0,609.0,2421.0,561.0,0.05944,True,0.00573,0.00195,0.38,2.938,1.0
106,03211,大眾傳播細學類,總計,250,43,9304.0,2069.0,9054.0,2026.0,0.02687,True,0.00937,0.00727,0.21,1.289,1.0
106,03212,新聞細學類,總計,36,10,2468.0,663.0,2432.0,653.0,0.01459,True,0.00135,0.00195,-0.06,0.692,1.0
106,03213,電子媒體細學類,總計,61,11,1967.0,499.0,1906.0,488.0,0.03101,True,0.00229,0.00153,0.08,1.497,1.0
106,03214,傳播細學類,總計,54,10,3070.0,666.0,3016.0,656.0,0.01759,True,0.00202,0.00242,-0.04,0.835,1.0
106,03221,博物館細學類,總計,2,0,114.0,27.0,112.0,27.0,0.01754,True,7e-05,9e-05,-0.0,0.778,1.0
106,03222,圖書資訊檔案細學類,總計,12,2,1536.0,367.0,1524.0,365.0,0.00781,True,0.00045,0.00122,-0.08,0.369,1.0
106,03299,其他新聞學及圖書資訊細學類,總計,27,15,895.0,101.0,868.0,86.0,0.03017,True,0.00101,0.0007,0.03,1.443,1.0
106,04111,會計及稅務細學類,總計,167,33,19737.0,5184.0,19570.0,5151.0,0.00846,True,0.00626,0.01572,-0.95,0.398,1.0
106,04121,財務金融細學類,總計,307,56,34094.0,9091.0,33787.0,9035.0,0.009,True,0.0115,0.02714,-1.56,0.424,1.0
106,04122,財政細學類,總計,50,4,4250.0,1093.0,4200.0,1089.0,0.01176,True,0.00187,0.00337,-0.15,0.555,1.0
106,04123,保險及風險管理細學類,總計,47,3,4899.0,1345.0,4852.0,1342.0,0.00959,True,0.00176,0.0039,-0.21,0.451,1.0
106,04131,企業管理細學類,總計,1364,327,76358.0,21064.0,74994.0,20737.0,0.01786,True,0.05111,0.06025,-0.91,0.848,1.0
106,04132,流通及供應鏈細學類,總計,537,96,18345.0,4594.0,17808.0,4498.0,0.02927,True,0.02012,0.01431,0.58,1.406,1.0
106,04133,醫療管理細學類,總計,200,56,7262.0,1874.0,7062.0,1818.0,0.02754,True,0.00749,0.00567,0.18,1.321,1.0
106,04134,公共行政細學類,總計,307,52,9070.0,2188.0,8763.0,2136.0,0.03385,True,0.0115,0.00704,0.45,1.634,1.0
106,04141,國際貿易細學類,總計,149,35,14921.0,3692.0,14772.0,3657.0,0.00999,True,0.00558,0.01187,-0.63,0.47,1.0
106,04142,公共關係細學類,總計,28,4,1680.0,381.0,1652.0,377.0,0.01667,True,0.00105,0.00133,-0.03,0.789,1.0
106,04143,行銷及廣告細學類,總計,281,96,6137.0,1559.0,5856.0,1463.0,0.04579,True,0.01053,0.0047,0.58,2.24,1.0
106,04191,一般商業細學類,總計,83,58,2765.0,694.0,2682.0,636.0,0.03002,True,0.00311,0.00215,0.1,1.447,1.0
106,04199,其他商業及管理細學類,總計,247,65,21101.0,5796.0,20854.0,5731.0,0.01171,True,0.00925,0.01675,-0.75,0.552,1.0
106,04211,一般法律細學類,總計,252,44,14687.0,3105.0,14435.0,3061.0,0.01716,True,0.00944,0.0116,-0.22,0.814,1.0
106,04212,專業法律細學類,總計,70,8,5636.0,1176.0,5566.0,1168.0,0.01242,True,0.00262,0.00447,-0.18,0.586,1.0
106,05111,生物學細學類,總計,34,6,5155.0,1280.0,5121.0,1274.0,0.0066,True,0.00127,0.00411,-0.28,0.309,1.0
106,05121,生物科技細學類,總計,77,19,11046.0,2916.0,10969.0,2897.0,0.00697,True,0.00288,0.00881,-0.59,0.327,1.0
106,05123,生物化學細學類,總計,3,0,833.0,220.0,830.0,220.0,0.0036,True,0.00011,0.00067,-0.06,0.164,1.0
106,05124,生物訊息及遺傳細學類,總計,3,0,467.0,149.0,464.0,149.0,0.00642,True,0.00011,0.00037,-0.03,0.297,1.0
106,05191,營養細學類,總計,98,16,8327.0,2027.0,8229.0,2011.0,0.01177,True,0.00367,0.00661,-0.29,0.555,1.0
106,05199,其他生命科學細學類,總計,1,0,476.0,127.0,475.0,127.0,0.0021,True,4e-05,0.00038,-0.03,0.105,1.0
106,05211,環境資源細學類,總計,16,7,1787.0,444.0,1771.0,437.0,0.00895,True,0.0006,0.00142,-0.08,0.423,1.0
106,05212,生態細學類,總計,1,0,275.0,78.0,274.0,78.0,0.00364,True,4e-05,0.00022,-0.02,0.182,1.0
106,05292,水土保持細學類,總計,9,1,864.0,216.0,855.0,215.0,0.01042,True,0.00034,0.00069,-0.03,0.493,1.0
106,05299,其他環境細學類,總計,8,2,203.0,76.0,195.0,74.0,0.03941,True,0.0003,0.00016,0.01,1.875,1.0
106,05311,化學細學類,總計,34,7,9273.0,2441.0,9239.0,2434.0,0.00367,True,0.00127,0.00742,-0.62,0.171,1.0
106,05321,地球科學及環境細學類,總計,5,2,1652.0,419.0,1647.0,417.0,0.00303,True,0.00019,0.00132,-0.11,0.144,1.0
106,05322,大氣及太空科學細學類,總計,3,0,882.0,212.0,879.0,212.0,0.0034,True,0.00011,0.00071,-0.06,0.155,1.0
106,05323,海洋科學細學類,總計,5,1,925.0,246.0,920.0,245.0,0.00541,True,0.00019,0.00074,-0.05,0.257,1.0
106,05331,物理及應用物理細學類,總計,20,4,6990.0,1682.0,6970.0,1678.0,0.00286,True,0.00075,0.0056,-0.48,0.134,1.0
106,05399,其他物理、化學及地球科學細學類,總計,9,4,1339.0,309.0,1330.0,305.0,0.00672,True,0.00034,0.00107,-0.07,0.318,1.0
106,05411,數學細學類,總計,40,6,8473.0,1937.0,8433.0,1931.0,0.00472,True,0.0015,0.00678,-0.53,0.221,1.0
106,05421,統計細學類,總計,8,2,4315.0,1108.0,4307.0,1106.0,0.00185,True,0.0003,0.00346,-0.32,0.087,1.0
106,05499,其他數學及統計細學類,總計,1,0,793.0,194.0,792.0,194.0,0.00126,True,4e-05,0.00064,-0.06,0.062,1.0
106,06111,電腦運用細學類,總計,0,1,173.0,61.0,173.0,60.0,0.0,True,0.0,0.00014,-0.01,0.0,1.0
106,06121,資料庫、網路設計及管理細學類,總計,41,5,1180.0,334.0,1139.0,329.0,0.03475,True,0.00154,0.00092,0.06,1.674,1.0
106,06131,資訊技術細學類,總計,656,124,65498.0,16936.0,64842.0,16812.0,0.01002,True,0.02458,0.05209,-2.75,0.472,1.0
106,06132,軟體開發細學類,總計,45,11,4807.0,1056.0,4762.0,1045.0,0.00936,True,0.00169,0.00383,-0.21,0.441,1.0
106,06133,系統設計細學類,總計,24,3,2189.0,509.0,2165.0,506.0,0.01096,True,0.0009,0.00174,-0.08,0.517,1.0
106,06134,電算機應用細學類,總計,67,15,5832.0,1688.0,5765.0,1673.0,0.01149,True,0.00251,0.00463,-0.21,0.542,1.0
106,06199,其他資訊通訊科技細學類,總計,8,2,831.0,245.0,823.0,243.0,0.00963,True,0.0003,0.00066,-0.04,0.455,1.0
106,07111,化學工程細學類,總計,50,7,14645.0,3928.0,14595.0,3921.0,0.00341,True,0.00187,0.01173,-0.99,0.159,1.0
106,07112,材料工程細學類,總計,41,7,9089.0,2535.0,9048.0,2528.0,0.00451,True,0.00154,0.00727,-0.57,0.212,1.0
106,07121,環境工程細學類,總計,79,14,9899.0,2510.0,9820.0,2496.0,0.00798,True,0.00296,0.00789,-0.49,0.375,1.0
106,07122,河海工程細學類,總計,19,2,2081.0,527.0,2062.0,525.0,0.00913,True,0.00071,0.00166,-0.1,0.428,1.0
106,07132,能源工程細學類,總計,19,8,3616.0,927.0,3597.0,919.0,0.00525,True,0.00071,0.00289,-0.22,0.246,1.0
106,07141,電機與電子工程細學類,總計,637,142,91394.0,23882.0,90757.0,23740.0,0.00697,True,0.02387,0.07292,-4.9,0.327,1.0
106,07151,機械工程細學類,總計,504,87,50342.0,12067.0,49838.0,11980.0,0.01001,True,0.01888,0.04004,-2.12,0.472,1.0
106,07161,車輛工程細學類,總計,37,10,1970.0,462.0,1933.0,452.0,0.01878,True,0.00139,0.00155,-0.02,0.897,1.0
106,07162,航空工程細學類,總計,62,13,2984.0,682.0,2922.0,669.0,0.02078,True,0.00232,0.00235,-0.0,0.987,1.0
106,07163,造船工程細學類,總計,42,6,2300.0,625.0,2258.0,619.0,0.01826,True,0.00157,0.00181,-0.02,0.867,1.0
106,07191,工業工程細學類,總計,168,62,13222.0,3712.0,13054.0,3650.0,0.01271,True,0.00629,0.01049,-0.42,0.6,1.0
106,07192,紡織工程細學類,總計,5,2,1238.0,298.0,1233.0,296.0,0.00404,True,0.00019,0.00099,-0.08,0.192,1.0
106,07193,生醫工程細學類,總計,24,4,4063.0,1064.0,4039.0,1060.0,0.00591,True,0.0009,0.00324,-0.23,0.278,1.0
106,07194,綜合工程細學類,總計,6,0,2040.0,513.0,2034.0,513.0,0.00294,True,0.00022,0.00163,-0.14,0.135,1.0
106,07199,其他工程及工程業細學類,總計,3,1,949.0,123.0,946.0,122.0,0.00316,True,0.00011,0.00076,-0.06,0.145,1.0
106,07211,食品科學細學類,總計,140,28,9512.0,2249.0,9372.0,2221.0,0.01472,True,0.00525,0.00753,-0.23,0.697,1.0
106,07311,建築細學類,總計,97,17,9153.0,1837.0,9056.0,1820.0,0.0106,True,0.00363,0.00728,-0.36,0.499,1.0
106,07312,景觀設計細學類,總計,31,9,2683.0,642.0,2652.0,633.0,0.01155,True,0.00116,0.00213,-0.1,0.545,1.0
106,07313,都巿規劃細學類,總計,21,6,2080.0,523.0,2059.0,517.0,0.0101,True,0.00079,0.00165,-0.09,0.479,1.0
106,07321,土木工程細學類,總計,389,70,17588.0,4616.0,17199.0,4546.0,0.02212,True,0.01457,0.01382,0.07,1.054,1.0
106,07322,空間資訊及測繪細學類,總計,1,0,292.0,73.0,291.0,73.0,0.00342,True,4e-05,0.00023,-0.02,0.174,1.0
106,08111,農作物生產細學類,總計,50,17,1770.0,404.0,1720.0,387.0,0.02825,True,0.00187,0.00138,0.05,1.355,1.0
106,08112,畜牧生產細學類,總計,22,2,2290.0,571.0,2268.0,569.0,0.00961,True,0.00082,0.00182,-0.1,0.451,1.0
106,08121,園藝細學類,總計,52,6,1859.0,434.0,1807.0,428.0,0.02797,True,0.00195,0.00145,0.05,1.345,1.0
106,08191,農業化學細學類,總計,1,1,513.0,130.0,512.0,129.0,0.00195,True,4e-05,0.00041,-0.04,0.098,1.0
106,08192,農業生物技術細學類,總計,9,0,268.0,66.0,259.0,66.0,0.03358,True,0.00034,0.00021,0.01,1.619,1.0
106,08193,農業經濟及推廣細學類,總計,22,4,1374.0,393.0,1352.0,389.0,0.01601,True,0.00082,0.00109,-0.03,0.752,1.0
106,08194,植物保護細學類,總計,10,3,923.0,198.0,913.0,195.0,0.01083,True,0.00037,0.00073,-0.04,0.507,1.0
106,08199,其他農業細學類,總計,5,3,637.0,104.0,632.0,101.0,0.00785,True,0.00019,0.00051,-0.03,0.373,1.0
106,08211,林業細學類,總計,70,8,2392.0,563.0,2322.0,555.0,0.02926,True,0.00262,0.00187,0.08,1.401,1.0
106,08311,漁業科學細學類,總計,8,2,729.0,190.0,721.0,188.0,0.01097,True,0.0003,0.00058,-0.03,0.517,1.0
106,08312,水產養殖細學類,總計,14,4,1576.0,378.0,1562.0,374.0,0.00888,True,0.00052,0.00125,-0.07,0.416,1.0
106,08411,獸醫細學類,總計,22,1,1994.0,378.0,1972.0,377.0,0.01103,True,0.00082,0.00158,-0.08,0.519,1.0
106,09111,牙醫細學類,總計,91,9,5708.0,1100.0,5617.0,1091.0,0.01594,True,0.00341,0.00451,-0.11,0.756,1.0
106,09121,醫學細學類,總計,150,21,13450.0,2080.0,13300.0,2059.0,0.01115,True,0.00562,0.01069,-0.51,0.526,1.0
106,09131,護理及助產細學類,總計,3461,705,61757.0,15173.0,58296.0,14468.0,0.05604,True,0.12967,0.04684,8.28,2.768,1.0
106,09141,醫學技術及檢驗細學類,總計,206,44,13836.0,2956.0,13630.0,2912.0,0.01489,True,0.00772,0.01095,-0.32,0.705,1.0
106,09151,物理治療細學類,總計,162,26,5182.0,1032.0,5020.0,1006.0,0.03126,True,0.00607,0.00403,0.2,1.506,1.0
106,09152,職能治療細學類,總計,42,7,2068.0,397.0,2026.0,390.0,0.02031,True,0.00157,0.00163,-0.01,0.963,1.0
106,09153,語言治療與聽力細學類,總計,15,5,982.0,138.0,967.0,133.0,0.01527,True,0.00056,0.00078,-0.02,0.718,1.0
106,09159,其他治療及復健細學類,總計,51,8,2281.0,378.0,2230.0,370.0,0.02236,True,0.00191,0.00179,0.01,1.067,1.0
106,09161,藥學細學類,總計,88,14,8102.0,1913.0,8014.0,1899.0,0.01086,True,0.0033,0.00644,-0.31,0.512,1.0
106,09171,傳統醫學、輔助醫學及治療細學類,總計,6,0,969.0,176.0,963.0,176.0,0.00619,True,0.00022,0.00077,-0.05,0.286,1.0
106,09191,公共衛生細學類,總計,61,24,4628.0,1136.0,4567.0,1112.0,0.01318,True,0.00229,0.00367,-0.14,0.624,1.0
106,09199,其他醫藥衛生細學類,總計,8,3,659.0,157.0,651.0,154.0,0.01214,True,0.0003,0.00052,-0.02,0.577,1.0
106,09211,老年照顧服務細學類,總計,182,44,5732.0,1402.0,5550.0,1358.0,0.03175,True,0.00682,0.00446,0.24,1.529,1.0
106,09212,失能者照顧細學類,總計,3,0,182.0,10.0,179.0,10.0,0.01648,True,0.00011,0.00014,-0.0,0.786,1.0
106,09221,兒童及青少年照顧服務細學類,總計,745,183,12672.0,3740.0,11927.0,3557.0,0.05879,True,0.02791,0.00958,1.83,2.913,1.0
106,09231,社會工作細學類,總計,880,177,11805.0,2835.0,10925.0,2658.0,0.07454,True,0.03297,0.00878,2.42,3.755,1.0
106,09299,其他社會福利細學類,總計,31,0,898.0,79.0,867.0,79.0,0.03452,True,0.00116,0.0007,0.05,1.657,1.0
106,10111,家政服務細學類,總計,17,5,1488.0,414.0,1471.0,409.0,0.01142,True,0.00064,0.00118,-0.05,0.542,1.0
106,10121,美髮美容服務細學類,總計,594,121,17610.0,4279.0,17016.0,4158.0,0.03373,True,0.02226,0.01367,0.86,1.628,1.0
106,10131,旅館及餐飲細學類,總計,1215,230,51212.0,10916.0,49997.0,10686.0,0.02372,True,0.04552,0.04017,0.54,1.133,1.0
106,10141,競技運動細學類,總計,712,95,5773.0,1103.0,5061.0,1008.0,0.12333,True,0.02668,0.00407,2.26,6.555,1.0
106,10142,運動科技細學類,總計,49,6,1040.0,209.0,991.0,203.0,0.04712,True,0.00184,0.0008,0.1,2.3,1.0
106,10151,旅遊觀光細學類,總計,1397,270,41254.0,9591.0,39857.0,9321.0,0.03386,True,0.05234,0.03202,2.03,1.635,1.0
106,10152,遊憩、運動和休閒管理細學類,總計,1406,283,26717.0,6116.0,25311.0,5833.0,0.05263,True,0.05268,0.02034,3.23,2.59,1.0
106,10199,其他餐旅及民生服務細學類,總計,189,47,3048.0,734.0,2859.0,687.0,0.06201,True,0.00708,0.0023,0.48,3.078,1.0
106,10221,職業衛生及安全細學類,總計,16,4,1241.0,283.0,1225.0,279.0,0.01289,True,0.0006,0.00098,-0.04,0.612,1.0
106,10321,警政細學類,總計,45,2,1635.0,180.0,1590.0,178.0,0.02752,True,0.00169,0.00128,0.04,1.32,1.0
106,10411,運輸管理細學類,總計,13,2,2858.0,792.0,2845.0,790.0,0.00455,True,0.00049,0.00229,-0.18,0.214,1.0
106,10412,航運管理細學類,總計,57,10,2956.0,700.0,2899.0,690.0,0.01928,True,0.00214,0.00233,-0.02,0.918,1.0
106,10413,空運管理細學類,總計,31,9,1566.0,298.0,1535.0,289.0,0.0198,True,0.00116,0.00123,-0.01,0.943,1.0
106,10414,航海細學類,總計,42,8,1796.0,470.0,1754.0,462.0,0.02339,True,0.00157,0.00141,0.02,1.113,1.0
106,10499,其他運輸服務細學類,總計,14,5,737.0,205.0,723.0,200.0,0.019,True,0.00052,0.00058,-0.01,0.897,1.0
106,99999,其他細學類,總計,401,1,1269.0,26.0,868.0,25.0,0.316,False,,,,,1.0
107,01111,綜合教育細學類,二專,0,0,,,,,,True,0.0,,,,1.0
107,01112,成人教育細學類,二專,0,0,,,,,,True,0.0,,,,1.0
107,01113,特殊教育細學類,二專,0,0,,,,,,True,0.0,,,,1.0
107,01114,教育行政細學類,二專,0,0,,,,,,True,0.0,,,,1.0
107,01115,課程與教學細學類,二專,0,0,,,,,,True,0.0,,,,1.0
107,01116,教育科技細學類,二專,0,0,,,,,,True,0.0,,,,1.0
107,01118,技職教育細學類,二專,0,0,,,,,,True,0.0,,,,1.0
107,01121,幼兒師資教育細學類,二專,0,0,,,,,,True,0.0,,,,1.0
107,01131,普通科目師資教育細學類,二專,0,0,,,,,,True,0.0,,,,1.0
107,01141,專業科目師資教育細學類,二專,0,0,,,,,,True,0.0,,,,1.0
107,01199,其他教育細學類,二專,0,0,,,,,,True,0.0,,,,1.0
107,02111,視覺藝術細學類,二專,0,0,,,,,,True,0.0,,,,1.0
107,02112,視覺傳達設計細學類,二專,0,0,12.0,9.0,12.0,9.0,0.0,True,0.0,0.00276,-0.28,0.0,1.0
107,02121,應用藝術細學類,二專,3,0,12.0,2.0,9.0,2.0,0.25,True,0.00309,0.00207,0.1,1.493,1.0
107,02122,綜合設計細學類,二專,11,2,,,,,,True,0.01133,,,,1.0
107,02123,產品設計細學類,二專,1,2,12.0,1.0,11.0,-1.0,0.08333,True,0.00103,0.00253,-0.15,0.407,1.0
107,02124,空間設計細學類,二專,2,1,17.0,18.0,15.0,17.0,0.11765,True,0.00206,0.00345,-0.14,0.597,1.0
107,02125,時尚設計與管理細學類,二專,0,0,,,,,,True,0.0,,,,1.0
107,02131,純藝術細學類,二專,0,0,,,,,,True,0.0,,,,1.0
107,02132,雕塑細學類,二專,0,0,,,,,,True,0.0,,,,1.0
107,02141,美術工藝細學類,二專,1,0,,,,,,True,0.00103,,,,1.0
107,02151,音樂細學類,二專,0,0,,,,,,True,0.0,,,,1.0
107,02152,表演藝術細學類,二專,0,0,,,,,,True,0.0,,,,1.0
107,02191,綜合藝術細學類,二專,0,0,,,,,,True,0.0,,,,1.0
107,02192,藝術行政細學類,二專,0,0,,,,,,True,0.0,,,,1.0
107,02199,其他藝術細學類,二專,0,0,,,,,,True,0.0,,,,1.0
107,02211,宗教細學類,二專,0,0,,,,,,True,0.0,,,,1.0
107,02221,歷史細學類,二專,0,0,,,,,,True,0.0,,,,1.0
107,02222,人類學及民族學細學類,二專,0,0,,,,,,True,0.0,,,,1.0
107,02231,哲學細學類,二專,0,0,,,,,,True,0.0,,,,1.0
107,02299,其他人文細學類,二專,14,8,,,,,,True,0.01442,,,,1.0
107,02311,外國語文細學類,二專,21,2,19.0,13.0,-2.0,11.0,1.10526,True,0.02163,-0.00046,2.21,-47.022,1.0
107,02312,翻譯細學類,二專,0,0,,,,,,True,0.0,,,,1.0
107,02313,華語文為第二語言細學類,二專,0,0,,,,,,True,0.0,,,,1.0
107,02321,臺灣語文細學類,二專,0,0,,,,,,True,0.0,,,,1.0
107,02322,中國語文細學類,二專,0,0,,,,,,True,0.0,,,,1.0
107,02323,華語文細學類,二專,0,0,,,,,,True,0.0,,,,1.0
107,02399,其他語文細學類,二專,0,0,,,,,,True,0.0,,,,1.0
107,03111,經濟學細學類,二專,0,0,,,,,,True,0.0,,,,1.0
107,03121,政治學細學類,二專,0,0,,,,,,True,0.0,,,,1.0
107,03122,國際關係細學類,二專,0,0,,,,,,True,0.0,,,,1.0
107,03131,心理學細學類,二專,0,0,,,,,,True,0.0,,,,1.0
107,03141,社會學細學類,二專,0,0,,,,,,True,0.0,,,,1.0
107,03142,地理學細學類,二專,0,0,,,,,,True,0.0,,,,1.0
107,03143,區域研究細學類,二專,0,0,,,,,,True,0.0,,,,1.0
107,03191,發展研究細學類,二專,0,0,,,,,,True,0.0,,,,1.0
107,03199,其他社會及行為科學細學類,二專,0,0,,,,,,True,0.0,,,,1.0
107,03211,大眾傳播細學類,二專,0,0,5.0,0.0,5.0,0.0,0.0,True,0.0,0.00115,-0.12,0.0,1.0
107,03212,新聞細學類,二專,0,0,,,,,,True,0.0,,,,1.0
107,03213,電子媒體細學類,二專,0,0,,,,,,True,0.0,,,,1.0
107,03214,傳播細學類,二專,0,0,,,,,,True,0.0,,,,1.0
107,03221,博物館細學類,二專,0,0,,,,,,True,0.0,,,,1.0
107,03222,圖書資訊檔案細學類,二專,0,0,,,,,,True,0.0,,,,1.0
107,03299,其他新聞學及圖書資訊細學類,二專,0,0,,,,,,True,0.0,,,,1.0
107,04111,會計及稅務細學類,二專,0,0,,,,,,True,0.0,,,,1.0
107,04121,財務金融細學類,二專,8,2,11.0,3.0,3.0,1.0,0.72727,True,0.00824,0.00069,0.76,11.942,1.0
107,04122,財政細學類,二專,0,0,,,,,,True,0.0,,,,1.0
107,04123,保險及風險管理細學類,二專,0,0,,,,,,True,0.0,,,,1.0
107,04131,企業管理細學類,二專,204,75,564.0,326.0,360.0,251.0,0.3617,True,0.21009,0.08291,12.72,2.534,1.0
107,04132,流通及供應鏈細學類,二專,9,4,10.0,31.0,1.0,27.0,0.9,True,0.00927,0.00023,0.9,40.304,1.0
107,04133,醫療管理細學類,二專,13,5,31.0,0.0,18.0,-5.0,0.41935,True,0.01339,0.00415,0.92,3.227,1.0
107,04134,公共行政細學類,二專,12,32,,,,,,True,0.01236,,,,1.0
107,04141,國際貿易細學類,二專,2,0,,,,,,True,0.00206,,,,1.0
107,04142,公共關係細學類,二專,0,0,,,,,,True,0.0,,,,1.0
107,04143,行銷及廣告細學類,二專,63,8,59.0,14.0,-4.0,6.0,1.0678,True,0.06488,-0.00092,6.58,-70.522,1.0
107,04191,一般商業細學類,二專,33,7,,,,,,True,0.03399,,,,1.0
107,04199,其他商業及管理細學類,二專,2,1,16.0,21.0,14.0,20.0,0.125,True,0.00206,0.00322,-0.12,0.64,1.0
107,04211,一般法律細學類,二專,0,0,,,,,,True,0.0,,,,1.0
107,04212,專業法律細學類,二專,0,0,,,,,,True,0.0,,,,1.0
107,05111,生物學細學類,二專,0,0,,,,,,True,0.0,,,,1.0
107,05121,生物科技細學類,二專,0,1,0.0,12.0,0.0,11.0,,True,0.0,0.0,0.0,,1.0
107,05122,微生物細學類,二專,0,0,,,,,,True,0.0,,,,1.0
107,05123,生物化學細學類,二專,0,0,,,,,,True,0.0,,,,1.0
107,05124,生物訊息及遺傳細學類,二專,0,0,,,,,,True,0.0,,,,1.0
107,05191,營養細學類,二專,0,0,,,,,,True,0.0,,,,1.0
107,05199,其他生命科學細學類,二專,0,0,,,,,,True,0.0,,,,1.0
107,05211,環境資源細學類,二專,0,0,,,,,,True,0.0,,,,1.0
107,05212,生態細學類,二專,0,0,,,,,,True,0.0,,,,1.0
107,05292,水土保持細學類,二專,0,0,,,,,,True,0.0,,,,1.0
107,05299,其他環境細學類,二專,0,0,,,,,,True,0.0,,,,1.0
107,05311,化學細學類,二專,0,0,,,,,,True,0.0,,,,1.0
107,05321,地球科學及環境細學類,二專,0,0,,,,,,True,0.0,,,,1.0
107,05322,大氣及太空科學細學類,二專,0,0,,,,,,True,0.0,,,,1.0
107,05323,海洋科學細學類,二專,0,0,,,,,,True,0.0,,,,1.0
107,05331,物理及應用物理細學類,二專,0,0,,,,,,True,0.0,,,,1.0
107,05399,其他物理、化學及地球科學細學類,二專,0,0,,,,,,True,0.0,,,,1.0
107,05411,數學細學類,二專,0,0,,,,,,True,0.0,,,,1.0
107,05421,統計細學類,二專,0,0,,,,,,True,0.0,,,,1.0
107,05499,其他數學及統計細學類,二專,0,0,,,,,,True,0.0,,,,1.0
107,06111,電腦運用細學類,二專,8,21,0.0,11.0,-8.0,-10.0,inf,True,0.00824,-0.00184,1.01,-4.478,1.0
107,06121,資料庫、網路設計及管理細學類,二專,2,1,64.0,22.0,62.0,21.0,0.03125,True,0.00206,0.01428,-1.22,0.144,1.0
107,06131,資訊技術細學類,二專,26,6,230.0,150.0,204.0,144.0,0.11304,True,0.02678,0.04698,-2.02,0.57,1.0
107,06132,軟體開發細學類,二專,0,0,,,,,,True,0.0,,,,1.0
107,06133,系統設計細學類,二專,0,0,,,,,,True,0.0,,,,1.0
107,06134,電算機應用細學類,二專,0,0,,,,,,True,0.0,,,,1.0
107,06199,其他資訊通訊科技細學類,二專,0,0,,,,,,True,0.0,,,,1.0
107,07111,化學工程細學類,二專,0,0,,,,,,True,0.0,,,,1.0
107,07112,材料工程細學類,二專,0,0,,,,,,True,0.0,,,,1.0
107,07121,環境工程細學類,二專,0,0,,,,,,True,0.0,,,,1.0
107,07122,河海工程細學類,二專,0,0,,,,,,True,0.0,,,,1.0
107,07132,能源工程細學類,二專,0,0,,,,,,True,0.0,,,,1.0
107,07141,電機與電子工程細學類,二專,4,4,129.0,115.0,125.0,111.0,0.03101,True,0.00412,0.02879,-2.47,0.143,1.0
107,07151,機械工程細學類,二專,5,30,37.0,24.0,32.0,-6.0,0.13514,True,0.00515,0.00737,-0.22,0.699,1.0
107,07161,車輛工程細學類,二專,14,2,141.0,50.0,127.0,48.0,0.09929,True,0.01442,0.02925,-1.48,0.493,1.0
107,07162,航空工程細學類,二專,0,0,,,,,,True,0.0,,,,1.0
107,07163,造船工程細學類,二專,4,4,86.0,42.0,82.0,38.0,0.04651,True,0.00412,0.01889,-1.48,0.218,1.0
107,07191,工業工程細學類,二專,9,7,36.0,50.0,27.0,43.0,0.25,True,0.00927,0.00622,0.31,1.49,1.0
107,07192,紡織工程細學類,二專,0,0,,,,,,True,0.0,,,,1.0
107,07193,生醫工程細學類,二專,0,0,,,,,,True,0.0,,,,1.0
107,07194,綜合工程細學類,二專,0,0,,,,,,True,0.0,,,,1.0
107,07199,其他工程及工程業細學類,二專,0,0,,,,,,True,0.0,,,,1.0
107,07211,食品科學細學類,二專,5,1,25.0,5.0,20.0,4.0,0.2,True,0.00515,0.00461,0.05,1.117,1.0
107,07311,建築細學類,二專,2,0,121.0,31.0,119.0,31.0,0.01653,True,0.00206,0.02741,-2.54,0.075,1.0
107,07312,景觀設計細學類,二專,1,0,,,,,,True,0.00103,,,,1.0
107,07313,都巿規劃細學類,二專,0,0,,,,,,True,0.0,,,,1.0
107,07321,土木工程細學類,二專,9,6,26.0,19.0,17.0,13.0,0.34615,True,0.00927,0.00392,0.54,2.365,1.0
107,07322,空間資訊及測繪細學類,二專,0,0,,,,,,True,0.0,,,,1.0
107,08111,農作物生產細學類,二專,0,0,,,,,,True,0.0,,,,1.0
107,08112,畜牧生產細學類,二專,0,0,,,,,,True,0.0,,,,1.0
107,08121,園藝細學類,二專,20,6,122.0,62.0,102.0,56.0,0.16393,True,0.0206,0.02349,-0.29,0.877,1.0
107,08191,農業化學細學類,二專,0,0,,,,,,True,0.0,,,,1.0
107,08192,農業生物技術細學類,二專,0,0,,,,,,True,0.0,,,,1.0
107,08193,農業經濟及推廣細學類,二專,0,0,,,,,,True,0.0,,,,1.0
107,08194,植物保護細學類,二專,0,0,,,,,,True,0.0,,,,1.0
107,08199,其他農業細學類,二專,0,0,,,,,,True,0.0,,,,1.0
107,08211,林業細學類,二專,0,0,,,,,,True,0.0,,,,1.0
107,08311,漁業科學細學類,二專,0,0,,,,,,True,0.0,,,,1.0
107,08312,水產養殖細學類,二專,0,0,,,,,,True,0.0,,,,1.0
107,08411,獸醫細學類,二專,0,0,,,,,,True,0.0,,,,1.0
107,09111,牙醫細學類,二專,2,2,239.0,98.0,237.0,96.0,0.00837,True,0.00206,0.05458,-5.25,0.038,1.0
107,09121,醫學細學類,二專,0,0,,,,,,True,0.0,,,,1.0
107,09131,護理及助產細學類,二專,18,5,46.0,14.0,28.0,9.0,0.3913,True,0.01854,0.00645,1.21,2.874,1.0
107,09141,醫學技術及檢驗細學類,二專,3,4,572.0,351.0,569.0,347.0,0.00524,True,0.00309,0.13105,-12.8,0.024,1.0
107,09151,物理治療細學類,二專,6,0,271.0,25.0,265.0,25.0,0.02214,True,0.00618,0.06103,-5.48,0.101,1.0
107,09152,職能治療細學類,二專,0,0,,,,,,True,0.0,,,,1.0
107,09153,語言治療與聽力細學類,二專,0,0,,,,,,True,0.0,,,,1.0
107,09159,其他治療及復健細學類,二專,0,0,,,,,,True,0.0,,,,1.0
107,09161,藥學細學類,二專,0,0,,,,,,True,0.0,,,,1.0
107,09171,傳統醫學、輔助醫學及治療細學類,二專,3,4,224.0,116.0,221.0,112.0,0.01339,True,0.00309,0.0509,-4.78,0.061,1.0
107,09191,公共衛生細學類,二專,0,0,,,,,,True,0.0,,,,1.0
107,09199,其他醫藥衛生細學類,二專,0,0,,,,,,True,0.0,,,,1.0
107,09211,老年照顧服務細學類,二專,13,4,241.0,158.0,228.0,154.0,0.05394,True,0.01339,0.05251,-3.91,0.255,1.0
107,09212,失能者照顧細學類,二專,0,0,,,,,,True,0.0,,,,1.0
107,09221,兒童及青少年照顧服務細學類,二專,50,11,352.0,192.0,302.0,181.0,0.14205,True,0.05149,0.06955,-1.81,0.74,1.0
107,09231,社會工作細學類,二專,118,13,,,,,,True,0.12152,,,,1.0
107,09299,其他社會福利細學類,二專,1,1,87.0,37.0,86.0,36.0,0.01149,True,0.00103,0.01981,-1.88,0.052,1.0
107,10111,家政服務細學類,二專,0,0,,,,,,True,0.0,,,,1.0
107,10121,美髮美容服務細學類,二專,35,13,430.0,181.0,395.0,168.0,0.0814,True,0.03605,0.09097,-5.49,0.396,1.0
107,10131,旅館及餐飲細學類,二專,70,11,309.0,205.0,239.0,194.0,0.22654,True,0.07209,0.05504,1.71,1.31,1.0
107,10141,競技運動細學類,二專,0,0,,,,,,True,0.0,,,,1.0
107,10142,運動科技細學類,二專,0,0,,,,,,True,0.0,,,,1.0
107,10151,旅遊觀光細學類,二專,48,35,65.0,70.0,17.0,35.0,0.73846,True,0.04943,0.00392,4.55,12.61,1.0
107,10152,遊憩、運動和休閒管理細學類,二專,74,12,310.0,46.0,236.0,34.0,0.23871,True,0.07621,0.05435,2.19,1.402,1.0
107,10199,其他餐旅及民生服務細學類,二專,21,12,120.0,67.0,99.0,55.0,0.175,True,0.02163,0.0228,-0.12,0.949,1.0
107,10221,職業衛生及安全細學類,二專,0,0,,,,,,True,0.0,,,,1.0
107,10321,警政細學類,二專,0,0,,,,,,True,0.0,,,,1.0
107,10411,運輸管理細學類,二專,0,0,,,,,,True,0.0,,,,1.0
107,10412,航運管理細學類,二專,0,0,,,,,,True,0.0,,,,1.0
107,10413,空運管理細學類,二專,0,0,,,,,,True,0.0,,,,1.0
107,10414,航海細學類,二專,1,3,70.0,39.0,69.0,36.0,0.01429,True,0.00103,0.01589,-1.49,0.065,1.0
107,10499,其他運輸服務細學類,二專,0,0,,,,,,True,0.0,,,,1.0
107,99999,其他細學類,二專,0,0,41.0,0.0,41.0,0.0,0.0,False,,,,,1.0
107,01111,綜合教育細學類,五專,0,0,,,,,,True,0.0,,,,1.0
107,01112,成人教育細學類,五專,0,0,,,,,,True,0.0,,,,1.0
107,01113,特殊教育細學類,五專,0,0,,,,,,True,0.0,,,,1.0
107,01114,教育行政細學類,五專,0,0,,,,,,True,0.0,,,,1.0
107,01115,課程與教學細學類,五專,0,0,,,,,,True,0.0,,,,1.0
107,01116,教育科技細學類,五專,0,0,,,,,,True,0.0,,,,1.0
107,01118,技職教育細學類,五專,0,0,,,,,,True,0.0,,,,1.0
107,01121,幼兒師資教育細學類,五專,0,0,,,,,,True,0.0,,,,1.0
107,01131,普通科目師資教育細學類,五專,0,0,,,,,,True,0.0,,,,1.0
107,01141,專業科目師資教育細學類,五專,0,0,,,,,,True,0.0,,,,1.0
107,01199,其他教育細學類,五專,0,0,,,,,,True,0.0,,,,1.0
107,02111,視覺藝術細學類,五專,4,0,463.0,75.0,459.0,75.0,0.00864,True,0.00096,0.00594,-0.5,0.162,1.0
107,02112,視覺傳達設計細學類,五專,21,5,786.0,177.0,765.0,172.0,0.02672,True,0.00503,0.00989,-0.49,0.509,1.0
107,02121,應用藝術細學類,五專,0,0,,,,,,True,0.0,,,,1.0
107,02122,綜合設計細學類,五專,10,0,323.0,48.0,313.0,48.0,0.03096,True,0.0024,0.00405,-0.16,0.593,1.0
107,02123,產品設計細學類,五專,21,1,455.0,80.0,434.0,79.0,0.04615,True,0.00503,0.00561,-0.06,0.897,1.0
107,02124,空間設計細學類,五專,13,0,380.0,0.0,367.0,0.0,0.03421,True,0.00312,0.00475,-0.16,0.657,1.0
107,02125,時尚設計與管理細學類,五專,0,0,7.0,0.0,7.0,0.0,0.0,True,0.0,9e-05,-0.01,0.0,1.0
107,02131,純藝術細學類,五專,4,0,533.0,0.0,529.0,0.0,0.0075,True,0.00096,0.00684,-0.59,0.14,1.0
107,02132,雕塑細學類,五專,0,0,,,,,,True,0.0,,,,1.0
107,02141,美術工藝細學類,五專,6,0,275.0,45.0,269.0,45.0,0.02182,True,0.00144,0.00348,-0.2,0.414,1.0
107,02151,音樂細學類,五專,10,0,530.0,0.0,520.0,0.0,0.01887,True,0.0024,0.00672,-0.43,0.357,1.0
107,02152,表演藝術細學類,五專,7,0,294.0,0.0,287.0,0.0,0.02381,True,0.00168,0.00371,-0.2,0.453,1.0
107,02191,綜合藝術細學類,五專,0,0,,,,,,True,0.0,,,,1.0
107,02192,藝術行政細學類,五專,0,0,,,,,,True,0.0,,,,1.0
107,02199,其他藝術細學類,五專,0,0,,,,,,True,0.0,,,,1.0
107,02211,宗教細學類,五專,0,0,,,,,,True,0.0,,,,1.0
107,02221,歷史細學類,五專,0,0,,,,,,True,0.0,,,,1.0
107,02222,人類學及民族學細學類,五專,0,0,,,,,,True,0.0,,,,1.0
107,02231,哲學細學類,五專,0,0,,,,,,True,0.0,,,,1.0
107,02299,其他人文細學類,五專,0,0,,,,,,True,0.0,,,,1.0
107,02311,外國語文細學類,五專,136,19,5505.0,970.0,5369.0,951.0,0.0247,True,0.0326,0.06944,-3.68,0.469,1.0
107,02312,翻譯細學類,五專,0,0,,,,,,True,0.0,,,,1.0
107,02313,華語文為第二語言細學類,五專,0,0,,,,,,True,0.0,,,,1.0
107,02321,臺灣語文細學類,五專,0,0,,,,,,True,0.0,,,,1.0
107,02322,中國語文細學類,五專,0,0,,,,,,True,0.0,,,,1.0
107,02323,華語文細學類,五專,0,0,,,,,,True,0.0,,,,1.0
107,02399,其他語文細學類,五專,0,0,,,,,,True,0.0,,,,1.0
107,03111,經濟學細學類,五專,0,0,,,,,,True,0.0,,,,1.0
107,03121,政治學細學類,五專,0,0,,,,,,True,0.0,,,,1.0
107,03122,國際關係細學類,五專,0,0,,,,,,True,0.0,,,,1.0
107,03131,心理學細學類,五專,0,0,,,,,,True,0.0,,,,1.0
107,03141,社會學細學類,五專,0,0,,,,,,True,0.0,,,,1.0
107,03142,地理學細學類,五專,0,0,,,,,,True,0.0,,,,1.0
107,03143,區域研究細學類,五專,0,0,,,,,,True,0.0,,,,1.0
107,03191,發展研究細學類,五專,0,0,,,,,,True,0.0,,,,1.0
107,03199,其他社會及行為科學細學類,五專,0,0,,,,,,True,0.0,,,,1.0
107,03211,大眾傳播細學類,五專,0,0,,,,,,True,0.0,,,,1.0
107,03212,新聞細學類,五專,0,0,,,,,,True,0.0,,,,1.0
107,03213,電子媒體細學類,五專,0,0,,,,,,True,0.0,,,,1.0
107,03214,傳播細學類,五專,0,0,,,,,,True,0.0,,,,1.0
107,03221,博物館細學類,五專,0,0,,,,,,True,0.0,,,,1.0
107,03222,圖書資訊檔案細學類,五專,0,0,,,,,,True,0.0,,,,1.0
107,03299,其他新聞學及圖書資訊細學類,五專,0,0,,,,,,True,0.0,,,,1.0
107,04111,會計及稅務細學類,五專,15,3,1002.0,171.0,987.0,168.0,0.01497,True,0.0036,0.01276,-0.92,0.282,1.0
107,04121,財務金融細學類,五專,9,2,577.0,107.0,568.0,105.0,0.0156,True,0.00216,0.00735,-0.52,0.294,1.0
107,04122,財政細學類,五專,6,1,248.0,48.0,242.0,47.0,0.02419,True,0.00144,0.00313,-0.17,0.46,1.0
107,04123,保險及風險管理細學類,五專,11,0,440.0,74.0,429.0,74.0,0.025,True,0.00264,0.00555,-0.29,0.476,1.0
107,04131,企業管理細學類,五專,16,1,1327.0,231.0,1311.0,230.0,0.01206,True,0.00384,0.01695,-1.31,0.227,1.0
107,04132,流通及供應鏈細學類,五專,5,1,215.0,53.0,210.0,52.0,0.02326,True,0.0012,0.00272,-0.15,0.441,1.0
107,04133,醫療管理細學類,五專,11,0,332.0,0.0,321.0,0.0,0.03313,True,0.00264,0.00415,-0.15,0.636,1.0
107,04134,公共行政細學類,五專,0,0,,,,,,True,0.0,,,,1.0
107,04141,國際貿易細學類,五專,12,7,915.0,195.0,903.0,188.0,0.01311,True,0.00288,0.01168,-0.88,0.247,1.0
107,04142,公共關係細學類,五專,0,0,,,,,,True,0.0,,,,1.0
107,04143,行銷及廣告細學類,五專,0,0,,,,,,True,0.0,,,,1.0
107,04191,一般商業細學類,五專,5,0,277.0,54.0,272.0,54.0,0.01805,True,0.0012,0.00352,-0.23,0.341,1.0
107,04199,其他商業及管理細學類,五專,2,1,126.0,21.0,124.0,20.0,0.01587,True,0.00048,0.0016,-0.11,0.3,1.0
107,04211,一般法律細學類,五專,0,0,,,,,,True,0.0,,,,1.0
107,04212,專業法律細學類,五專,0,0,,,,,,True,0.0,,,,1.0
107,05111,生物學細學類,五專,0,0,,,,,,True,0.0,,,,1.0
107,05121,生物科技細學類,五專,0,0,118.0,0.0,118.0,0.0,0.0,True,0.0,0.00153,-0.15,0.0,1.0
107,05122,微生物細學類,五專,0,0,,,,,,True,0.0,,,,1.0
107,05123,生物化學細學類,五專,0,0,,,,,,True,0.0,,,,1.0
107,05124,生物訊息及遺傳細學類,五專,0,0,,,,,,True,0.0,,,,1.0
107,05191,營養細學類,五專,8,2,591.0,85.0,583.0,83.0,0.01354,True,0.00192,0.00754,-0.56,0.255,1.0
107,05199,其他生命科學細學類,五專,0,0,,,,,,True,0.0,,,,1.0
107,05211,環境資源細學類,五專,0,0,,,,,,True,0.0,,,,1.0
107,05212,生態細學類,五專,0,0,,,,,,True,0.0,,,,1.0
107,05292,水土保持細學類,五專,0,0,,,,,,True,0.0,,,,1.0
107,05299,其他環境細學類,五專,0,0,,,,,,True,0.0,,,,1.0
107,05311,化學細學類,五專,0,0,,,,,,True,0.0,,,,1.0
107,05321,地球科學及環境細學類,五專,0,0,,,,,,True,0.0,,,,1.0
107,05322,大氣及太空科學細學類,五專,0,0,,,,,,True,0.0,,,,1.0
107,05323,海洋科學細學類,五專,0,0,,,,,,True,0.0,,,,1.0
107,05331,物理及應用物理細學類,五專,0,0,,,,,,True,0.0,,,,1.0
107,05399,其他物理、化學及地球科學細學類,五專,0,0,,,,,,True,0.0,,,,1.0
107,05411,數學細學類,五專,0,0,,,,,,True,0.0,,,,1.0
107,05421,統計細學類,五專,0,0,,,,,,True,0.0,,,,1.0
107,05499,其他數學及統計細學類,五專,0,0,,,,,,True,0.0,,,,1.0
107,06111,電腦運用細學類,五專,0,0,,,,,,True,0.0,,,,1.0
107,06121,資料庫、網路設計及管理細學類,五專,0,0,74.0,14.0,74.0,14.0,0.0,True,0.0,0.00096,-0.1,0.0,1.0
107,06131,資訊技術細學類,五專,24,6,1967.0,309.0,1943.0,303.0,0.0122,True,0.00575,0.02513,-1.94,0.229,1.0
107,06132,軟體開發細學類,五專,5,1,325.0,55.0,320.0,54.0,0.01538,True,0.0012,0.00414,-0.29,0.29,1.0
107,06133,系統設計細學類,五專,0,0,,,,,,True,0.0,,,,1.0
107,06134,電算機應用細學類,五專,3,0,80.0,33.0,77.0,33.0,0.0375,True,0.00072,0.001,-0.03,0.72,1.0
107,06199,其他資訊通訊科技細學類,五專,0,0,,,,,,True,0.0,,,,1.0
107,07111,化學工程細學類,五專,0,0,,,,,,True,0.0,,,,1.0
107,07112,材料工程細學類,五專,4,0,126.0,0.0,122.0,0.0,0.03175,True,0.00096,0.00158,-0.06,0.608,1.0
107,07121,環境工程細學類,五專,0,0,,,,,,True,0.0,,,,1.0
107,07122,河海工程細學類,五專,0,0,,,,,,True,0.0,,,,1.0
107,07132,能源工程細學類,五專,0,0,,,,,,True,0.0,,,,1.0
107,07141,電機與電子工程細學類,五專,23,5,1744.0,248.0,1721.0,243.0,0.01319,True,0.00551,0.02226,-1.67,0.248,1.0
107,07151,機械工程細學類,五專,19,1,1133.0,146.0,1114.0,145.0,0.01677,True,0.00455,0.01441,-0.99,0.316,1.0
107,07161,車輛工程細學類,五專,6,0,135.0,0.0,129.0,0.0,0.04444,True,0.00144,0.00167,-0.02,0.862,1.0
107,07162,航空工程細學類,五專,0,0,,,,,,True,0.0,,,,1.0
107,07163,造船工程細學類,五專,0,0,,,,,,True,0.0,,,,1.0
107,07191,工業工程細學類,五專,1,0,189.0,30.0,188.0,30.0,0.00529,True,0.00024,0.00243,-0.22,0.099,1.0
107,07192,紡織工程細學類,五專,0,0,,,,,,True,0.0,,,,1.0
107,07193,生醫工程細學類,五專,0,0,,,,,,True,0.0,,,,1.0
107,07194,綜合工程細學類,五專,0,0,,,,,,True,0.0,,,,1.0
107,07199,其他工程及工程業細學類,五專,0,0,,,,,,True,0.0,,,,1.0
107,07211,食品科學細學類,五專,30,2,142.0,14.0,112.0,12.0,0.21127,True,0.00719,0.00145,0.57,4.959,1.0
107,07311,建築細學類,五專,3,0,199.0,14.0,196.0,14.0,0.01508,True,0.00072,0.00253,-0.18,0.285,1.0
107,07312,景觀設計細學類,五專,0,0,,,,,,True,0.0,,,,1.0
107,07313,都巿規劃細學類,五專,0,0,,,,,,True,0.0,,,,1.0
107,07321,土木工程細學類,五專,4,0,273.0,44.0,269.0,44.0,0.01465,True,0.00096,0.00348,-0.25,0.276,1.0
107,07322,空間資訊及測繪細學類,五專,0,0,,,,,,True,0.0,,,,1.0
107,08111,農作物生產細學類,五專,0,0,,,,,,True,0.0,,,,1.0
107,08112,畜牧生產細學類,五專,0,0,,,,,,True,0.0,,,,1.0
107,08121,園藝細學類,五專,14,1,67.0,19.0,53.0,18.0,0.20896,True,0.00336,0.00069,0.27,4.87,1.0
107,08191,農業化學細學類,五專,0,0,,,,,,True,0.0,,,,1.0
107,08192,農業生物技術細學類,五專,0,0,,,,,,True,0.0,,,,1.0
107,08193,農業經濟及推廣細學類,五專,0,0,,,,,,True,0.0,,,,1.0
107,08194,植物保護細學類,五專,0,0,,,,,,True,0.0,,,,1.0
107,08199,其他農業細學類,五專,0,0,,,,,,True,0.0,,,,1.0
107,08211,林業細學類,五專,0,0,,,,,,True,0.0,,,,1.0
107,08311,漁業科學細學類,五專,0,0,44.0,0.0,44.0,0.0,0.0,True,0.0,0.00057,-0.06,0.0,1.0
107,08312,水產養殖細學類,五專,0,0,,,,,,True,0.0,,,,1.0
107,08411,獸醫細學類,五專,0,0,,,,,,True,0.0,,,,1.0
107,09111,牙醫細學類,五專,35,2,1614.0,210.0,1579.0,208.0,0.02169,True,0.00839,0.02042,-1.2,0.411,1.0
107,09121,醫學細學類,五專,0,0,,,,,,True,0.0,,,,1.0
107,09131,護理及助產細學類,五專,2406,326,32107.0,5945.0,29701.0,5619.0,0.07494,True,0.5767,0.38411,19.26,1.501,1.0
107,09141,醫學技術及檢驗細學類,五專,113,13,4522.0,644.0,4409.0,631.0,0.02499,True,0.02709,0.05702,-2.99,0.475,1.0
107,09151,物理治療細學類,五專,114,10,1872.0,305.0,1758.0,295.0,0.0609,True,0.02733,0.02274,0.46,1.202,1.0
107,09152,職能治療細學類,五專,13,1,516.0,66.0,503.0,65.0,0.02519,True,0.00312,0.00651,-0.34,0.479,1.0
107,09153,語言治療與聽力細學類,五專,0,0,,,,,,True,0.0,,,,1.0
107,09159,其他治療及復健細學類,五專,41,3,1467.0,218.0,1426.0,215.0,0.02795,True,0.00983,0.01844,-0.86,0.533,1.0
107,09161,藥學細學類,五專,1,0,109.0,0.0,108.0,0.0,0.00917,True,0.00024,0.0014,-0.12,0.171,1.0
107,09171,傳統醫學、輔助醫學及治療細學類,五專,0,0,41.0,0.0,41.0,0.0,0.0,True,0.0,0.00053,-0.05,0.0,1.0
107,09191,公共衛生細學類,五專,1,1,290.0,60.0,289.0,59.0,0.00345,True,0.00024,0.00374,-0.35,0.064,1.0
107,09199,其他醫藥衛生細學類,五專,5,0,140.0,0.0,135.0,0.0,0.03571,True,0.0012,0.00175,-0.06,0.686,1.0
107,09211,老年照顧服務細學類,五專,18,0,851.0,78.0,833.0,78.0,0.02115,True,0.00431,0.01077,-0.65,0.4,1.0
107,09212,失能者照顧細學類,五專,0,0,,,,,,True,0.0,,,,1.0
107,09221,兒童及青少年照顧服務細學類,五專,365,47,2993.0,480.0,2628.0,433.0,0.12195,True,0.08749,0.03399,5.35,2.574,1.0
107,09231,社會工作細學類,五專,0,0,,,,,,True,0.0,,,,1.0
107,09299,其他社會福利細學類,五專,19,0,226.0,0.0,207.0,0.0,0.08407,True,0.00455,0.00268,0.19,1.698,1.0
107,10111,家政服務細學類,五專,0,0,6.0,5.0,6.0,5.0,0.0,True,0.0,8e-05,-0.01,0.0,1.0
107,10121,美髮美容服務細學類,五專,204,23,4751.0,860.0,4547.0,837.0,0.04294,True,0.0489,0.0588,-0.99,0.832,1.0
107,10131,旅館及餐飲細學類,五專,207,20,4979.0,829.0,4772.0,809.0,0.04157,True,0.04962,0.06171,-1.21,0.804,1.0
107,10141,競技運動細學類,五專,0,0,,,,,,True,0.0,,,,1.0
107,10142,運動科技細學類,五專,0,0,,,,,,True,0.0,,,,1.0
107,10151,旅遊觀光細學類,五專,48,6,1082.0,175.0,1034.0,169.0,0.04436,True,0.01151,0.01337,-0.19,0.861,1.0
107,10152,遊憩、運動和休閒管理細學類,五專,54,11,806.0,173.0,752.0,162.0,0.067,True,0.01294,0.00973,0.32,1.33,1.0
107,10199,其他餐旅及民生服務細學類,五專,48,5,470.0,50.0,422.0,45.0,0.10213,True,0.01151,0.00546,0.6,2.108,1.0
107,10221,職業衛生及安全細學類,五專,0,0,,,,,,True,0.0,,,,1.0
107,10321,警政細學類,五專,0,0,,,,,,True,0.0,,,,1.0
107,10411,運輸管理細學類,五專,0,0,,,,,,True,0.0,,,,1.0
107,10412,航運管理細學類,五專,4,0,176.0,27.0,172.0,27.0,0.02273,True,0.00096,0.00222,-0.13,0.432,1.0
107,10413,空運管理細學類,五專,0,0,,,,,,True,0.0,,,,1.0
107,10414,航海細學類,五專,8,1,261.0,32.0,253.0,31.0,0.03065,True,0.00192,0.00327,-0.13,0.587,1.0
107,10499,其他運輸服務細學類,五專,0,0,,,,,,True,0.0,,,,1.0
107,99999,其他細學類,五專,0,0,,,,,,False,,,,,1.0
107,01111,綜合教育細學類,博士班,24,2,1053.0,121.0,1029.0,119.0,0.02279,True,0.16438,0.03702,12.74,4.44,1.0
107,01112,成人教育細學類,博士班,0,0,86.0,15.0,86.0,15.0,0.0,True,0.0,0.00309,-0.31,0.0,1.0
107,01113,特殊教育細學類,博士班,2,0,135.0,12.0,133.0,12.0,0.01481,True,0.0137,0.00479,0.89,2.86,1.0
107,01114,教育行政細學類,博士班,9,1,273.0,42.0,264.0,41.0,0.03297,True,0.06164,0.0095,5.21,6.488,1.0
107,01115,課程與教學細學類,博士班,2,0,142.0,11.0,140.0,11.0,0.01408,True,0.0137,0.00504,0.87,2.718,1.0
107,01116,教育科技細學類,博士班,1,0,39.0,7.0,38.0,7.0,0.02564,True,0.00685,0.00137,0.55,5.0,1.0
107,01118,技職教育細學類,博士班,0,0,252.0,27.0,252.0,27.0,0.0,True,0.0,0.00907,-0.91,0.0,1.0
107,01121,幼兒師資教育細學類,博士班,0,0,,,,,,True,0.0,,,,1.0
107,01131,普通科目師資教育細學類,博士班,2,0,135.0,17.0,133.0,17.0,0.01481,True,0.0137,0.00479,0.89,2.86,1.0
107,01141,專業科目師資教育細學類,博士班,3,2,502.0,59.0,499.0,57.0,0.00598,True,0.02055,0.01795,0.26,1.145,1.0
107,01199,其他教育細學類,博士班,1,0,65.0,4.0,64.0,4.0,0.01538,True,0.00685,0.0023,0.46,2.978,1.0
107,02111,視覺藝術細學類,博士班,0,0,8.0,0.0,8.0,0.0,0.0,True,0.0,0.00029,-0.03,0.0,1.0
107,02112,視覺傳達設計細學類,博士班,0,0,70.0,5.0,70.0,5.0,0.0,True,0.0,0.00252,-0.25,0.0,1.0
107,02121,應用藝術細學類,博士班,0,0,12.0,0.0,12.0,0.0,0.0,True,0.0,0.00043,-0.04,0.0,1.0
107,02122,綜合設計細學類,博士班,2,0,503.0,35.0,501.0,35.0,0.00398,True,0.0137,0.01803,-0.43,0.76,1.0
107,02123,產品設計細學類,博士班,1,0,57.0,7.0,56.0,7.0,0.01754,True,0.00685,0.00201,0.48,3.408,1.0
107,02124,空間設計細學類,博士班,0,0,,,,,,True,0.0,,,,1.0
107,02125,時尚設計與管理細學類,博士班,0,0,,,,,,True,0.0,,,,1.0
107,02131,純藝術細學類,博士班,1,0,204.0,18.0,203.0,18.0,0.0049,True,0.00685,0.0073,-0.04,0.938,1.0
107,02132,雕塑細學類,博士班,0,0,,,,,,True,0.0,,,,1.0
107,02141,美術工藝細學類,博士班,0,0,,,,,,True,0.0,,,,1.0
107,02151,音樂細學類,博士班,0,0,105.0,9.0,105.0,9.0,0.0,True,0.0,0.00378,-0.38,0.0,1.0
107,02152,表演藝術細學類,博士班,1,0,34.0,1.0,33.0,1.0,0.02941,True,0.00685,0.00119,0.57,5.756,1.0
107,02191,綜合藝術細學類,博士班,0,0,49.0,4.0,49.0,4.0,0.0,True,0.0,0.00176,-0.18,0.0,1.0
107,02192,藝術行政細學類,博士班,0,0,31.0,2.0,31.0,2.0,0.0,True,0.0,0.00112,-0.11,0.0,1.0
107,02199,其他藝術細學類,博士班,0,0,,,,,,True,0.0,,,,1.0
107,02211,宗教細學類,博士班,1,0,116.0,7.0,115.0,7.0,0.00862,True,0.00685,0.00414,0.27,1.655,1.0
107,02221,歷史細學類,博士班,0,0,308.0,26.0,308.0,26.0,0.0,True,0.0,0.01108,-1.11,0.0,1.0
107,02222,人類學及民族學細學類,博士班,10,1,82.0,5.0,72.0,4.0,0.12195,True,0.06849,0.00259,6.59,26.444,1.0
107,02231,哲學細學類,博士班,0,0,186.0,18.0,186.0,18.0,0.0,True,0.0,0.00669,-0.67,0.0,1.0
107,02299,其他人文細學類,博士班,2,0,158.0,7.0,156.0,7.0,0.01266,True,0.0137,0.00561,0.81,2.442,1.0
107,02311,外國語文細學類,博士班,0,0,223.0,36.0,223.0,36.0,0.0,True,0.0,0.00802,-0.8,0.0,1.0
107,02312,翻譯細學類,博士班,0,0,28.0,2.0,28.0,2.0,0.0,True,0.0,0.00101,-0.1,0.0,1.0
107,02313,華語文為第二語言細學類,博士班,0,0,35.0,3.0,35.0,3.0,0.0,True,0.0,0.00126,-0.13,0.0,1.0
107,02321,臺灣語文細學類,博士班,12,0,125.0,7.0,113.0,7.0,0.096,True,0.08219,0.00407,7.81,20.194,1.0
107,02322,中國語文細學類,博士班,4,0,975.0,116.0,971.0,116.0,0.0041,True,0.0274,0.03494,-0.75,0.784,1.0
107,02323,華語文細學類,博士班,0,0,19.0,1.0,19.0,1.0,0.0,True,0.0,0.00068,-0.07,0.0,1.0
107,02399,其他語文細學類,博士班,3,0,84.0,9.0,81.0,9.0,0.03571,True,0.02055,0.00291,1.76,7.062,1.0
107,03111,經濟學細學類,博士班,0,0,148.0,13.0,148.0,13.0,0.0,True,0.0,0.00532,-0.53,0.0,1.0
107,03121,政治學細學類,博士班,1,0,332.0,15.0,331.0,15.0,0.00301,True,0.00685,0.01191,-0.51,0.575,1.0
107,03122,國際關係細學類,博士班,0,0,97.0,4.0,97.0,4.0,0.0,True,0.0,0.00349,-0.35,0.0,1.0
107,03131,心理學細學類,博士班,2,0,301.0,28.0,299.0,28.0,0.00664,True,0.0137,0.01076,0.29,1.273,1.0
107,03141,社會學細學類,博士班,1,0,84.0,4.0,83.0,4.0,0.0119,True,0.00685,0.00299,0.39,2.291,1.0
107,03142,地理學細學類,博士班,2,0,116.0,11.0,114.0,11.0,0.01724,True,0.0137,0.0041,0.96,3.341,1.0
107,03143,區域研究細學類,博士班,0,0,258.0,25.0,258.0,25.0,0.0,True,0.0,0.00928,-0.93,0.0,1.0
107,03191,發展研究細學類,博士班,0,0,97.0,7.0,97.0,7.0,0.0,True,0.0,0.00349,-0.35,0.0,1.0
107,03199,其他社會及行為科學細學類,博士班,0,0,76.0,5.0,76.0,5.0,0.0,True,0.0,0.00273,-0.27,0.0,1.0
107,03211,大眾傳播細學類,博士班,0,0,28.0,0.0,28.0,0.0,0.0,True,0.0,0.00101,-0.1,0.0,1.0
107,03212,新聞細學類,博士班,0,0,,,,,,True,0.0,,,,1.0
107,03213,電子媒體細學類,博士班,0,0,,,,,,True,0.0,,,,1.0
107,03214,傳播細學類,博士班,3,1,62.0,12.0,59.0,11.0,0.04839,True,0.02055,0.00212,1.84,9.693,1.0
107,03221,博物館細學類,博士班,0,0,,,,,,True,0.0,,,,1.0
107,03222,圖書資訊檔案細學類,博士班,0,0,46.0,2.0,46.0,2.0,0.0,True,0.0,0.00166,-0.17,0.0,1.0
107,03299,其他新聞學及圖書資訊細學類,博士班,0,0,,,,,,True,0.0,,,,1.0
107,04111,會計及稅務細學類,博士班,1,0,76.0,14.0,75.0,14.0,0.01316,True,0.00685,0.0027,0.42,2.537,1.0
107,04121,財務金融細學類,博士班,0,1,418.0,52.0,418.0,51.0,0.0,True,0.0,0.01504,-1.5,0.0,1.0
107,04122,財政細學類,博士班,0,0,10.0,0.0,10.0,0.0,0.0,True,0.0,0.00036,-0.04,0.0,1.0
107,04123,保險及風險管理細學類,博士班,0,0,16.0,3.0,16.0,3.0,0.0,True,0.0,0.00058,-0.06,0.0,1.0
107,04131,企業管理細學類,博士班,9,0,1469.0,147.0,1460.0,147.0,0.00613,True,0.06164,0.05253,0.91,1.173,1.0
107,04132,流通及供應鏈細學類,博士班,0,0,,,,,,True,0.0,,,,1.0
107,04133,醫療管理細學類,博士班,0,0,,,,,,True,0.0,,,,1.0
107,04134,公共行政細學類,博士班,2,0,107.0,11.0,105.0,11.0,0.01869,True,0.0137,0.00378,0.99,3.624,1.0
107,04141,國際貿易細學類,博士班,0,0,49.0,1.0,49.0,1.0,0.0,True,0.0,0.00176,-0.18,0.0,1.0
107,04142,公共關係細學類,博士班,0,0,,,,,,True,0.0,,,,1.0
107,04143,行銷及廣告細學類,博士班,0,0,,,,,,True,0.0,,,,1.0
107,04191,一般商業細學類,博士班,0,0,267.0,45.0,267.0,45.0,0.0,True,0.0,0.00961,-0.96,0.0,1.0
107,04199,其他商業及管理細學類,博士班,3,0,499.0,49.0,496.0,49.0,0.00601,True,0.02055,0.01785,0.27,1.151,1.0
107,04211,一般法律細學類,博士班,1,0,273.0,14.0,272.0,14.0,0.00366,True,0.00685,0.00979,-0.29,0.7,1.0
107,04212,專業法律細學類,博士班,0,0,124.0,7.0,124.0,7.0,0.0,True,0.0,0.00446,-0.45,0.0,1.0
107,05111,生物學細學類,博士班,1,0,238.0,38.0,237.0,38.0,0.0042,True,0.00685,0.00853,-0.17,0.803,1.0
107,05121,生物科技細學類,博士班,1,0,839.0,143.0,838.0,143.0,0.00119,True,0.00685,0.03015,-2.33,0.227,1.0
107,05122,微生物細學類,博士班,0,0,29.0,2.0,29.0,2.0,0.0,True,0.0,0.00104,-0.1,0.0,1.0
107,05123,生物化學細學類,博士班,0,0,178.0,50.0,178.0,50.0,0.0,True,0.0,0.0064,-0.64,0.0,1.0
107,05124,生物訊息及遺傳細學類,博士班,0,0,126.0,31.0,126.0,31.0,0.0,True,0.0,0.00453,-0.45,0.0,1.0
107,05191,營養細學類,博士班,2,0,90.0,9.0,88.0,9.0,0.02222,True,0.0137,0.00317,1.05,4.322,1.0
107,05199,其他生命科學細學類,博士班,0,0,25.0,0.0,25.0,0.0,0.0,True,0.0,0.0009,-0.09,0.0,1.0
107,05211,環境資源細學類,博士班,0,0,45.0,4.0,45.0,4.0,0.0,True,0.0,0.00162,-0.16,0.0,1.0
107,05212,生態細學類,博士班,0,0,18.0,3.0,18.0,3.0,0.0,True,0.0,0.00065,-0.06,0.0,1.0
107,05292,水土保持細學類,博士班,1,0,35.0,3.0,34.0,3.0,0.02857,True,0.00685,0.00122,0.56,5.615,1.0
107,05299,其他環境細學類,博士班,0,0,,,,,,True,0.0,,,,1.0
107,05311,化學細學類,博士班,1,0,646.0,121.0,645.0,121.0,0.00155,True,0.00685,0.02321,-1.64,0.295,1.0
107,05321,地球科學及環境細學類,博士班,0,0,186.0,16.0,186.0,16.0,0.0,True,0.0,0.00669,-0.67,0.0,1.0
107,05322,大氣及太空科學細學類,博士班,0,0,75.0,6.0,75.0,6.0,0.0,True,0.0,0.0027,-0.27,0.0,1.0
107,05323,海洋科學細學類,博士班,0,0,84.0,11.0,84.0,11.0,0.0,True,0.0,0.00302,-0.3,0.0,1.0
107,05331,物理及應用物理細學類,博士班,0,0,546.0,86.0,546.0,86.0,0.0,True,0.0,0.01964,-1.96,0.0,1.0
107,05399,其他物理、化學及地球科學細學類,博士班,1,0,121.0,11.0,120.0,11.0,0.00826,True,0.00685,0.00432,0.25,1.586,1.0
107,05411,數學細學類,博士班,0,0,153.0,28.0,153.0,28.0,0.0,True,0.0,0.0055,-0.55,0.0,1.0
107,05421,統計細學類,博士班,0,0,44.0,5.0,44.0,5.0,0.0,True,0.0,0.00158,-0.16,0.0,1.0
107,05499,其他數學及統計細學類,博士班,0,0,,,,,,True,0.0,,,,1.0
107,06111,電腦運用細學類,博士班,0,0,13.0,0.0,13.0,0.0,0.0,True,0.0,0.00047,-0.05,0.0,1.0
107,06121,資料庫、網路設計及管理細學類,博士班,0,0,7.0,0.0,7.0,0.0,0.0,True,0.0,0.00025,-0.02,0.0,1.0
107,06131,資訊技術細學類,博士班,1,0,1179.0,133.0,1178.0,133.0,0.00085,True,0.00685,0.04238,-3.55,0.162,1.0
107,06132,軟體開發細學類,博士班,0,0,24.0,1.0,24.0,1.0,0.0,True,0.0,0.00086,-0.09,0.0,1.0
107,06133,系統設計細學類,博士班,0,0,,,,,,True,0.0,,,,1.0
107,06134,電算機應用細學類,博士班,0,0,75.0,6.0,75.0,6.0,0.0,True,0.0,0.0027,-0.27,0.0,1.0
107,06199,其他資訊通訊科技細學類,博士班,0,0,6.0,1.0,6.0,1.0,0.0,True,0.0,0.00022,-0.02,0.0,1.0
107,07111,化學工程細學類,博士班,1,0,532.0,102.0,531.0,102.0,0.00188,True,0.00685,0.0191,-1.22,0.359,1.0
107,07112,材料工程細學類,博士班,1,0,729.0,112.0,728.0,112.0,0.00137,True,0.00685,0.02619,-1.93,0.262,1.0
107,07121,環境工程細學類,博士班,0,0,264.0,30.0,264.0,30.0,0.0,True,0.0,0.0095,-0.95,0.0,1.0
107,07122,河海工程細學類,博士班,0,0,105.0,13.0,105.0,13.0,0.0,True,0.0,0.00378,-0.38,0.0,1.0
107,07132,能源工程細學類,博士班,0,0,158.0,17.0,158.0,17.0,0.0,True,0.0,0.00568,-0.57,0.0,1.0
107,07141,電機與電子工程細學類,博士班,4,1,2529.0,324.0,2525.0,323.0,0.00158,True,0.0274,0.09085,-6.35,0.302,1.0
107,07151,機械工程細學類,博士班,0,0,1116.0,136.0,1116.0,136.0,0.0,True,0.0,0.04015,-4.01,0.0,1.0
107,07161,車輛工程細學類,博士班,0,0,,,,,,True,0.0,,,,1.0
107,07162,航空工程細學類,博士班,0,0,39.0,7.0,39.0,7.0,0.0,True,0.0,0.0014,-0.14,0.0,1.0
107,07163,造船工程細學類,博士班,0,0,51.0,4.0,51.0,4.0,0.0,True,0.0,0.00183,-0.18,0.0,1.0
107,07191,工業工程細學類,博士班,1,0,349.0,40.0,348.0,40.0,0.00287,True,0.00685,0.01252,-0.57,0.547,1.0
107,07192,紡織工程細學類,博士班,0,0,17.0,5.0,17.0,5.0,0.0,True,0.0,0.00061,-0.06,0.0,1.0
107,07193,生醫工程細學類,博士班,3,0,546.0,69.0,543.0,69.0,0.00549,True,0.02055,0.01954,0.1,1.052,1.0
107,07194,綜合工程細學類,博士班,1,0,317.0,49.0,316.0,49.0,0.00315,True,0.00685,0.01137,-0.45,0.602,1.0
107,07199,其他工程及工程業細學類,博士班,0,0,1.0,0.0,1.0,0.0,0.0,True,0.0,4e-05,-0.0,0.0,1.0
107,07211,食品科學細學類,博士班,1,0,143.0,18.0,142.0,18.0,0.00699,True,0.00685,0.00511,0.17,1.341,1.0
107,07311,建築細學類,博士班,0,0,170.0,18.0,170.0,18.0,0.0,True,0.0,0.00612,-0.61,0.0,1.0
107,07312,景觀設計細學類,博士班,0,0,,,,,,True,0.0,,,,1.0
107,07313,都巿規劃細學類,博士班,1,0,72.0,3.0,71.0,3.0,0.01389,True,0.00685,0.00255,0.43,2.686,1.0
107,07321,土木工程細學類,博士班,1,0,610.0,79.0,609.0,79.0,0.00164,True,0.00685,0.02191,-1.51,0.313,1.0
107,07322,空間資訊及測繪細學類,博士班,0,0,34.0,2.0,34.0,2.0,0.0,True,0.0,0.00122,-0.12,0.0,1.0
107,08111,農作物生產細學類,博士班,2,0,84.0,4.0,82.0,4.0,0.02381,True,0.0137,0.00295,1.08,4.644,1.0
107,08112,畜牧生產細學類,博士班,1,0,55.0,9.0,54.0,9.0,0.01818,True,0.00685,0.00194,0.49,3.531,1.0
107,08121,園藝細學類,博士班,0,0,64.0,6.0,64.0,6.0,0.0,True,0.0,0.0023,-0.23,0.0,1.0
107,08191,農業化學細學類,博士班,0,0,30.0,3.0,30.0,3.0,0.0,True,0.0,0.00108,-0.11,0.0,1.0
107,08192,農業生物技術細學類,博士班,0,0,1.0,0.0,1.0,0.0,0.0,True,0.0,4e-05,-0.0,0.0,1.0
107,08193,農業經濟及推廣細學類,博士班,0,0,29.0,2.0,29.0,2.0,0.0,True,0.0,0.00104,-0.1,0.0,1.0
107,08194,植物保護細學類,博士班,1,0,32.0,4.0,31.0,4.0,0.03125,True,0.00685,0.00112,0.57,6.116,1.0
107,08199,其他農業細學類,博士班,0,0,91.0,2.0,91.0,2.0,0.0,True,0.0,0.00327,-0.33,0.0,1.0
107,08211,林業細學類,博士班,0,0,47.0,6.0,47.0,6.0,0.0,True,0.0,0.00169,-0.17,0.0,1.0
107,08311,漁業科學細學類,博士班,0,0,36.0,3.0,36.0,3.0,0.0,True,0.0,0.0013,-0.13,0.0,1.0
107,08312,水產養殖細學類,博士班,0,0,41.0,5.0,41.0,5.0,0.0,True,0.0,0.00148,-0.15,0.0,1.0
107,08411,獸醫細學類,博士班,0,0,95.0,19.0,95.0,19.0,0.0,True,0.0,0.00342,-0.34,0.0,1.0
107,09111,牙醫細學類,博士班,0,0,121.0,27.0,121.0,27.0,0.0,True,0.0,0.00435,-0.43,0.0,1.0
107,09121,醫學細學類,博士班,5,0,1723.0,235.0,1718.0,235.0,0.0029,True,0.03425,0.06181,-2.76,0.554,1.0
107,09131,護理及助產細學類,博士班,3,0,361.0,51.0,358.0,51.0,0.00831,True,0.02055,0.01288,0.77,1.595,1.0
107,09141,醫學技術及檢驗細學類,博士班,0,0,159.0,20.0,159.0,20.0,0.0,True,0.0,0.00572,-0.57,0.0,1.0
107,09151,物理治療細學類,博士班,1,1,58.0,4.0,57.0,3.0,0.01724,True,0.00685,0.00205,0.48,3.341,1.0
107,09152,職能治療細學類,博士班,0,0,15.0,5.0,15.0,5.0,0.0,True,0.0,0.00054,-0.05,0.0,1.0
107,09153,語言治療與聽力細學類,博士班,0,0,,,,,,True,0.0,,,,1.0
107,09159,其他治療及復健細學類,博士班,0,0,28.0,9.0,28.0,9.0,0.0,True,0.0,0.00101,-0.1,0.0,1.0
107,09161,藥學細學類,博士班,1,0,266.0,41.0,265.0,41.0,0.00376,True,0.00685,0.00953,-0.27,0.719,1.0
107,09171,傳統醫學、輔助醫學及治療細學類,博士班,0,0,48.0,6.0,48.0,6.0,0.0,True,0.0,0.00173,-0.17,0.0,1.0
107,09191,公共衛生細學類,博士班,0,0,496.0,57.0,496.0,57.0,0.0,True,0.0,0.01785,-1.78,0.0,1.0
107,09199,其他醫藥衛生細學類,博士班,0,0,44.0,6.0,44.0,6.0,0.0,True,0.0,0.00158,-0.16,0.0,1.0
107,09211,老年照顧服務細學類,博士班,0,0,,,,,,True,0.0,,,,1.0
107,09212,失能者照顧細學類,博士班,0,0,,,,,,True,0.0,,,,1.0
107,09221,兒童及青少年照顧服務細學類,博士班,0,0,,,,,,True,0.0,,,,1.0
107,09231,社會工作細學類,博士班,2,0,129.0,13.0,127.0,13.0,0.0155,True,0.0137,0.00457,0.91,2.998,1.0
107,09299,其他社會福利細學類,博士班,0,0,,,,,,True,0.0,,,,1.0
107,10111,家政服務細學類,博士班,0,0,,,,,,True,0.0,,,,1.0
107,10121,美髮美容服務細學類,博士班,0,0,,,,,,True,0.0,,,,1.0
107,10131,旅館及餐飲細學類,博士班,0,0,,,,,,True,0.0,,,,1.0
107,10141,競技運動細學類,博士班,0,0,105.0,8.0,105.0,8.0,0.0,True,0.0,0.00378,-0.38,0.0,1.0
107,10142,運動科技細學類,博士班,0,0,15.0,1.0,15.0,1.0,0.0,True,0.0,0.00054,-0.05,0.0,1.0
107,10151,旅遊觀光細學類,博士班,1,0,45.0,1.0,44.0,1.0,0.02222,True,0.00685,0.00158,0.53,4.335,1.0
107,10152,遊憩、運動和休閒管理細學類,博士班,1,0,37.0,3.0,36.0,3.0,0.02703,True,0.00685,0.0013,0.56,5.269,1.0
107,10199,其他餐旅及民生服務細學類,博士班,0,0,,,,,,True,0.0,,,,1.0
107,10221,職業衛生及安全細學類,博士班,0,0,,,,,,True,0.0,,,,1.0
107,10321,警政細學類,博士班,0,0,,,,,,True,0.0,,,,1.0
107,10411,運輸管理細學類,博士班,0,0,29.0,0.0,29.0,0.0,0.0,True,0.0,0.00104,-0.1,0.0,1.0
107,10412,航運管理細學類,博士班,0,0,45.0,2.0,45.0,2.0,0.0,True,0.0,0.00162,-0.16,0.0,1.0
107,10413,空運管理細學類,博士班,0,0,,,,,,True,0.0,,,,1.0
107,10414,航海細學類,博士班,0,0,,,,,,True,0.0,,,,1.0
107,10499,其他運輸服務細學類,博士班,0,0,,,,,,True,0.0,,,,1.0
107,99999,其他細學類,博士班,1,0,90.0,6.0,89.0,6.0,0.01111,False,,,,,1.0
107,01111,綜合教育細學類,學士班,113,17,3195.0,699.0,3082.0,682.0,0.03537,True,0.00568,0.00328,0.24,1.732,1.0
107,01112,成人教育細學類,學士班,2,1,128.0,30.0,126.0,29.0,0.01562,True,0.0001,0.00013,-0.0,0.769,1.0
107,01113,特殊教育細學類,學士班,69,10,2507.0,556.0,2438.0,546.0,0.02752,True,0.00347,0.00259,0.09,1.34,1.0
107,01114,教育行政細學類,學士班,9,2,677.0,133.0,668.0,131.0,0.01329,True,0.00045,0.00071,-0.03,0.634,1.0
107,01115,課程與教學細學類,學士班,0,0,,,,,,True,0.0,,,,1.0
107,01116,教育科技細學類,學士班,21,3,982.0,251.0,961.0,248.0,0.02138,True,0.00106,0.00102,0.0,1.039,1.0
107,01118,技職教育細學類,學士班,0,0,,,,,,True,0.0,,,,1.0
107,01121,幼兒師資教育細學類,學士班,136,29,3990.0,1039.0,3854.0,1010.0,0.03409,True,0.00683,0.0041,0.27,1.666,1.0
107,01131,普通科目師資教育細學類,學士班,80,7,3573.0,817.0,3493.0,810.0,0.02239,True,0.00402,0.00371,0.03,1.084,1.0
107,01141,專業科目師資教育細學類,學士班,267,52,4443.0,941.0,4176.0,889.0,0.06009,True,0.01342,0.00444,0.9,3.023,1.0
107,01199,其他教育細學類,學士班,4,0,318.0,78.0,314.0,78.0,0.01258,True,0.0002,0.00033,-0.01,0.606,1.0
107,02111,視覺藝術細學類,學士班,115,18,5248.0,1200.0,5133.0,1182.0,0.02191,True,0.00578,0.00546,0.03,1.059,1.0
107,02112,視覺傳達設計細學類,學士班,403,81,24816.0,5732.0,24413.0,5651.0,0.01624,True,0.02025,0.02595,-0.57,0.78,1.0
107,02121,應用藝術細學類,學士班,37,9,1576.0,393.0,1539.0,384.0,0.02348,True,0.00186,0.00164,0.02,1.134,1.0
107,02122,綜合設計細學類,學士班,433,88,13086.0,2829.0,12653.0,2741.0,0.03309,True,0.02176,0.01345,0.83,1.618,1.0
107,02123,產品設計細學類,學士班,172,26,12017.0,3093.0,11845.0,3067.0,0.01431,True,0.00864,0.01259,-0.4,0.686,1.0
107,02124,空間設計細學類,學士班,109,17,6259.0,1375.0,6150.0,1358.0,0.01741,True,0.00548,0.00654,-0.11,0.838,1.0
107,02125,時尚設計與管理細學類,學士班,75,10,4682.0,954.0,4607.0,944.0,0.01602,True,0.00377,0.0049,-0.11,0.769,1.0
107,02131,純藝術細學類,學士班,50,7,4505.0,1050.0,4455.0,1043.0,0.0111,True,0.00251,0.00474,-0.22,0.53,1.0
107,02132,雕塑細學類,學士班,3,0,166.0,36.0,163.0,36.0,0.01807,True,0.00015,0.00017,-0.0,0.882,1.0
107,02141,美術工藝細學類,學士班,71,1,980.0,206.0,909.0,205.0,0.07245,True,0.00357,0.00097,0.26,3.68,1.0
107,02151,音樂細學類,學士班,206,26,6061.0,1201.0,5855.0,1175.0,0.03399,True,0.01035,0.00622,0.41,1.664,1.0
107,02152,表演藝術細學類,學士班,393,34,6452.0,929.0,6059.0,895.0,0.06091,True,0.01975,0.00644,1.33,3.067,1.0
107,02191,綜合藝術細學類,學士班,19,4,1129.0,195.0,1110.0,191.0,0.01683,True,0.00095,0.00118,-0.02,0.805,1.0
107,02192,藝術行政細學類,學士班,12,3,479.0,104.0,467.0,101.0,0.02505,True,0.0006,0.0005,0.01,1.2,1.0
107,02199,其他藝術細學類,學士班,27,2,1162.0,183.0,1135.0,181.0,0.02324,True,0.00136,0.00121,0.02,1.124,1.0
107,02211,宗教細學類,學士班,34,14,845.0,187.0,811.0,173.0,0.04024,True,0.00171,0.00086,0.08,1.988,1.0
107,02221,歷史細學類,學士班,78,18,4477.0,995.0,4399.0,977.0,0.01742,True,0.00392,0.00468,-0.08,0.838,1.0
107,02222,人類學及民族學細學類,學士班,102,16,498.0,98.0,396.0,82.0,0.20482,True,0.00513,0.00042,0.47,12.214,1.0
107,02231,哲學細學類,學士班,24,5,2002.0,433.0,1978.0,428.0,0.01199,True,0.00121,0.0021,-0.09,0.576,1.0
107,02299,其他人文細學類,學士班,237,52,2666.0,523.0,2429.0,471.0,0.0889,True,0.01191,0.00258,0.93,4.616,1.0
107,02311,外國語文細學類,學士班,867,177,57689.0,13858.0,56822.0,13681.0,0.01503,True,0.04357,0.06041,-1.68,0.721,1.0
107,02312,翻譯細學類,學士班,6,4,665.0,192.0,659.0,188.0,0.00902,True,0.0003,0.0007,-0.04,0.429,1.0
107,02313,華語文為第二語言細學類,學士班,6,2,443.0,101.0,437.0,99.0,0.01354,True,0.0003,0.00046,-0.02,0.652,1.0
107,02321,臺灣語文細學類,學士班,113,27,1151.0,255.0,1038.0,228.0,0.09818,True,0.00568,0.0011,0.46,5.164,1.0
107,02322,中國語文細學類,學士班,150,42,11614.0,2663.0,11464.0,2621.0,0.01292,True,0.00754,0.01219,-0.46,0.619,1.0
107,02323,華語文細學類,學士班,34,3,1989.0,411.0,1955.0,408.0,0.01709,True,0.00171,0.00208,-0.04,0.822,1.0
107,02399,其他語文細學類,學士班,0,0,,,,,,True,0.0,,,,1.0
107,03111,經濟學細學類,學士班,55,10,9707.0,2478.0,9652.0,2468.0,0.00567,True,0.00276,0.01026,-0.75,0.269,1.0
107,03121,政治學細學類,學士班,47,12,3003.0,648.0,2956.0,636.0,0.01565,True,0.00236,0.00314,-0.08,0.752,1.0
107,03122,國際關係細學類,學士班,13,3,967.0,193.0,954.0,190.0,0.01344,True,0.00065,0.00101,-0.04,0.644,1.0
107,03131,心理學細學類,學士班,171,32,6908.0,1688.0,6737.0,1656.0,0.02475,True,0.00859,0.00716,0.14,1.2,1.0
107,03141,社會學細學類,學士班,284,30,4145.0,886.0,3861.0,856.0,0.06852,True,0.01427,0.0041,1.02,3.48,1.0
107,03142,地理學細學類,學士班,35,4,1052.0,234.0,1017.0,230.0,0.03327,True,0.00176,0.00108,0.07,1.63,1.0
107,03143,區域研究細學類,學士班,18,5,1536.0,329.0,1518.0,324.0,0.01172,True,0.0009,0.00161,-0.07,0.559,1.0
107,03191,發展研究細學類,學士班,2,0,195.0,52.0,193.0,52.0,0.01026,True,0.0001,0.00021,-0.01,0.476,1.0
107,03199,其他社會及行為科學細學類,學士班,85,21,1143.0,285.0,1058.0,264.0,0.07437,True,0.00427,0.00112,0.32,3.813,1.0
107,03211,大眾傳播細學類,學士班,212,38,6860.0,1528.0,6648.0,1490.0,0.0309,True,0.01065,0.00707,0.36,1.506,1.0
107,03212,新聞細學類,學士班,39,5,1980.0,495.0,1941.0,490.0,0.0197,True,0.00196,0.00206,-0.01,0.951,1.0
107,03213,電子媒體細學類,學士班,57,13,2221.0,539.0,2164.0,526.0,0.02566,True,0.00286,0.0023,0.06,1.243,1.0
107,03214,傳播細學類,學士班,85,10,3460.0,782.0,3375.0,772.0,0.02457,True,0.00427,0.00359,0.07,1.189,1.0
107,03221,博物館細學類,學士班,0,0,,,,,,True,0.0,,,,1.0
107,03222,圖書資訊檔案細學類,學士班,5,3,1098.0,278.0,1093.0,275.0,0.00455,True,0.00025,0.00116,-0.09,0.216,1.0
107,03299,其他新聞學及圖書資訊細學類,學士班,6,3,6.0,3.0,0.0,0.0,1.0,True,0.0003,0.0,0.03,inf,1.0
107,04111,會計及稅務細學類,學士班,149,30,17249.0,4427.0,17100.0,4397.0,0.00864,True,0.00749,0.01818,-1.07,0.412,1.0
107,04121,財務金融細學類,學士班,268,50,27887.0,7328.0,27619.0,7278.0,0.00961,True,0.01347,0.02936,-1.59,0.459,1.0
107,04122,財政細學類,學士班,34,7,3238.0,873.0,3204.0,866.0,0.0105,True,0.00171,0.00341,-0.17,0.501,1.0
107,04123,保險及風險管理細學類,學士班,30,6,3856.0,1030.0,3826.0,1024.0,0.00778,True,0.00151,0.00407,-0.26,0.371,1.0
107,04131,企業管理細學類,學士班,885,184,53748.0,14145.0,52863.0,13961.0,0.01647,True,0.04447,0.0562,-1.17,0.791,1.0
107,04132,流通及供應鏈細學類,學士班,535,78,13442.0,3239.0,12907.0,3161.0,0.0398,True,0.02688,0.01372,1.32,1.959,1.0
107,04133,醫療管理細學類,學士班,164,36,5611.0,1541.0,5447.0,1505.0,0.02923,True,0.00824,0.00579,0.25,1.423,1.0
107,04134,公共行政細學類,學士班,178,54,5838.0,1493.0,5660.0,1439.0,0.03049,True,0.00894,0.00602,0.29,1.485,1.0
107,04141,國際貿易細學類,學士班,118,32,13799.0,3520.0,13681.0,3488.0,0.00855,True,0.00593,0.01454,-0.86,0.408,1.0
107,04142,公共關係細學類,學士班,22,1,857.0,231.0,835.0,230.0,0.02567,True,0.00111,0.00089,0.02,1.247,1.0
107,04143,行銷及廣告細學類,學士班,447,92,10800.0,2752.0,10353.0,2660.0,0.04139,True,0.02246,0.01101,1.14,2.04,1.0
107,04191,一般商業細學類,學士班,136,44,1678.0,438.0,1542.0,394.0,0.08105,True,0.00683,0.00164,0.52,4.165,1.0
107,04199,其他商業及管理細學類,學士班,207,43,13118.0,3164.0,12911.0,3121.0,0.01578,True,0.0104,0.01373,-0.33,0.757,1.0
107,04211,一般法律細學類,學士班,262,43,10537.0,2414.0,10275.0,2371.0,0.02486,True,0.01317,0.01092,0.23,1.206,1.0
107,04212,專業法律細學類,學士班,35,5,2918.0,611.0,2883.0,606.0,0.01199,True,0.00176,0.00306,-0.13,0.575,1.0
107,05111,生物學細學類,學士班,32,2,3725.0,818.0,3693.0,816.0,0.00859,True,0.00161,0.00393,-0.23,0.41,1.0
107,05121,生物科技細學類,學士班,48,10,7286.0,1920.0,7238.0,1910.0,0.00659,True,0.00241,0.00769,-0.53,0.313,1.0
107,05122,微生物細學類,學士班,1,0,223.0,54.0,222.0,54.0,0.00448,True,5e-05,0.00024,-0.02,0.208,1.0
107,05123,生物化學細學類,學士班,3,1,350.0,86.0,347.0,85.0,0.00857,True,0.00015,0.00037,-0.02,0.405,1.0
107,05124,生物訊息及遺傳細學類,學士班,1,1,141.0,24.0,140.0,23.0,0.00709,True,5e-05,0.00015,-0.01,0.333,1.0
107,05191,營養細學類,學士班,93,12,7158.0,1795.0,7065.0,1783.0,0.01299,True,0.00467,0.00751,-0.28,0.622,1.0
107,05199,其他生命科學細學類,學士班,7,2,431.0,99.0,424.0,97.0,0.01624,True,0.00035,0.00045,-0.01,0.778,1.0
107,05211,環境資源細學類,學士班,6,1,952.0,252.0,946.0,251.0,0.0063,True,0.0003,0.00101,-0.07,0.297,1.0
107,05212,生態細學類,學士班,1,0,334.0,82.0,333.0,82.0,0.00299,True,5e-05,0.00035,-0.03,0.143,1.0
107,05292,水土保持細學類,學士班,5,1,457.0,97.0,452.0,96.0,0.01094,True,0.00025,0.00048,-0.02,0.521,1.0
107,05299,其他環境細學類,學士班,3,4,115.0,50.0,112.0,46.0,0.02609,True,0.00015,0.00012,0.0,1.25,1.0
107,05311,化學細學類,學士班,27,7,6481.0,1508.0,6454.0,1501.0,0.00417,True,0.00136,0.00686,-0.55,0.198,1.0
107,05321,地球科學及環境細學類,學士班,3,0,1223.0,279.0,1220.0,279.0,0.00245,True,0.00015,0.0013,-0.12,0.115,1.0
107,05322,大氣及太空科學細學類,學士班,2,2,648.0,154.0,646.0,152.0,0.00309,True,0.0001,0.00069,-0.06,0.145,1.0
107,05323,海洋科學細學類,學士班,5,0,478.0,122.0,473.0,122.0,0.01046,True,0.00025,0.0005,-0.02,0.5,1.0
107,05331,物理及應用物理細學類,學士班,17,2,4924.0,1125.0,4907.0,1123.0,0.00345,True,0.00085,0.00522,-0.44,0.163,1.0
107,05399,其他物理、化學及地球科學細學類,學士班,9,1,1141.0,246.0,1132.0,245.0,0.00789,True,0.00045,0.0012,-0.08,0.375,1.0
107,05411,數學細學類,學士班,28,14,6894.0,1485.0,6866.0,1471.0,0.00406,True,0.00141,0.0073,-0.59,0.193,1.0
107,05421,統計細學類,學士班,8,1,3247.0,833.0,3239.0,832.0,0.00246,True,0.0004,0.00344,-0.3,0.116,1.0
107,05499,其他數學及統計細學類,學士班,1,0,852.0,158.0,851.0,158.0,0.00117,True,5e-05,0.0009,-0.08,0.056,1.0
107,06111,電腦運用細學類,學士班,53,8,2258.0,580.0,2205.0,572.0,0.02347,True,0.00266,0.00234,0.03,1.137,1.0
107,06121,資料庫、網路設計及管理細學類,學士班,44,9,2751.0,804.0,2707.0,795.0,0.01599,True,0.00221,0.00288,-0.07,0.767,1.0
107,06131,資訊技術細學類,學士班,518,94,51398.0,12623.0,50880.0,12529.0,0.01008,True,0.02603,0.05409,-2.81,0.481,1.0
107,06132,軟體開發細學類,學士班,36,5,4074.0,990.0,4038.0,985.0,0.00884,True,0.00181,0.00429,-0.25,0.422,1.0
107,06133,系統設計細學類,學士班,29,4,2070.0,521.0,2041.0,517.0,0.01401,True,0.00146,0.00217,-0.07,0.673,1.0
107,06134,電算機應用細學類,學士班,43,12,4217.0,1093.0,4174.0,1081.0,0.0102,True,0.00216,0.00444,-0.23,0.486,1.0
107,06199,其他資訊通訊科技細學類,學士班,13,1,1019.0,238.0,1006.0,237.0,0.01276,True,0.00065,0.00107,-0.04,0.607,1.0
107,07111,化學工程細學類,學士班,42,7,11189.0,2709.0,11147.0,2702.0,0.00375,True,0.00211,0.01185,-0.97,0.178,1.0
107,07112,材料工程細學類,學士班,41,5,6004.0,1415.0,5963.0,1410.0,0.00683,True,0.00206,0.00634,-0.43,0.325,1.0
107,07121,環境工程細學類,學士班,83,15,7770.0,1840.0,7687.0,1825.0,0.01068,True,0.00417,0.00817,-0.4,0.51,1.0
107,07122,河海工程細學類,學士班,11,4,1572.0,350.0,1561.0,346.0,0.007,True,0.00055,0.00166,-0.11,0.331,1.0
107,07132,能源工程細學類,學士班,24,2,2798.0,570.0,2774.0,568.0,0.00858,True,0.00121,0.00295,-0.17,0.41,1.0
107,07141,電機與電子工程細學類,學士班,470,105,65106.0,15772.0,64636.0,15667.0,0.00722,True,0.02362,0.06871,-4.51,0.344,1.0
107,07151,機械工程細學類,學士班,417,92,40366.0,9087.0,39949.0,8995.0,0.01033,True,0.02095,0.04247,-2.15,0.493,1.0
107,07161,車輛工程細學類,學士班,21,6,1666.0,382.0,1645.0,376.0,0.01261,True,0.00106,0.00175,-0.07,0.606,1.0
107,07162,航空工程細學類,學士班,68,10,3489.0,717.0,3421.0,707.0,0.01949,True,0.00342,0.00364,-0.02,0.94,1.0
107,07163,造船工程細學類,學士班,28,9,1846.0,474.0,1818.0,465.0,0.01517,True,0.00141,0.00193,-0.05,0.731,1.0
107,07191,工業工程細學類,學士班,170,49,10995.0,2877.0,10825.0,2828.0,0.01546,True,0.00854,0.01151,-0.3,0.742,1.0
107,07192,紡織工程細學類,學士班,5,0,949.0,205.0,944.0,205.0,0.00527,True,0.00025,0.001,-0.08,0.25,1.0
107,07193,生醫工程細學類,學士班,15,4,2630.0,544.0,2615.0,540.0,0.0057,True,0.00075,0.00278,-0.2,0.27,1.0
107,07194,綜合工程細學類,學士班,0,0,394.0,52.0,394.0,52.0,0.0,True,0.0,0.00042,-0.04,0.0,1.0
107,07199,其他工程及工程業細學類,學士班,1,0,231.0,23.0,230.0,23.0,0.00433,True,5e-05,0.00024,-0.02,0.208,1.0
107,07211,食品科學細學類,學士班,99,15,8079.0,1882.0,7980.0,1867.0,0.01225,True,0.00497,0.00848,-0.35,0.586,1.0
107,07311,建築細學類,學士班,81,17,7220.0,1442.0,7139.0,1425.0,0.01122,True,0.00407,0.00759,-0.35,0.536,1.0
107,07312,景觀設計細學類,學士班,26,8,2278.0,576.0,2252.0,568.0,0.01141,True,0.00131,0.00239,-0.11,0.548,1.0
107,07313,都巿規劃細學類,學士班,12,2,1475.0,388.0,1463.0,386.0,0.00814,True,0.0006,0.00156,-0.1,0.385,1.0
107,07321,土木工程細學類,學士班,387,51,13079.0,3120.0,12692.0,3069.0,0.02959,True,0.01945,0.01349,0.6,1.442,1.0
107,07322,空間資訊及測繪細學類,學士班,4,0,325.0,69.0,321.0,69.0,0.01231,True,0.0002,0.00034,-0.01,0.588,1.0
107,08111,農作物生產細學類,學士班,26,18,1338.0,299.0,1312.0,281.0,0.01943,True,0.00131,0.00139,-0.01,0.942,1.0
107,08112,畜牧生產細學類,學士班,19,4,2031.0,409.0,2012.0,405.0,0.00935,True,0.00095,0.00214,-0.12,0.444,1.0
107,08121,園藝細學類,學士班,17,4,1245.0,289.0,1228.0,285.0,0.01365,True,0.00085,0.00131,-0.05,0.649,1.0
107,08191,農業化學細學類,學士班,0,1,381.0,86.0,381.0,85.0,0.0,True,0.0,0.00041,-0.04,0.0,1.0
107,08192,農業生物技術細學類,學士班,7,1,236.0,43.0,229.0,42.0,0.02966,True,0.00035,0.00024,0.01,1.458,1.0
107,08193,農業經濟及推廣細學類,學士班,24,0,1007.0,198.0,983.0,198.0,0.02383,True,0.00121,0.00105,0.02,1.152,1.0
107,08194,植物保護細學類,學士班,10,2,717.0,152.0,707.0,150.0,0.01395,True,0.0005,0.00075,-0.02,0.667,1.0
107,08199,其他農業細學類,學士班,25,1,643.0,67.0,618.0,66.0,0.03888,True,0.00126,0.00066,0.06,1.909,1.0
107,08211,林業細學類,學士班,56,7,1976.0,453.0,1920.0,446.0,0.02834,True,0.00281,0.00204,0.08,1.377,1.0
107,08311,漁業科學細學類,學士班,7,2,554.0,130.0,547.0,128.0,0.01264,True,0.00035,0.00058,-0.02,0.603,1.0
107,08312,水產養殖細學類,學士班,12,0,1560.0,344.0,1548.0,344.0,0.00769,True,0.0006,0.00165,-0.11,0.364,1.0
107,08411,獸醫細學類,學士班,26,1,1657.0,248.0,1631.0,247.0,0.01569,True,0.00131,0.00173,-0.04,0.757,1.0
107,09111,牙醫細學類,學士班,55,13,3477.0,658.0,3422.0,645.0,0.01582,True,0.00276,0.00364,-0.09,0.758,1.0
107,09121,醫學細學類,學士班,133,25,10814.0,1593.0,10681.0,1568.0,0.0123,True,0.00668,0.01135,-0.47,0.589,1.0
107,09131,護理及助產細學類,學士班,978,281,26831.0,8037.0,25853.0,7756.0,0.03645,True,0.04914,0.02748,2.17,1.788,1.0
107,09141,醫學技術及檢驗細學類,學士班,106,21,7892.0,2029.0,7786.0,2008.0,0.01343,True,0.00533,0.00828,-0.29,0.644,1.0
107,09151,物理治療細學類,學士班,49,12,2783.0,622.0,2734.0,610.0,0.01761,True,0.00246,0.00291,-0.04,0.845,1.0
107,09152,職能治療細學類,學士班,38,5,1512.0,321.0,1474.0,316.0,0.02513,True,0.00191,0.00157,0.03,1.217,1.0
107,09153,語言治療與聽力細學類,學士班,15,2,1105.0,109.0,1090.0,107.0,0.01357,True,0.00075,0.00116,-0.04,0.647,1.0
107,09159,其他治療及復健細學類,學士班,12,1,434.0,81.0,422.0,80.0,0.02765,True,0.0006,0.00045,0.01,1.333,1.0
107,09161,藥學細學類,學士班,75,20,6540.0,1368.0,6465.0,1348.0,0.01147,True,0.00377,0.00687,-0.31,0.549,1.0
107,09171,傳統醫學、輔助醫學及治療細學類,學士班,4,0,552.0,98.0,548.0,98.0,0.00725,True,0.0002,0.00058,-0.04,0.345,1.0
107,09191,公共衛生細學類,學士班,66,9,2544.0,654.0,2478.0,645.0,0.02594,True,0.00332,0.00263,0.07,1.262,1.0
107,09199,其他醫藥衛生細學類,學士班,28,1,1624.0,430.0,1596.0,429.0,0.01724,True,0.00141,0.0017,-0.03,0.829,1.0
107,09211,老年照顧服務細學類,學士班,175,26,3683.0,867.0,3508.0,841.0,0.04752,True,0.00879,0.00373,0.51,2.357,1.0
107,09212,失能者照顧細學類,學士班,1,0,73.0,0.0,72.0,0.0,0.0137,True,5e-05,8e-05,-0.0,0.625,1.0
107,09221,兒童及青少年照顧服務細學類,學士班,321,94,8640.0,2356.0,8319.0,2262.0,0.03715,True,0.01613,0.00884,0.73,1.825,1.0
107,09231,社會工作細學類,學士班,688,186,9897.0,2503.0,9209.0,2317.0,0.06952,True,0.03457,0.00979,2.48,3.531,1.0
107,09299,其他社會福利細學類,學士班,14,4,585.0,106.0,571.0,102.0,0.02393,True,0.0007,0.00061,0.01,1.148,1.0
107,10111,家政服務細學類,學士班,11,4,1173.0,306.0,1162.0,302.0,0.00938,True,0.00055,0.00124,-0.07,0.444,1.0
107,10121,美髮美容服務細學類,學士班,361,55,11565.0,2991.0,11204.0,2936.0,0.03121,True,0.01814,0.01191,0.62,1.523,1.0
107,10131,旅館及餐飲細學類,學士班,980,184,44794.0,10951.0,43814.0,10767.0,0.02188,True,0.04924,0.04658,0.27,1.057,1.0
107,10141,競技運動細學類,學士班,695,100,4902.0,983.0,4207.0,883.0,0.14178,True,0.03492,0.00447,3.04,7.812,1.0
107,10142,運動科技細學類,學士班,36,4,720.0,158.0,684.0,154.0,0.05,True,0.00181,0.00073,0.11,2.479,1.0
107,10151,旅遊觀光細學類,學士班,1005,170,33209.0,8471.0,32204.0,8301.0,0.03026,True,0.0505,0.03424,1.63,1.475,1.0
107,10152,遊憩、運動和休閒管理細學類,學士班,1272,249,22704.0,5452.0,21432.0,5203.0,0.05603,True,0.06392,0.02278,4.11,2.806,1.0
107,10199,其他餐旅及民生服務細學類,學士班,236,45,2874.0,549.0,2638.0,504.0,0.08212,True,0.01186,0.0028,0.91,4.236,1.0
107,10221,職業衛生及安全細學類,學士班,20,5,1436.0,371.0,1416.0,366.0,0.01393,True,0.001,0.00151,-0.05,0.662,1.0
107,10321,警政細學類,學士班,50,4,1275.0,182.0,1225.0,178.0,0.03922,True,0.00251,0.0013,0.12,1.931,1.0
107,10411,運輸管理細學類,學士班,13,2,2105.0,546.0,2092.0,544.0,0.00618,True,0.00065,0.00222,-0.16,0.293,1.0
107,10412,航運管理細學類,學士班,56,8,2562.0,654.0,2506.0,646.0,0.02186,True,0.00281,0.00266,0.01,1.056,1.0
107,10413,空運管理細學類,學士班,37,3,1641.0,306.0,1604.0,303.0,0.02255,True,0.00186,0.00171,0.02,1.088,1.0
107,10414,航海細學類,學士班,27,5,1094.0,357.0,1067.0,352.0,0.02468,True,0.00136,0.00113,0.02,1.204,1.0
107,10499,其他運輸服務細學類,學士班,13,3,544.0,146.0,531.0,143.0,0.0239,True,0.00065,0.00056,0.01,1.161,1.0
107,99999,其他細學類,學士班,487,2,1112.0,47.0,625.0,45.0,0.43795,False,,,,,1.0
107,01111,綜合教育細學類,碩士班,133,25,3808.0,933.0,3675.0,908.0,0.03493,True,0.07135,0.02219,4.92,3.215,1.0
107,01112,成人教育細學類,碩士班,6,1,397.0,112.0,391.0,111.0,0.01511,True,0.00322,0.00236,0.09,1.364,1.0
107,01113,特殊教育細學類,碩士班,26,2,1265.0,256.0,1239.0,254.0,0.02055,True,0.01395,0.00748,0.65,1.865,1.0
107,01114,教育行政細學類,碩士班,42,5,1075.0,243.0,1033.0,238.0,0.03907,True,0.02253,0.00624,1.63,3.611,1.0
107,01115,課程與教學細學類,碩士班,14,1,694.0,154.0,680.0,153.0,0.02017,True,0.00751,0.00411,0.34,1.827,1.0
107,01116,教育科技細學類,碩士班,3,1,379.0,129.0,376.0,128.0,0.00792,True,0.00161,0.00227,-0.07,0.709,1.0
107,01118,技職教育細學類,碩士班,8,3,590.0,167.0,582.0,164.0,0.01356,True,0.00429,0.00351,0.08,1.222,1.0
107,01121,幼兒師資教育細學類,碩士班,36,2,1047.0,178.0,1011.0,176.0,0.03438,True,0.01931,0.0061,1.32,3.166,1.0
107,01131,普通科目師資教育細學類,碩士班,22,4,1503.0,284.0,1481.0,280.0,0.01464,True,0.0118,0.00894,0.29,1.32,1.0
107,01141,專業科目師資教育細學類,碩士班,57,13,1919.0,496.0,1862.0,483.0,0.0297,True,0.03058,0.01124,1.93,2.721,1.0
107,01199,其他教育細學類,碩士班,8,0,413.0,74.0,405.0,74.0,0.01937,True,0.00429,0.00245,0.18,1.751,1.0
107,02111,視覺藝術細學類,碩士班,10,3,859.0,167.0,849.0,164.0,0.01164,True,0.00536,0.00513,0.02,1.045,1.0
107,02112,視覺傳達設計細學類,碩士班,11,1,1281.0,359.0,1270.0,358.0,0.00859,True,0.0059,0.00767,-0.18,0.769,1.0
107,02121,應用藝術細學類,碩士班,7,1,411.0,103.0,404.0,102.0,0.01703,True,0.00376,0.00244,0.13,1.541,1.0
107,02122,綜合設計細學類,碩士班,6,0,1027.0,316.0,1021.0,316.0,0.00584,True,0.00322,0.00617,-0.3,0.522,1.0
107,02123,產品設計細學類,碩士班,3,0,969.0,279.0,966.0,279.0,0.0031,True,0.00161,0.00583,-0.42,0.276,1.0
107,02124,空間設計細學類,碩士班,1,0,259.0,90.0,258.0,90.0,0.00386,True,0.00054,0.00156,-0.1,0.346,1.0
107,02125,時尚設計與管理細學類,碩士班,3,0,232.0,67.0,229.0,67.0,0.01293,True,0.00161,0.00138,0.02,1.167,1.0
107,02131,純藝術細學類,碩士班,17,4,1656.0,394.0,1639.0,390.0,0.01027,True,0.00912,0.0099,-0.08,0.921,1.0
107,02132,雕塑細學類,碩士班,0,0,33.0,10.0,33.0,10.0,0.0,True,0.0,0.0002,-0.02,0.0,1.0
107,02141,美術工藝細學類,碩士班,2,0,166.0,42.0,164.0,42.0,0.01205,True,0.00107,0.00099,0.01,1.081,1.0
107,02151,音樂細學類,碩士班,37,10,2073.0,508.0,2036.0,498.0,0.01785,True,0.01985,0.01229,0.76,1.615,1.0
107,02152,表演藝術細學類,碩士班,10,1,687.0,137.0,677.0,136.0,0.01456,True,0.00536,0.00409,0.13,1.311,1.0
107,02191,綜合藝術細學類,碩士班,19,1,632.0,135.0,613.0,134.0,0.03006,True,0.01019,0.0037,0.65,2.754,1.0
107,02192,藝術行政細學類,碩士班,6,0,387.0,59.0,381.0,59.0,0.0155,True,0.00322,0.0023,0.09,1.4,1.0
107,02199,其他藝術細學類,碩士班,4,0,233.0,61.0,229.0,61.0,0.01717,True,0.00215,0.00138,0.08,1.558,1.0
107,02211,宗教細學類,碩士班,28,6,612.0,155.0,584.0,149.0,0.04575,True,0.01502,0.00353,1.15,4.255,1.0
107,02221,歷史細學類,碩士班,11,0,1013.0,219.0,1002.0,219.0,0.01086,True,0.0059,0.00605,-0.01,0.975,1.0
107,02222,人類學及民族學細學類,碩士班,41,4,180.0,27.0,139.0,23.0,0.22778,True,0.022,0.00084,2.12,26.19,1.0
107,02231,哲學細學類,碩士班,2,1,481.0,79.0,479.0,78.0,0.00416,True,0.00107,0.00289,-0.18,0.37,1.0
107,02299,其他人文細學類,碩士班,19,1,961.0,163.0,942.0,162.0,0.01977,True,0.01019,0.00569,0.45,1.791,1.0
107,02311,外國語文細學類,碩士班,27,1,2849.0,562.0,2822.0,561.0,0.00948,True,0.01448,0.01704,-0.26,0.85,1.0
107,02312,翻譯細學類,碩士班,0,0,268.0,64.0,268.0,64.0,0.0,True,0.0,0.00162,-0.16,0.0,1.0
107,02313,華語文為第二語言細學類,碩士班,1,0,279.0,62.0,278.0,62.0,0.00358,True,0.00054,0.00168,-0.11,0.321,1.0
107,02321,臺灣語文細學類,碩士班,64,1,641.0,104.0,577.0,103.0,0.09984,True,0.03433,0.00348,3.08,9.865,1.0
107,02322,中國語文細學類,碩士班,15,0,2511.0,469.0,2496.0,469.0,0.00597,True,0.00805,0.01507,-0.7,0.534,1.0
107,02323,華語文細學類,碩士班,4,1,242.0,42.0,238.0,41.0,0.01653,True,0.00215,0.00144,0.07,1.493,1.0
107,02399,其他語文細學類,碩士班,5,1,251.0,49.0,246.0,48.0,0.01992,True,0.00268,0.00149,0.12,1.799,1.0
107,03111,經濟學細學類,碩士班,4,0,1205.0,473.0,1201.0,473.0,0.00332,True,0.00215,0.00725,-0.51,0.297,1.0
107,03121,政治學細學類,碩士班,3,2,807.0,168.0,804.0,166.0,0.00372,True,0.00161,0.00485,-0.32,0.332,1.0
107,03122,國際關係細學類,碩士班,3,0,633.0,181.0,630.0,181.0,0.00474,True,0.00161,0.0038,-0.22,0.424,1.0
107,03131,心理學細學類,碩士班,24,1,3300.0,690.0,3276.0,689.0,0.00727,True,0.01288,0.01978,-0.69,0.651,1.0
107,03141,社會學細學類,碩士班,21,7,950.0,224.0,929.0,217.0,0.02211,True,0.01127,0.00561,0.57,2.009,1.0
107,03142,地理學細學類,碩士班,2,0,295.0,69.0,293.0,69.0,0.00678,True,0.00107,0.00177,-0.07,0.605,1.0
107,03143,區域研究細學類,碩士班,21,5,1404.0,313.0,1383.0,308.0,0.01496,True,0.01127,0.00835,0.29,1.35,1.0
107,03191,發展研究細學類,碩士班,10,0,657.0,148.0,647.0,148.0,0.01522,True,0.00536,0.00391,0.14,1.371,1.0
107,03199,其他社會及行為科學細學類,碩士班,69,10,930.0,187.0,861.0,177.0,0.07419,True,0.03702,0.0052,3.18,7.119,1.0
107,03211,大眾傳播細學類,碩士班,21,2,924.0,253.0,903.0,251.0,0.02273,True,0.01127,0.00545,0.58,2.068,1.0
107,03212,新聞細學類,碩士班,2,0,159.0,28.0,157.0,28.0,0.01258,True,0.00107,0.00095,0.01,1.126,1.0
107,03213,電子媒體細學類,碩士班,0,0,195.0,61.0,195.0,61.0,0.0,True,0.0,0.00118,-0.12,0.0,1.0
107,03214,傳播細學類,碩士班,1,1,338.0,78.0,337.0,77.0,0.00296,True,0.00054,0.00203,-0.15,0.266,1.0
107,03221,博物館細學類,碩士班,2,0,124.0,21.0,122.0,21.0,0.01613,True,0.00107,0.00074,0.03,1.446,1.0
107,03222,圖書資訊檔案細學類,碩士班,2,0,382.0,85.0,380.0,85.0,0.00524,True,0.00107,0.00229,-0.12,0.467,1.0
107,03299,其他新聞學及圖書資訊細學類,碩士班,0,0,,,,,,True,0.0,,,,1.0
107,04111,會計及稅務細學類,碩士班,5,0,1730.0,779.0,1725.0,779.0,0.00289,True,0.00268,0.01042,-0.77,0.257,1.0
107,04121,財務金融細學類,碩士班,11,0,3376.0,1508.0,3365.0,1508.0,0.00326,True,0.0059,0.02032,-1.44,0.29,1.0
107,04122,財政細學類,碩士班,0,1,170.0,81.0,170.0,80.0,0.0,True,0.0,0.00103,-0.1,0.0,1.0
107,04123,保險及風險管理細學類,碩士班,3,2,383.0,147.0,380.0,145.0,0.00783,True,0.00161,0.00229,-0.07,0.703,1.0
107,04131,企業管理細學類,碩士班,105,31,15203.0,5845.0,15098.0,5814.0,0.00691,True,0.05633,0.09117,-3.48,0.618,1.0
107,04132,流通及供應鏈細學類,碩士班,18,3,766.0,235.0,748.0,232.0,0.0235,True,0.00966,0.00452,0.51,2.137,1.0
107,04133,醫療管理細學類,碩士班,13,3,891.0,334.0,878.0,331.0,0.01459,True,0.00697,0.0053,0.17,1.315,1.0
107,04134,公共行政細學類,碩士班,64,12,2209.0,635.0,2145.0,623.0,0.02897,True,0.03433,0.01295,2.14,2.651,1.0
107,04141,國際貿易細學類,碩士班,1,0,632.0,300.0,631.0,300.0,0.00158,True,0.00054,0.00381,-0.33,0.142,1.0
107,04142,公共關係細學類,碩士班,4,0,137.0,42.0,133.0,42.0,0.0292,True,0.00215,0.0008,0.14,2.688,1.0
107,04143,行銷及廣告細學類,碩士班,0,0,361.0,131.0,361.0,131.0,0.0,True,0.0,0.00218,-0.22,0.0,1.0
107,04191,一般商業細學類,碩士班,1,0,479.0,179.0,478.0,179.0,0.00209,True,0.00054,0.00289,-0.24,0.187,1.0
107,04199,其他商業及管理細學類,碩士班,21,6,5006.0,2105.0,4985.0,2099.0,0.00419,True,0.01127,0.0301,-1.88,0.374,1.0
107,04211,一般法律細學類,碩士班,71,0,3902.0,668.0,3831.0,668.0,0.0182,True,0.03809,0.02313,1.5,1.647,1.0
107,04212,專業法律細學類,碩士班,16,1,2458.0,486.0,2442.0,485.0,0.00651,True,0.00858,0.01475,-0.62,0.582,1.0
107,05111,生物學細學類,碩士班,2,0,783.0,286.0,781.0,286.0,0.00255,True,0.00107,0.00472,-0.37,0.227,1.0
107,05121,生物科技細學類,碩士班,10,6,1806.0,676.0,1796.0,670.0,0.00554,True,0.00536,0.01085,-0.55,0.494,1.0
107,05122,微生物細學類,碩士班,0,0,118.0,57.0,118.0,57.0,0.0,True,0.0,0.00071,-0.07,0.0,1.0
107,05123,生物化學細學類,碩士班,3,0,404.0,142.0,401.0,142.0,0.00743,True,0.00161,0.00242,-0.08,0.665,1.0
107,05124,生物訊息及遺傳細學類,碩士班,1,0,160.0,47.0,159.0,47.0,0.00625,True,0.00054,0.00096,-0.04,0.562,1.0
107,05191,營養細學類,碩士班,2,0,386.0,154.0,384.0,154.0,0.00518,True,0.00107,0.00232,-0.12,0.461,1.0
107,05199,其他生命科學細學類,碩士班,0,0,54.0,19.0,54.0,19.0,0.0,True,0.0,0.00033,-0.03,0.0,1.0
107,05211,環境資源細學類,碩士班,24,6,506.0,132.0,482.0,126.0,0.04743,True,0.01288,0.00291,1.0,4.426,1.0
107,05212,生態細學類,碩士班,1,0,103.0,19.0,102.0,19.0,0.00971,True,0.00054,0.00062,-0.01,0.871,1.0
107,05292,水土保持細學類,碩士班,1,0,152.0,64.0,151.0,64.0,0.00658,True,0.00054,0.00091,-0.04,0.593,1.0
107,05299,其他環境細學類,碩士班,0,0,8.0,12.0,8.0,12.0,0.0,True,0.0,5e-05,-0.0,0.0,1.0
107,05311,化學細學類,碩士班,5,2,2002.0,831.0,1997.0,829.0,0.0025,True,0.00268,0.01206,-0.94,0.222,1.0
107,05321,地球科學及環境細學類,碩士班,2,0,402.0,147.0,400.0,147.0,0.00498,True,0.00107,0.00242,-0.13,0.442,1.0
107,05322,大氣及太空科學細學類,碩士班,0,0,139.0,51.0,139.0,51.0,0.0,True,0.0,0.00084,-0.08,0.0,1.0
107,05323,海洋科學細學類,碩士班,0,0,314.0,122.0,314.0,122.0,0.0,True,0.0,0.0019,-0.19,0.0,1.0
107,05331,物理及應用物理細學類,碩士班,1,0,1345.0,472.0,1344.0,472.0,0.00074,True,0.00054,0.00812,-0.76,0.067,1.0
107,05399,其他物理、化學及地球科學細學類,碩士班,3,1,329.0,103.0,326.0,102.0,0.00912,True,0.00161,0.00197,-0.04,0.817,1.0
107,05411,數學細學類,碩士班,2,0,1105.0,441.0,1103.0,441.0,0.00181,True,0.00107,0.00666,-0.56,0.161,1.0
107,05421,統計細學類,碩士班,1,0,688.0,274.0,687.0,274.0,0.00145,True,0.00054,0.00415,-0.36,0.13,1.0
107,05499,其他數學及統計細學類,碩士班,0,0,83.0,28.0,83.0,28.0,0.0,True,0.0,0.0005,-0.05,0.0,1.0
107,06111,電腦運用細學類,碩士班,0,0,21.0,6.0,21.0,6.0,0.0,True,0.0,0.00013,-0.01,0.0,1.0
107,06121,資料庫、網路設計及管理細學類,碩士班,2,0,268.0,100.0,266.0,100.0,0.00746,True,0.00107,0.00161,-0.05,0.665,1.0
107,06131,資訊技術細學類,碩士班,42,8,9522.0,3468.0,9480.0,3460.0,0.00441,True,0.02253,0.05725,-3.47,0.394,1.0
107,06132,軟體開發細學類,碩士班,2,0,508.0,139.0,506.0,139.0,0.00394,True,0.00107,0.00306,-0.2,0.35,1.0
107,06133,系統設計細學類,碩士班,3,0,232.0,63.0,229.0,63.0,0.01293,True,0.00161,0.00138,0.02,1.167,1.0
107,06134,電算機應用細學類,碩士班,16,2,724.0,312.0,708.0,310.0,0.0221,True,0.00858,0.00428,0.43,2.005,1.0
107,06199,其他資訊通訊科技細學類,碩士班,0,0,133.0,98.0,133.0,98.0,0.0,True,0.0,0.0008,-0.08,0.0,1.0
107,07111,化學工程細學類,碩士班,7,4,2878.0,1231.0,2871.0,1227.0,0.00243,True,0.00376,0.01734,-1.36,0.217,1.0
107,07112,材料工程細學類,碩士班,8,1,2204.0,852.0,2196.0,851.0,0.00363,True,0.00429,0.01326,-0.9,0.324,1.0
107,07121,環境工程細學類,碩士班,5,1,1877.0,690.0,1872.0,689.0,0.00266,True,0.00268,0.0113,-0.86,0.237,1.0
107,07122,河海工程細學類,碩士班,3,1,400.0,157.0,397.0,156.0,0.0075,True,0.00161,0.0024,-0.08,0.671,1.0
107,07132,能源工程細學類,碩士班,1,0,732.0,265.0,731.0,265.0,0.00137,True,0.00054,0.00441,-0.39,0.122,1.0
107,07141,電機與電子工程細學類,碩士班,37,9,15198.0,5557.0,15161.0,5548.0,0.00243,True,0.01985,0.09155,-7.17,0.217,1.0
107,07151,機械工程細學類,碩士班,22,10,6672.0,2639.0,6650.0,2629.0,0.0033,True,0.0118,0.04016,-2.84,0.294,1.0
107,07161,車輛工程細學類,碩士班,2,0,286.0,113.0,284.0,113.0,0.00699,True,0.00107,0.00171,-0.06,0.626,1.0
107,07162,航空工程細學類,碩士班,0,0,435.0,208.0,435.0,208.0,0.0,True,0.0,0.00263,-0.26,0.0,1.0
107,07163,造船工程細學類,碩士班,0,2,237.0,92.0,237.0,90.0,0.0,True,0.0,0.00143,-0.14,0.0,1.0
107,07191,工業工程細學類,碩士班,12,2,2628.0,1119.0,2616.0,1117.0,0.00457,True,0.00644,0.0158,-0.94,0.408,1.0
107,07192,紡織工程細學類,碩士班,0,0,69.0,38.0,69.0,38.0,0.0,True,0.0,0.00042,-0.04,0.0,1.0
107,07193,生醫工程細學類,碩士班,3,3,1388.0,482.0,1385.0,479.0,0.00216,True,0.00161,0.00836,-0.68,0.193,1.0
107,07194,綜合工程細學類,碩士班,2,1,344.0,131.0,342.0,130.0,0.00581,True,0.00107,0.00207,-0.1,0.517,1.0
107,07199,其他工程及工程業細學類,碩士班,1,0,548.0,79.0,547.0,79.0,0.00182,True,0.00054,0.0033,-0.28,0.164,1.0
107,07211,食品科學細學類,碩士班,3,1,1261.0,356.0,1258.0,355.0,0.00238,True,0.00161,0.0076,-0.6,0.212,1.0
107,07311,建築細學類,碩士班,9,2,1466.0,386.0,1457.0,384.0,0.00614,True,0.00483,0.0088,-0.4,0.549,1.0
107,07312,景觀設計細學類,碩士班,8,0,225.0,82.0,217.0,82.0,0.03556,True,0.00429,0.00131,0.3,3.275,1.0
107,07313,都巿規劃細學類,碩士班,7,0,405.0,132.0,398.0,132.0,0.01728,True,0.00376,0.0024,0.14,1.567,1.0
107,07321,土木工程細學類,碩士班,32,9,3305.0,1340.0,3273.0,1331.0,0.00968,True,0.01717,0.01976,-0.26,0.869,1.0
107,07322,空間資訊及測繪細學類,碩士班,0,0,69.0,30.0,69.0,30.0,0.0,True,0.0,0.00042,-0.04,0.0,1.0
107,08111,農作物生產細學類,碩士班,6,1,332.0,94.0,326.0,93.0,0.01807,True,0.00322,0.00197,0.13,1.635,1.0
107,08112,畜牧生產細學類,碩士班,0,0,228.0,111.0,228.0,111.0,0.0,True,0.0,0.00138,-0.14,0.0,1.0
107,08121,園藝細學類,碩士班,0,0,278.0,83.0,278.0,83.0,0.0,True,0.0,0.00168,-0.17,0.0,1.0
107,08191,農業化學細學類,碩士班,0,0,101.0,26.0,101.0,26.0,0.0,True,0.0,0.00061,-0.06,0.0,1.0
107,08192,農業生物技術細學類,碩士班,0,0,48.0,20.0,48.0,20.0,0.0,True,0.0,0.00029,-0.03,0.0,1.0
107,08193,農業經濟及推廣細學類,碩士班,4,1,435.0,145.0,431.0,144.0,0.0092,True,0.00215,0.0026,-0.04,0.827,1.0
107,08194,植物保護細學類,碩士班,1,0,182.0,56.0,181.0,56.0,0.00549,True,0.00054,0.00109,-0.06,0.495,1.0
107,08199,其他農業細學類,碩士班,1,0,60.0,25.0,59.0,25.0,0.01667,True,0.00054,0.00036,0.02,1.5,1.0
107,08211,林業細學類,碩士班,3,3,306.0,104.0,303.0,101.0,0.0098,True,0.00161,0.00183,-0.02,0.88,1.0
107,08311,漁業科學細學類,碩士班,1,0,122.0,44.0,121.0,44.0,0.0082,True,0.00054,0.00073,-0.02,0.74,1.0
107,08312,水產養殖細學類,碩士班,1,0,173.0,54.0,172.0,54.0,0.00578,True,0.00054,0.00104,-0.05,0.519,1.0
107,08411,獸醫細學類,碩士班,1,1,252.0,106.0,251.0,105.0,0.00397,True,0.00054,0.00152,-0.1,0.355,1.0
107,09111,牙醫細學類,碩士班,2,1,376.0,116.0,374.0,115.0,0.00532,True,0.00107,0.00226,-0.12,0.473,1.0
107,09121,醫學細學類,碩士班,4,2,1246.0,463.0,1242.0,461.0,0.00321,True,0.00215,0.0075,-0.53,0.287,1.0
107,09131,護理及助產細學類,碩士班,50,8,2061.0,424.0,2011.0,416.0,0.02426,True,0.02682,0.01214,1.47,2.209,1.0
107,09141,醫學技術及檢驗細學類,碩士班,5,2,731.0,264.0,726.0,262.0,0.00684,True,0.00268,0.00438,-0.17,0.612,1.0
107,09151,物理治療細學類,碩士班,2,1,211.0,59.0,209.0,58.0,0.00948,True,0.00107,0.00126,-0.02,0.849,1.0
107,09152,職能治療細學類,碩士班,1,0,117.0,43.0,116.0,43.0,0.00855,True,0.00054,0.0007,-0.02,0.771,1.0
107,09153,語言治療與聽力細學類,碩士班,0,0,85.0,17.0,85.0,17.0,0.0,True,0.0,0.00051,-0.05,0.0,1.0
107,09159,其他治療及復健細學類,碩士班,0,0,114.0,31.0,114.0,31.0,0.0,True,0.0,0.00069,-0.07,0.0,1.0
107,09161,藥學細學類,碩士班,1,1,662.0,278.0,661.0,277.0,0.00151,True,0.00054,0.00399,-0.34,0.135,1.0
107,09171,傳統醫學、輔助醫學及治療細學類,碩士班,1,0,199.0,64.0,198.0,64.0,0.00503,True,0.00054,0.0012,-0.07,0.45,1.0
107,09191,公共衛生細學類,碩士班,10,0,1105.0,368.0,1095.0,368.0,0.00905,True,0.00536,0.00661,-0.13,0.811,1.0
107,09199,其他醫藥衛生細學類,碩士班,2,0,124.0,25.0,122.0,25.0,0.01613,True,0.00107,0.00074,0.03,1.446,1.0
107,09211,老年照顧服務細學類,碩士班,12,2,359.0,111.0,347.0,109.0,0.03343,True,0.00644,0.0021,0.43,3.067,1.0
107,09212,失能者照顧細學類,碩士班,2,0,142.0,14.0,140.0,14.0,0.01408,True,0.00107,0.00085,0.02,1.259,1.0
107,09221,兒童及青少年照顧服務細學類,碩士班,1,1,505.0,114.0,504.0,113.0,0.00198,True,0.00054,0.00304,-0.25,0.178,1.0
107,09231,社會工作細學類,碩士班,57,3,1105.0,228.0,1048.0,225.0,0.05158,True,0.03058,0.00633,2.43,4.831,1.0
107,09299,其他社會福利細學類,碩士班,7,0,35.0,6.0,28.0,6.0,0.2,True,0.00376,0.00017,0.36,22.118,1.0
107,10111,家政服務細學類,碩士班,2,0,173.0,43.0,171.0,43.0,0.01156,True,0.00107,0.00103,0.0,1.039,1.0
107,10121,美髮美容服務細學類,碩士班,4,1,217.0,74.0,213.0,73.0,0.01843,True,0.00215,0.00129,0.09,1.667,1.0
107,10131,旅館及餐飲細學類,碩士班,6,2,451.0,175.0,445.0,173.0,0.0133,True,0.00322,0.00269,0.05,1.197,1.0
107,10141,競技運動細學類,碩士班,46,4,645.0,136.0,599.0,132.0,0.07132,True,0.02468,0.00362,2.11,6.818,1.0
107,10142,運動科技細學類,碩士班,9,0,283.0,70.0,274.0,70.0,0.0318,True,0.00483,0.00165,0.32,2.927,1.0
107,10151,旅遊觀光細學類,碩士班,42,6,1359.0,462.0,1317.0,456.0,0.03091,True,0.02253,0.00795,1.46,2.834,1.0
107,10152,遊憩、運動和休閒管理細學類,碩士班,54,14,2093.0,736.0,2039.0,722.0,0.0258,True,0.02897,0.01231,1.67,2.353,1.0
107,10199,其他餐旅及民生服務細學類,碩士班,5,0,93.0,48.0,88.0,48.0,0.05376,True,0.00268,0.00053,0.22,5.057,1.0
107,10221,職業衛生及安全細學類,碩士班,3,0,198.0,85.0,195.0,85.0,0.01515,True,0.00161,0.00118,0.04,1.364,1.0
107,10321,警政細學類,碩士班,0,0,24.0,27.0,24.0,27.0,0.0,True,0.0,0.00014,-0.01,0.0,1.0
107,10411,運輸管理細學類,碩士班,2,0,437.0,186.0,435.0,186.0,0.00458,True,0.00107,0.00263,-0.16,0.407,1.0
107,10412,航運管理細學類,碩士班,1,0,292.0,116.0,291.0,116.0,0.00342,True,0.00054,0.00176,-0.12,0.307,1.0
107,10413,空運管理細學類,碩士班,1,3,32.0,11.0,31.0,8.0,0.03125,True,0.00054,0.00019,0.03,2.842,1.0
107,10414,航海細學類,碩士班,0,0,114.0,32.0,114.0,32.0,0.0,True,0.0,0.00069,-0.07,0.0,1.0
107,10499,其他運輸服務細學類,碩士班,3,0,151.0,43.0,148.0,43.0,0.01987,True,0.00161,0.00089,0.07,1.809,1.0
107,99999,其他細學類,碩士班,5,0,256.0,59.0,251.0,59.0,0.01953,False,,,,,1.0
107,01111,綜合教育細學類,總計,270,44,8056.0,1753.0,7786.0,1709.0,0.03352,True,0.00998,0.00641,0.36,1.557,1.0
107,01112,成人教育細學類,總計,8,2,611.0,157.0,603.0,155.0,0.01309,True,0.0003,0.0005,-0.02,0.6,1.0
107,01113,特殊教育細學類,總計,97,12,3907.0,824.0,3810.0,812.0,0.02483,True,0.00359,0.00313,0.05,1.147,1.0
107,01114,教育行政細學類,總計,60,8,2025.0,418.0,1965.0,410.0,0.02963,True,0.00222,0.00162,0.06,1.37,1.0
107,01115,課程與教學細學類,總計,16,1,836.0,165.0,820.0,164.0,0.01914,True,0.00059,0.00067,-0.01,0.881,1.0
107,01116,教育科技細學類,總計,25,4,1400.0,387.0,1375.0,383.0,0.01786,True,0.00092,0.00113,-0.02,0.814,1.0
107,01118,技職教育細學類,總計,8,3,842.0,194.0,834.0,191.0,0.0095,True,0.0003,0.00069,-0.04,0.435,1.0
107,01121,幼兒師資教育細學類,總計,172,31,5037.0,1217.0,4865.0,1186.0,0.03415,True,0.00636,0.004,0.24,1.59,1.0
107,01131,普通科目師資教育細學類,總計,104,11,5211.0,1118.0,5107.0,1107.0,0.01996,True,0.00384,0.0042,-0.04,0.914,1.0
107,01141,專業科目師資教育細學類,總計,327,67,6864.0,1496.0,6537.0,1429.0,0.04764,True,0.01209,0.00538,0.67,2.247,1.0
107,01199,其他教育細學類,總計,13,0,796.0,156.0,783.0,156.0,0.01633,True,0.00048,0.00064,-0.02,0.75,1.0
107,02111,視覺藝術細學類,總計,129,21,6578.0,1442.0,6449.0,1421.0,0.01961,True,0.00477,0.00531,-0.05,0.898,1.0
107,02112,視覺傳達設計細學類,總計,435,87,26965.0,6282.0,26530.0,6195.0,0.01613,True,0.01608,0.02183,-0.57,0.737,1.0
107,02121,應用藝術細學類,總計,47,10,2011.0,498.0,1964.0,488.0,0.02337,True,0.00174,0.00162,0.01,1.074,1.0
107,02122,綜合設計細學類,總計,462,90,14939.0,3228.0,14477.0,3138.0,0.03093,True,0.01708,0.01191,0.52,1.434,1.0
107,02123,產品設計細學類,總計,198,29,13510.0,3460.0,13312.0,3431.0,0.01466,True,0.00732,0.01095,-0.36,0.668,1.0
107,02124,空間設計細學類,總計,125,18,6915.0,1483.0,6790.0,1465.0,0.01808,True,0.00462,0.00559,-0.1,0.826,1.0
107,02125,時尚設計與管理細學類,總計,78,10,4921.0,1021.0,4843.0,1011.0,0.01585,True,0.00288,0.00398,-0.11,0.724,1.0
107,02131,純藝術細學類,總計,72,11,6898.0,1462.0,6826.0,1451.0,0.01044,True,0.00266,0.00562,-0.3,0.473,1.0
107,02132,雕塑細學類,總計,3,0,199.0,46.0,196.0,46.0,0.01508,True,0.00011,0.00016,-0.01,0.688,1.0
107,02141,美術工藝細學類,總計,80,1,1421.0,293.0,1341.0,292.0,0.0563,True,0.00296,0.0011,0.19,2.691,1.0
107,02151,音樂細學類,總計,253,36,8769.0,1718.0,8516.0,1682.0,0.02885,True,0.00935,0.00701,0.23,1.334,1.0
107,02152,表演藝術細學類,總計,411,35,7467.0,1067.0,7056.0,1032.0,0.05504,True,0.01519,0.0058,0.94,2.619,1.0
107,02191,綜合藝術細學類,總計,38,5,1810.0,334.0,1772.0,329.0,0.02099,True,0.0014,0.00146,-0.01,0.959,1.0
107,02192,藝術行政細學類,總計,18,3,897.0,165.0,879.0,162.0,0.02007,True,0.00067,0.00072,-0.01,0.931,1.0
107,02199,其他藝術細學類,總計,31,2,1395.0,244.0,1364.0,242.0,0.02222,True,0.00115,0.00112,0.0,1.027,1.0
107,02211,宗教細學類,總計,63,20,1573.0,349.0,1510.0,329.0,0.04005,True,0.00233,0.00124,0.11,1.879,1.0
107,02221,歷史細學類,總計,89,18,5798.0,1240.0,5709.0,1222.0,0.01535,True,0.00329,0.0047,-0.14,0.7,1.0
107,02222,人類學及民族學細學類,總計,153,21,760.0,130.0,607.0,109.0,0.20132,True,0.00566,0.0005,0.52,11.32,1.0
107,02231,哲學細學類,總計,26,6,2669.0,530.0,2643.0,524.0,0.00974,True,0.00096,0.00217,-0.12,0.442,1.0
107,02299,其他人文細學類,總計,272,61,3785.0,693.0,3513.0,632.0,0.07186,True,0.01005,0.00289,0.72,3.478,1.0
107,02311,外國語文細學類,總計,1051,199,66285.0,15439.0,65234.0,15240.0,0.01586,True,0.03885,0.05367,-1.48,0.724,1.0
107,02312,翻譯細學類,總計,6,4,961.0,258.0,955.0,254.0,0.00624,True,0.00022,0.00079,-0.06,0.278,1.0
107,02313,華語文為第二語言細學類,總計,7,2,757.0,166.0,750.0,164.0,0.00925,True,0.00026,0.00062,-0.04,0.419,1.0
107,02321,臺灣語文細學類,總計,189,28,1917.0,366.0,1728.0,338.0,0.09859,True,0.00699,0.00142,0.56,4.923,1.0
107,02322,中國語文細學類,總計,169,42,15100.0,3248.0,14931.0,3206.0,0.01119,True,0.00625,0.01228,-0.6,0.509,1.0
107,02323,華語文細學類,總計,38,4,2250.0,454.0,2212.0,450.0,0.01689,True,0.0014,0.00182,-0.04,0.769,1.0
107,02399,其他語文細學類,總計,8,1,335.0,58.0,327.0,57.0,0.02388,True,0.0003,0.00027,0.0,1.111,1.0
107,03111,經濟學細學類,總計,59,10,11060.0,2964.0,11001.0,2954.0,0.00533,True,0.00218,0.00905,-0.69,0.241,1.0
107,03121,政治學細學類,總計,51,14,4142.0,831.0,4091.0,817.0,0.01231,True,0.00189,0.00337,-0.15,0.561,1.0
107,03122,國際關係細學類,總計,16,3,1697.0,378.0,1681.0,375.0,0.00943,True,0.00059,0.00138,-0.08,0.428,1.0
107,03131,心理學細學類,總計,197,33,10509.0,2406.0,10312.0,2373.0,0.01875,True,0.00728,0.00848,-0.12,0.858,1.0
107,03141,社會學細學類,總計,306,37,5179.0,1114.0,4873.0,1077.0,0.05908,True,0.01131,0.00401,0.73,2.82,1.0
107,03142,地理學細學類,總計,39,4,1463.0,314.0,1424.0,310.0,0.02666,True,0.00144,0.00117,0.03,1.231,1.0
107,03143,區域研究細學類,總計,39,10,3198.0,667.0,3159.0,657.0,0.0122,True,0.00144,0.0026,-0.12,0.554,1.0
107,03191,發展研究細學類,總計,12,0,949.0,207.0,937.0,207.0,0.01264,True,0.00044,0.00077,-0.03,0.571,1.0
107,03199,其他社會及行為科學細學類,總計,154,31,2149.0,477.0,1995.0,446.0,0.07166,True,0.00569,0.00164,0.4,3.47,1.0
107,03211,大眾傳播細學類,總計,233,40,7817.0,1781.0,7584.0,1741.0,0.02981,True,0.00861,0.00624,0.24,1.38,1.0
107,03212,新聞細學類,總計,41,5,2139.0,523.0,2098.0,518.0,0.01917,True,0.00152,0.00173,-0.02,0.879,1.0
107,03213,電子媒體細學類,總計,57,13,2416.0,600.0,2359.0,587.0,0.02359,True,0.00211,0.00194,0.02,1.088,1.0
107,03214,傳播細學類,總計,89,12,3860.0,872.0,3771.0,860.0,0.02306,True,0.00329,0.0031,0.02,1.061,1.0
107,03221,博物館細學類,總計,2,0,124.0,21.0,122.0,21.0,0.01613,True,7e-05,0.0001,-0.0,0.7,1.0
107,03222,圖書資訊檔案細學類,總計,7,3,1526.0,365.0,1519.0,362.0,0.00459,True,0.00026,0.00125,-0.1,0.208,1.0
107,03299,其他新聞學及圖書資訊細學類,總計,6,3,6.0,3.0,0.0,0.0,1.0,True,0.00022,0.0,0.02,inf,1.0
107,04111,會計及稅務細學類,總計,170,33,20057.0,5391.0,19887.0,5358.0,0.00848,True,0.00628,0.01636,-1.01,0.384,1.0
107,04121,財務金融細學類,總計,296,55,32269.0,8998.0,31973.0,8943.0,0.00917,True,0.01094,0.0263,-1.54,0.416,1.0
107,04122,財政細學類,總計,40,9,3666.0,1002.0,3626.0,993.0,0.01091,True,0.00148,0.00298,-0.15,0.497,1.0
107,04123,保險及風險管理細學類,總計,44,8,4695.0,1254.0,4651.0,1246.0,0.00937,True,0.00163,0.00383,-0.22,0.426,1.0
107,04131,企業管理細學類,總計,1219,291,72311.0,20694.0,71092.0,20403.0,0.01686,True,0.04506,0.05849,-1.34,0.77,1.0
107,04132,流通及供應鏈細學類,總計,567,86,14433.0,3558.0,13866.0,3472.0,0.03928,True,0.02096,0.01141,0.96,1.837,1.0
107,04133,醫療管理細學類,總計,201,44,6865.0,1875.0,6664.0,1831.0,0.02928,True,0.00743,0.00548,0.2,1.356,1.0
107,04134,公共行政細學類,總計,256,98,8154.0,2139.0,7898.0,2041.0,0.0314,True,0.00946,0.0065,0.3,1.455,1.0
107,04141,國際貿易細學類,總計,133,39,15395.0,4016.0,15262.0,3977.0,0.00864,True,0.00492,0.01256,-0.76,0.392,1.0
107,04142,公共關係細學類,總計,26,1,994.0,273.0,968.0,272.0,0.02616,True,0.00096,0.0008,0.02,1.2,1.0
107,04143,行銷及廣告細學類,總計,510,100,11220.0,2897.0,10710.0,2797.0,0.04545,True,0.01885,0.00881,1.0,2.14,1.0
107,04191,一般商業細學類,總計,175,51,2701.0,716.0,2526.0,665.0,0.06479,True,0.00647,0.00208,0.44,3.111,1.0
107,04199,其他商業及管理細學類,總計,235,51,18765.0,5360.0,18530.0,5309.0,0.01252,True,0.00869,0.01524,-0.66,0.57,1.0
107,04211,一般法律細學類,總計,334,43,14712.0,3096.0,14378.0,3053.0,0.0227,True,0.01235,0.01183,0.05,1.044,1.0
107,04212,專業法律細學類,總計,51,6,5500.0,1104.0,5449.0,1098.0,0.00927,True,0.00189,0.00448,-0.26,0.422,1.0
107,05111,生物學細學類,總計,35,2,4746.0,1142.0,4711.0,1140.0,0.00737,True,0.00129,0.00388,-0.26,0.332,1.0
107,05121,生物科技細學類,總計,59,17,10049.0,2751.0,9990.0,2734.0,0.00587,True,0.00218,0.00822,-0.6,0.265,1.0
107,05122,微生物細學類,總計,1,0,370.0,113.0,369.0,113.0,0.0027,True,4e-05,0.0003,-0.03,0.133,1.0
107,05123,生物化學細學類,總計,6,1,932.0,278.0,926.0,277.0,0.00644,True,0.00022,0.00076,-0.05,0.289,1.0
107,05124,生物訊息及遺傳細學類,總計,2,1,427.0,102.0,425.0,101.0,0.00468,True,7e-05,0.00035,-0.03,0.2,1.0
107,05191,營養細學類,總計,105,14,8225.0,2043.0,8120.0,2029.0,0.01277,True,0.00388,0.00668,-0.28,0.581,1.0
107,05199,其他生命科學細學類,總計,7,2,510.0,118.0,503.0,116.0,0.01373,True,0.00026,0.00041,-0.02,0.634,1.0
107,05211,環境資源細學類,總計,30,7,1503.0,388.0,1473.0,381.0,0.01996,True,0.00111,0.00121,-0.01,0.917,1.0
107,05212,生態細學類,總計,2,0,455.0,104.0,453.0,104.0,0.0044,True,7e-05,0.00037,-0.03,0.189,1.0
107,05292,水土保持細學類,總計,7,1,644.0,164.0,637.0,163.0,0.01087,True,0.00026,0.00052,-0.03,0.5,1.0
107,05299,其他環境細學類,總計,3,4,123.0,62.0,120.0,58.0,0.02439,True,0.00011,0.0001,0.0,1.1,1.0
107,05311,化學細學類,總計,33,9,9129.0,2460.0,9096.0,2451.0,0.00361,True,0.00122,0.00748,-0.63,0.163,1.0
107,05321,地球科學及環境細學類,總計,5,0,1811.0,442.0,1806.0,442.0,0.00276,True,0.00018,0.00149,-0.13,0.121,1.0
107,05322,大氣及太空科學細學類,總計,2,2,862.0,211.0,860.0,209.0,0.00232,True,7e-05,0.00071,-0.06,0.099,1.0
107,05323,海洋科學細學類,總計,5,0,876.0,255.0,871.0,255.0,0.00571,True,0.00018,0.00072,-0.05,0.25,1.0
107,05331,物理及應用物理細學類,總計,18,2,6815.0,1683.0,6797.0,1681.0,0.00264,True,0.00067,0.00559,-0.49,0.12,1.0
107,05399,其他物理、化學及地球科學細學類,總計,13,2,1591.0,360.0,1578.0,358.0,0.00817,True,0.00048,0.0013,-0.08,0.369,1.0
107,05411,數學細學類,總計,30,14,8152.0,1954.0,8122.0,1940.0,0.00368,True,0.00111,0.00668,-0.56,0.166,1.0
107,05421,統計細學類,總計,9,1,3979.0,1112.0,3970.0,1111.0,0.00226,True,0.00033,0.00327,-0.29,0.101,1.0
107,05499,其他數學及統計細學類,總計,1,0,935.0,186.0,934.0,186.0,0.00107,True,4e-05,0.00077,-0.07,0.052,1.0
107,06111,電腦運用細學類,總計,61,29,2292.0,597.0,2231.0,568.0,0.02661,True,0.00225,0.00184,0.04,1.223,1.0
107,06121,資料庫、網路設計及管理細學類,總計,48,10,3164.0,940.0,3116.0,930.0,0.01517,True,0.00177,0.00256,-0.08,0.691,1.0
107,06131,資訊技術細學類,總計,611,114,64296.0,16683.0,63685.0,16569.0,0.0095,True,0.02258,0.05239,-2.98,0.431,1.0
107,06132,軟體開發細學類,總計,43,6,4931.0,1185.0,4888.0,1179.0,0.00872,True,0.00159,0.00402,-0.24,0.396,1.0
107,06133,系統設計細學類,總計,32,4,2302.0,584.0,2270.0,580.0,0.0139,True,0.00118,0.00187,-0.07,0.631,1.0
107,06134,電算機應用細學類,總計,62,14,5096.0,1444.0,5034.0,1430.0,0.01217,True,0.00229,0.00414,-0.18,0.553,1.0
107,06199,其他資訊通訊科技細學類,總計,13,1,1158.0,337.0,1145.0,336.0,0.01123,True,0.00048,0.00094,-0.05,0.511,1.0
107,07111,化學工程細學類,總計,50,11,14599.0,4042.0,14549.0,4031.0,0.00342,True,0.00185,0.01197,-1.01,0.155,1.0
107,07112,材料工程細學類,總計,54,6,9063.0,2379.0,9009.0,2373.0,0.00596,True,0.002,0.00741,-0.54,0.27,1.0
107,07121,環境工程細學類,總計,88,16,9911.0,2560.0,9823.0,2544.0,0.00888,True,0.00325,0.00808,-0.48,0.402,1.0
107,07122,河海工程細學類,總計,14,5,2077.0,520.0,2063.0,515.0,0.00674,True,0.00052,0.0017,-0.12,0.306,1.0
107,07132,能源工程細學類,總計,25,2,3688.0,852.0,3663.0,850.0,0.00678,True,0.00092,0.00301,-0.21,0.306,1.0
107,07141,電機與電子工程細學類,總計,538,124,84706.0,22016.0,84168.0,21892.0,0.00635,True,0.01989,0.06924,-4.93,0.287,1.0
107,07151,機械工程細學類,總計,463,133,49324.0,12032.0,48861.0,11899.0,0.00939,True,0.01711,0.0402,-2.31,0.426,1.0
107,07161,車輛工程細學類,總計,43,8,2228.0,545.0,2185.0,537.0,0.0193,True,0.00159,0.0018,-0.02,0.883,1.0
107,07162,航空工程細學類,總計,68,10,3963.0,932.0,3895.0,922.0,0.01716,True,0.00251,0.0032,-0.07,0.784,1.0
107,07163,造船工程細學類,總計,32,15,2220.0,612.0,2188.0,597.0,0.01441,True,0.00118,0.0018,-0.06,0.656,1.0
107,07191,工業工程細學類,總計,193,58,14197.0,4116.0,14004.0,4058.0,0.01359,True,0.00713,0.01152,-0.44,0.619,1.0
107,07192,紡織工程細學類,總計,5,0,1035.0,248.0,1030.0,248.0,0.00483,True,0.00018,0.00085,-0.07,0.212,1.0
107,07193,生醫工程細學類,總計,21,7,4564.0,1095.0,4543.0,1088.0,0.0046,True,0.00078,0.00374,-0.3,0.209,1.0
107,07194,綜合工程細學類,總計,3,1,1055.0,232.0,1052.0,231.0,0.00284,True,0.00011,0.00087,-0.08,0.126,1.0
107,07199,其他工程及工程業細學類,總計,2,0,780.0,102.0,778.0,102.0,0.00256,True,7e-05,0.00064,-0.06,0.109,1.0
107,07211,食品科學細學類,總計,138,19,9650.0,2275.0,9512.0,2256.0,0.0143,True,0.0051,0.00783,-0.27,0.651,1.0
107,07311,建築細學類,總計,95,19,9176.0,1891.0,9081.0,1872.0,0.01035,True,0.00351,0.00747,-0.4,0.47,1.0
107,07312,景觀設計細學類,總計,35,8,2503.0,658.0,2468.0,650.0,0.01398,True,0.00129,0.00203,-0.07,0.635,1.0
107,07313,都巿規劃細學類,總計,20,2,1952.0,523.0,1932.0,521.0,0.01025,True,0.00074,0.00159,-0.08,0.465,1.0
107,07321,土木工程細學類,總計,433,66,17293.0,4602.0,16860.0,4536.0,0.02504,True,0.01601,0.01387,0.21,1.154,1.0
107,07322,空間資訊及測繪細學類,總計,4,0,428.0,101.0,424.0,101.0,0.00935,True,0.00015,0.00035,-0.02,0.429,1.0
107,08111,農作物生產細學類,總計,34,19,1754.0,397.0,1720.0,378.0,0.01938,True,0.00126,0.00142,-0.02,0.887,1.0
107,08112,畜牧生產細學類,總計,20,4,2314.0,529.0,2294.0,525.0,0.00864,True,0.00074,0.00189,-0.12,0.392,1.0
107,08121,園藝細學類,總計,51,11,1776.0,459.0,1725.0,448.0,0.02872,True,0.00189,0.00142,0.05,1.331,1.0
107,08191,農業化學細學類,總計,0,1,512.0,115.0,512.0,114.0,0.0,True,0.0,0.00042,-0.04,0.0,1.0
107,08192,農業生物技術細學類,總計,7,1,285.0,63.0,278.0,62.0,0.02456,True,0.00026,0.00023,0.0,1.13,1.0
107,08193,農業經濟及推廣細學類,總計,28,1,1471.0,345.0,1443.0,344.0,0.01903,True,0.00103,0.00119,-0.02,0.866,1.0
107,08194,植物保護細學類,總計,12,2,931.0,212.0,919.0,210.0,0.01289,True,0.00044,0.00076,-0.03,0.579,1.0
107,08199,其他農業細學類,總計,26,1,794.0,94.0,768.0,93.0,0.03275,True,0.00096,0.00063,0.03,1.524,1.0
107,08211,林業細學類,總計,59,10,2329.0,563.0,2270.0,553.0,0.02533,True,0.00218,0.00187,0.03,1.166,1.0
107,08311,漁業科學細學類,總計,8,2,756.0,177.0,748.0,175.0,0.01058,True,0.0003,0.00062,-0.03,0.484,1.0
107,08312,水產養殖細學類,總計,13,0,1774.0,403.0,1761.0,403.0,0.00733,True,0.00048,0.00145,-0.1,0.331,1.0
107,08411,獸醫細學類,總計,27,2,2004.0,373.0,1977.0,371.0,0.01347,True,0.001,0.00163,-0.06,0.613,1.0
107,09111,牙醫細學類,總計,94,18,5827.0,1109.0,5733.0,1091.0,0.01613,True,0.00347,0.00472,-0.13,0.735,1.0
107,09121,醫學細學類,總計,142,27,13783.0,2291.0,13641.0,2264.0,0.0103,True,0.00525,0.01122,-0.6,0.468,1.0
107,09131,護理及助產細學類,總計,3455,620,61406.0,14471.0,57951.0,13851.0,0.05626,True,0.12771,0.04768,8.0,2.678,1.0
107,09141,醫學技術及檢驗細學類,總計,227,40,13876.0,3308.0,13649.0,3268.0,0.01636,True,0.00839,0.01123,-0.28,0.747,1.0
107,09151,物理治療細學類,總計,172,24,5195.0,1015.0,5023.0,991.0,0.03311,True,0.00636,0.00413,0.22,1.54,1.0
107,09152,職能治療細學類,總計,52,6,2160.0,435.0,2108.0,429.0,0.02407,True,0.00192,0.00173,0.02,1.11,1.0
107,09153,語言治療與聽力細學類,總計,15,2,1190.0,126.0,1175.0,124.0,0.01261,True,0.00055,0.00097,-0.04,0.567,1.0
107,09159,其他治療及復健細學類,總計,53,4,2043.0,339.0,1990.0,335.0,0.02594,True,0.00196,0.00164,0.03,1.195,1.0
107,09161,藥學細學類,總計,78,21,7577.0,1687.0,7499.0,1666.0,0.01029,True,0.00288,0.00617,-0.33,0.467,1.0
107,09171,傳統醫學、輔助醫學及治療細學類,總計,8,4,1064.0,284.0,1056.0,280.0,0.00752,True,0.0003,0.00087,-0.06,0.345,1.0
107,09191,公共衛生細學類,總計,77,10,4435.0,1139.0,4358.0,1129.0,0.01736,True,0.00285,0.00359,-0.07,0.794,1.0
107,09199,其他醫藥衛生細學類,總計,35,1,1932.0,461.0,1897.0,460.0,0.01812,True,0.00129,0.00156,-0.03,0.827,1.0
107,09211,老年照顧服務細學類,總計,218,32,5134.0,1214.0,4916.0,1182.0,0.04246,True,0.00806,0.00404,0.4,1.995,1.0
107,09212,失能者照顧細學類,總計,3,0,215.0,14.0,212.0,14.0,0.01395,True,0.00011,0.00017,-0.01,0.647,1.0
107,09221,兒童及青少年照顧服務細學類,總計,737,153,12490.0,3142.0,11753.0,2989.0,0.05901,True,0.02724,0.00967,1.76,2.817,1.0
107,09231,社會工作細學類,總計,865,202,11131.0,2744.0,10266.0,2542.0,0.07771,True,0.03197,0.00845,2.35,3.783,1.0
107,09299,其他社會福利細學類,總計,41,5,933.0,149.0,892.0,144.0,0.04394,True,0.00152,0.00073,0.08,2.082,1.0
107,10111,家政服務細學類,總計,13,4,1352.0,354.0,1339.0,350.0,0.00962,True,0.00048,0.0011,-0.06,0.436,1.0
107,10121,美髮美容服務細學類,總計,604,92,16963.0,4106.0,16359.0,4014.0,0.03561,True,0.02233,0.01346,0.89,1.659,1.0
107,10131,旅館及餐飲細學類,總計,1263,217,50533.0,12160.0,49270.0,11943.0,0.02499,True,0.04668,0.04053,0.62,1.152,1.0
107,10141,競技運動細學類,總計,741,104,5652.0,1127.0,4911.0,1023.0,0.1311,True,0.02739,0.00404,2.34,6.78,1.0
107,10142,運動科技細學類,總計,45,4,1018.0,229.0,973.0,225.0,0.0442,True,0.00166,0.0008,0.09,2.075,1.0
107,10151,旅遊觀光細學類,總計,1144,217,35760.0,9179.0,34616.0,8962.0,0.03199,True,0.04229,0.02848,1.38,1.485,1.0
107,10152,遊憩、運動和休閒管理細學類,總計,1455,286,25950.0,6410.0,24495.0,6124.0,0.05607,True,0.05378,0.02015,3.36,2.669,1.0
107,10199,其他餐旅及民生服務細學類,總計,310,62,3557.0,714.0,3247.0,652.0,0.08715,True,0.01146,0.00267,0.88,4.292,1.0
107,10221,職業衛生及安全細學類,總計,23,5,1634.0,456.0,1611.0,451.0,0.01408,True,0.00085,0.00133,-0.05,0.639,1.0
107,10321,警政細學類,總計,50,4,1299.0,209.0,1249.0,205.0,0.03849,True,0.00185,0.00103,0.08,1.796,1.0
107,10411,運輸管理細學類,總計,15,2,2571.0,732.0,2556.0,730.0,0.00583,True,0.00055,0.0021,-0.15,0.262,1.0
107,10412,航運管理細學類,總計,61,8,3075.0,799.0,3014.0,791.0,0.01984,True,0.00225,0.00248,-0.02,0.907,1.0
107,10413,空運管理細學類,總計,38,6,1673.0,317.0,1635.0,311.0,0.02271,True,0.0014,0.00135,0.0,1.037,1.0
107,10414,航海細學類,總計,36,9,1539.0,460.0,1503.0,451.0,0.02339,True,0.00133,0.00124,0.01,1.073,1.0
107,10499,其他運輸服務細學類,總計,16,3,695.0,189.0,679.0,186.0,0.02302,True,0.00059,0.00056,0.0,1.054,1.0
107,99999,其他細學類,總計,493,2,1499.0,112.0,1006.0,110.0,0.32889,False,,,,,1.0
108,01111,綜合教育細學類,二專,0,0,,,,,,True,0.0,,,,0.9989
108,01112,成人教育細學類,二專,0,0,,,,,,True,0.0,,,,0.9989
108,01113,特殊教育細學類,二專,0,0,,,,,,True,0.0,,,,0.9989
108,01114,教育行政細學類,二專,0,0,,,,,,True,0.0,,,,0.9989
108,01115,課程與教學細學類,二專,0,0,,,,,,True,0.0,,,,0.9989
108,01116,教育科技細學類,二專,0,0,,,,,,True,0.0,,,,0.9989
108,01118,技職教育細學類,二專,0,0,,,,,,True,0.0,,,,0.9989
108,01121,幼兒師資教育細學類,二專,0,0,,,,,,True,0.0,,,,0.9989
108,01131,普通科目師資教育細學類,二專,0,0,,,,,,True,0.0,,,,0.9989
108,01141,專業科目師資教育細學類,二專,0,0,,,,,,True,0.0,,,,0.9989
108,01199,其他教育細學類,二專,0,0,,,,,,True,0.0,,,,0.9989
108,02111,視覺藝術細學類,二專,0,0,,,,,,True,0.0,,,,0.9989
108,02112,視覺傳達設計細學類,二專,0,0,1.0,6.0,1.0,6.0,0.0,True,0.0,0.00025,-0.02,0.0,0.9989
108,02121,應用藝術細學類,二專,1,2,10.0,6.0,9.0,4.0,0.1,True,0.00104,0.00227,-0.12,0.458,0.9989
108,02122,綜合設計細學類,二專,5,4,,,,,,True,0.00522,,,,0.9989
108,02123,產品設計細學類,二專,0,1,7.0,2.0,7.0,1.0,0.0,True,0.0,0.00176,-0.18,0.0,0.9989
108,02124,空間設計細學類,二專,3,1,18.0,7.0,15.0,6.0,0.16667,True,0.00313,0.00378,-0.06,0.828,0.9989
108,02125,時尚設計與管理細學類,二專,0,0,,,,,,True,0.0,,,,0.9989
108,02131,純藝術細學類,二專,0,0,,,,,,True,0.0,,,,0.9989
108,02132,雕塑細學類,二專,0,0,,,,,,True,0.0,,,,0.9989
108,02141,美術工藝細學類,二專,0,0,,,,,,True,0.0,,,,0.9989
108,02151,音樂細學類,二專,0,0,,,,,,True,0.0,,,,0.9989
108,02152,表演藝術細學類,二專,0,0,,,,,,True,0.0,,,,0.9989
108,02191,綜合藝術細學類,二專,0,0,,,,,,True,0.0,,,,0.9989
108,02192,藝術行政細學類,二專,0,0,,,,,,True,0.0,,,,0.9989
108,02199,其他藝術細學類,二專,0,0,,,,,,True,0.0,,,,0.9989
108,02211,宗教細學類,二專,0,0,,,,,,True,0.0,,,,0.9989
108,02221,歷史細學類,二專,0,0,,,,,,True,0.0,,,,0.9989
108,02222,人類學及民族學細學類,二專,0,0,,,,,,True,0.0,,,,0.9989
108,02231,哲學細學類,二專,0,0,,,,,,True,0.0,,,,0.9989
108,02299,其他人文細學類,二專,3,9,,,,,,True,0.00313,,,,0.9989
108,02311,外國語文細學類,二專,28,1,2.0,14.0,-26.0,13.0,14.0,True,0.02923,-0.00655,3.58,-4.463,0.9989
108,02312,翻譯細學類,二專,0,0,,,,,,True,0.0,,,,0.9989
108,02313,華語文為第二語言細學類,二專,0,0,,,,,,True,0.0,,,,0.9989
108,02321,臺灣語文細學類,二專,0,0,,,,,,True,0.0,,,,0.9989
108,02322,中國語文細學類,二專,0,0,,,,,,True,0.0,,,,0.9989
108,02323,華語文細學類,二專,0,0,,,,,,True,0.0,,,,0.9989
108,02399,其他語文細學類,二專,0,0,,,,,,True,0.0,,,,0.9989
108,03111,經濟學細學類,二專,0,0,,,,,,True,0.0,,,,0.9989
108,03121,政治學細學類,二專,0,0,,,,,,True,0.0,,,,0.9989
108,03122,國際關係細學類,二專,0,0,,,,,,True,0.0,,,,0.9989
108,03131,心理學細學類,二專,0,0,,,,,,True,0.0,,,,0.9989
108,03141,社會學細學類,二專,0,0,,,,,,True,0.0,,,,0.9989
108,03142,地理學細學類,二專,0,0,,,,,,True,0.0,,,,0.9989
108,03143,區域研究細學類,二專,0,0,,,,,,True,0.0,,,,0.9989
108,03191,發展研究細學類,二專,0,0,,,,,,True,0.0,,,,0.9989
108,03199,其他社會及行為科學細學類,二專,0,0,,,,,,True,0.0,,,,0.9989
108,03211,大眾傳播細學類,二專,0,0,4.0,0.0,4.0,0.0,0.0,True,0.0,0.00101,-0.1,0.0,0.9989
108,03212,新聞細學類,二專,0,0,,,,,,True,0.0,,,,0.9989
108,03213,電子媒體細學類,二專,0,0,,,,,,True,0.0,,,,0.9989
108,03214,傳播細學類,二專,0,0,,,,,,True,0.0,,,,0.9989
108,03222,圖書資訊檔案細學類,二專,0,0,,,,,,True,0.0,,,,0.9989
108,03299,其他新聞學及圖書資訊細學類,二專,0,0,,,,,,True,0.0,,,,0.9989
108,04111,會計及稅務細學類,二專,0,0,,,,,,True,0.0,,,,0.9989
108,04121,財務金融細學類,二專,7,3,1.0,8.0,-6.0,5.0,7.0,True,0.00731,-0.00151,0.88,-4.841,0.9989
108,04122,財政細學類,二專,0,0,,,,,,True,0.0,,,,0.9989
108,04123,保險及風險管理細學類,二專,0,0,,,,,,True,0.0,,,,0.9989
108,04131,企業管理細學類,二專,245,64,553.0,182.0,308.0,118.0,0.44304,True,0.25574,0.07762,17.81,3.295,0.9989
108,04132,流通及供應鏈細學類,二專,4,2,30.0,6.0,26.0,4.0,0.13333,True,0.00418,0.00655,-0.24,0.638,0.9989
108,04133,醫療管理細學類,二專,9,6,14.0,13.0,5.0,7.0,0.64286,True,0.00939,0.00126,0.81,7.452,0.9989
108,04134,公共行政細學類,二專,12,5,,,,,,True,0.01253,,,,0.9989
108,04141,國際貿易細學類,二專,1,0,,,,,,True,0.00104,,,,0.9989
108,04142,公共關係細學類,二專,0,0,,,,,,True,0.0,,,,0.9989
108,04143,行銷及廣告細學類,二專,79,30,72.0,32.0,-7.0,2.0,1.09722,True,0.08246,-0.00176,8.42,-46.852,0.9989
108,04191,一般商業細學類,二專,47,6,,,,,,True,0.04906,,,,0.9989
108,04199,其他商業及管理細學類,二專,6,0,80.0,14.0,74.0,14.0,0.075,True,0.00626,0.01865,-1.24,0.336,0.9989
108,04211,一般法律細學類,二專,0,0,,,,,,True,0.0,,,,0.9989
108,04212,專業法律細學類,二專,0,0,,,,,,True,0.0,,,,0.9989
108,05111,生物學細學類,二專,0,0,,,,,,True,0.0,,,,0.9989
108,05121,生物科技細學類,二專,2,0,,,,,,True,0.00209,,,,0.9989
108,05122,微生物細學類,二專,0,0,,,,,,True,0.0,,,,0.9989
108,05123,生物化學細學類,二專,0,0,,,,,,True,0.0,,,,0.9989
108,05124,生物訊息及遺傳細學類,二專,0,0,,,,,,True,0.0,,,,0.9989
108,05191,營養細學類,二專,0,0,,,,,,True,0.0,,,,0.9989
108,05199,其他生命科學細學類,二專,0,0,,,,,,True,0.0,,,,0.9989
108,05211,環境資源細學類,二專,0,0,,,,,,True,0.0,,,,0.9989
108,05212,生態細學類,二專,0,0,,,,,,True,0.0,,,,0.9989
108,05292,水土保持細學類,二專,0,0,,,,,,True,0.0,,,,0.9989
108,05299,其他環境細學類,二專,0,0,,,,,,True,0.0,,,,0.9989
108,05311,化學細學類,二專,0,0,,,,,,True,0.0,,,,0.9989
108,05321,地球科學及環境細學類,二專,0,0,,,,,,True,0.0,,,,0.9989
108,05322,大氣及太空科學細學類,二專,0,0,,,,,,True,0.0,,,,0.9989
108,05323,海洋科學細學類,二專,0,0,,,,,,True,0.0,,,,0.9989
108,05331,物理及應用物理細學類,二專,0,0,,,,,,True,0.0,,,,0.9989
108,05399,其他物理、化學及地球科學細學類,二專,0,0,,,,,,True,0.0,,,,0.9989
108,05411,數學細學類,二專,0,0,,,,,,True,0.0,,,,0.9989
108,05421,統計細學類,二專,0,0,,,,,,True,0.0,,,,0.9989
108,06111,電腦運用細學類,二專,4,1,,,,,,True,0.00418,,,,0.9989
108,06121,資料庫、網路設計及管理細學類,二專,0,1,0.0,56.0,0.0,55.0,,True,0.0,0.0,0.0,,0.9989
108,06131,資訊技術細學類,二專,25,10,194.0,89.0,169.0,79.0,0.12887,True,0.0261,0.04259,-1.65,0.613,0.9989
108,06132,軟體開發細學類,二專,0,0,,,,,,True,0.0,,,,0.9989
108,06133,系統設計細學類,二專,0,0,,,,,,True,0.0,,,,0.9989
108,06134,電算機應用細學類,二專,0,0,,,,,,True,0.0,,,,0.9989
108,06199,其他資訊通訊科技細學類,二專,0,0,,,,,,True,0.0,,,,0.9989
108,07111,化學工程細學類,二專,0,0,,,,,,True,0.0,,,,0.9989
108,07112,材料工程細學類,二專,0,0,,,,,,True,0.0,,,,0.9989
108,07121,環境工程細學類,二專,0,0,,,,,,True,0.0,,,,0.9989
108,07122,河海工程細學類,二專,0,0,,,,,,True,0.0,,,,0.9989
108,07132,能源工程細學類,二專,0,0,,,,,,True,0.0,,,,0.9989
108,07141,電機與電子工程細學類,二專,7,1,166.0,61.0,159.0,60.0,0.04217,True,0.00731,0.04007,-3.28,0.182,0.9989
108,07151,機械工程細學類,二專,8,1,36.0,17.0,28.0,16.0,0.22222,True,0.00835,0.00706,0.13,1.183,0.9989
108,07161,車輛工程細學類,二專,11,2,155.0,44.0,144.0,42.0,0.07097,True,0.01148,0.03629,-2.48,0.316,0.9989
108,07162,航空工程細學類,二專,0,0,,,,,,True,0.0,,,,0.9989
108,07163,造船工程細學類,二專,2,2,99.0,32.0,97.0,30.0,0.0202,True,0.00209,0.02445,-2.24,0.085,0.9989
108,07191,工業工程細學類,二專,2,3,57.0,11.0,55.0,8.0,0.03509,True,0.00209,0.01386,-1.18,0.151,0.9989
108,07192,紡織工程細學類,二專,0,0,,,,,,True,0.0,,,,0.9989
108,07193,生醫工程細學類,二專,0,0,,,,,,True,0.0,,,,0.9989
108,07194,綜合工程細學類,二專,0,0,,,,,,True,0.0,,,,0.9989
108,07199,其他工程及工程業細學類,二專,0,0,,,,,,True,0.0,,,,0.9989
108,07211,食品科學細學類,二專,3,3,28.0,12.0,25.0,9.0,0.10714,True,0.00313,0.0063,-0.32,0.497,0.9989
108,07311,建築細學類,二專,1,0,99.0,41.0,98.0,41.0,0.0101,True,0.00104,0.0247,-2.37,0.042,0.9989
108,07312,景觀設計細學類,二專,0,0,,,,,,True,0.0,,,,0.9989
108,07313,都巿規劃細學類,二專,0,0,,,,,,True,0.0,,,,0.9989
108,07321,土木工程細學類,二專,13,5,37.0,11.0,24.0,6.0,0.35135,True,0.01357,0.00605,0.75,2.243,0.9989
108,07322,空間資訊及測繪細學類,二專,0,0,,,,,,True,0.0,,,,0.9989
108,08111,農作物生產細學類,二專,0,0,,,,,,True,0.0,,,,0.9989
108,08112,畜牧生產細學類,二專,0,0,,,,,,True,0.0,,,,0.9989
108,08121,園藝細學類,二專,16,6,142.0,52.0,126.0,46.0,0.11268,True,0.0167,0.03175,-1.5,0.526,0.9989
108,08191,農業化學細學類,二專,0,0,,,,,,True,0.0,,,,0.9989
108,08192,農業生物技術細學類,二專,0,0,,,,,,True,0.0,,,,0.9989
108,08193,農業經濟及推廣細學類,二專,0,0,,,,,,True,0.0,,,,0.9989
108,08194,植物保護細學類,二專,0,0,,,,,,True,0.0,,,,0.9989
108,08199,其他農業細學類,二專,0,0,,,,,,True,0.0,,,,0.9989
108,08211,林業細學類,二專,0,0,,,,,,True,0.0,,,,0.9989
108,08311,漁業科學細學類,二專,0,0,,,,,,True,0.0,,,,0.9989
108,08312,水產養殖細學類,二專,0,0,,,,,,True,0.0,,,,0.9989
108,08411,獸醫細學類,二專,0,0,,,,,,True,0.0,,,,0.9989
108,09111,牙醫細學類,二專,3,1,288.0,107.0,285.0,106.0,0.01042,True,0.00313,0.07182,-6.87,0.044,0.9989
108,09121,醫學細學類,二專,0,0,,,,,,True,0.0,,,,0.9989
108,09131,護理及助產細學類,二專,9,11,45.0,27.0,36.0,16.0,0.2,True,0.00939,0.00907,0.03,1.035,0.9989
108,09141,醫學技術及檢驗細學類,二專,6,1,474.0,365.0,468.0,364.0,0.01266,True,0.00626,0.11794,-11.17,0.053,0.9989
108,09151,物理治療細學類,二專,0,1,270.0,67.0,270.0,66.0,0.0,True,0.0,0.06804,-6.8,0.0,0.9989
108,09152,職能治療細學類,二專,0,0,,,,,,True,0.0,,,,0.9989
108,09153,語言治療與聽力細學類,二專,0,0,,,,,,True,0.0,,,,0.9989
108,09159,其他治療及復健細學類,二專,0,0,,,,,,True,0.0,,,,0.9989
108,09161,藥學細學類,二專,0,0,,,,,,True,0.0,,,,0.9989
108,09171,傳統醫學、輔助醫學及治療細學類,二專,4,1,250.0,96.0,246.0,95.0,0.016,True,0.00418,0.062,-5.78,0.067,0.9989
108,09191,公共衛生細學類,二專,0,0,,,,,,True,0.0,,,,0.9989
108,09199,其他醫藥衛生細學類,二專,0,0,,,,,,True,0.0,,,,0.9989
108,09211,老年照顧服務細學類,二專,14,7,256.0,104.0,242.0,97.0,0.05469,True,0.01461,0.06099,-4.64,0.24,0.9989
108,09212,失能者照顧細學類,二專,0,0,,,,,,True,0.0,,,,0.9989
108,09221,兒童及青少年照顧服務細學類,二專,49,24,309.0,162.0,260.0,138.0,0.15858,True,0.05115,0.06552,-1.44,0.781,0.9989
108,09231,社會工作細學類,二專,122,46,,,,,,True,0.12735,,,,0.9989
108,09299,其他社會福利細學類,二專,1,0,86.0,33.0,85.0,33.0,0.01163,True,0.00104,0.02142,-2.04,0.049,0.9989
108,10111,家政服務細學類,二專,0,0,,,,,,True,0.0,,,,0.9989
108,10121,美髮美容服務細學類,二專,23,11,337.0,185.0,314.0,174.0,0.06825,True,0.02401,0.07913,-5.51,0.303,0.9989
108,10131,旅館及餐飲細學類,二專,41,16,261.0,71.0,220.0,55.0,0.15709,True,0.0428,0.05544,-1.26,0.772,0.9989
108,10141,競技運動細學類,二專,0,0,,,,,,True,0.0,,,,0.9989
108,10142,運動科技細學類,二專,0,0,,,,,,True,0.0,,,,0.9989
108,10151,旅遊觀光細學類,二專,61,18,40.0,9.0,-21.0,-9.0,1.525,True,0.06367,-0.00529,6.9,-12.036,0.9989
108,10152,遊憩、運動和休閒管理細學類,二專,58,22,171.0,100.0,113.0,78.0,0.33918,True,0.06054,0.02848,3.21,2.126,0.9989
108,10199,其他餐旅及民生服務細學類,二專,22,0,60.0,33.0,38.0,33.0,0.36667,True,0.02296,0.00958,1.34,2.397,0.9989
108,10221,職業衛生及安全細學類,二專,0,0,,,,,,True,0.0,,,,0.9989
108,10321,警政細學類,二專,0,0,,,,,,True,0.0,,,,0.9989
108,10411,運輸管理細學類,二專,0,0,,,,,,True,0.0,,,,0.9989
108,10412,航運管理細學類,二專,0,0,,,,,,True,0.0,,,,0.9989
108,10413,空運管理細學類,二專,0,0,,,,,,True,0.0,,,,0.9989
108,10414,航海細學類,二專,1,1,78.0,37.0,77.0,36.0,0.01282,True,0.00104,0.01941,-1.84,0.054,0.9989
108,10499,其他運輸服務細學類,二專,0,0,,,,,,True,0.0,,,,0.9989
108,99999,其他細學類,二專,3,0,54.0,9.0,51.0,9.0,0.05556,False,,,,,0.9989
108,01111,綜合教育細學類,五專,0,0,,,,,,True,0.0,,,,0.9989
108,01112,成人教育細學類,五專,0,0,,,,,,True,0.0,,,,0.9989
108,01113,特殊教育細學類,五專,0,0,,,,,,True,0.0,,,,0.9989
108,01114,教育行政細學類,五專,0,0,,,,,,True,0.0,,,,0.9989
108,01115,課程與教學細學類,五專,0,0,,,,,,True,0.0,,,,0.9989
108,01116,教育科技細學類,五專,0,0,,,,,,True,0.0,,,,0.9989
108,01118,技職教育細學類,五專,0,0,,,,,,True,0.0,,,,0.9989
108,01121,幼兒師資教育細學類,五專,0,0,,,,,,True,0.0,,,,0.9989
108,01131,普通科目師資教育細學類,五專,0,0,,,,,,True,0.0,,,,0.9989
108,01141,專業科目師資教育細學類,五專,0,0,,,,,,True,0.0,,,,0.9989
108,01199,其他教育細學類,五專,0,0,,,,,,True,0.0,,,,0.9989
108,02111,視覺藝術細學類,五專,4,0,445.0,56.0,441.0,56.0,0.00899,True,0.00097,0.00598,-0.5,0.162,0.9989
108,02112,視覺傳達設計細學類,五專,15,3,606.0,117.0,591.0,114.0,0.02475,True,0.00364,0.00801,-0.44,0.454,0.9989
108,02121,應用藝術細學類,五專,0,0,,,,,,True,0.0,,,,0.9989
108,02122,綜合設計細學類,五專,19,1,336.0,48.0,317.0,47.0,0.05655,True,0.00461,0.0043,0.03,1.072,0.9989
108,02123,產品設計細學類,五專,6,3,351.0,61.0,345.0,58.0,0.01709,True,0.00146,0.00468,-0.32,0.312,0.9989
108,02124,空間設計細學類,五專,13,0,366.0,0.0,353.0,0.0,0.03552,True,0.00316,0.00479,-0.16,0.66,0.9989
108,02125,時尚設計與管理細學類,五專,0,0,4.0,0.0,4.0,0.0,0.0,True,0.0,5e-05,-0.0,0.0,0.9989
108,02131,純藝術細學類,五專,8,0,517.0,0.0,509.0,0.0,0.01547,True,0.00194,0.0069,-0.5,0.281,0.9989
108,02132,雕塑細學類,五專,0,0,,,,,,True,0.0,,,,0.9989
108,02141,美術工藝細學類,五專,7,1,214.0,42.0,207.0,41.0,0.03271,True,0.0017,0.00281,-0.11,0.605,0.9989
108,02151,音樂細學類,五專,13,0,518.0,0.0,505.0,0.0,0.0251,True,0.00316,0.00685,-0.37,0.461,0.9989
108,02152,表演藝術細學類,五專,11,0,284.0,0.0,273.0,0.0,0.03873,True,0.00267,0.0037,-0.1,0.722,0.9989
108,02191,綜合藝術細學類,五專,0,0,,,,,,True,0.0,,,,0.9989
108,02192,藝術行政細學類,五專,0,0,,,,,,True,0.0,,,,0.9989
108,02199,其他藝術細學類,五專,0,0,,,,,,True,0.0,,,,0.9989
108,02211,宗教細學類,五專,0,0,,,,,,True,0.0,,,,0.9989
108,02221,歷史細學類,五專,0,0,,,,,,True,0.0,,,,0.9989
108,02222,人類學及民族學細學類,五專,0,0,,,,,,True,0.0,,,,0.9989
108,02231,哲學細學類,五專,0,0,,,,,,True,0.0,,,,0.9989
108,02299,其他人文細學類,五專,0,0,,,,,,True,0.0,,,,0.9989
108,02311,外國語文細學類,五專,127,21,5273.0,908.0,5146.0,887.0,0.02408,True,0.03084,0.06976,-3.89,0.442,0.9989
108,02312,翻譯細學類,五專,0,0,,,,,,True,0.0,,,,0.9989
108,02313,華語文為第二語言細學類,五專,0,0,,,,,,True,0.0,,,,0.9989
108,02321,臺灣語文細學類,五專,0,0,,,,,,True,0.0,,,,0.9989
108,02322,中國語文細學類,五專,0,0,,,,,,True,0.0,,,,0.9989
108,02323,華語文細學類,五專,0,0,,,,,,True,0.0,,,,0.9989
108,02399,其他語文細學類,五專,0,0,,,,,,True,0.0,,,,0.9989
108,03111,經濟學細學類,五專,0,0,,,,,,True,0.0,,,,0.9989
108,03121,政治學細學類,五專,0,0,,,,,,True,0.0,,,,0.9989
108,03122,國際關係細學類,五專,0,0,,,,,,True,0.0,,,,0.9989
108,03131,心理學細學類,五專,0,0,,,,,,True,0.0,,,,0.9989
108,03141,社會學細學類,五專,0,0,,,,,,True,0.0,,,,0.9989
108,03142,地理學細學類,五專,0,0,,,,,,True,0.0,,,,0.9989
108,03143,區域研究細學類,五專,0,0,,,,,,True,0.0,,,,0.9989
108,03191,發展研究細學類,五專,0,0,,,,,,True,0.0,,,,0.9989
108,03199,其他社會及行為科學細學類,五專,0,0,,,,,,True,0.0,,,,0.9989
108,03211,大眾傳播細學類,五專,0,0,,,,,,True,0.0,,,,0.9989
108,03212,新聞細學類,五專,0,0,,,,,,True,0.0,,,,0.9989
108,03213,電子媒體細學類,五專,0,0,,,,,,True,0.0,,,,0.9989
108,03214,傳播細學類,五專,0,0,,,,,,True,0.0,,,,0.9989
108,03222,圖書資訊檔案細學類,五專,0,0,,,,,,True,0.0,,,,0.9989
108,03299,其他新聞學及圖書資訊細學類,五專,0,0,,,,,,True,0.0,,,,0.9989
108,04111,會計及稅務細學類,五專,13,2,949.0,171.0,936.0,169.0,0.0137,True,0.00316,0.01269,-0.95,0.249,0.9989
108,04121,財務金融細學類,五專,8,2,576.0,79.0,568.0,77.0,0.01389,True,0.00194,0.0077,-0.58,0.252,0.9989
108,04122,財政細學類,五專,4,2,247.0,46.0,243.0,44.0,0.01619,True,0.00097,0.00329,-0.23,0.295,0.9989
108,04123,保險及風險管理細學類,五專,11,0,441.0,65.0,430.0,65.0,0.02494,True,0.00267,0.00583,-0.32,0.458,0.9989
108,04131,企業管理細學類,五專,17,2,1241.0,241.0,1224.0,239.0,0.0137,True,0.00413,0.01659,-1.25,0.249,0.9989
108,04132,流通及供應鏈細學類,五專,5,0,210.0,34.0,205.0,34.0,0.02381,True,0.00121,0.00278,-0.16,0.435,0.9989
108,04133,醫療管理細學類,五專,16,0,424.0,0.0,408.0,0.0,0.03774,True,0.00389,0.00553,-0.16,0.703,0.9989
108,04134,公共行政細學類,五專,0,0,,,,,,True,0.0,,,,0.9989
108,04141,國際貿易細學類,五專,12,1,873.0,144.0,861.0,143.0,0.01375,True,0.00291,0.01167,-0.88,0.249,0.9989
108,04142,公共關係細學類,五專,0,0,,,,,,True,0.0,,,,0.9989
108,04143,行銷及廣告細學類,五專,0,0,,,,,,True,0.0,,,,0.9989
108,04191,一般商業細學類,五專,7,1,253.0,32.0,246.0,31.0,0.02767,True,0.0017,0.00333,-0.16,0.511,0.9989
108,04199,其他商業及管理細學類,五專,2,0,176.0,11.0,174.0,11.0,0.01136,True,0.00049,0.00236,-0.19,0.208,0.9989
108,04211,一般法律細學類,五專,0,0,,,,,,True,0.0,,,,0.9989
108,04212,專業法律細學類,五專,0,0,,,,,,True,0.0,,,,0.9989
108,05111,生物學細學類,五專,0,0,,,,,,True,0.0,,,,0.9989
108,05121,生物科技細學類,五專,2,0,130.0,0.0,128.0,0.0,0.01538,True,0.00049,0.00174,-0.12,0.282,0.9989
108,05122,微生物細學類,五專,0,0,,,,,,True,0.0,,,,0.9989
108,05123,生物化學細學類,五專,0,0,,,,,,True,0.0,,,,0.9989
108,05124,生物訊息及遺傳細學類,五專,0,0,,,,,,True,0.0,,,,0.9989
108,05191,營養細學類,五專,15,0,585.0,81.0,570.0,81.0,0.02564,True,0.00364,0.00773,-0.41,0.471,0.9989
108,05199,其他生命科學細學類,五專,0,0,,,,,,True,0.0,,,,0.9989
108,05211,環境資源細學類,五專,0,0,,,,,,True,0.0,,,,0.9989
108,05212,生態細學類,五專,0,0,,,,,,True,0.0,,,,0.9989
108,05292,水土保持細學類,五專,0,0,,,,,,True,0.0,,,,0.9989
108,05299,其他環境細學類,五專,0,0,,,,,,True,0.0,,,,0.9989
108,05311,化學細學類,五專,0,0,,,,,,True,0.0,,,,0.9989
108,05321,地球科學及環境細學類,五專,0,0,,,,,,True,0.0,,,,0.9989
108,05322,大氣及太空科學細學類,五專,0,0,,,,,,True,0.0,,,,0.9989
108,05323,海洋科學細學類,五專,0,0,,,,,,True,0.0,,,,0.9989
108,05331,物理及應用物理細學類,五專,0,0,,,,,,True,0.0,,,,0.9989
108,05399,其他物理、化學及地球科學細學類,五專,0,0,,,,,,True,0.0,,,,0.9989
108,05411,數學細學類,五專,0,0,,,,,,True,0.0,,,,0.9989
108,05421,統計細學類,五專,0,0,,,,,,True,0.0,,,,0.9989
108,06111,電腦運用細學類,五專,0,0,,,,,,True,0.0,,,,0.9989
108,06121,資料庫、網路設計及管理細學類,五專,0,0,80.0,3.0,80.0,3.0,0.0,True,0.0,0.00108,-0.11,0.0,0.9989
108,06131,資訊技術細學類,五專,27,0,1945.0,242.0,1918.0,242.0,0.01388,True,0.00656,0.026,-1.94,0.252,0.9989
108,06132,軟體開發細學類,五專,3,0,282.0,53.0,279.0,53.0,0.01064,True,0.00073,0.00378,-0.3,0.193,0.9989
108,06133,系統設計細學類,五專,0,0,,,,,,True,0.0,,,,0.9989
108,06134,電算機應用細學類,五專,1,1,56.0,12.0,55.0,11.0,0.01786,True,0.00024,0.00075,-0.05,0.32,0.9989
108,06199,其他資訊通訊科技細學類,五專,0,0,,,,,,True,0.0,,,,0.9989
108,07111,化學工程細學類,五專,5,0,140.0,0.0,135.0,0.0,0.03571,True,0.00121,0.00183,-0.06,0.661,0.9989
108,07112,材料工程細學類,五專,0,0,,,,,,True,0.0,,,,0.9989
108,07121,環境工程細學類,五專,0,0,,,,,,True,0.0,,,,0.9989
108,07122,河海工程細學類,五專,0,0,,,,,,True,0.0,,,,0.9989
108,07132,能源工程細學類,五專,0,0,,,,,,True,0.0,,,,0.9989
108,07141,電機與電子工程細學類,五專,20,2,1769.0,184.0,1749.0,182.0,0.01131,True,0.00486,0.02371,-1.88,0.205,0.9989
108,07151,機械工程細學類,五專,24,2,1191.0,105.0,1167.0,103.0,0.02015,True,0.00583,0.01582,-1.0,0.369,0.9989
108,07161,車輛工程細學類,五專,11,0,158.0,0.0,147.0,0.0,0.06962,True,0.00267,0.00199,0.07,1.342,0.9989
108,07162,航空工程細學類,五專,0,0,,,,,,True,0.0,,,,0.9989
108,07163,造船工程細學類,五專,0,0,,,,,,True,0.0,,,,0.9989
108,07191,工業工程細學類,五專,1,0,95.0,19.0,94.0,19.0,0.01053,True,0.00024,0.00127,-0.1,0.189,0.9989
108,07192,紡織工程細學類,五專,0,0,,,,,,True,0.0,,,,0.9989
108,07193,生醫工程細學類,五專,0,0,,,,,,True,0.0,,,,0.9989
108,07194,綜合工程細學類,五專,0,0,,,,,,True,0.0,,,,0.9989
108,07199,其他工程及工程業細學類,五專,0,0,,,,,,True,0.0,,,,0.9989
108,07211,食品科學細學類,五專,27,3,125.0,16.0,98.0,13.0,0.216,True,0.00656,0.00133,0.52,4.932,0.9989
108,07311,建築細學類,五專,4,1,243.0,8.0,239.0,7.0,0.01646,True,0.00097,0.00324,-0.23,0.299,0.9989
108,07312,景觀設計細學類,五專,0,0,,,,,,True,0.0,,,,0.9989
108,07313,都巿規劃細學類,五專,0,0,,,,,,True,0.0,,,,0.9989
108,07321,土木工程細學類,五專,5,0,286.0,28.0,281.0,28.0,0.01748,True,0.00121,0.00381,-0.26,0.318,0.9989
108,07322,空間資訊及測繪細學類,五專,0,0,,,,,,True,0.0,,,,0.9989
108,08111,農作物生產細學類,五專,0,0,,,,,,True,0.0,,,,0.9989
108,08112,畜牧生產細學類,五專,0,0,,,,,,True,0.0,,,,0.9989
108,08121,園藝細學類,五專,7,3,46.0,15.0,39.0,12.0,0.15217,True,0.0017,0.00053,0.12,3.208,0.9989
108,08191,農業化學細學類,五專,0,0,,,,,,True,0.0,,,,0.9989
108,08192,農業生物技術細學類,五專,0,0,,,,,,True,0.0,,,,0.9989
108,08193,農業經濟及推廣細學類,五專,0,0,,,,,,True,0.0,,,,0.9989
108,08194,植物保護細學類,五專,0,0,,,,,,True,0.0,,,,0.9989
108,08199,其他農業細學類,五專,0,0,,,,,,True,0.0,,,,0.9989
108,08211,林業細學類,五專,0,0,,,,,,True,0.0,,,,0.9989
108,08311,漁業科學細學類,五專,0,0,57.0,0.0,57.0,0.0,0.0,True,0.0,0.00077,-0.08,0.0,0.9989
108,08312,水產養殖細學類,五專,0,0,,,,,,True,0.0,,,,0.9989
108,08411,獸醫細學類,五專,0,0,,,,,,True,0.0,,,,0.9989
108,09111,牙醫細學類,五專,53,3,1768.0,196.0,1715.0,193.0,0.02998,True,0.01287,0.02325,-1.04,0.554,0.9989
108,09121,醫學細學類,五專,0,0,,,,,,True,0.0,,,,0.9989
108,09131,護理及助產細學類,五專,2385,348,30132.0,5860.0,27747.0,5512.0,0.07915,True,0.57916,0.37616,20.3,1.54,0.9989
108,09141,醫學技術及檢驗細學類,五專,132,12,4686.0,565.0,4554.0,553.0,0.02817,True,0.03205,0.06174,-2.97,0.519,0.9989
108,09151,物理治療細學類,五專,113,9,1851.0,249.0,1738.0,240.0,0.06105,True,0.02744,0.02356,0.39,1.165,0.9989
108,09152,職能治療細學類,五專,16,2,524.0,77.0,508.0,75.0,0.03053,True,0.00389,0.00689,-0.3,0.565,0.9989
108,09153,語言治療與聽力細學類,五專,0,0,,,,,,True,0.0,,,,0.9989
108,09159,其他治療及復健細學類,五專,39,4,1317.0,229.0,1278.0,225.0,0.02961,True,0.00947,0.01733,-0.79,0.546,0.9989
108,09161,藥學細學類,五專,2,0,146.0,0.0,144.0,0.0,0.0137,True,0.00049,0.00195,-0.15,0.251,0.9989
108,09171,傳統醫學、輔助醫學及治療細學類,五專,0,0,69.0,0.0,69.0,0.0,0.0,True,0.0,0.00094,-0.09,0.0,0.9989
108,09191,公共衛生細學類,五專,4,0,335.0,26.0,331.0,26.0,0.01194,True,0.00097,0.00449,-0.35,0.216,0.9989
108,09199,其他醫藥衛生細學類,五專,6,0,208.0,0.0,202.0,0.0,0.02885,True,0.00146,0.00274,-0.13,0.533,0.9989
108,09211,老年照顧服務細學類,五專,23,1,894.0,122.0,871.0,121.0,0.02573,True,0.00559,0.01181,-0.62,0.473,0.9989
108,09212,失能者照顧細學類,五專,0,0,,,,,,True,0.0,,,,0.9989
108,09221,兒童及青少年照顧服務細學類,五專,339,32,2922.0,372.0,2583.0,340.0,0.11602,True,0.08232,0.03502,4.73,2.351,0.9989
108,09231,社會工作細學類,五專,0,0,,,,,,True,0.0,,,,0.9989
108,09299,其他社會福利細學類,五專,20,0,230.0,19.0,210.0,19.0,0.08696,True,0.00486,0.00285,0.2,1.705,0.9989
108,10111,家政服務細學類,五專,0,0,0.0,5.0,0.0,5.0,,True,0.0,0.0,0.0,,0.9989
108,10121,美髮美容服務細學類,五專,183,21,4358.0,724.0,4175.0,703.0,0.04199,True,0.04444,0.0566,-1.22,0.785,0.9989
108,10131,旅館及餐飲細學類,五專,194,22,4492.0,702.0,4298.0,680.0,0.04319,True,0.04711,0.05827,-1.12,0.808,0.9989
108,10141,競技運動細學類,五專,0,0,,,,,,True,0.0,,,,0.9989
108,10142,運動科技細學類,五專,0,0,,,,,,True,0.0,,,,0.9989
108,10151,旅遊觀光細學類,五專,39,2,858.0,136.0,819.0,134.0,0.04545,True,0.00947,0.0111,-0.16,0.853,0.9989
108,10152,遊憩、運動和休閒管理細學類,五專,56,6,713.0,120.0,657.0,114.0,0.07854,True,0.0136,0.00891,0.47,1.526,0.9989
108,10199,其他餐旅及民生服務細學類,五專,36,3,471.0,53.0,435.0,50.0,0.07643,True,0.00874,0.0059,0.28,1.481,0.9989
108,10221,職業衛生及安全細學類,五專,0,0,,,,,,True,0.0,,,,0.9989
108,10321,警政細學類,五專,0,0,,,,,,True,0.0,,,,0.9989
108,10411,運輸管理細學類,五專,0,0,,,,,,True,0.0,,,,0.9989
108,10412,航運管理細學類,五專,3,0,167.0,34.0,164.0,34.0,0.01796,True,0.00073,0.00222,-0.15,0.329,0.9989
108,10413,空運管理細學類,五專,0,0,,,,,,True,0.0,,,,0.9989
108,10414,航海細學類,五專,5,0,249.0,52.0,244.0,52.0,0.02008,True,0.00121,0.00331,-0.21,0.366,0.9989
108,10499,其他運輸服務細學類,五專,0,0,,,,,,True,0.0,,,,0.9989
108,99999,其他細學類,五專,0,0,,,,,,False,,,,,0.9989
108,01111,綜合教育細學類,博士班,23,0,1053.0,107.0,1030.0,107.0,0.02184,True,0.15033,0.03665,11.37,4.102,0.9989
108,01112,成人教育細學類,博士班,1,0,96.0,8.0,95.0,8.0,0.01042,True,0.00654,0.00338,0.32,1.935,0.9989
108,01113,特殊教育細學類,博士班,1,0,137.0,20.0,136.0,20.0,0.0073,True,0.00654,0.00484,0.17,1.351,0.9989
108,01114,教育行政細學類,博士班,11,0,296.0,32.0,285.0,32.0,0.03716,True,0.0719,0.01014,6.18,7.091,0.9989
108,01115,課程與教學細學類,博士班,1,0,136.0,10.0,135.0,10.0,0.00735,True,0.00654,0.0048,0.17,1.362,0.9989
108,01116,教育科技細學類,博士班,0,0,49.0,3.0,49.0,3.0,0.0,True,0.0,0.00174,-0.17,0.0,0.9989
108,01118,技職教育細學類,博士班,0,0,246.0,25.0,246.0,25.0,0.0,True,0.0,0.00875,-0.88,0.0,0.9989
108,01121,幼兒師資教育細學類,博士班,0,0,,,,,,True,0.0,,,,0.9989
108,01131,普通科目師資教育細學類,博士班,0,0,134.0,14.0,134.0,14.0,0.0,True,0.0,0.00477,-0.48,0.0,0.9989
108,01141,專業科目師資教育細學類,博士班,4,0,487.0,62.0,483.0,62.0,0.00821,True,0.02614,0.01719,0.9,1.521,0.9989
108,01199,其他教育細學類,博士班,0,0,58.0,4.0,58.0,4.0,0.0,True,0.0,0.00206,-0.21,0.0,0.9989
108,02111,視覺藝術細學類,博士班,0,0,12.0,0.0,12.0,0.0,0.0,True,0.0,0.00043,-0.04,0.0,0.9989
108,02112,視覺傳達設計細學類,博士班,0,0,74.0,2.0,74.0,2.0,0.0,True,0.0,0.00263,-0.26,0.0,0.9989
108,02121,應用藝術細學類,博士班,0,0,16.0,0.0,16.0,0.0,0.0,True,0.0,0.00057,-0.06,0.0,0.9989
108,02122,綜合設計細學類,博士班,4,0,533.0,55.0,529.0,55.0,0.0075,True,0.02614,0.01883,0.73,1.388,0.9989
108,02123,產品設計細學類,博士班,1,0,70.0,2.0,69.0,2.0,0.01429,True,0.00654,0.00246,0.41,2.659,0.9989
108,02124,空間設計細學類,博士班,0,0,,,,,,True,0.0,,,,0.9989
108,02125,時尚設計與管理細學類,博士班,0,0,,,,,,True,0.0,,,,0.9989
108,02131,純藝術細學類,博士班,3,0,207.0,21.0,204.0,21.0,0.01449,True,0.01961,0.00726,1.23,2.701,0.9989
108,02132,雕塑細學類,博士班,0,0,,,,,,True,0.0,,,,0.9989
108,02141,美術工藝細學類,博士班,0,0,,,,,,True,0.0,,,,0.9989
108,02151,音樂細學類,博士班,0,0,110.0,8.0,110.0,8.0,0.0,True,0.0,0.00391,-0.39,0.0,0.9989
108,02152,表演藝術細學類,博士班,3,0,36.0,3.0,33.0,3.0,0.08333,True,0.01961,0.00117,1.84,16.761,0.9989
108,02191,綜合藝術細學類,博士班,0,0,48.0,8.0,48.0,8.0,0.0,True,0.0,0.00171,-0.17,0.0,0.9989
108,02192,藝術行政細學類,博士班,0,0,38.0,3.0,38.0,3.0,0.0,True,0.0,0.00135,-0.14,0.0,0.9989
108,02199,其他藝術細學類,博士班,0,0,,,,,,True,0.0,,,,0.9989
108,02211,宗教細學類,博士班,1,0,126.0,10.0,125.0,10.0,0.00794,True,0.00654,0.00445,0.21,1.47,0.9989
108,02221,歷史細學類,博士班,0,0,299.0,26.0,299.0,26.0,0.0,True,0.0,0.01064,-1.06,0.0,0.9989
108,02222,人類學及民族學細學類,博士班,9,0,76.0,8.0,67.0,8.0,0.11842,True,0.05882,0.00238,5.64,24.714,0.9989
108,02231,哲學細學類,博士班,0,0,182.0,22.0,182.0,22.0,0.0,True,0.0,0.00648,-0.65,0.0,0.9989
108,02299,其他人文細學類,博士班,2,0,157.0,18.0,155.0,18.0,0.01274,True,0.01307,0.00552,0.76,2.368,0.9989
108,02311,外國語文細學類,博士班,0,0,228.0,21.0,228.0,21.0,0.0,True,0.0,0.00811,-0.81,0.0,0.9989
108,02312,翻譯細學類,博士班,0,0,32.0,3.0,32.0,3.0,0.0,True,0.0,0.00114,-0.11,0.0,0.9989
108,02313,華語文為第二語言細學類,博士班,0,0,33.0,3.0,33.0,3.0,0.0,True,0.0,0.00117,-0.12,0.0,0.9989
108,02321,臺灣語文細學類,博士班,13,0,143.0,3.0,130.0,3.0,0.09091,True,0.08497,0.00463,8.03,18.352,0.9989
108,02322,中國語文細學類,博士班,4,0,941.0,116.0,937.0,116.0,0.00425,True,0.02614,0.03335,-0.72,0.784,0.9989
108,02323,華語文細學類,博士班,0,0,23.0,0.0,23.0,0.0,0.0,True,0.0,0.00082,-0.08,0.0,0.9989
108,02399,其他語文細學類,博士班,3,1,85.0,6.0,82.0,5.0,0.03529,True,0.01961,0.00292,1.67,6.716,0.9989
108,03111,經濟學細學類,博士班,0,0,140.0,17.0,140.0,17.0,0.0,True,0.0,0.00498,-0.5,0.0,0.9989
108,03121,政治學細學類,博士班,1,0,304.0,47.0,303.0,47.0,0.00329,True,0.00654,0.01078,-0.42,0.607,0.9989
108,03122,國際關係細學類,博士班,0,0,98.0,13.0,98.0,13.0,0.0,True,0.0,0.00349,-0.35,0.0,0.9989
108,03131,心理學細學類,博士班,1,0,300.0,36.0,299.0,36.0,0.00333,True,0.00654,0.01064,-0.41,0.615,0.9989
108,03141,社會學細學類,博士班,0,1,87.0,5.0,87.0,4.0,0.0,True,0.0,0.0031,-0.31,0.0,0.9989
108,03142,地理學細學類,博士班,4,0,107.0,8.0,103.0,8.0,0.03738,True,0.02614,0.00367,2.25,7.123,0.9989
108,03143,區域研究細學類,博士班,0,0,259.0,28.0,259.0,28.0,0.0,True,0.0,0.00922,-0.92,0.0,0.9989
108,03191,發展研究細學類,博士班,0,0,84.0,7.0,84.0,7.0,0.0,True,0.0,0.00299,-0.3,0.0,0.9989
108,03199,其他社會及行為科學細學類,博士班,0,0,80.0,6.0,80.0,6.0,0.0,True,0.0,0.00285,-0.29,0.0,0.9989
108,03211,大眾傳播細學類,博士班,0,0,42.0,0.0,42.0,0.0,0.0,True,0.0,0.00149,-0.15,0.0,0.9989
108,03212,新聞細學類,博士班,0,0,,,,,,True,0.0,,,,0.9989
108,03213,電子媒體細學類,博士班,0,0,,,,,,True,0.0,,,,0.9989
108,03214,傳播細學類,博士班,1,0,63.0,10.0,62.0,10.0,0.01587,True,0.00654,0.00221,0.43,2.959,0.9989
108,03222,圖書資訊檔案細學類,博士班,0,0,46.0,3.0,46.0,3.0,0.0,True,0.0,0.00164,-0.16,0.0,0.9989
108,03299,其他新聞學及圖書資訊細學類,博士班,0,0,,,,,,True,0.0,,,,0.9989
108,04111,會計及稅務細學類,博士班,1,0,74.0,8.0,73.0,8.0,0.01351,True,0.00654,0.0026,0.39,2.515,0.9989
108,04121,財務金融細學類,博士班,2,0,410.0,49.0,408.0,49.0,0.00488,True,0.01307,0.01452,-0.14,0.9,0.9989
108,04122,財政細學類,博士班,0,0,8.0,2.0,8.0,2.0,0.0,True,0.0,0.00028,-0.03,0.0,0.9989
108,04123,保險及風險管理細學類,博士班,0,0,19.0,2.0,19.0,2.0,0.0,True,0.0,0.00068,-0.07,0.0,0.9989
108,04131,企業管理細學類,博士班,13,1,1514.0,150.0,1501.0,149.0,0.00859,True,0.08497,0.05342,3.16,1.591,0.9989
108,04132,流通及供應鏈細學類,博士班,0,0,,,,,,True,0.0,,,,0.9989
108,04133,醫療管理細學類,博士班,0,0,,,,,,True,0.0,,,,0.9989
108,04134,公共行政細學類,博士班,2,0,121.0,5.0,119.0,5.0,0.01653,True,0.01307,0.00423,0.88,3.09,0.9989
108,04141,國際貿易細學類,博士班,0,0,58.0,3.0,58.0,3.0,0.0,True,0.0,0.00206,-0.21,0.0,0.9989
108,04142,公共關係細學類,博士班,0,0,,,,,,True,0.0,,,,0.9989
108,04143,行銷及廣告細學類,博士班,0,0,,,,,,True,0.0,,,,0.9989
108,04191,一般商業細學類,博士班,0,0,295.0,24.0,295.0,24.0,0.0,True,0.0,0.0105,-1.05,0.0,0.9989
108,04199,其他商業及管理細學類,博士班,1,0,493.0,51.0,492.0,51.0,0.00203,True,0.00654,0.01751,-1.1,0.374,0.9989
108,04211,一般法律細學類,博士班,2,0,272.0,10.0,270.0,10.0,0.00735,True,0.01307,0.00961,0.35,1.36,0.9989
108,04212,專業法律細學類,博士班,0,0,123.0,13.0,123.0,13.0,0.0,True,0.0,0.00438,-0.44,0.0,0.9989
108,05111,生物學細學類,博士班,1,0,238.0,39.0,237.0,39.0,0.0042,True,0.00654,0.00843,-0.19,0.776,0.9989
108,05121,生物科技細學類,博士班,2,0,870.0,138.0,868.0,138.0,0.0023,True,0.01307,0.03089,-1.78,0.423,0.9989
108,05122,微生物細學類,博士班,0,0,28.0,7.0,28.0,7.0,0.0,True,0.0,0.001,-0.1,0.0,0.9989
108,05123,生物化學細學類,博士班,0,0,174.0,32.0,174.0,32.0,0.0,True,0.0,0.00619,-0.62,0.0,0.9989
108,05124,生物訊息及遺傳細學類,博士班,0,0,93.0,9.0,93.0,9.0,0.0,True,0.0,0.00331,-0.33,0.0,0.9989
108,05191,營養細學類,博士班,2,0,99.0,9.0,97.0,9.0,0.0202,True,0.01307,0.00345,0.96,3.788,0.9989
108,05199,其他生命科學細學類,博士班,0,0,29.0,1.0,29.0,1.0,0.0,True,0.0,0.00103,-0.1,0.0,0.9989
108,05211,環境資源細學類,博士班,0,0,55.0,0.0,55.0,0.0,0.0,True,0.0,0.00196,-0.2,0.0,0.9989
108,05212,生態細學類,博士班,0,0,20.0,2.0,20.0,2.0,0.0,True,0.0,0.00071,-0.07,0.0,0.9989
108,05292,水土保持細學類,博士班,0,0,30.0,0.0,30.0,0.0,0.0,True,0.0,0.00107,-0.11,0.0,0.9989
108,05299,其他環境細學類,博士班,0,0,,,,,,True,0.0,,,,0.9989
108,05311,化學細學類,博士班,1,0,596.0,119.0,595.0,119.0,0.00168,True,0.00654,0.02117,-1.46,0.309,0.9989
108,05321,地球科學及環境細學類,博士班,0,0,194.0,18.0,194.0,18.0,0.0,True,0.0,0.0069,-0.69,0.0,0.9989
108,05322,大氣及太空科學細學類,博士班,0,0,80.0,8.0,80.0,8.0,0.0,True,0.0,0.00285,-0.29,0.0,0.9989
108,05323,海洋科學細學類,博士班,0,0,90.0,9.0,90.0,9.0,0.0,True,0.0,0.0032,-0.32,0.0,0.9989
108,05331,物理及應用物理細學類,博士班,1,0,572.0,62.0,571.0,62.0,0.00175,True,0.00654,0.02032,-1.38,0.322,0.9989
108,05399,其他物理、化學及地球科學細學類,博士班,1,0,152.0,16.0,151.0,16.0,0.00658,True,0.00654,0.00537,0.12,1.218,0.9989
108,05411,數學細學類,博士班,0,0,161.0,17.0,161.0,17.0,0.0,True,0.0,0.00573,-0.57,0.0,0.9989
108,05421,統計細學類,博士班,0,0,45.0,8.0,45.0,8.0,0.0,True,0.0,0.0016,-0.16,0.0,0.9989
108,06111,電腦運用細學類,博士班,0,0,38.0,5.0,38.0,5.0,0.0,True,0.0,0.00135,-0.14,0.0,0.9989
108,06121,資料庫、網路設計及管理細學類,博士班,0,0,4.0,2.0,4.0,2.0,0.0,True,0.0,0.00014,-0.01,0.0,0.9989
108,06131,資訊技術細學類,博士班,1,0,1175.0,144.0,1174.0,144.0,0.00085,True,0.00654,0.04178,-3.52,0.157,0.9989
108,06132,軟體開發細學類,博士班,0,0,32.0,3.0,32.0,3.0,0.0,True,0.0,0.00114,-0.11,0.0,0.9989
108,06133,系統設計細學類,博士班,0,0,,,,,,True,0.0,,,,0.9989
108,06134,電算機應用細學類,博士班,0,0,82.0,3.0,82.0,3.0,0.0,True,0.0,0.00292,-0.29,0.0,0.9989
108,06199,其他資訊通訊科技細學類,博士班,0,0,,,,,,True,0.0,,,,0.9989
108,07111,化學工程細學類,博士班,1,0,554.0,84.0,553.0,84.0,0.00181,True,0.00654,0.01968,-1.31,0.332,0.9989
108,07112,材料工程細學類,博士班,2,0,687.0,124.0,685.0,124.0,0.00291,True,0.01307,0.02438,-1.13,0.536,0.9989
108,07121,環境工程細學類,博士班,0,0,262.0,27.0,262.0,27.0,0.0,True,0.0,0.00932,-0.93,0.0,0.9989
108,07122,河海工程細學類,博士班,0,0,120.0,11.0,120.0,11.0,0.0,True,0.0,0.00427,-0.43,0.0,0.9989
108,07132,能源工程細學類,博士班,0,0,160.0,17.0,160.0,17.0,0.0,True,0.0,0.00569,-0.57,0.0,0.9989
108,07141,電機與電子工程細學類,博士班,3,0,2523.0,313.0,2520.0,313.0,0.00119,True,0.01961,0.08968,-7.01,0.219,0.9989
108,07151,機械工程細學類,博士班,1,0,1162.0,132.0,1161.0,132.0,0.00086,True,0.00654,0.04132,-3.48,0.158,0.9989
108,07161,車輛工程細學類,博士班,0,0,,,,,,True,0.0,,,,0.9989
108,07162,航空工程細學類,博士班,0,0,46.0,5.0,46.0,5.0,0.0,True,0.0,0.00164,-0.16,0.0,0.9989
108,07163,造船工程細學類,博士班,0,0,44.0,7.0,44.0,7.0,0.0,True,0.0,0.00157,-0.16,0.0,0.9989
108,07191,工業工程細學類,博士班,1,0,333.0,45.0,332.0,45.0,0.003,True,0.00654,0.01181,-0.53,0.554,0.9989
108,07192,紡織工程細學類,博士班,0,0,20.0,1.0,20.0,1.0,0.0,True,0.0,0.00071,-0.07,0.0,0.9989
108,07193,生醫工程細學類,博士班,3,0,555.0,65.0,552.0,65.0,0.00541,True,0.01961,0.01964,-0.0,0.998,0.9989
108,07194,綜合工程細學類,博士班,1,0,322.0,33.0,321.0,33.0,0.00311,True,0.00654,0.01142,-0.49,0.573,0.9989
108,07199,其他工程及工程業細學類,博士班,0,0,2.0,0.0,2.0,0.0,0.0,True,0.0,7e-05,-0.01,0.0,0.9989
108,07211,食品科學細學類,博士班,1,0,133.0,18.0,132.0,18.0,0.00752,True,0.00654,0.0047,0.18,1.391,0.9989
108,07311,建築細學類,博士班,0,0,163.0,18.0,163.0,18.0,0.0,True,0.0,0.0058,-0.58,0.0,0.9989
108,07312,景觀設計細學類,博士班,0,0,,,,,,True,0.0,,,,0.9989
108,07313,都巿規劃細學類,博士班,1,0,67.0,7.0,66.0,7.0,0.01493,True,0.00654,0.00235,0.42,2.783,0.9989
108,07321,土木工程細學類,博士班,1,0,603.0,78.0,602.0,78.0,0.00166,True,0.00654,0.02142,-1.49,0.305,0.9989
108,07322,空間資訊及測繪細學類,博士班,0,0,31.0,2.0,31.0,2.0,0.0,True,0.0,0.0011,-0.11,0.0,0.9989
108,08111,農作物生產細學類,博士班,0,1,83.0,13.0,83.0,12.0,0.0,True,0.0,0.00295,-0.3,0.0,0.9989
108,08112,畜牧生產細學類,博士班,1,0,53.0,13.0,52.0,13.0,0.01887,True,0.00654,0.00185,0.47,3.535,0.9989
108,08121,園藝細學類,博士班,0,0,56.0,6.0,56.0,6.0,0.0,True,0.0,0.00199,-0.2,0.0,0.9989
108,08191,農業化學細學類,博士班,0,0,26.0,6.0,26.0,6.0,0.0,True,0.0,0.00093,-0.09,0.0,0.9989
108,08192,農業生物技術細學類,博士班,0,0,2.0,0.0,2.0,0.0,0.0,True,0.0,7e-05,-0.01,0.0,0.9989
108,08193,農業經濟及推廣細學類,博士班,0,0,24.0,2.0,24.0,2.0,0.0,True,0.0,0.00085,-0.08,0.0,0.9989
108,08194,植物保護細學類,博士班,0,0,30.0,4.0,30.0,4.0,0.0,True,0.0,0.00107,-0.11,0.0,0.9989
108,08199,其他農業細學類,博士班,1,0,93.0,12.0,92.0,12.0,0.01075,True,0.00654,0.00327,0.33,2.0,0.9989
108,08211,林業細學類,博士班,1,0,50.0,5.0,49.0,5.0,0.02,True,0.00654,0.00174,0.48,3.759,0.9989
108,08311,漁業科學細學類,博士班,0,0,38.0,2.0,38.0,2.0,0.0,True,0.0,0.00135,-0.14,0.0,0.9989
108,08312,水產養殖細學類,博士班,0,0,47.0,4.0,47.0,4.0,0.0,True,0.0,0.00167,-0.17,0.0,0.9989
108,08411,獸醫細學類,博士班,0,0,97.0,9.0,97.0,9.0,0.0,True,0.0,0.00345,-0.34,0.0,0.9989
108,09111,牙醫細學類,博士班,0,0,129.0,16.0,129.0,16.0,0.0,True,0.0,0.00459,-0.46,0.0,0.9989
108,09121,醫學細學類,博士班,8,0,1743.0,220.0,1735.0,220.0,0.00459,True,0.05229,0.06174,-0.94,0.847,0.9989
108,09131,護理及助產細學類,博士班,2,0,382.0,39.0,380.0,39.0,0.00524,True,0.01307,0.01352,-0.05,0.967,0.9989
108,09141,醫學技術及檢驗細學類,博士班,0,0,159.0,27.0,159.0,27.0,0.0,True,0.0,0.00566,-0.57,0.0,0.9989
108,09151,物理治療細學類,博士班,1,0,61.0,5.0,60.0,5.0,0.01639,True,0.00654,0.00214,0.44,3.056,0.9989
108,09152,職能治療細學類,博士班,0,0,17.0,2.0,17.0,2.0,0.0,True,0.0,0.0006,-0.06,0.0,0.9989
108,09153,語言治療與聽力細學類,博士班,0,0,,,,,,True,0.0,,,,0.9989
108,09159,其他治療及復健細學類,博士班,0,0,28.0,4.0,28.0,4.0,0.0,True,0.0,0.001,-0.1,0.0,0.9989
108,09161,藥學細學類,博士班,1,0,270.0,41.0,269.0,41.0,0.0037,True,0.00654,0.00957,-0.3,0.683,0.9989
108,09171,傳統醫學、輔助醫學及治療細學類,博士班,0,0,49.0,5.0,49.0,5.0,0.0,True,0.0,0.00174,-0.17,0.0,0.9989
108,09191,公共衛生細學類,博士班,0,0,538.0,57.0,538.0,57.0,0.0,True,0.0,0.01915,-1.92,0.0,0.9989
108,09199,其他醫藥衛生細學類,博士班,0,0,52.0,2.0,52.0,2.0,0.0,True,0.0,0.00185,-0.18,0.0,0.9989
108,09211,老年照顧服務細學類,博士班,0,0,,,,,,True,0.0,,,,0.9989
108,09212,失能者照顧細學類,博士班,0,0,,,,,,True,0.0,,,,0.9989
108,09221,兒童及青少年照顧服務細學類,博士班,0,0,,,,,,True,0.0,,,,0.9989
108,09231,社會工作細學類,博士班,0,0,136.0,15.0,136.0,15.0,0.0,True,0.0,0.00484,-0.48,0.0,0.9989
108,09299,其他社會福利細學類,博士班,0,0,,,,,,True,0.0,,,,0.9989
108,10111,家政服務細學類,博士班,0,0,,,,,,True,0.0,,,,0.9989
108,10121,美髮美容服務細學類,博士班,0,0,,,,,,True,0.0,,,,0.9989
108,10131,旅館及餐飲細學類,博士班,0,0,,,,,,True,0.0,,,,0.9989
108,10141,競技運動細學類,博士班,0,0,98.0,10.0,98.0,10.0,0.0,True,0.0,0.00349,-0.35,0.0,0.9989
108,10142,運動科技細學類,博士班,0,0,14.0,3.0,14.0,3.0,0.0,True,0.0,0.0005,-0.05,0.0,0.9989
108,10151,旅遊觀光細學類,博士班,1,0,59.0,3.0,58.0,3.0,0.01695,True,0.00654,0.00206,0.45,3.175,0.9989
108,10152,遊憩、運動和休閒管理細學類,博士班,1,0,39.0,1.0,38.0,1.0,0.02564,True,0.00654,0.00135,0.52,4.844,0.9989
108,10199,其他餐旅及民生服務細學類,博士班,0,0,,,,,,True,0.0,,,,0.9989
108,10221,職業衛生及安全細學類,博士班,0,0,,,,,,True,0.0,,,,0.9989
108,10321,警政細學類,博士班,0,0,,,,,,True,0.0,,,,0.9989
108,10411,運輸管理細學類,博士班,0,0,31.0,0.0,31.0,0.0,0.0,True,0.0,0.0011,-0.11,0.0,0.9989
108,10412,航運管理細學類,博士班,0,0,47.0,5.0,47.0,5.0,0.0,True,0.0,0.00167,-0.17,0.0,0.9989
108,10413,空運管理細學類,博士班,0,0,,,,,,True,0.0,,,,0.9989
108,10414,航海細學類,博士班,0,0,,,,,,True,0.0,,,,0.9989
108,10499,其他運輸服務細學類,博士班,0,0,,,,,,True,0.0,,,,0.9989
108,99999,其他細學類,博士班,2,0,116.0,1.0,114.0,1.0,0.01724,False,,,,,0.9989
108,01111,綜合教育細學類,學士班,112,25,3194.0,759.0,3082.0,734.0,0.03507,True,0.00568,0.00339,0.23,1.676,0.9989
108,01112,成人教育細學類,學士班,1,2,120.0,36.0,119.0,34.0,0.00833,True,5e-05,0.00013,-0.01,0.385,0.9989
108,01113,特殊教育細學類,學士班,63,18,2393.0,645.0,2330.0,627.0,0.02633,True,0.00319,0.00256,0.06,1.246,0.9989
108,01114,教育行政細學類,學士班,10,2,673.0,155.0,663.0,153.0,0.01486,True,0.00051,0.00073,-0.02,0.699,0.9989
108,01115,課程與教學細學類,學士班,0,0,,,,,,True,0.0,,,,0.9989
108,01116,教育科技細學類,學士班,19,4,989.0,225.0,970.0,221.0,0.01921,True,0.00096,0.00107,-0.01,0.897,0.9989
108,01118,技職教育細學類,學士班,0,0,,,,,,True,0.0,,,,0.9989
108,01121,幼兒師資教育細學類,學士班,172,31,3982.0,1025.0,3810.0,994.0,0.04319,True,0.00872,0.00418,0.45,2.086,0.9989
108,01131,普通科目師資教育細學類,學士班,85,13,3473.0,859.0,3388.0,846.0,0.02447,True,0.00431,0.00372,0.06,1.159,0.9989
108,01141,專業科目師資教育細學類,學士班,257,53,4375.0,993.0,4118.0,940.0,0.05874,True,0.01302,0.00452,0.85,2.881,0.9989
108,01199,其他教育細學類,學士班,5,0,351.0,70.0,346.0,70.0,0.01425,True,0.00025,0.00038,-0.01,0.658,0.9989
108,02111,視覺藝術細學類,學士班,115,9,5028.0,1234.0,4913.0,1225.0,0.02287,True,0.00583,0.0054,0.04,1.08,0.9989
108,02112,視覺傳達設計細學類,學士班,409,82,24314.0,5644.0,23905.0,5562.0,0.01682,True,0.02072,0.02626,-0.55,0.789,0.9989
108,02121,應用藝術細學類,學士班,41,5,1508.0,379.0,1467.0,374.0,0.02719,True,0.00208,0.00161,0.05,1.292,0.9989
108,02122,綜合設計細學類,學士班,367,98,12567.0,2923.0,12200.0,2825.0,0.0292,True,0.0186,0.0134,0.52,1.388,0.9989
108,02123,產品設計細學類,學士班,155,40,11169.0,2878.0,11014.0,2838.0,0.01388,True,0.00785,0.0121,-0.43,0.649,0.9989
108,02124,空間設計細學類,學士班,98,13,5893.0,1314.0,5795.0,1301.0,0.01663,True,0.00497,0.00636,-0.14,0.781,0.9989
108,02125,時尚設計與管理細學類,學士班,73,9,4529.0,1066.0,4456.0,1057.0,0.01612,True,0.0037,0.00489,-0.12,0.757,0.9989
108,02131,純藝術細學類,學士班,56,10,4404.0,1048.0,4348.0,1038.0,0.01272,True,0.00284,0.00478,-0.19,0.594,0.9989
108,02132,雕塑細學類,學士班,4,2,166.0,33.0,162.0,31.0,0.0241,True,0.0002,0.00018,0.0,1.111,0.9989
108,02141,美術工藝細學類,學士班,84,1,922.0,274.0,838.0,273.0,0.09111,True,0.00426,0.00092,0.33,4.63,0.9989
108,02151,音樂細學類,學士班,250,19,6368.0,1196.0,6118.0,1177.0,0.03926,True,0.01267,0.00672,0.6,1.885,0.9989
108,02152,表演藝術細學類,學士班,395,52,6673.0,1101.0,6278.0,1049.0,0.05919,True,0.02002,0.0069,1.31,2.901,0.9989
108,02191,綜合藝術細學類,學士班,30,5,1211.0,181.0,1181.0,176.0,0.02477,True,0.00152,0.0013,0.02,1.169,0.9989
108,02192,藝術行政細學類,學士班,13,0,465.0,123.0,452.0,123.0,0.02796,True,0.00066,0.0005,0.02,1.32,0.9989
108,02199,其他藝術細學類,學士班,57,6,1261.0,223.0,1204.0,217.0,0.0452,True,0.00289,0.00132,0.16,2.189,0.9989
108,02211,宗教細學類,學士班,27,11,728.0,174.0,701.0,163.0,0.03709,True,0.00137,0.00077,0.06,1.779,0.9989
108,02221,歷史細學類,學士班,76,16,4317.0,1007.0,4241.0,991.0,0.0176,True,0.00385,0.00466,-0.08,0.826,0.9989
108,02222,人類學及民族學細學類,學士班,105,12,504.0,86.0,399.0,74.0,0.20833,True,0.00532,0.00044,0.49,12.091,0.9989
108,02231,哲學細學類,學士班,20,7,1883.0,410.0,1863.0,403.0,0.01062,True,0.00101,0.00205,-0.1,0.493,0.9989
108,02299,其他人文細學類,學士班,231,50,2742.0,543.0,2511.0,493.0,0.08425,True,0.01171,0.00276,0.9,4.243,0.9989
108,02311,外國語文細學類,學士班,850,175,55867.0,13469.0,55017.0,13294.0,0.01521,True,0.04307,0.06043,-1.74,0.713,0.9989
108,02312,翻譯細學類,學士班,7,1,607.0,186.0,600.0,185.0,0.01153,True,0.00035,0.00066,-0.03,0.53,0.9989
108,02313,華語文為第二語言細學類,學士班,3,2,415.0,130.0,412.0,128.0,0.00723,True,0.00015,0.00045,-0.03,0.333,0.9989
108,02321,臺灣語文細學類,學士班,137,24,1129.0,248.0,992.0,224.0,0.12135,True,0.00694,0.00109,0.58,6.367,0.9989
108,02322,中國語文細學類,學士班,153,29,11216.0,2674.0,11063.0,2645.0,0.01364,True,0.00775,0.01215,-0.44,0.638,0.9989
108,02323,華語文細學類,學士班,35,5,1941.0,395.0,1906.0,390.0,0.01803,True,0.00177,0.00209,-0.03,0.847,0.9989
108,02399,其他語文細學類,學士班,0,0,,,,,,True,0.0,,,,0.9989
108,03111,經濟學細學類,學士班,76,13,9476.0,2351.0,9400.0,2338.0,0.00802,True,0.00385,0.01032,-0.65,0.373,0.9989
108,03121,政治學細學類,學士班,51,8,2981.0,661.0,2930.0,653.0,0.01711,True,0.00258,0.00322,-0.06,0.801,0.9989
108,03122,國際關係細學類,學士班,12,2,1030.0,195.0,1018.0,193.0,0.01165,True,0.00061,0.00112,-0.05,0.545,0.9989
108,03131,心理學細學類,學士班,176,30,6876.0,1623.0,6700.0,1593.0,0.0256,True,0.00892,0.00736,0.16,1.212,0.9989
108,03141,社會學細學類,學士班,294,52,4103.0,957.0,3809.0,905.0,0.07165,True,0.0149,0.00418,1.07,3.565,0.9989
108,03142,地理學細學類,學士班,34,7,1041.0,221.0,1007.0,214.0,0.03266,True,0.00172,0.00111,0.06,1.55,0.9989
108,03143,區域研究細學類,學士班,18,4,1474.0,368.0,1456.0,364.0,0.01221,True,0.00091,0.0016,-0.07,0.569,0.9989
108,03191,發展研究細學類,學士班,6,5,420.0,101.0,414.0,96.0,0.01429,True,0.0003,0.00045,-0.02,0.667,0.9989
108,03199,其他社會及行為科學細學類,學士班,78,18,976.0,212.0,898.0,194.0,0.07992,True,0.00395,0.00099,0.3,3.99,0.9989
108,03211,大眾傳播細學類,學士班,193,31,5907.0,1477.0,5714.0,1446.0,0.03267,True,0.00978,0.00628,0.35,1.557,0.9989
108,03212,新聞細學類,學士班,51,3,1851.0,518.0,1800.0,515.0,0.02755,True,0.00258,0.00198,0.06,1.303,0.9989
108,03213,電子媒體細學類,學士班,51,15,2218.0,535.0,2167.0,520.0,0.02299,True,0.00258,0.00238,0.02,1.084,0.9989
108,03214,傳播細學類,學士班,88,17,4039.0,914.0,3951.0,897.0,0.02179,True,0.00446,0.00434,0.01,1.028,0.9989
108,03222,圖書資訊檔案細學類,學士班,3,2,1079.0,242.0,1076.0,240.0,0.00278,True,0.00015,0.00118,-0.1,0.127,0.9989
108,03299,其他新聞學及圖書資訊細學類,學士班,0,4,0.0,4.0,0.0,0.0,,True,0.0,0.0,0.0,,0.9989
108,04111,會計及稅務細學類,學士班,140,36,16535.0,4255.0,16395.0,4219.0,0.00847,True,0.00709,0.01801,-1.09,0.394,0.9989
108,04121,財務金融細學類,學士班,287,50,26842.0,7131.0,26555.0,7081.0,0.01069,True,0.01454,0.02917,-1.46,0.498,0.9989
108,04122,財政細學類,學士班,45,6,3143.0,1000.0,3098.0,994.0,0.01432,True,0.00228,0.0034,-0.11,0.671,0.9989
108,04123,保險及風險管理細學類,學士班,31,12,3768.0,932.0,3737.0,920.0,0.00823,True,0.00157,0.0041,-0.25,0.383,0.9989
108,04131,企業管理細學類,學士班,881,202,51489.0,13925.0,50608.0,13723.0,0.01711,True,0.04464,0.05558,-1.09,0.803,0.9989
108,04132,流通及供應鏈細學類,學士班,423,103,12654.0,3271.0,12231.0,3168.0,0.03343,True,0.02143,0.01343,0.8,1.596,0.9989
108,04133,醫療管理細學類,學士班,164,33,5307.0,1468.0,5143.0,1435.0,0.0309,True,0.00831,0.00565,0.27,1.471,0.9989
108,04134,公共行政細學類,學士班,190,64,5649.0,1414.0,5459.0,1350.0,0.03363,True,0.00963,0.006,0.36,1.605,0.9989
108,04141,國際貿易細學類,學士班,105,32,12859.0,3404.0,12754.0,3372.0,0.00817,True,0.00532,0.01401,-0.87,0.38,0.9989
108,04142,公共關係細學類,學士班,23,4,810.0,226.0,787.0,222.0,0.0284,True,0.00117,0.00086,0.03,1.36,0.9989
108,04143,行銷及廣告細學類,學士班,385,155,10423.0,2756.0,10038.0,2601.0,0.03694,True,0.01951,0.01102,0.85,1.77,0.9989
108,04191,一般商業細學類,學士班,134,62,1687.0,416.0,1553.0,354.0,0.07943,True,0.00679,0.00171,0.51,3.971,0.9989
108,04199,其他商業及管理細學類,學士班,223,68,13668.0,3281.0,13445.0,3213.0,0.01632,True,0.0113,0.01477,-0.35,0.765,0.9989
108,04211,一般法律細學類,學士班,290,47,10400.0,2446.0,10110.0,2399.0,0.02788,True,0.01469,0.0111,0.36,1.323,0.9989
108,04212,專業法律細學類,學士班,39,3,2820.0,733.0,2781.0,730.0,0.01383,True,0.00198,0.00305,-0.11,0.649,0.9989
108,05111,生物學細學類,學士班,31,5,3726.0,793.0,3695.0,788.0,0.00832,True,0.00157,0.00406,-0.25,0.387,0.9989
108,05121,生物科技細學類,學士班,56,8,6878.0,1788.0,6822.0,1780.0,0.00814,True,0.00284,0.00749,-0.46,0.379,0.9989
108,05122,微生物細學類,學士班,1,0,215.0,56.0,214.0,56.0,0.00465,True,5e-05,0.00024,-0.02,0.208,0.9989
108,05123,生物化學細學類,學士班,1,1,336.0,89.0,335.0,88.0,0.00298,True,5e-05,0.00037,-0.03,0.135,0.9989
108,05124,生物訊息及遺傳細學類,學士班,1,0,122.0,35.0,121.0,35.0,0.0082,True,5e-05,0.00013,-0.01,0.385,0.9989
108,05191,營養細學類,學士班,89,20,7018.0,1782.0,6929.0,1762.0,0.01268,True,0.00451,0.00761,-0.31,0.593,0.9989
108,05199,其他生命科學細學類,學士班,5,2,403.0,114.0,398.0,112.0,0.01241,True,0.00025,0.00044,-0.02,0.568,0.9989
108,05211,環境資源細學類,學士班,7,0,905.0,225.0,898.0,225.0,0.00773,True,0.00035,0.00099,-0.06,0.354,0.9989
108,05212,生態細學類,學士班,1,0,319.0,81.0,318.0,81.0,0.00313,True,5e-05,0.00035,-0.03,0.143,0.9989
108,05292,水土保持細學類,學士班,6,0,435.0,110.0,429.0,110.0,0.01379,True,0.0003,0.00047,-0.02,0.638,0.9989
108,05299,其他環境細學類,學士班,2,1,56.0,54.0,54.0,53.0,0.03571,True,0.0001,6e-05,0.0,1.667,0.9989
108,05311,化學細學類,學士班,24,7,6389.0,1447.0,6365.0,1440.0,0.00376,True,0.00122,0.00699,-0.58,0.175,0.9989
108,05321,地球科學及環境細學類,學士班,5,0,1185.0,261.0,1180.0,261.0,0.00422,True,0.00025,0.0013,-0.1,0.192,0.9989
108,05322,大氣及太空科學細學類,學士班,3,0,632.0,142.0,629.0,142.0,0.00475,True,0.00015,0.00069,-0.05,0.217,0.9989
108,05323,海洋科學細學類,學士班,4,1,448.0,112.0,444.0,111.0,0.00893,True,0.0002,0.00049,-0.03,0.408,0.9989
108,05331,物理及應用物理細學類,學士班,18,3,5060.0,1105.0,5042.0,1102.0,0.00356,True,0.00091,0.00554,-0.46,0.164,0.9989
108,05399,其他物理、化學及地球科學細學類,學士班,13,1,1164.0,233.0,1151.0,232.0,0.01117,True,0.00066,0.00126,-0.06,0.524,0.9989
108,05411,數學細學類,學士班,31,4,6814.0,1387.0,6783.0,1383.0,0.00455,True,0.00157,0.00745,-0.59,0.211,0.9989
108,05421,統計細學類,學士班,8,4,3215.0,736.0,3207.0,732.0,0.00249,True,0.00041,0.00352,-0.31,0.116,0.9989
108,06111,電腦運用細學類,學士班,46,19,2388.0,639.0,2342.0,620.0,0.01926,True,0.00233,0.00257,-0.02,0.907,0.9989
108,06121,資料庫、網路設計及管理細學類,學士班,45,9,2458.0,794.0,2413.0,785.0,0.01831,True,0.00228,0.00265,-0.04,0.86,0.9989
108,06131,資訊技術細學類,學士班,476,99,49072.0,12211.0,48596.0,12112.0,0.0097,True,0.02412,0.05337,-2.92,0.452,0.9989
108,06132,軟體開發細學類,學士班,30,8,4116.0,930.0,4086.0,922.0,0.00729,True,0.00152,0.00449,-0.3,0.339,0.9989
108,06133,系統設計細學類,學士班,25,1,1950.0,500.0,1925.0,499.0,0.01282,True,0.00127,0.00211,-0.08,0.602,0.9989
108,06134,電算機應用細學類,學士班,26,9,3794.0,1016.0,3768.0,1007.0,0.00685,True,0.00132,0.00414,-0.28,0.319,0.9989
108,06199,其他資訊通訊科技細學類,學士班,13,1,1045.0,218.0,1032.0,217.0,0.01244,True,0.00066,0.00113,-0.05,0.584,0.9989
108,07111,化學工程細學類,學士班,51,6,11428.0,2640.0,11377.0,2634.0,0.00446,True,0.00258,0.0125,-0.99,0.206,0.9989
108,07112,材料工程細學類,學士班,36,6,5571.0,1315.0,5535.0,1309.0,0.00646,True,0.00182,0.00608,-0.43,0.299,0.9989
108,07121,環境工程細學類,學士班,76,12,7609.0,1803.0,7533.0,1791.0,0.00999,True,0.00385,0.00827,-0.44,0.466,0.9989
108,07122,河海工程細學類,學士班,15,1,1536.0,354.0,1521.0,353.0,0.00977,True,0.00076,0.00167,-0.09,0.455,0.9989
108,07132,能源工程細學類,學士班,23,2,2666.0,655.0,2643.0,653.0,0.00863,True,0.00117,0.0029,-0.17,0.403,0.9989
108,07141,電機與電子工程細學類,學士班,489,98,63404.0,14970.0,62915.0,14872.0,0.00771,True,0.02478,0.0691,-4.43,0.359,0.9989
108,07151,機械工程細學類,學士班,426,75,40290.0,8831.0,39864.0,8756.0,0.01057,True,0.02159,0.04378,-2.22,0.493,0.9989
108,07161,車輛工程細學類,學士班,30,2,1943.0,332.0,1913.0,330.0,0.01544,True,0.00152,0.0021,-0.06,0.724,0.9989
108,07162,航空工程細學類,學士班,70,12,3711.0,741.0,3641.0,729.0,0.01886,True,0.00355,0.004,-0.04,0.888,0.9989
108,07163,造船工程細學類,學士班,30,2,1830.0,459.0,1800.0,457.0,0.01639,True,0.00152,0.00198,-0.05,0.768,0.9989
108,07191,工業工程細學類,學士班,136,44,10416.0,2787.0,10280.0,2743.0,0.01306,True,0.00689,0.01129,-0.44,0.61,0.9989
108,07192,紡織工程細學類,學士班,5,2,958.0,197.0,953.0,195.0,0.00522,True,0.00025,0.00105,-0.08,0.238,0.9989
108,07193,生醫工程細學類,學士班,16,2,2400.0,602.0,2384.0,600.0,0.00667,True,0.00081,0.00262,-0.18,0.309,0.9989
108,07194,綜合工程細學類,學士班,0,0,449.0,44.0,449.0,44.0,0.0,True,0.0,0.00049,-0.05,0.0,0.9989
108,07199,其他工程及工程業細學類,學士班,2,0,651.0,35.0,649.0,35.0,0.00307,True,0.0001,0.00071,-0.06,0.141,0.9989
108,07211,食品科學細學類,學士班,82,25,7896.0,1974.0,7814.0,1949.0,0.01039,True,0.00416,0.00858,-0.44,0.485,0.9989
108,07311,建築細學類,學士班,75,11,6900.0,1420.0,6825.0,1409.0,0.01087,True,0.0038,0.0075,-0.37,0.507,0.9989
108,07312,景觀設計細學類,學士班,28,5,2094.0,571.0,2066.0,566.0,0.01337,True,0.00142,0.00227,-0.08,0.626,0.9989
108,07313,都巿規劃細學類,學士班,10,3,1415.0,341.0,1405.0,338.0,0.00707,True,0.00051,0.00154,-0.1,0.331,0.9989
108,07321,土木工程細學類,學士班,386,62,12494.0,3066.0,12108.0,3004.0,0.03089,True,0.01956,0.0133,0.63,1.471,0.9989
108,07322,空間資訊及測繪細學類,學士班,4,0,300.0,62.0,296.0,62.0,0.01333,True,0.0002,0.00033,-0.01,0.606,0.9989
108,08111,農作物生產細學類,學士班,26,4,1374.0,323.0,1348.0,319.0,0.01892,True,0.00132,0.00148,-0.02,0.892,0.9989
108,08112,畜牧生產細學類,學士班,24,2,2042.0,445.0,2018.0,443.0,0.01175,True,0.00122,0.00222,-0.1,0.55,0.9989
108,08121,園藝細學類,學士班,18,3,1210.0,302.0,1192.0,299.0,0.01488,True,0.00091,0.00131,-0.04,0.695,0.9989
108,08191,農業化學細學類,學士班,1,0,362.0,98.0,361.0,98.0,0.00276,True,5e-05,0.0004,-0.03,0.125,0.9989
108,08192,農業生物技術細學類,學士班,6,1,233.0,40.0,227.0,39.0,0.02575,True,0.0003,0.00025,0.0,1.2,0.9989
108,08193,農業經濟及推廣細學類,學士班,29,5,1055.0,209.0,1026.0,204.0,0.02749,True,0.00147,0.00113,0.03,1.301,0.9989
108,08194,植物保護細學類,學士班,11,0,715.0,157.0,704.0,157.0,0.01538,True,0.00056,0.00077,-0.02,0.727,0.9989
108,08199,其他農業細學類,學士班,41,0,868.0,45.0,827.0,45.0,0.04724,True,0.00208,0.00091,0.12,2.286,0.9989
108,08211,林業細學類,學士班,47,15,1923.0,457.0,1876.0,442.0,0.02444,True,0.00238,0.00206,0.03,1.155,0.9989
108,08311,漁業科學細學類,學士班,9,0,523.0,118.0,514.0,118.0,0.01721,True,0.00046,0.00056,-0.01,0.821,0.9989
108,08312,水產養殖細學類,學士班,13,3,1591.0,330.0,1578.0,327.0,0.00817,True,0.00066,0.00173,-0.11,0.382,0.9989
108,08411,獸醫細學類,學士班,30,1,1668.0,287.0,1638.0,286.0,0.01799,True,0.00152,0.0018,-0.03,0.844,0.9989
108,09111,牙醫細學類,學士班,60,14,3436.0,689.0,3376.0,675.0,0.01746,True,0.00304,0.00371,-0.07,0.819,0.9989
108,09121,醫學細學類,學士班,125,37,9745.0,2738.0,9620.0,2701.0,0.01283,True,0.00633,0.01057,-0.42,0.599,0.9989
108,09131,護理及助產細學類,學士班,942,324,26689.0,8470.0,25747.0,8146.0,0.0353,True,0.04773,0.02828,1.95,1.688,0.9989
108,09141,醫學技術及檢驗細學類,學士班,135,12,7841.0,1948.0,7706.0,1936.0,0.01722,True,0.00684,0.00846,-0.16,0.809,0.9989
108,09151,物理治療細學類,學士班,49,11,2748.0,700.0,2699.0,689.0,0.01783,True,0.00248,0.00296,-0.05,0.838,0.9989
108,09152,職能治療細學類,學士班,41,6,1567.0,316.0,1526.0,310.0,0.02616,True,0.00208,0.00168,0.04,1.238,0.9989
108,09153,語言治療與聽力細學類,學士班,14,3,1261.0,173.0,1247.0,170.0,0.0111,True,0.00071,0.00137,-0.07,0.518,0.9989
108,09159,其他治療及復健細學類,學士班,13,2,417.0,94.0,404.0,92.0,0.03118,True,0.00066,0.00044,0.02,1.5,0.9989
108,09161,藥學細學類,學士班,71,16,6506.0,1412.0,6435.0,1396.0,0.01091,True,0.0036,0.00707,-0.35,0.509,0.9989
108,09171,傳統醫學、輔助醫學及治療細學類,學士班,5,2,554.0,117.0,549.0,115.0,0.00903,True,0.00025,0.0006,-0.03,0.417,0.9989
108,09191,公共衛生細學類,學士班,88,7,2486.0,611.0,2398.0,604.0,0.0354,True,0.00446,0.00263,0.18,1.696,0.9989
108,09199,其他醫藥衛生細學類,學士班,22,6,1545.0,414.0,1523.0,408.0,0.01424,True,0.00111,0.00167,-0.06,0.665,0.9989
108,09211,老年照顧服務細學類,學士班,161,45,3674.0,932.0,3513.0,887.0,0.04382,True,0.00816,0.00386,0.43,2.114,0.9989
108,09212,失能者照顧細學類,學士班,0,0,90.0,0.0,90.0,0.0,0.0,True,0.0,0.0001,-0.01,0.0,0.9989
108,09221,兒童及青少年照顧服務細學類,學士班,318,90,8541.0,2520.0,8223.0,2430.0,0.03723,True,0.01611,0.00903,0.71,1.784,0.9989
108,09231,社會工作細學類,學士班,743,171,9742.0,2575.0,8999.0,2404.0,0.07627,True,0.03765,0.00988,2.78,3.811,0.9989
108,09299,其他社會福利細學類,學士班,16,2,604.0,117.0,588.0,115.0,0.02649,True,0.00081,0.00065,0.02,1.246,0.9989
108,10111,家政服務細學類,學士班,14,2,1050.0,290.0,1036.0,288.0,0.01333,True,0.00071,0.00114,-0.04,0.623,0.9989
108,10121,美髮美容服務細學類,學士班,328,78,10916.0,2989.0,10588.0,2911.0,0.03005,True,0.01662,0.01163,0.5,1.429,0.9989
108,10131,旅館及餐飲細學類,學士班,933,217,41844.0,10773.0,40911.0,10556.0,0.0223,True,0.04728,0.04493,0.24,1.052,0.9989
108,10141,競技運動細學類,學士班,768,110,5118.0,1015.0,4350.0,905.0,0.15006,True,0.03892,0.00478,3.41,8.142,0.9989
108,10142,運動科技細學類,學士班,44,8,935.0,203.0,891.0,195.0,0.04706,True,0.00223,0.00098,0.13,2.276,0.9989
108,10151,旅遊觀光細學類,學士班,932,160,30834.0,7960.0,29902.0,7800.0,0.03023,True,0.04723,0.03284,1.44,1.438,0.9989
108,10152,遊憩、運動和休閒管理細學類,學士班,1216,218,20265.0,5059.0,19049.0,4841.0,0.06,True,0.06162,0.02092,4.07,2.946,0.9989
108,10199,其他餐旅及民生服務細學類,學士班,198,46,2380.0,629.0,2182.0,583.0,0.08319,True,0.01003,0.0024,0.76,4.179,0.9989
108,10221,職業衛生及安全細學類,學士班,33,4,1535.0,352.0,1502.0,348.0,0.0215,True,0.00167,0.00165,0.0,1.012,0.9989
108,10321,警政細學類,學士班,71,4,1412.0,241.0,1341.0,237.0,0.05028,True,0.0036,0.00147,0.21,2.449,0.9989
108,10411,運輸管理細學類,學士班,12,2,2044.0,527.0,2032.0,525.0,0.00587,True,0.00061,0.00223,-0.16,0.274,0.9989
108,10412,航運管理細學類,學士班,63,14,2434.0,682.0,2371.0,668.0,0.02588,True,0.00319,0.0026,0.06,1.227,0.9989
108,10413,空運管理細學類,學士班,41,10,1722.0,338.0,1681.0,328.0,0.02381,True,0.00208,0.00185,0.02,1.124,0.9989
108,10414,航海細學類,學士班,32,5,1138.0,242.0,1106.0,237.0,0.02812,True,0.00162,0.00121,0.04,1.339,0.9989
108,10499,其他運輸服務細學類,學士班,29,3,570.0,145.0,541.0,142.0,0.05088,True,0.00147,0.00059,0.09,2.492,0.9989
108,99999,其他細學類,學士班,581,0,1224.0,25.0,643.0,25.0,0.47467,False,,,,,0.9989
108,01111,綜合教育細學類,碩士班,148,25,3844.0,933.0,3696.0,908.0,0.0385,True,0.07301,0.02235,5.07,3.267,0.9989
108,01112,成人教育細學類,碩士班,7,0,376.0,92.0,369.0,92.0,0.01862,True,0.00345,0.00223,0.12,1.547,0.9989
108,01113,特殊教育細學類,碩士班,21,3,1270.0,242.0,1249.0,239.0,0.01654,True,0.01036,0.00755,0.28,1.372,0.9989
108,01114,教育行政細學類,碩士班,45,10,1062.0,245.0,1017.0,235.0,0.04237,True,0.0222,0.00615,1.61,3.61,0.9989
108,01115,課程與教學細學類,碩士班,23,0,685.0,176.0,662.0,176.0,0.03358,True,0.01135,0.004,0.74,2.838,0.9989
108,01116,教育科技細學類,碩士班,5,0,384.0,90.0,379.0,90.0,0.01302,True,0.00247,0.00229,0.02,1.079,0.9989
108,01118,技職教育細學類,碩士班,9,2,597.0,174.0,588.0,172.0,0.01508,True,0.00444,0.00355,0.09,1.251,0.9989
108,01121,幼兒師資教育細學類,碩士班,32,5,1080.0,205.0,1048.0,200.0,0.02963,True,0.01579,0.00634,0.94,2.491,0.9989
108,01131,普通科目師資教育細學類,碩士班,14,7,1463.0,336.0,1449.0,329.0,0.00957,True,0.00691,0.00876,-0.18,0.789,0.9989
108,01141,專業科目師資教育細學類,碩士班,62,9,1893.0,478.0,1831.0,469.0,0.03275,True,0.03059,0.01107,1.95,2.763,0.9989
108,01199,其他教育細學類,碩士班,12,1,451.0,101.0,439.0,100.0,0.02661,True,0.00592,0.00265,0.33,2.234,0.9989
108,02111,視覺藝術細學類,碩士班,13,1,883.0,150.0,870.0,149.0,0.01472,True,0.00641,0.00526,0.12,1.219,0.9989
108,02112,視覺傳達設計細學類,碩士班,17,1,1268.0,321.0,1251.0,320.0,0.01341,True,0.00839,0.00756,0.08,1.11,0.9989
108,02121,應用藝術細學類,碩士班,8,0,387.0,128.0,379.0,128.0,0.02067,True,0.00395,0.00229,0.17,1.725,0.9989
108,02122,綜合設計細學類,碩士班,7,3,1020.0,340.0,1013.0,337.0,0.00686,True,0.00345,0.00612,-0.27,0.564,0.9989
108,02123,產品設計細學類,碩士班,6,1,933.0,252.0,927.0,251.0,0.00643,True,0.00296,0.0056,-0.26,0.529,0.9989
108,02124,空間設計細學類,碩士班,2,0,265.0,82.0,263.0,82.0,0.00755,True,0.00099,0.00159,-0.06,0.623,0.9989
108,02125,時尚設計與管理細學類,碩士班,3,1,241.0,50.0,238.0,49.0,0.01245,True,0.00148,0.00144,0.0,1.028,0.9989
108,02131,純藝術細學類,碩士班,16,3,1653.0,365.0,1637.0,362.0,0.00968,True,0.00789,0.0099,-0.2,0.797,0.9989
108,02132,雕塑細學類,碩士班,0,0,33.0,4.0,33.0,4.0,0.0,True,0.0,0.0002,-0.02,0.0,0.9989
108,02141,美術工藝細學類,碩士班,0,0,164.0,23.0,164.0,23.0,0.0,True,0.0,0.00099,-0.1,0.0,0.9989
108,02151,音樂細學類,碩士班,36,3,2135.0,517.0,2099.0,514.0,0.01686,True,0.01776,0.01269,0.51,1.4,0.9989
108,02152,表演藝術細學類,碩士班,14,0,654.0,188.0,640.0,188.0,0.02141,True,0.00691,0.00387,0.3,1.786,0.9989
108,02191,綜合藝術細學類,碩士班,25,2,697.0,141.0,672.0,139.0,0.03587,True,0.01233,0.00406,0.83,3.037,0.9989
108,02192,藝術行政細學類,碩士班,8,0,395.0,59.0,387.0,59.0,0.02025,True,0.00395,0.00234,0.16,1.688,0.9989
108,02199,其他藝術細學類,碩士班,7,0,216.0,55.0,209.0,55.0,0.03241,True,0.00345,0.00126,0.22,2.738,0.9989
108,02211,宗教細學類,碩士班,28,8,618.0,112.0,590.0,104.0,0.04531,True,0.01381,0.00357,1.02,3.868,0.9989
108,02221,歷史細學類,碩士班,7,4,973.0,194.0,966.0,190.0,0.00719,True,0.00345,0.00584,-0.24,0.591,0.9989
108,02222,人類學及民族學細學類,碩士班,41,5,191.0,27.0,150.0,22.0,0.21466,True,0.02023,0.00091,1.93,22.231,0.9989
108,02231,哲學細學類,碩士班,2,0,430.0,101.0,428.0,101.0,0.00465,True,0.00099,0.00259,-0.16,0.382,0.9989
108,02299,其他人文細學類,碩士班,22,4,1005.0,139.0,983.0,135.0,0.02189,True,0.01085,0.00594,0.49,1.827,0.9989
108,02311,外國語文細學類,碩士班,24,5,2769.0,622.0,2745.0,617.0,0.00867,True,0.01184,0.0166,-0.48,0.713,0.9989
108,02312,翻譯細學類,碩士班,0,0,269.0,54.0,269.0,54.0,0.0,True,0.0,0.00163,-0.16,0.0,0.9989
108,02313,華語文為第二語言細學類,碩士班,1,0,314.0,53.0,313.0,53.0,0.00318,True,0.00049,0.00189,-0.14,0.259,0.9989
108,02321,臺灣語文細學類,碩士班,66,7,653.0,122.0,587.0,115.0,0.10107,True,0.03256,0.00355,2.9,9.172,0.9989
108,02322,中國語文細學類,碩士班,15,0,2370.0,455.0,2355.0,455.0,0.00633,True,0.0074,0.01424,-0.68,0.52,0.9989
108,02323,華語文細學類,碩士班,3,0,252.0,44.0,249.0,44.0,0.0119,True,0.00148,0.00151,-0.0,0.98,0.9989
108,02399,其他語文細學類,碩士班,7,1,246.0,77.0,239.0,76.0,0.02846,True,0.00345,0.00144,0.2,2.396,0.9989
108,03111,經濟學細學類,碩士班,5,3,1260.0,474.0,1255.0,471.0,0.00397,True,0.00247,0.00759,-0.51,0.325,0.9989
108,03121,政治學細學類,碩士班,3,1,777.0,191.0,774.0,190.0,0.00386,True,0.00148,0.00468,-0.32,0.316,0.9989
108,03122,國際關係細學類,碩士班,14,0,640.0,193.0,626.0,193.0,0.02188,True,0.00691,0.00378,0.31,1.828,0.9989
108,03131,心理學細學類,碩士班,21,5,3489.0,643.0,3468.0,638.0,0.00602,True,0.01036,0.02097,-1.06,0.494,0.9989
108,03141,社會學細學類,碩士班,44,5,923.0,224.0,879.0,219.0,0.04767,True,0.02171,0.00531,1.64,4.089,0.9989
108,03142,地理學細學類,碩士班,2,0,283.0,71.0,281.0,71.0,0.00707,True,0.00099,0.0017,-0.07,0.582,0.9989
108,03143,區域研究細學類,碩士班,28,3,1408.0,304.0,1380.0,301.0,0.01989,True,0.01381,0.00834,0.55,1.656,0.9989
108,03191,發展研究細學類,碩士班,13,1,747.0,172.0,734.0,171.0,0.0174,True,0.00641,0.00444,0.2,1.444,0.9989
108,03199,其他社會及行為科學細學類,碩士班,66,14,858.0,170.0,792.0,156.0,0.07692,True,0.03256,0.00479,2.78,6.797,0.9989
108,03211,大眾傳播細學類,碩士班,17,6,874.0,240.0,857.0,234.0,0.01945,True,0.00839,0.00518,0.32,1.62,0.9989
108,03212,新聞細學類,碩士班,0,1,157.0,32.0,157.0,31.0,0.0,True,0.0,0.00095,-0.1,0.0,0.9989
108,03213,電子媒體細學類,碩士班,1,0,190.0,57.0,189.0,57.0,0.00526,True,0.00049,0.00114,-0.06,0.43,0.9989
108,03214,傳播細學類,碩士班,6,0,353.0,70.0,347.0,70.0,0.017,True,0.00296,0.0021,0.09,1.41,0.9989
108,03222,圖書資訊檔案細學類,碩士班,1,0,377.0,112.0,376.0,112.0,0.00265,True,0.00049,0.00227,-0.18,0.216,0.9989
108,03299,其他新聞學及圖書資訊細學類,碩士班,0,0,,,,,,True,0.0,,,,0.9989
108,04111,會計及稅務細學類,碩士班,2,2,1751.0,765.0,1749.0,763.0,0.00114,True,0.00099,0.01057,-0.96,0.094,0.9989
108,04121,財務金融細學類,碩士班,10,5,3419.0,1463.0,3409.0,1458.0,0.00292,True,0.00493,0.02061,-1.57,0.239,0.9989
108,04122,財政細學類,碩士班,0,0,264.0,132.0,264.0,132.0,0.0,True,0.0,0.0016,-0.16,0.0,0.9989
108,04123,保險及風險管理細學類,碩士班,0,2,352.0,165.0,352.0,163.0,0.0,True,0.0,0.00213,-0.21,0.0,0.9989
108,04131,企業管理細學類,碩士班,136,21,14890.0,6145.0,14754.0,6124.0,0.00913,True,0.06709,0.0892,-2.21,0.752,0.9989
108,04132,流通及供應鏈細學類,碩士班,13,7,715.0,291.0,702.0,284.0,0.01818,True,0.00641,0.00424,0.22,1.512,0.9989
108,04133,醫療管理細學類,碩士班,11,4,879.0,355.0,868.0,351.0,0.01251,True,0.00543,0.00525,0.02,1.034,0.9989
108,04134,公共行政細學類,碩士班,81,6,2260.0,599.0,2179.0,593.0,0.03584,True,0.03996,0.01317,2.68,3.034,0.9989
108,04141,國際貿易細學類,碩士班,2,0,623.0,264.0,621.0,264.0,0.00321,True,0.00099,0.00375,-0.28,0.264,0.9989
108,04142,公共關係細學類,碩士班,1,1,197.0,41.0,196.0,40.0,0.00508,True,0.00049,0.00118,-0.07,0.415,0.9989
108,04143,行銷及廣告細學類,碩士班,4,0,367.0,127.0,363.0,127.0,0.0109,True,0.00197,0.00219,-0.02,0.9,0.9989
108,04191,一般商業細學類,碩士班,1,0,358.0,160.0,357.0,160.0,0.00279,True,0.00049,0.00216,-0.17,0.227,0.9989
108,04199,其他商業及管理細學類,碩士班,24,5,5258.0,1963.0,5234.0,1958.0,0.00456,True,0.01184,0.03164,-1.98,0.374,0.9989
108,04211,一般法律細學類,碩士班,80,4,4006.0,614.0,3926.0,610.0,0.01997,True,0.03947,0.02374,1.57,1.663,0.9989
108,04212,專業法律細學類,碩士班,17,2,2485.0,475.0,2468.0,473.0,0.00684,True,0.00839,0.01492,-0.65,0.562,0.9989
108,05111,生物學細學類,碩士班,1,1,777.0,301.0,776.0,300.0,0.00129,True,0.00049,0.00469,-0.42,0.104,0.9989
108,05121,生物科技細學類,碩士班,6,4,1808.0,701.0,1802.0,697.0,0.00332,True,0.00296,0.01089,-0.79,0.272,0.9989
108,05122,微生物細學類,碩士班,0,0,101.0,50.0,101.0,50.0,0.0,True,0.0,0.00061,-0.06,0.0,0.9989
108,05123,生物化學細學類,碩士班,1,1,353.0,162.0,352.0,161.0,0.00283,True,0.00049,0.00213,-0.16,0.23,0.9989
108,05124,生物訊息及遺傳細學類,碩士班,0,1,127.0,35.0,127.0,34.0,0.0,True,0.0,0.00077,-0.08,0.0,0.9989
108,05191,營養細學類,碩士班,1,0,350.0,161.0,349.0,161.0,0.00286,True,0.00049,0.00211,-0.16,0.232,0.9989
108,05199,其他生命科學細學類,碩士班,0,0,73.0,25.0,73.0,25.0,0.0,True,0.0,0.00044,-0.04,0.0,0.9989
108,05211,環境資源細學類,碩士班,27,3,509.0,131.0,482.0,128.0,0.05305,True,0.01332,0.00291,1.04,4.577,0.9989
108,05212,生態細學類,碩士班,1,0,86.0,36.0,85.0,36.0,0.01163,True,0.00049,0.00051,-0.0,0.961,0.9989
108,05292,水土保持細學類,碩士班,2,0,146.0,60.0,144.0,60.0,0.0137,True,0.00099,0.00087,0.01,1.138,0.9989
108,05299,其他環境細學類,碩士班,0,0,2.0,2.0,2.0,2.0,0.0,True,0.0,1e-05,-0.0,0.0,0.9989
108,05311,化學細學類,碩士班,10,2,2001.0,807.0,1991.0,805.0,0.005,True,0.00493,0.01204,-0.71,0.409,0.9989
108,05321,地球科學及環境細學類,碩士班,0,0,408.0,127.0,408.0,127.0,0.0,True,0.0,0.00247,-0.25,0.0,0.9989
108,05322,大氣及太空科學細學類,碩士班,0,0,148.0,46.0,148.0,46.0,0.0,True,0.0,0.00089,-0.09,0.0,0.9989
108,05323,海洋科學細學類,碩士班,0,0,320.0,116.0,320.0,116.0,0.0,True,0.0,0.00193,-0.19,0.0,0.9989
108,05331,物理及應用物理細學類,碩士班,1,2,1353.0,461.0,1352.0,459.0,0.00074,True,0.00049,0.00817,-0.77,0.06,0.9989
108,05399,其他物理、化學及地球科學細學類,碩士班,4,0,333.0,79.0,329.0,79.0,0.01201,True,0.00197,0.00199,-0.0,0.99,0.9989
108,05411,數學細學類,碩士班,3,0,1080.0,397.0,1077.0,397.0,0.00278,True,0.00148,0.00651,-0.5,0.227,0.9989
108,05421,統計細學類,碩士班,0,0,651.0,309.0,651.0,309.0,0.0,True,0.0,0.00394,-0.39,0.0,0.9989
108,06111,電腦運用細學類,碩士班,0,0,240.0,80.0,240.0,80.0,0.0,True,0.0,0.00145,-0.14,0.0,0.9989
108,06121,資料庫、網路設計及管理細學類,碩士班,1,1,267.0,131.0,266.0,130.0,0.00375,True,0.00049,0.00161,-0.11,0.304,0.9989
108,06131,資訊技術細學類,碩士班,34,14,9574.0,3561.0,9540.0,3547.0,0.00355,True,0.01677,0.05768,-4.09,0.291,0.9989
108,06132,軟體開發細學類,碩士班,3,0,602.0,152.0,599.0,152.0,0.00498,True,0.00148,0.00362,-0.21,0.409,0.9989
108,06133,系統設計細學類,碩士班,2,1,219.0,87.0,217.0,86.0,0.00913,True,0.00099,0.00131,-0.03,0.756,0.9989
108,06134,電算機應用細學類,碩士班,23,1,708.0,268.0,685.0,267.0,0.03249,True,0.01135,0.00414,0.72,2.742,0.9989
108,06199,其他資訊通訊科技細學類,碩士班,0,0,43.0,72.0,43.0,72.0,0.0,True,0.0,0.00026,-0.03,0.0,0.9989
108,07111,化學工程細學類,碩士班,3,5,2910.0,1265.0,2907.0,1260.0,0.00103,True,0.00148,0.01758,-1.61,0.084,0.9989
108,07112,材料工程細學類,碩士班,6,3,2112.0,883.0,2106.0,880.0,0.00284,True,0.00296,0.01273,-0.98,0.233,0.9989
108,07121,環境工程細學類,碩士班,6,1,1872.0,671.0,1866.0,670.0,0.00321,True,0.00296,0.01128,-0.83,0.262,0.9989
108,07122,河海工程細學類,碩士班,1,1,405.0,159.0,404.0,158.0,0.00247,True,0.00049,0.00244,-0.19,0.201,0.9989
108,07132,能源工程細學類,碩士班,4,0,745.0,298.0,741.0,298.0,0.00537,True,0.00197,0.00448,-0.25,0.44,0.9989
108,07141,電機與電子工程細學類,碩士班,43,13,15190.0,5477.0,15147.0,5464.0,0.00283,True,0.02121,0.09158,-7.04,0.232,0.9989
108,07151,機械工程細學類,碩士班,20,8,6721.0,2479.0,6701.0,2471.0,0.00298,True,0.00987,0.04051,-3.06,0.244,0.9989
108,07161,車輛工程細學類,碩士班,2,0,280.0,110.0,278.0,110.0,0.00714,True,0.00099,0.00168,-0.07,0.589,0.9989
108,07162,航空工程細學類,碩士班,1,0,462.0,166.0,461.0,166.0,0.00216,True,0.00049,0.00279,-0.23,0.176,0.9989
108,07163,造船工程細學類,碩士班,0,0,253.0,107.0,253.0,107.0,0.0,True,0.0,0.00153,-0.15,0.0,0.9989
108,07191,工業工程細學類,碩士班,14,4,2703.0,1024.0,2689.0,1020.0,0.00518,True,0.00691,0.01626,-0.94,0.425,0.9989
108,07192,紡織工程細學類,碩士班,0,0,66.0,29.0,66.0,29.0,0.0,True,0.0,0.0004,-0.04,0.0,0.9989
108,07193,生醫工程細學類,碩士班,4,0,1298.0,491.0,1294.0,491.0,0.00308,True,0.00197,0.00782,-0.59,0.252,0.9989
108,07194,綜合工程細學類,碩士班,1,0,322.0,117.0,321.0,117.0,0.00311,True,0.00049,0.00194,-0.15,0.253,0.9989
108,07199,其他工程及工程業細學類,碩士班,0,1,586.0,127.0,586.0,126.0,0.0,True,0.0,0.00354,-0.35,0.0,0.9989
108,07211,食品科學細學類,碩士班,7,1,1243.0,443.0,1236.0,442.0,0.00563,True,0.00345,0.00747,-0.4,0.462,0.9989
108,07311,建築細學類,碩士班,8,1,1502.0,399.0,1494.0,398.0,0.00533,True,0.00395,0.00903,-0.51,0.437,0.9989
108,07312,景觀設計細學類,碩士班,4,1,199.0,70.0,195.0,69.0,0.0201,True,0.00197,0.00118,0.08,1.669,0.9989
108,07313,都巿規劃細學類,碩士班,6,1,395.0,138.0,389.0,137.0,0.01519,True,0.00296,0.00235,0.06,1.26,0.9989
108,07321,土木工程細學類,碩士班,28,6,3335.0,1211.0,3307.0,1205.0,0.0084,True,0.01381,0.01999,-0.62,0.691,0.9989
108,07322,空間資訊及測繪細學類,碩士班,0,0,64.0,30.0,64.0,30.0,0.0,True,0.0,0.00039,-0.04,0.0,0.9989
108,08111,農作物生產細學類,碩士班,4,0,324.0,80.0,320.0,80.0,0.01235,True,0.00197,0.00193,0.0,1.021,0.9989
108,08112,畜牧生產細學類,碩士班,0,0,225.0,86.0,225.0,86.0,0.0,True,0.0,0.00136,-0.14,0.0,0.9989
108,08121,園藝細學類,碩士班,1,0,254.0,102.0,253.0,102.0,0.00394,True,0.00049,0.00153,-0.1,0.32,0.9989
108,08191,農業化學細學類,碩士班,0,0,98.0,36.0,98.0,36.0,0.0,True,0.0,0.00059,-0.06,0.0,0.9989
108,08192,農業生物技術細學類,碩士班,0,0,53.0,14.0,53.0,14.0,0.0,True,0.0,0.00032,-0.03,0.0,0.9989
108,08193,農業經濟及推廣細學類,碩士班,3,1,408.0,168.0,405.0,167.0,0.00735,True,0.00148,0.00245,-0.1,0.604,0.9989
108,08194,植物保護細學類,碩士班,0,1,190.0,65.0,190.0,64.0,0.0,True,0.0,0.00115,-0.12,0.0,0.9989
108,08199,其他農業細學類,碩士班,1,0,64.0,20.0,63.0,20.0,0.01562,True,0.00049,0.00038,0.01,1.289,0.9989
108,08211,林業細學類,碩士班,3,1,301.0,90.0,298.0,89.0,0.00997,True,0.00148,0.0018,-0.03,0.822,0.9989
108,08311,漁業科學細學類,碩士班,0,1,119.0,50.0,119.0,49.0,0.0,True,0.0,0.00072,-0.07,0.0,0.9989
108,08312,水產養殖細學類,碩士班,2,0,178.0,68.0,176.0,68.0,0.01124,True,0.00099,0.00106,-0.01,0.934,0.9989
108,08411,獸醫細學類,碩士班,0,1,245.0,91.0,245.0,90.0,0.0,True,0.0,0.00148,-0.15,0.0,0.9989
108,09111,牙醫細學類,碩士班,2,0,371.0,126.0,369.0,126.0,0.00539,True,0.00099,0.00223,-0.12,0.444,0.9989
108,09121,醫學細學類,碩士班,3,3,1275.0,473.0,1272.0,470.0,0.00235,True,0.00148,0.00769,-0.62,0.192,0.9989
108,09131,護理及助產細學類,碩士班,53,4,2103.0,461.0,2050.0,457.0,0.0252,True,0.02615,0.01239,1.38,2.111,0.9989
108,09141,醫學技術及檢驗細學類,碩士班,8,1,713.0,290.0,705.0,289.0,0.01122,True,0.00395,0.00426,-0.03,0.927,0.9989
108,09151,物理治療細學類,碩士班,1,2,218.0,86.0,217.0,84.0,0.00459,True,0.00049,0.00131,-0.08,0.374,0.9989
108,09152,職能治療細學類,碩士班,1,0,118.0,37.0,117.0,37.0,0.00847,True,0.00049,0.00071,-0.02,0.69,0.9989
108,09153,語言治療與聽力細學類,碩士班,0,0,86.0,25.0,86.0,25.0,0.0,True,0.0,0.00052,-0.05,0.0,0.9989
108,09159,其他治療及復健細學類,碩士班,0,0,97.0,42.0,97.0,42.0,0.0,True,0.0,0.00059,-0.06,0.0,0.9989
108,09161,藥學細學類,碩士班,1,0,652.0,289.0,651.0,289.0,0.00153,True,0.00049,0.00394,-0.34,0.124,0.9989
108,09171,傳統醫學、輔助醫學及治療細學類,碩士班,3,0,219.0,78.0,216.0,78.0,0.0137,True,0.00148,0.00131,0.02,1.13,0.9989
108,09191,公共衛生細學類,碩士班,10,0,1163.0,371.0,1153.0,371.0,0.0086,True,0.00493,0.00697,-0.2,0.707,0.9989
108,09199,其他醫藥衛生細學類,碩士班,4,0,191.0,39.0,187.0,39.0,0.02094,True,0.00197,0.00113,0.08,1.743,0.9989
108,09211,老年照顧服務細學類,碩士班,11,5,400.0,108.0,389.0,103.0,0.0275,True,0.00543,0.00235,0.31,2.311,0.9989
108,09212,失能者照顧細學類,碩士班,3,0,91.0,14.0,88.0,14.0,0.03297,True,0.00148,0.00053,0.1,2.792,0.9989
108,09221,兒童及青少年照顧服務細學類,碩士班,4,0,524.0,85.0,520.0,85.0,0.00763,True,0.00197,0.00314,-0.12,0.627,0.9989
108,09231,社會工作細學類,碩士班,69,4,1082.0,228.0,1013.0,224.0,0.06377,True,0.03404,0.00612,2.79,5.562,0.9989
108,09299,其他社會福利細學類,碩士班,16,0,53.0,1.0,37.0,1.0,0.30189,True,0.00789,0.00022,0.77,35.864,0.9989
108,10111,家政服務細學類,碩士班,2,0,162.0,30.0,160.0,30.0,0.01235,True,0.00099,0.00097,0.0,1.021,0.9989
108,10121,美髮美容服務細學類,碩士班,5,1,223.0,76.0,218.0,75.0,0.02242,True,0.00247,0.00132,0.12,1.871,0.9989
108,10131,旅館及餐飲細學類,碩士班,4,1,437.0,146.0,433.0,145.0,0.00915,True,0.00197,0.00262,-0.06,0.752,0.9989
108,10141,競技運動細學類,碩士班,48,9,637.0,162.0,589.0,153.0,0.07535,True,0.02368,0.00356,2.01,6.652,0.9989
108,10142,運動科技細學類,碩士班,8,1,278.0,85.0,270.0,84.0,0.02878,True,0.00395,0.00163,0.23,2.423,0.9989
108,10151,旅遊觀光細學類,碩士班,33,12,1335.0,495.0,1302.0,483.0,0.02472,True,0.01628,0.00787,0.84,2.069,0.9989
108,10152,遊憩、運動和休閒管理細學類,碩士班,70,4,1931.0,592.0,1861.0,588.0,0.03625,True,0.03453,0.01125,2.33,3.069,0.9989
108,10199,其他餐旅及民生服務細學類,碩士班,7,0,78.0,43.0,71.0,43.0,0.08974,True,0.00345,0.00043,0.3,8.023,0.9989
108,10221,職業衛生及安全細學類,碩士班,3,0,203.0,73.0,200.0,73.0,0.01478,True,0.00148,0.00121,0.03,1.223,0.9989
108,10321,警政細學類,碩士班,0,0,27.0,15.0,27.0,15.0,0.0,True,0.0,0.00016,-0.02,0.0,0.9989
108,10411,運輸管理細學類,碩士班,1,1,457.0,169.0,456.0,168.0,0.00219,True,0.00049,0.00276,-0.23,0.178,0.9989
108,10412,航運管理細學類,碩士班,3,1,328.0,110.0,325.0,109.0,0.00915,True,0.00148,0.00196,-0.05,0.755,0.9989
108,10413,空運管理細學類,碩士班,2,0,42.0,7.0,40.0,7.0,0.04762,True,0.00099,0.00024,0.08,4.125,0.9989
108,10414,航海細學類,碩士班,0,0,96.0,31.0,96.0,31.0,0.0,True,0.0,0.00058,-0.06,0.0,0.9989
108,10499,其他運輸服務細學類,碩士班,1,2,141.0,59.0,140.0,57.0,0.00709,True,0.00049,0.00085,-0.04,0.576,0.9989
108,99999,其他細學類,碩士班,6,2,276.0,59.0,270.0,57.0,0.02174,False,,,,,0.9989
108,01111,綜合教育細學類,總計,283,50,8091.0,1799.0,7808.0,1749.0,0.03498,True,0.01048,0.00661,0.39,1.585,0.9989
108,01112,成人教育細學類,總計,9,2,592.0,136.0,583.0,134.0,0.0152,True,0.00033,0.00049,-0.02,0.673,0.9989
108,01113,特殊教育細學類,總計,85,21,3800.0,907.0,3715.0,886.0,0.02237,True,0.00315,0.00314,0.0,1.003,0.9989
108,01114,教育行政細學類,總計,66,12,2031.0,432.0,1965.0,420.0,0.0325,True,0.00245,0.00166,0.08,1.476,0.9989
108,01115,課程與教學細學類,總計,24,0,821.0,186.0,797.0,186.0,0.02923,True,0.00089,0.00067,0.02,1.328,0.9989
108,01116,教育科技細學類,總計,24,4,1422.0,318.0,1398.0,314.0,0.01688,True,0.00089,0.00118,-0.03,0.754,0.9989
108,01118,技職教育細學類,總計,9,2,843.0,199.0,834.0,197.0,0.01068,True,0.00033,0.00071,-0.04,0.465,0.9989
108,01121,幼兒師資教育細學類,總計,204,36,5062.0,1230.0,4858.0,1194.0,0.0403,True,0.00756,0.00411,0.34,1.839,0.9989
108,01131,普通科目師資教育細學類,總計,99,20,5070.0,1209.0,4971.0,1189.0,0.01953,True,0.00367,0.00421,-0.05,0.872,0.9989
108,01141,專業科目師資教育細學類,總計,323,62,6755.0,1533.0,6432.0,1471.0,0.04782,True,0.01197,0.00544,0.65,2.2,0.9989
108,01199,其他教育細學類,總計,17,1,860.0,175.0,843.0,174.0,0.01977,True,0.00063,0.00071,-0.01,0.887,0.9989
108,02111,視覺藝術細學類,總計,132,10,6368.0,1440.0,6236.0,1430.0,0.02073,True,0.00489,0.00528,-0.04,0.926,0.9989
108,02112,視覺傳達設計細學類,總計,441,86,26263.0,6090.0,25822.0,6004.0,0.01679,True,0.01634,0.02185,-0.55,0.748,0.9989
108,02121,應用藝術細學類,總計,50,7,1921.0,513.0,1871.0,506.0,0.02603,True,0.00185,0.00158,0.03,1.171,0.9989
108,02122,綜合設計細學類,總計,402,106,14456.0,3366.0,14054.0,3260.0,0.02781,True,0.01489,0.01189,0.3,1.252,0.9989
108,02123,產品設計細學類,總計,168,45,12530.0,3195.0,12362.0,3150.0,0.01341,True,0.00622,0.01046,-0.42,0.595,0.9989
108,02124,空間設計細學類,總計,116,14,6542.0,1403.0,6426.0,1389.0,0.01773,True,0.0043,0.00544,-0.11,0.79,0.9989
108,02125,時尚設計與管理細學類,總計,76,10,4774.0,1116.0,4698.0,1106.0,0.01592,True,0.00282,0.00398,-0.12,0.709,0.9989
108,02131,純藝術細學類,總計,83,13,6781.0,1434.0,6698.0,1421.0,0.01224,True,0.00308,0.00567,-0.26,0.543,0.9989
108,02132,雕塑細學類,總計,4,2,199.0,37.0,195.0,35.0,0.0201,True,0.00015,0.00017,-0.0,0.882,0.9989
108,02141,美術工藝細學類,總計,91,2,1300.0,339.0,1209.0,337.0,0.07,True,0.00337,0.00102,0.24,3.304,0.9989
108,02151,音樂細學類,總計,299,22,9131.0,1721.0,8832.0,1699.0,0.03275,True,0.01108,0.00748,0.36,1.481,0.9989
108,02152,表演藝術細學類,總計,423,52,7647.0,1292.0,7224.0,1240.0,0.05532,True,0.01567,0.00611,0.96,2.565,0.9989
108,02191,綜合藝術細學類,總計,55,7,1956.0,330.0,1901.0,323.0,0.02812,True,0.00204,0.00161,0.04,1.267,0.9989
108,02192,藝術行政細學類,總計,21,0,898.0,185.0,877.0,185.0,0.02339,True,0.00078,0.00074,0.0,1.054,0.9989
108,02199,其他藝術細學類,總計,64,6,1477.0,278.0,1413.0,272.0,0.04333,True,0.00237,0.0012,0.12,1.975,0.9989
108,02211,宗教細學類,總計,56,19,1472.0,296.0,1416.0,277.0,0.03804,True,0.00207,0.0012,0.09,1.725,0.9989
108,02221,歷史細學類,總計,83,20,5589.0,1227.0,5506.0,1207.0,0.01485,True,0.00308,0.00466,-0.16,0.661,0.9989
108,02222,人類學及民族學細學類,總計,155,17,771.0,121.0,616.0,104.0,0.20104,True,0.00574,0.00052,0.52,11.038,0.9989
108,02231,哲學細學類,總計,22,7,2495.0,533.0,2473.0,526.0,0.00882,True,0.00082,0.00209,-0.13,0.392,0.9989
108,02299,其他人文細學類,總計,258,63,3904.0,700.0,3646.0,637.0,0.06609,True,0.00956,0.00309,0.65,3.094,0.9989
108,02311,外國語文細學類,總計,1029,202,64139.0,15034.0,63110.0,14832.0,0.01604,True,0.03812,0.05341,-1.53,0.714,0.9989
108,02312,翻譯細學類,總計,7,1,908.0,243.0,901.0,242.0,0.00771,True,0.00026,0.00076,-0.05,0.342,0.9989
108,02313,華語文為第二語言細學類,總計,4,2,762.0,186.0,758.0,184.0,0.00525,True,0.00015,0.00064,-0.05,0.234,0.9989
108,02321,臺灣語文細學類,總計,216,31,1925.0,373.0,1709.0,342.0,0.11221,True,0.008,0.00145,0.66,5.517,0.9989
108,02322,中國語文細學類,總計,172,29,14527.0,3245.0,14355.0,3216.0,0.01184,True,0.00637,0.01215,-0.58,0.524,0.9989
108,02323,華語文細學類,總計,38,5,2216.0,439.0,2178.0,434.0,0.01715,True,0.00141,0.00184,-0.04,0.766,0.9989
108,02399,其他語文細學類,總計,10,2,331.0,83.0,321.0,81.0,0.03021,True,0.00037,0.00027,0.01,1.37,0.9989
108,03111,經濟學細學類,總計,81,16,10876.0,2842.0,10795.0,2826.0,0.00745,True,0.003,0.00914,-0.61,0.328,0.9989
108,03121,政治學細學類,總計,55,9,4062.0,899.0,4007.0,890.0,0.01354,True,0.00204,0.00339,-0.13,0.602,0.9989
108,03122,國際關係細學類,總計,26,2,1768.0,401.0,1742.0,399.0,0.01471,True,0.00096,0.00147,-0.05,0.653,0.9989
108,03131,心理學細學類,總計,198,35,10665.0,2302.0,10467.0,2267.0,0.01857,True,0.00734,0.00886,-0.15,0.828,0.9989
108,03141,社會學細學類,總計,338,58,5113.0,1186.0,4775.0,1128.0,0.06611,True,0.01252,0.00404,0.85,3.099,0.9989
108,03142,地理學細學類,總計,40,7,1431.0,300.0,1391.0,293.0,0.02795,True,0.00148,0.00118,0.03,1.254,0.9989
108,03143,區域研究細學類,總計,46,7,3141.0,700.0,3095.0,693.0,0.01465,True,0.0017,0.00262,-0.09,0.649,0.9989
108,03191,發展研究細學類,總計,19,6,1251.0,280.0,1232.0,274.0,0.01519,True,0.0007,0.00104,-0.03,0.673,0.9989
108,03199,其他社會及行為科學細學類,總計,144,32,1914.0,388.0,1770.0,356.0,0.07524,True,0.00534,0.0015,0.38,3.56,0.9989
108,03211,大眾傳播細學類,總計,210,37,6827.0,1717.0,6617.0,1680.0,0.03076,True,0.00778,0.0056,0.22,1.389,0.9989
108,03212,新聞細學類,總計,51,4,2008.0,550.0,1957.0,546.0,0.0254,True,0.00189,0.00166,0.02,1.139,0.9989
108,03213,電子媒體細學類,總計,52,15,2408.0,592.0,2356.0,577.0,0.02159,True,0.00193,0.00199,-0.01,0.97,0.9989
108,03214,傳播細學類,總計,95,17,4455.0,994.0,4360.0,977.0,0.02132,True,0.00352,0.00369,-0.02,0.954,0.9989
108,03222,圖書資訊檔案細學類,總計,4,2,1502.0,357.0,1498.0,355.0,0.00266,True,0.00015,0.00127,-0.11,0.118,0.9989
108,03299,其他新聞學及圖書資訊細學類,總計,0,4,0.0,4.0,0.0,0.0,,True,0.0,0.0,0.0,,0.9989
108,04111,會計及稅務細學類,總計,156,40,19309.0,5199.0,19153.0,5159.0,0.00808,True,0.00578,0.01621,-1.04,0.357,0.9989
108,04121,財務金融細學類,總計,314,60,31248.0,8730.0,30934.0,8670.0,0.01005,True,0.01163,0.02618,-1.45,0.444,0.9989
108,04122,財政細學類,總計,49,8,3662.0,1180.0,3613.0,1172.0,0.01338,True,0.00182,0.00306,-0.12,0.595,0.9989
108,04123,保險及風險管理細學類,總計,42,14,4580.0,1164.0,4538.0,1150.0,0.00917,True,0.00156,0.00384,-0.23,0.406,0.9989
108,04131,企業管理細學類,總計,1292,290,69687.0,20643.0,68395.0,20353.0,0.01854,True,0.04787,0.05789,-1.0,0.827,0.9989
108,04132,流通及供應鏈細學類,總計,445,112,13609.0,3602.0,13164.0,3490.0,0.0327,True,0.01649,0.01114,0.54,1.48,0.9989
108,04133,醫療管理細學類,總計,200,43,6624.0,1836.0,6424.0,1793.0,0.03019,True,0.00741,0.00544,0.2,1.362,0.9989
108,04134,公共行政細學類,總計,285,75,8030.0,2018.0,7745.0,1943.0,0.03549,True,0.01056,0.00656,0.4,1.61,0.9989
108,04141,國際貿易細學類,總計,120,33,14413.0,3815.0,14293.0,3782.0,0.00833,True,0.00445,0.0121,-0.76,0.368,0.9989
108,04142,公共關係細學類,總計,24,5,1007.0,267.0,983.0,262.0,0.02383,True,0.00089,0.00083,0.01,1.072,0.9989
108,04143,行銷及廣告細學類,總計,468,185,10862.0,2915.0,10394.0,2730.0,0.04309,True,0.01734,0.0088,0.85,1.97,0.9989
108,04191,一般商業細學類,總計,189,69,2593.0,632.0,2404.0,563.0,0.07289,True,0.007,0.00203,0.5,3.448,0.9989
108,04199,其他商業及管理細學類,總計,256,73,19675.0,5320.0,19419.0,5247.0,0.01301,True,0.00948,0.01644,-0.7,0.577,0.9989
108,04211,一般法律細學類,總計,372,51,14678.0,3070.0,14306.0,3019.0,0.02534,True,0.01378,0.01211,0.17,1.138,0.9989
108,04212,專業法律細學類,總計,56,5,5428.0,1221.0,5372.0,1216.0,0.01032,True,0.00207,0.00455,-0.25,0.455,0.9989
108,05111,生物學細學類,總計,33,6,4741.0,1133.0,4708.0,1127.0,0.00696,True,0.00122,0.00398,-0.28,0.307,0.9989
108,05121,生物科技細學類,總計,68,12,9686.0,2627.0,9618.0,2615.0,0.00702,True,0.00252,0.00814,-0.56,0.31,0.9989
108,05122,微生物細學類,總計,1,0,344.0,113.0,343.0,113.0,0.00291,True,4e-05,0.00029,-0.02,0.138,0.9989
108,05123,生物化學細學類,總計,2,2,863.0,283.0,861.0,281.0,0.00232,True,7e-05,0.00073,-0.07,0.096,0.9989
108,05124,生物訊息及遺傳細學類,總計,1,1,342.0,79.0,341.0,78.0,0.00292,True,4e-05,0.00029,-0.02,0.138,0.9989
108,05191,營養細學類,總計,107,20,8052.0,2033.0,7945.0,2013.0,0.01329,True,0.00396,0.00672,-0.28,0.589,0.9989
108,05199,其他生命科學細學類,總計,5,2,505.0,140.0,500.0,138.0,0.0099,True,0.00019,0.00042,-0.02,0.452,0.9989
108,05211,環境資源細學類,總計,34,3,1469.0,356.0,1435.0,353.0,0.02314,True,0.00126,0.00121,0.01,1.041,0.9989
108,05212,生態細學類,總計,2,0,425.0,119.0,423.0,119.0,0.00471,True,7e-05,0.00036,-0.03,0.194,0.9989
108,05292,水土保持細學類,總計,8,0,611.0,170.0,603.0,170.0,0.01309,True,0.0003,0.00051,-0.02,0.588,0.9989
108,05299,其他環境細學類,總計,2,1,58.0,56.0,56.0,55.0,0.03448,True,7e-05,5e-05,0.0,1.4,0.9989
108,05311,化學細學類,總計,35,9,8986.0,2373.0,8951.0,2364.0,0.00389,True,0.0013,0.00758,-0.63,0.172,0.9989
108,05321,地球科學及環境細學類,總計,5,0,1787.0,406.0,1782.0,406.0,0.0028,True,0.00019,0.00151,-0.13,0.126,0.9989
108,05322,大氣及太空科學細學類,總計,3,0,860.0,196.0,857.0,196.0,0.00349,True,0.00011,0.00073,-0.06,0.151,0.9989
108,05323,海洋科學細學類,總計,4,1,858.0,237.0,854.0,236.0,0.00466,True,0.00015,0.00072,-0.06,0.208,0.9989
108,05331,物理及應用物理細學類,總計,20,5,6985.0,1628.0,6965.0,1623.0,0.00286,True,0.00074,0.00589,-0.52,0.126,0.9989
108,05399,其他物理、化學及地球科學細學類,總計,18,1,1649.0,328.0,1631.0,327.0,0.01092,True,0.00067,0.00138,-0.07,0.486,0.9989
108,05411,數學細學類,總計,34,4,8055.0,1801.0,8021.0,1797.0,0.00422,True,0.00126,0.00679,-0.55,0.186,0.9989
108,05421,統計細學類,總計,8,4,3911.0,1053.0,3903.0,1049.0,0.00205,True,0.0003,0.0033,-0.3,0.091,0.9989
108,06111,電腦運用細學類,總計,50,20,2666.0,724.0,2616.0,704.0,0.01875,True,0.00185,0.00221,-0.04,0.837,0.9989
108,06121,資料庫、網路設計及管理細學類,總計,46,11,2809.0,986.0,2763.0,975.0,0.01638,True,0.0017,0.00234,-0.06,0.726,0.9989
108,06131,資訊技術細學類,總計,563,123,61960.0,16247.0,61397.0,16124.0,0.00909,True,0.02086,0.05196,-3.11,0.401,0.9989
108,06132,軟體開發細學類,總計,36,8,5032.0,1138.0,4996.0,1130.0,0.00715,True,0.00133,0.00423,-0.29,0.314,0.9989
108,06133,系統設計細學類,總計,27,2,2169.0,587.0,2142.0,585.0,0.01245,True,0.001,0.00181,-0.08,0.552,0.9989
108,06134,電算機應用細學類,總計,50,11,4640.0,1299.0,4590.0,1288.0,0.01078,True,0.00185,0.00388,-0.2,0.477,0.9989
108,06199,其他資訊通訊科技細學類,總計,13,1,1088.0,290.0,1075.0,289.0,0.01195,True,0.00048,0.00091,-0.04,0.527,0.9989
108,07111,化學工程細學類,總計,60,11,15032.0,3989.0,14972.0,3978.0,0.00399,True,0.00222,0.01267,-1.05,0.175,0.9989
108,07112,材料工程細學類,總計,44,9,8370.0,2322.0,8326.0,2313.0,0.00526,True,0.00163,0.00705,-0.54,0.231,0.9989
108,07121,環境工程細學類,總計,82,13,9743.0,2501.0,9661.0,2488.0,0.00842,True,0.00304,0.00818,-0.51,0.372,0.9989
108,07122,河海工程細學類,總計,16,2,2061.0,524.0,2045.0,522.0,0.00776,True,0.00059,0.00173,-0.11,0.341,0.9989
108,07132,能源工程細學類,總計,27,2,3571.0,970.0,3544.0,968.0,0.00756,True,0.001,0.003,-0.2,0.333,0.9989
108,07141,電機與電子工程細學類,總計,562,114,83052.0,21005.0,82490.0,20891.0,0.00677,True,0.02082,0.06982,-4.9,0.298,0.9989
108,07151,機械工程細學類,總計,479,86,49400.0,11564.0,48921.0,11478.0,0.0097,True,0.01775,0.04141,-2.37,0.429,0.9989
108,07161,車輛工程細學類,總計,54,4,2536.0,486.0,2482.0,482.0,0.02129,True,0.002,0.0021,-0.01,0.952,0.9989
108,07162,航空工程細學類,總計,71,12,4219.0,912.0,4148.0,900.0,0.01683,True,0.00263,0.00351,-0.09,0.749,0.9989
108,07163,造船工程細學類,總計,32,4,2226.0,605.0,2194.0,601.0,0.01438,True,0.00119,0.00186,-0.07,0.64,0.9989
108,07191,工業工程細學類,總計,154,51,13604.0,3886.0,13450.0,3835.0,0.01132,True,0.00571,0.01138,-0.57,0.502,0.9989
108,07192,紡織工程細學類,總計,5,2,1044.0,227.0,1039.0,225.0,0.00479,True,0.00019,0.00088,-0.07,0.216,0.9989
108,07193,生醫工程細學類,總計,23,2,4253.0,1158.0,4230.0,1156.0,0.00541,True,0.00085,0.00358,-0.27,0.237,0.9989
108,07194,綜合工程細學類,總計,2,0,1093.0,194.0,1091.0,194.0,0.00183,True,7e-05,0.00092,-0.08,0.076,0.9989
108,07199,其他工程及工程業細學類,總計,2,1,1239.0,162.0,1237.0,161.0,0.00161,True,7e-05,0.00105,-0.1,0.067,0.9989
108,07211,食品科學細學類,總計,120,32,9425.0,2463.0,9305.0,2431.0,0.01273,True,0.00445,0.00788,-0.34,0.565,0.9989
108,07311,建築細學類,總計,88,13,8907.0,1886.0,8819.0,1873.0,0.00988,True,0.00326,0.00746,-0.42,0.437,0.9989
108,07312,景觀設計細學類,總計,32,6,2293.0,641.0,2261.0,635.0,0.01396,True,0.00119,0.00191,-0.07,0.623,0.9989
108,07313,都巿規劃細學類,總計,17,4,1877.0,486.0,1860.0,482.0,0.00906,True,0.00063,0.00157,-0.09,0.401,0.9989
108,07321,土木工程細學類,總計,433,73,16755.0,4394.0,16322.0,4321.0,0.02584,True,0.01604,0.01381,0.22,1.161,0.9989
108,07322,空間資訊及測繪細學類,總計,4,0,395.0,94.0,391.0,94.0,0.01013,True,0.00015,0.00033,-0.02,0.455,0.9989
108,08111,農作物生產細學類,總計,30,5,1781.0,416.0,1751.0,411.0,0.01684,True,0.00111,0.00148,-0.04,0.75,0.9989
108,08112,畜牧生產細學類,總計,25,2,2320.0,544.0,2295.0,542.0,0.01078,True,0.00093,0.00194,-0.1,0.479,0.9989
108,08121,園藝細學類,總計,42,12,1708.0,477.0,1666.0,465.0,0.02459,True,0.00156,0.00141,0.01,1.106,0.9989
108,08191,農業化學細學類,總計,1,0,486.0,140.0,485.0,140.0,0.00206,True,4e-05,0.00041,-0.04,0.098,0.9989
108,08192,農業生物技術細學類,總計,6,1,288.0,54.0,282.0,53.0,0.02083,True,0.00022,0.00024,-0.0,0.917,0.9989
108,08193,農業經濟及推廣細學類,總計,32,6,1487.0,379.0,1455.0,373.0,0.02152,True,0.00119,0.00123,-0.0,0.967,0.9989
108,08194,植物保護細學類,總計,11,1,935.0,226.0,924.0,225.0,0.01176,True,0.00041,0.00078,-0.04,0.526,0.9989
108,08199,其他農業細學類,總計,43,0,1025.0,77.0,982.0,77.0,0.04195,True,0.00159,0.00083,0.08,1.916,0.9989
108,08211,林業細學類,總計,51,16,2274.0,552.0,2223.0,536.0,0.02243,True,0.00189,0.00188,0.0,1.005,0.9989
108,08311,漁業科學細學類,總計,9,1,737.0,170.0,728.0,169.0,0.01221,True,0.00033,0.00062,-0.03,0.532,0.9989
108,08312,水產養殖細學類,總計,15,3,1816.0,402.0,1801.0,399.0,0.00826,True,0.00056,0.00152,-0.1,0.368,0.9989
108,08411,獸醫細學類,總計,30,2,2010.0,387.0,1980.0,385.0,0.01493,True,0.00111,0.00168,-0.06,0.661,0.9989
108,09111,牙醫細學類,總計,118,18,5992.0,1134.0,5874.0,1116.0,0.01969,True,0.00437,0.00497,-0.06,0.879,0.9989
108,09121,醫學細學類,總計,136,40,12763.0,3431.0,12627.0,3391.0,0.01066,True,0.00504,0.01069,-0.56,0.471,0.9989
108,09131,護理及助產細學類,總計,3391,687,59351.0,14857.0,55960.0,14170.0,0.05713,True,0.12563,0.04736,7.83,2.653,0.9989
108,09141,醫學技術及檢驗細學類,總計,281,26,13873.0,3195.0,13592.0,3169.0,0.02026,True,0.01041,0.0115,-0.11,0.905,0.9989
108,09151,物理治療細學類,總計,164,23,5148.0,1107.0,4984.0,1084.0,0.03186,True,0.00608,0.00422,0.19,1.441,0.9989
108,09152,職能治療細學類,總計,58,8,2226.0,432.0,2168.0,424.0,0.02606,True,0.00215,0.00183,0.03,1.175,0.9989
108,09153,語言治療與聽力細學類,總計,14,3,1347.0,198.0,1333.0,195.0,0.01039,True,0.00052,0.00113,-0.06,0.46,0.9989
108,09159,其他治療及復健細學類,總計,52,6,1859.0,369.0,1807.0,363.0,0.02797,True,0.00193,0.00153,0.04,1.261,0.9989
108,09161,藥學細學類,總計,75,16,7574.0,1742.0,7499.0,1726.0,0.0099,True,0.00278,0.00635,-0.36,0.438,0.9989
108,09171,傳統醫學、輔助醫學及治療細學類,總計,12,3,1141.0,296.0,1129.0,293.0,0.01052,True,0.00044,0.00096,-0.05,0.458,0.9989
108,09191,公共衛生細學類,總計,102,7,4522.0,1065.0,4420.0,1058.0,0.02256,True,0.00378,0.00374,0.0,1.011,0.9989
108,09199,其他醫藥衛生細學類,總計,32,6,1996.0,455.0,1964.0,449.0,0.01603,True,0.00119,0.00166,-0.05,0.717,0.9989
108,09211,老年照顧服務細學類,總計,209,58,5224.0,1266.0,5015.0,1208.0,0.04001,True,0.00774,0.00424,0.35,1.825,0.9989
108,09212,失能者照顧細學類,總計,3,0,181.0,14.0,178.0,14.0,0.01657,True,0.00011,0.00015,-0.0,0.733,0.9989
108,09221,兒童及青少年照顧服務細學類,總計,710,146,12296.0,3139.0,11586.0,2993.0,0.05774,True,0.02631,0.00981,1.65,2.682,0.9989
108,09231,社會工作細學類,總計,934,221,10960.0,2818.0,10026.0,2597.0,0.08522,True,0.0346,0.00849,2.61,4.075,0.9989
108,09299,其他社會福利細學類,總計,53,2,973.0,170.0,920.0,168.0,0.05447,True,0.00196,0.00078,0.12,2.513,0.9989
108,10111,家政服務細學類,總計,16,2,1212.0,325.0,1196.0,323.0,0.0132,True,0.00059,0.00101,-0.04,0.584,0.9989
108,10121,美髮美容服務細學類,總計,539,111,15834.0,3974.0,15295.0,3863.0,0.03404,True,0.01997,0.01295,0.7,1.542,0.9989
108,10131,旅館及餐飲細學類,總計,1172,256,47034.0,11692.0,45862.0,11436.0,0.02492,True,0.04342,0.03882,0.46,1.118,0.9989
108,10141,競技運動細學類,總計,816,119,5853.0,1187.0,5037.0,1068.0,0.13942,True,0.03023,0.00426,2.6,7.096,0.9989
108,10142,運動科技細學類,總計,52,9,1227.0,291.0,1175.0,282.0,0.04238,True,0.00193,0.00099,0.09,1.949,0.9989
108,10151,旅遊觀光細學類,總計,1066,192,33126.0,8603.0,32060.0,8411.0,0.03218,True,0.03949,0.02713,1.24,1.456,0.9989
108,10152,遊憩、運動和休閒管理細學類,總計,1401,250,23119.0,5872.0,21718.0,5622.0,0.0606,True,0.05191,0.01838,3.35,2.824,0.9989
108,10199,其他餐旅及民生服務細學類,總計,263,49,2989.0,758.0,2726.0,709.0,0.08799,True,0.00974,0.00231,0.74,4.216,0.9989
108,10221,職業衛生及安全細學類,總計,36,4,1738.0,425.0,1702.0,421.0,0.02071,True,0.00133,0.00144,-0.01,0.924,0.9989
108,10321,警政細學類,總計,71,4,1439.0,256.0,1368.0,252.0,0.04934,True,0.00263,0.00116,0.15,2.267,0.9989
108,10411,運輸管理細學類,總計,13,3,2532.0,696.0,2519.0,693.0,0.00513,True,0.00048,0.00213,-0.16,0.225,0.9989
108,10412,航運管理細學類,總計,69,15,2976.0,831.0,2907.0,816.0,0.02319,True,0.00256,0.00246,0.01,1.041,0.9989
108,10413,空運管理細學類,總計,43,10,1764.0,345.0,1721.0,335.0,0.02438,True,0.00159,0.00146,0.01,1.089,0.9989
108,10414,航海細學類,總計,38,6,1561.0,362.0,1523.0,356.0,0.02434,True,0.00141,0.00129,0.01,1.093,0.9989
108,10499,其他運輸服務細學類,總計,30,5,711.0,204.0,681.0,199.0,0.04219,True,0.00111,0.00058,0.05,1.914,0.9989
108,99999,其他細學類,總計,592,2,1670.0,94.0,1078.0,92.0,0.35449,False,,,,,0.9989
109,01111,綜合教育細學類,二專,0,0,,,,,,True,0.0,,,,0.9556
109,01112,成人教育細學類,二專,0,0,,,,,,True,0.0,,,,0.9556
109,01113,特殊教育細學類,二專,0,0,,,,,,True,0.0,,,,0.9556
109,01114,教育行政細學類,二專,0,0,,,,,,True,0.0,,,,0.9556
109,01115,課程與教學細學類,二專,0,0,,,,,,True,0.0,,,,0.9556
109,01116,教育科技細學類,二專,0,0,,,,,,True,0.0,,,,0.9556
109,01118,技職教育細學類,二專,0,0,,,,,,True,0.0,,,,0.9556
109,01121,幼兒師資教育細學類,二專,1,0,59.0,0.0,58.0,0.0,0.01695,True,0.00107,0.00509,-0.4,0.21,0.9556
109,01131,普通科目師資教育細學類,二專,0,0,,,,,,True,0.0,,,,0.9556
109,01141,專業科目師資教育細學類,二專,0,0,,,,,,True,0.0,,,,0.9556
109,01199,其他教育細學類,二專,0,0,,,,,,True,0.0,,,,0.9556
109,02111,視覺藝術細學類,二專,0,0,,,,,,True,0.0,,,,0.9556
109,02112,視覺傳達設計細學類,二專,0,0,0.0,1.0,0.0,1.0,,True,0.0,0.0,0.0,,0.9556
109,02121,應用藝術細學類,二專,0,1,9.0,3.0,9.0,2.0,0.0,True,0.0,0.00079,-0.08,0.0,0.9556
109,02122,綜合設計細學類,二專,5,3,149.0,0.0,144.0,-3.0,0.03356,True,0.00536,0.01264,-0.73,0.424,0.9556
109,02123,產品設計細學類,二專,1,0,82.0,6.0,81.0,6.0,0.0122,True,0.00107,0.00711,-0.6,0.15,0.9556
109,02124,空間設計細學類,二專,2,0,69.0,7.0,67.0,7.0,0.02899,True,0.00215,0.00588,-0.37,0.366,0.9556
109,02125,時尚設計與管理細學類,二專,0,0,,,,,,True,0.0,,,,0.9556
109,02131,純藝術細學類,二專,0,0,,,,,,True,0.0,,,,0.9556
109,02132,雕塑細學類,二專,0,0,,,,,,True,0.0,,,,0.9556
109,02141,美術工藝細學類,二專,0,0,41.0,0.0,41.0,0.0,0.0,True,0.0,0.0036,-0.36,0.0,0.9556
109,02151,音樂細學類,二專,0,0,,,,,,True,0.0,,,,0.9556
109,02152,表演藝術細學類,二專,0,0,,,,,,True,0.0,,,,0.9556
109,02191,綜合藝術細學類,二專,0,0,,,,,,True,0.0,,,,0.9556
109,02192,藝術行政細學類,二專,0,0,,,,,,True,0.0,,,,0.9556
109,02199,其他藝術細學類,二專,0,0,,,,,,True,0.0,,,,0.9556
109,02211,宗教細學類,二專,0,0,,,,,,True,0.0,,,,0.9556
109,02221,歷史細學類,二專,0,0,,,,,,True,0.0,,,,0.9556
109,02222,人類學及民族學細學類,二專,0,0,,,,,,True,0.0,,,,0.9556
109,02231,哲學細學類,二專,0,0,,,,,,True,0.0,,,,0.9556
109,02299,其他人文細學類,二專,0,3,,,,,,True,0.0,,,,0.9556
109,02311,外國語文細學類,二專,21,6,475.0,1.0,454.0,-5.0,0.04421,True,0.02253,0.03985,-1.73,0.565,0.9556
109,02312,翻譯細學類,二專,0,0,,,,,,True,0.0,,,,0.9556
109,02313,華語文為第二語言細學類,二專,0,0,,,,,,True,0.0,,,,0.9556
109,02321,臺灣語文細學類,二專,0,0,,,,,,True,0.0,,,,0.9556
109,02322,中國語文細學類,二專,0,0,,,,,,True,0.0,,,,0.9556
109,02323,華語文細學類,二專,0,0,,,,,,True,0.0,,,,0.9556
109,02399,其他語文細學類,二專,0,0,,,,,,True,0.0,,,,0.9556
109,03111,經濟學細學類,二專,0,0,,,,,,True,0.0,,,,0.9556
109,03121,政治學細學類,二專,0,0,,,,,,True,0.0,,,,0.9556
109,03122,國際關係細學類,二專,0,0,,,,,,True,0.0,,,,0.9556
109,03131,心理學細學類,二專,0,0,,,,,,True,0.0,,,,0.9556
109,03141,社會學細學類,二專,0,0,,,,,,True,0.0,,,,0.9556
109,03142,地理學細學類,二專,0,0,,,,,,True,0.0,,,,0.9556
109,03143,區域研究細學類,二專,0,0,,,,,,True,0.0,,,,0.9556
109,03191,發展研究細學類,二專,0,0,,,,,,True,0.0,,,,0.9556
109,03199,其他社會及行為科學細學類,二專,0,0,,,,,,True,0.0,,,,0.9556
109,03211,大眾傳播細學類,二專,0,0,0.0,3.0,0.0,3.0,,True,0.0,0.0,0.0,,0.9556
109,03212,新聞細學類,二專,0,0,,,,,,True,0.0,,,,0.9556
109,03213,電子媒體細學類,二專,0,0,,,,,,True,0.0,,,,0.9556
109,03214,傳播細學類,二專,0,0,28.0,0.0,28.0,0.0,0.0,True,0.0,0.00246,-0.25,0.0,0.9556
109,03222,圖書資訊檔案細學類,二專,0,0,,,,,,True,0.0,,,,0.9556
109,04111,會計及稅務細學類,二專,0,0,,,,,,True,0.0,,,,0.9556
109,04121,財務金融細學類,二專,4,3,63.0,1.0,59.0,-2.0,0.06349,True,0.00429,0.00518,-0.09,0.828,0.9556
109,04122,財政細學類,二專,0,0,,,,,,True,0.0,,,,0.9556
109,04123,保險及風險管理細學類,二專,0,0,,,,,,True,0.0,,,,0.9556
109,04131,企業管理細學類,二專,181,77,2327.0,241.0,2146.0,164.0,0.07778,True,0.19421,0.18834,0.59,1.031,0.9556
109,04132,流通及供應鏈細學類,二專,9,1,389.0,0.0,380.0,-1.0,0.02314,True,0.00966,0.03335,-2.37,0.29,0.9556
109,04133,醫療管理細學類,二專,8,6,37.0,14.0,29.0,8.0,0.21622,True,0.00858,0.00255,0.6,3.365,0.9556
109,04134,公共行政細學類,二專,54,3,,,,,,True,0.05794,,,,0.9556
109,04141,國際貿易細學類,二專,0,1,41.0,0.0,41.0,-1.0,0.0,True,0.0,0.0036,-0.36,0.0,0.9556
109,04142,公共關係細學類,二專,0,0,,,,,,True,0.0,,,,0.9556
109,04143,行銷及廣告細學類,二專,38,35,262.0,42.0,224.0,7.0,0.14504,True,0.04077,0.01966,2.11,2.074,0.9556
109,04161,批發及零售細學類,二專,0,0,,,,,,True,0.0,,,,0.9556
109,04191,一般商業細學類,二專,73,15,904.0,0.0,831.0,-15.0,0.08075,True,0.07833,0.07293,0.54,1.074,0.9556
109,04199,其他商業及管理細學類,二專,8,3,191.0,39.0,183.0,36.0,0.04188,True,0.00858,0.01606,-0.75,0.534,0.9556
109,04211,一般法律細學類,二專,0,0,,,,,,True,0.0,,,,0.9556
109,04212,專業法律細學類,二專,0,0,,,,,,True,0.0,,,,0.9556
109,05111,生物學細學類,二專,0,0,,,,,,True,0.0,,,,0.9556
109,05121,生物科技細學類,二專,3,0,36.0,0.0,33.0,0.0,0.08333,True,0.00322,0.0029,0.03,1.11,0.9556
109,05122,微生物細學類,二專,0,0,,,,,,True,0.0,,,,0.9556
109,05123,生物化學細學類,二專,0,0,,,,,,True,0.0,,,,0.9556
109,05124,生物訊息及遺傳細學類,二專,0,0,,,,,,True,0.0,,,,0.9556
109,05191,營養細學類,二專,0,0,,,,,,True,0.0,,,,0.9556
109,05199,其他生命科學細學類,二專,0,0,,,,,,True,0.0,,,,0.9556
109,05211,環境資源細學類,二專,0,0,,,,,,True,0.0,,,,0.9556
109,05212,生態細學類,二專,0,0,,,,,,True,0.0,,,,0.9556
109,05291,環境防災細學類,二專,0,0,,,,,,True,0.0,,,,0.9556
109,05292,水土保持細學類,二專,0,0,,,,,,True,0.0,,,,0.9556
109,05299,其他環境細學類,二專,0,0,,,,,,True,0.0,,,,0.9556
109,05311,化學細學類,二專,0,0,,,,,,True,0.0,,,,0.9556
109,05321,地球科學及環境細學類,二專,0,0,,,,,,True,0.0,,,,0.9556
109,05322,大氣及太空科學細學類,二專,0,0,,,,,,True,0.0,,,,0.9556
109,05323,海洋科學細學類,二專,0,0,,,,,,True,0.0,,,,0.9556
109,05331,物理及應用物理細學類,二專,0,0,,,,,,True,0.0,,,,0.9556
109,05332,天文細學類,二專,0,0,,,,,,True,0.0,,,,0.9556
109,05399,其他物理、化學及地球科學細學類,二專,0,0,,,,,,True,0.0,,,,0.9556
109,05411,數學細學類,二專,0,0,,,,,,True,0.0,,,,0.9556
109,05421,統計細學類,二專,0,0,,,,,,True,0.0,,,,0.9556
109,05499,其他數學及統計細學類,二專,0,0,,,,,,True,0.0,,,,0.9556
109,06111,電腦運用細學類,二專,0,3,3.0,0.0,3.0,-3.0,0.0,True,0.0,0.00026,-0.03,0.0,0.9556
109,06121,資料庫、網路設計及管理細學類,二專,0,0,0.0,1.0,0.0,1.0,,True,0.0,0.0,0.0,,0.9556
109,06131,資訊技術細學類,二專,24,6,525.0,69.0,501.0,63.0,0.04571,True,0.02575,0.04397,-1.82,0.586,0.9556
109,06132,軟體開發細學類,二專,0,0,,,,,,True,0.0,,,,0.9556
109,06133,系統設計細學類,二專,0,0,,,,,,True,0.0,,,,0.9556
109,06134,電算機應用細學類,二專,0,0,,,,,,True,0.0,,,,0.9556
109,06199,其他資訊通訊科技細學類,二專,0,0,,,,,,True,0.0,,,,0.9556
109,07111,化學工程細學類,二專,0,0,,,,,,True,0.0,,,,0.9556
109,07112,材料工程細學類,二專,0,0,,,,,,True,0.0,,,,0.9556
109,07121,環境工程細學類,二專,0,0,,,,,,True,0.0,,,,0.9556
109,07122,河海工程細學類,二專,0,0,,,,,,True,0.0,,,,0.9556
109,07132,能源工程細學類,二專,0,0,,,,,,True,0.0,,,,0.9556
109,07141,電機與電子工程細學類,二專,5,1,445.0,50.0,440.0,49.0,0.01124,True,0.00536,0.03862,-3.33,0.139,0.9556
109,07151,機械工程細學類,二專,8,2,379.0,17.0,371.0,15.0,0.02111,True,0.00858,0.03256,-2.4,0.264,0.9556
109,07161,車輛工程細學類,二專,13,3,151.0,65.0,138.0,62.0,0.08609,True,0.01395,0.01211,0.18,1.152,0.9556
109,07162,航空工程細學類,二專,0,0,,,,,,True,0.0,,,,0.9556
109,07163,造船工程細學類,二專,2,0,77.0,28.0,75.0,28.0,0.02597,True,0.00215,0.00658,-0.44,0.327,0.9556
109,07191,工業工程細學類,二專,3,1,327.0,7.0,324.0,6.0,0.00917,True,0.00322,0.02844,-2.52,0.113,0.9556
109,07192,紡織工程細學類,二專,0,0,,,,,,True,0.0,,,,0.9556
109,07193,生醫工程細學類,二專,0,0,,,,,,True,0.0,,,,0.9556
109,07194,綜合工程細學類,二專,0,0,,,,,,True,0.0,,,,0.9556
109,07199,其他工程及工程業細學類,二專,0,0,,,,,,True,0.0,,,,0.9556
109,07211,食品科學細學類,二專,4,2,26.0,9.0,22.0,7.0,0.15385,True,0.00429,0.00193,0.24,2.223,0.9556
109,07311,建築細學類,二專,1,0,105.0,31.0,104.0,31.0,0.00952,True,0.00107,0.00913,-0.81,0.117,0.9556
109,07312,景觀設計細學類,二專,1,0,67.0,0.0,66.0,0.0,0.01493,True,0.00107,0.00579,-0.47,0.185,0.9556
109,07313,都巿規劃細學類,二專,0,0,,,,,,True,0.0,,,,0.9556
109,07321,土木工程細學類,二專,12,2,40.0,10.0,28.0,8.0,0.3,True,0.01288,0.00246,1.04,5.236,0.9556
109,07322,空間資訊及測繪細學類,二專,0,0,,,,,,True,0.0,,,,0.9556
109,08111,農作物生產細學類,二專,0,0,,,,,,True,0.0,,,,0.9556
109,08112,畜牧生產細學類,二專,0,0,,,,,,True,0.0,,,,0.9556
109,08121,園藝細學類,二專,14,6,148.0,52.0,134.0,46.0,0.09459,True,0.01502,0.01176,0.33,1.277,0.9556
109,08192,農業生物技術細學類,二專,0,0,,,,,,True,0.0,,,,0.9556
109,08193,農業經濟及推廣細學類,二專,0,0,,,,,,True,0.0,,,,0.9556
109,08194,植物保護細學類,二專,0,0,,,,,,True,0.0,,,,0.9556
109,08199,其他農業細學類,二專,0,0,,,,,,True,0.0,,,,0.9556
109,08211,林業細學類,二專,0,0,,,,,,True,0.0,,,,0.9556
109,08311,漁業科學細學類,二專,0,0,,,,,,True,0.0,,,,0.9556
109,08312,水產養殖細學類,二專,0,0,,,,,,True,0.0,,,,0.9556
109,08411,獸醫細學類,二專,0,0,,,,,,True,0.0,,,,0.9556
109,09111,牙醫細學類,二專,7,0,315.0,117.0,308.0,117.0,0.02222,True,0.00751,0.02703,-1.95,0.278,0.9556
109,09121,醫學細學類,二專,0,0,,,,,,True,0.0,,,,0.9556
109,09131,護理及助產細學類,二專,10,3,34.0,16.0,24.0,13.0,0.29412,True,0.01073,0.00211,0.86,5.085,0.9556
109,09141,醫學技術及檢驗細學類,二專,6,5,438.0,288.0,432.0,283.0,0.0137,True,0.00644,0.03791,-3.15,0.17,0.9556
109,09151,物理治療細學類,二專,4,3,287.0,42.0,283.0,39.0,0.01394,True,0.00429,0.02484,-2.05,0.173,0.9556
109,09152,職能治療細學類,二專,0,0,,,,,,True,0.0,,,,0.9556
109,09153,語言治療與聽力細學類,二專,0,0,,,,,,True,0.0,,,,0.9556
109,09159,其他治療及復健細學類,二專,0,0,,,,,,True,0.0,,,,0.9556
109,09161,藥學細學類,二專,0,0,,,,,,True,0.0,,,,0.9556
109,09171,傳統醫學、輔助醫學及治療細學類,二專,5,3,246.0,120.0,241.0,117.0,0.02033,True,0.00536,0.02115,-1.58,0.253,0.9556
109,09191,公共衛生細學類,二專,0,0,,,,,,True,0.0,,,,0.9556
109,09199,其他醫藥衛生細學類,二專,1,0,33.0,0.0,32.0,0.0,0.0303,True,0.00107,0.00281,-0.17,0.381,0.9556
109,09211,老年照顧服務細學類,二專,19,4,241.0,112.0,222.0,108.0,0.07884,True,0.02039,0.01948,0.09,1.047,0.9556
109,09212,失能者照顧細學類,二專,0,0,,,,,,True,0.0,,,,0.9556
109,09221,兒童及青少年照顧服務細學類,二專,54,12,471.0,136.0,417.0,124.0,0.11465,True,0.05794,0.0366,2.13,1.583,0.9556
109,09231,社會工作細學類,二專,160,29,,,,,,True,0.17167,,,,0.9556
109,09299,其他社會福利細學類,二專,2,0,76.0,20.0,74.0,20.0,0.02632,True,0.00215,0.00649,-0.43,0.331,0.9556
109,10111,家政服務細學類,二專,0,0,,,,,,True,0.0,,,,0.9556
109,10121,美髮美容服務細學類,二專,22,3,667.0,141.0,645.0,138.0,0.03298,True,0.02361,0.05661,-3.3,0.417,0.9556
109,10131,旅館及餐飲細學類,二專,31,19,759.0,127.0,728.0,108.0,0.04084,True,0.03326,0.06389,-3.06,0.521,0.9556
109,10141,競技運動細學類,二專,0,0,,,,,,True,0.0,,,,0.9556
109,10142,運動科技細學類,二專,0,0,,,,,,True,0.0,,,,0.9556
109,10151,旅遊觀光細學類,二專,46,10,471.0,11.0,425.0,1.0,0.09766,True,0.04936,0.0373,1.21,1.323,0.9556
109,10152,遊憩、運動和休閒管理細學類,二專,52,22,521.0,103.0,469.0,81.0,0.09981,True,0.05579,0.04116,1.46,1.355,0.9556
109,10199,其他餐旅及民生服務細學類,二專,16,4,34.0,12.0,18.0,8.0,0.47059,True,0.01717,0.00158,1.56,10.867,0.9556
109,10221,職業衛生及安全細學類,二專,0,0,,,,,,True,0.0,,,,0.9556
109,10321,警政細學類,二專,0,0,,,,,,True,0.0,,,,0.9556
109,10411,運輸管理細學類,二專,0,0,,,,,,True,0.0,,,,0.9556
109,10412,航運管理細學類,二專,0,0,,,,,,True,0.0,,,,0.9556
109,10413,空運管理細學類,二專,0,0,,,,,,True,0.0,,,,0.9556
109,10414,航海細學類,二專,2,0,64.0,21.0,62.0,21.0,0.03125,True,0.00215,0.00544,-0.33,0.395,0.9556
109,10499,其他運輸服務細學類,二專,0,0,,,,,,True,0.0,,,,0.9556
109,99999,其他細學類,二專,3,0,32.0,18.0,29.0,18.0,0.09375,False,,,,,0.9556
109,01111,綜合教育細學類,五專,0,0,,,,,,True,0.0,,,,0.9556
109,01112,成人教育細學類,五專,0,0,,,,,,True,0.0,,,,0.9556
109,01113,特殊教育細學類,五專,0,0,,,,,,True,0.0,,,,0.9556
109,01114,教育行政細學類,五專,0,0,,,,,,True,0.0,,,,0.9556
109,01115,課程與教學細學類,五專,0,0,,,,,,True,0.0,,,,0.9556
109,01116,教育科技細學類,五專,0,0,,,,,,True,0.0,,,,0.9556
109,01118,技職教育細學類,五專,0,0,,,,,,True,0.0,,,,0.9556
109,01121,幼兒師資教育細學類,五專,0,0,,,,,,True,0.0,,,,0.9556
109,01131,普通科目師資教育細學類,五專,0,0,,,,,,True,0.0,,,,0.9556
109,01141,專業科目師資教育細學類,五專,0,0,,,,,,True,0.0,,,,0.9556
109,01199,其他教育細學類,五專,0,0,,,,,,True,0.0,,,,0.9556
109,02111,視覺藝術細學類,五專,4,0,425.0,70.0,421.0,70.0,0.00941,True,0.001,0.00992,-0.89,0.101,0.9556
109,02112,視覺傳達設計細學類,五專,9,4,438.0,132.0,429.0,128.0,0.02055,True,0.00225,0.0101,-0.78,0.223,0.9556
109,02121,應用藝術細學類,五專,0,0,,,,,,True,0.0,,,,0.9556
109,02122,綜合設計細學類,五專,5,2,221.0,52.0,216.0,50.0,0.02262,True,0.00125,0.00509,-0.38,0.246,0.9556
109,02123,產品設計細學類,五專,6,0,295.0,58.0,289.0,58.0,0.02034,True,0.0015,0.00681,-0.53,0.22,0.9556
109,02124,空間設計細學類,五專,10,1,293.0,65.0,283.0,64.0,0.03413,True,0.0025,0.00667,-0.42,0.375,0.9556
109,02125,時尚設計與管理細學類,五專,0,0,0.0,3.0,0.0,3.0,,True,0.0,0.0,0.0,,0.9556
109,02131,純藝術細學類,五專,6,0,478.0,0.0,472.0,0.0,0.01255,True,0.0015,0.01112,-0.96,0.135,0.9556
109,02132,雕塑細學類,五專,0,0,,,,,,True,0.0,,,,0.9556
109,02141,美術工藝細學類,五專,10,1,184.0,42.0,174.0,41.0,0.05435,True,0.0025,0.0041,-0.16,0.61,0.9556
109,02151,音樂細學類,五專,10,0,495.0,0.0,485.0,0.0,0.0202,True,0.0025,0.01142,-0.89,0.219,0.9556
109,02152,表演藝術細學類,五專,11,0,281.0,0.0,270.0,0.0,0.03915,True,0.00275,0.00636,-0.36,0.432,0.9556
109,02191,綜合藝術細學類,五專,0,0,,,,,,True,0.0,,,,0.9556
109,02192,藝術行政細學類,五專,0,0,,,,,,True,0.0,,,,0.9556
109,02199,其他藝術細學類,五專,0,0,,,,,,True,0.0,,,,0.9556
109,02211,宗教細學類,五專,0,0,,,,,,True,0.0,,,,0.9556
109,02221,歷史細學類,五專,0,0,,,,,,True,0.0,,,,0.9556
109,02222,人類學及民族學細學類,五專,0,0,,,,,,True,0.0,,,,0.9556
109,02231,哲學細學類,五專,0,0,,,,,,True,0.0,,,,0.9556
109,02299,其他人文細學類,五專,0,0,,,,,,True,0.0,,,,0.9556
109,02311,外國語文細學類,五專,115,24,5013.0,911.0,4898.0,887.0,0.02294,True,0.02876,0.11536,-8.66,0.249,0.9556
109,02312,翻譯細學類,五專,0,0,,,,,,True,0.0,,,,0.9556
109,02313,華語文為第二語言細學類,五專,0,0,,,,,,True,0.0,,,,0.9556
109,02321,臺灣語文細學類,五專,0,0,,,,,,True,0.0,,,,0.9556
109,02322,中國語文細學類,五專,0,0,,,,,,True,0.0,,,,0.9556
109,02323,華語文細學類,五專,0,0,,,,,,True,0.0,,,,0.9556
109,02399,其他語文細學類,五專,0,0,,,,,,True,0.0,,,,0.9556
109,03111,經濟學細學類,五專,0,0,,,,,,True,0.0,,,,0.9556
109,03121,政治學細學類,五專,0,0,,,,,,True,0.0,,,,0.9556
109,03122,國際關係細學類,五專,0,0,,,,,,True,0.0,,,,0.9556
109,03131,心理學細學類,五專,0,0,,,,,,True,0.0,,,,0.9556
109,03141,社會學細學類,五專,0,0,,,,,,True,0.0,,,,0.9556
109,03142,地理學細學類,五專,0,0,,,,,,True,0.0,,,,0.9556
109,03143,區域研究細學類,五專,0,0,,,,,,True,0.0,,,,0.9556
109,03191,發展研究細學類,五專,0,0,,,,,,True,0.0,,,,0.9556
109,03199,其他社會及行為科學細學類,五專,0,0,,,,,,True,0.0,,,,0.9556
109,03211,大眾傳播細學類,五專,0,0,,,,,,True,0.0,,,,0.9556
109,03212,新聞細學類,五專,0,0,,,,,,True,0.0,,,,0.9556
109,03213,電子媒體細學類,五專,0,0,,,,,,True,0.0,,,,0.9556
109,03214,傳播細學類,五專,0,0,,,,,,True,0.0,,,,0.9556
109,03222,圖書資訊檔案細學類,五專,0,0,,,,,,True,0.0,,,,0.9556
109,04111,會計及稅務細學類,五專,11,1,903.0,159.0,892.0,158.0,0.01218,True,0.00275,0.02101,-1.83,0.131,0.9556
109,04121,財務金融細學類,五專,10,1,534.0,104.0,524.0,103.0,0.01873,True,0.0025,0.01234,-0.98,0.203,0.9556
109,04122,財政細學類,五專,5,0,250.0,38.0,245.0,38.0,0.02,True,0.00125,0.00577,-0.45,0.217,0.9556
109,04123,保險及風險管理細學類,五專,9,2,421.0,85.0,412.0,83.0,0.02138,True,0.00225,0.0097,-0.74,0.232,0.9556
109,04131,企業管理細學類,五專,14,2,1165.0,278.0,1151.0,276.0,0.01202,True,0.0035,0.02711,-2.36,0.129,0.9556
109,04132,流通及供應鏈細學類,五專,4,2,151.0,50.0,147.0,48.0,0.02649,True,0.001,0.00346,-0.25,0.289,0.9556
109,04133,醫療管理細學類,五專,25,0,510.0,30.0,485.0,30.0,0.04902,True,0.00625,0.01142,-0.52,0.547,0.9556
109,04134,公共行政細學類,五專,0,0,,,,,,True,0.0,,,,0.9556
109,04141,國際貿易細學類,五專,10,3,834.0,165.0,824.0,162.0,0.01199,True,0.0025,0.01941,-1.69,0.129,0.9556
109,04142,公共關係細學類,五專,0,0,,,,,,True,0.0,,,,0.9556
109,04143,行銷及廣告細學類,五專,0,0,,,,,,True,0.0,,,,0.9556
109,04161,批發及零售細學類,五專,0,0,,,,,,True,0.0,,,,0.9556
109,04191,一般商業細學類,五專,5,1,214.0,54.0,209.0,53.0,0.02336,True,0.00125,0.00492,-0.37,0.254,0.9556
109,04199,其他商業及管理細學類,五專,4,0,108.0,34.0,104.0,34.0,0.03704,True,0.001,0.00245,-0.14,0.408,0.9556
109,04211,一般法律細學類,五專,0,0,,,,,,True,0.0,,,,0.9556
109,04212,專業法律細學類,五專,0,0,,,,,,True,0.0,,,,0.9556
109,05111,生物學細學類,五專,0,0,,,,,,True,0.0,,,,0.9556
109,05121,生物科技細學類,五專,2,0,123.0,21.0,121.0,21.0,0.01626,True,0.0005,0.00285,-0.24,0.175,0.9556
109,05122,微生物細學類,五專,0,0,,,,,,True,0.0,,,,0.9556
109,05123,生物化學細學類,五專,0,0,,,,,,True,0.0,,,,0.9556
109,05124,生物訊息及遺傳細學類,五專,0,0,,,,,,True,0.0,,,,0.9556
109,05191,營養細學類,五專,13,0,559.0,90.0,546.0,90.0,0.02326,True,0.00325,0.01286,-0.96,0.253,0.9556
109,05199,其他生命科學細學類,五專,0,0,,,,,,True,0.0,,,,0.9556
109,05211,環境資源細學類,五專,0,0,,,,,,True,0.0,,,,0.9556
109,05212,生態細學類,五專,0,0,,,,,,True,0.0,,,,0.9556
109,05291,環境防災細學類,五專,0,0,,,,,,True,0.0,,,,0.9556
109,05292,水土保持細學類,五專,0,0,,,,,,True,0.0,,,,0.9556
109,05299,其他環境細學類,五專,0,0,,,,,,True,0.0,,,,0.9556
109,05311,化學細學類,五專,0,0,,,,,,True,0.0,,,,0.9556
109,05321,地球科學及環境細學類,五專,0,0,,,,,,True,0.0,,,,0.9556
109,05322,大氣及太空科學細學類,五專,0,0,,,,,,True,0.0,,,,0.9556
109,05323,海洋科學細學類,五專,0,0,,,,,,True,0.0,,,,0.9556
109,05331,物理及應用物理細學類,五專,0,0,,,,,,True,0.0,,,,0.9556
109,05332,天文細學類,五專,0,0,,,,,,True,0.0,,,,0.9556
109,05399,其他物理、化學及地球科學細學類,五專,0,0,,,,,,True,0.0,,,,0.9556
109,05411,數學細學類,五專,0,0,,,,,,True,0.0,,,,0.9556
109,05421,統計細學類,五專,0,0,,,,,,True,0.0,,,,0.9556
109,05499,其他數學及統計細學類,五專,0,0,,,,,,True,0.0,,,,0.9556
109,06111,電腦運用細學類,五專,0,0,,,,,,True,0.0,,,,0.9556
109,06121,資料庫、網路設計及管理細學類,五專,0,0,48.0,25.0,48.0,25.0,0.0,True,0.0,0.00113,-0.11,0.0,0.9556
109,06131,資訊技術細學類,五專,20,2,1965.0,306.0,1945.0,304.0,0.01018,True,0.005,0.04581,-4.08,0.109,0.9556
109,06132,軟體開發細學類,五專,4,0,281.0,23.0,277.0,23.0,0.01423,True,0.001,0.00652,-0.55,0.153,0.9556
109,06133,系統設計細學類,五專,0,0,,,,,,True,0.0,,,,0.9556
109,06134,電算機應用細學類,五專,1,0,28.0,14.0,27.0,14.0,0.03571,True,0.00025,0.00064,-0.04,0.391,0.9556
109,06199,其他資訊通訊科技細學類,五專,0,0,,,,,,True,0.0,,,,0.9556
109,07111,化學工程細學類,五專,3,1,138.0,24.0,135.0,23.0,0.02174,True,0.00075,0.00318,-0.24,0.236,0.9556
109,07112,材料工程細學類,五專,0,0,,,,,,True,0.0,,,,0.9556
109,07121,環境工程細學類,五專,0,0,,,,,,True,0.0,,,,0.9556
109,07122,河海工程細學類,五專,0,0,,,,,,True,0.0,,,,0.9556
109,07132,能源工程細學類,五專,0,0,,,,,,True,0.0,,,,0.9556
109,07141,電機與電子工程細學類,五專,18,4,1726.0,265.0,1708.0,261.0,0.01043,True,0.0045,0.04023,-3.57,0.112,0.9556
109,07151,機械工程細學類,五專,20,0,1243.0,129.0,1223.0,129.0,0.01609,True,0.005,0.0288,-2.38,0.174,0.9556
109,07161,車輛工程細學類,五專,10,1,146.0,20.0,136.0,19.0,0.06849,True,0.0025,0.0032,-0.07,0.781,0.9556
109,07162,航空工程細學類,五專,0,0,,,,,,True,0.0,,,,0.9556
109,07163,造船工程細學類,五專,0,0,,,,,,True,0.0,,,,0.9556
109,07191,工業工程細學類,五專,1,0,72.0,13.0,71.0,13.0,0.01389,True,0.00025,0.00167,-0.14,0.15,0.9556
109,07192,紡織工程細學類,五專,0,0,,,,,,True,0.0,,,,0.9556
109,07193,生醫工程細學類,五專,0,0,,,,,,True,0.0,,,,0.9556
109,07194,綜合工程細學類,五專,0,0,,,,,,True,0.0,,,,0.9556
109,07199,其他工程及工程業細學類,五專,2,0,177.0,0.0,175.0,0.0,0.0113,True,0.0005,0.00412,-0.36,0.121,0.9556
109,07211,食品科學細學類,五專,23,4,111.0,19.0,88.0,15.0,0.20721,True,0.00575,0.00207,0.37,2.778,0.9556
109,07311,建築細學類,五專,3,1,314.0,15.0,311.0,14.0,0.00955,True,0.00075,0.00732,-0.66,0.102,0.9556
109,07312,景觀設計細學類,五專,0,0,,,,,,True,0.0,,,,0.9556
109,07313,都巿規劃細學類,五專,0,0,,,,,,True,0.0,,,,0.9556
109,07321,土木工程細學類,五專,5,1,298.0,48.0,293.0,47.0,0.01678,True,0.00125,0.0069,-0.56,0.181,0.9556
109,07322,空間資訊及測繪細學類,五專,0,0,,,,,,True,0.0,,,,0.9556
109,08111,農作物生產細學類,五專,0,0,,,,,,True,0.0,,,,0.9556
109,08112,畜牧生產細學類,五專,0,0,,,,,,True,0.0,,,,0.9556
109,08121,園藝細學類,五專,8,0,44.0,10.0,36.0,10.0,0.18182,True,0.002,0.00085,0.12,2.353,0.9556
109,08192,農業生物技術細學類,五專,0,0,,,,,,True,0.0,,,,0.9556
109,08193,農業經濟及推廣細學類,五專,0,0,,,,,,True,0.0,,,,0.9556
109,08194,植物保護細學類,五專,0,0,,,,,,True,0.0,,,,0.9556
109,08199,其他農業細學類,五專,0,0,,,,,,True,0.0,,,,0.9556
109,08211,林業細學類,五專,0,0,,,,,,True,0.0,,,,0.9556
109,08311,漁業科學細學類,五專,1,0,64.0,0.0,63.0,0.0,0.01562,True,0.00025,0.00148,-0.12,0.169,0.9556
109,08312,水產養殖細學類,五專,0,0,,,,,,True,0.0,,,,0.9556
109,08411,獸醫細學類,五專,0,0,,,,,,True,0.0,,,,0.9556
109,09111,牙醫細學類,五專,55,5,1862.0,210.0,1807.0,205.0,0.02954,True,0.01376,0.04256,-2.88,0.323,0.9556
109,09121,醫學細學類,五專,0,0,,,,,,True,0.0,,,,0.9556
109,09131,護理及助產細學類,五專,2346,338,1990.0,5737.0,-356.0,5399.0,1.17889,True,0.58679,-0.00838,59.52,-70.023,0.9556
109,09141,醫學技術及檢驗細學類,五專,143,13,4765.0,683.0,4622.0,670.0,0.03001,True,0.03577,0.10886,-7.31,0.329,0.9556
109,09151,物理治療細學類,五專,116,8,1759.0,283.0,1643.0,275.0,0.06595,True,0.02901,0.0387,-0.97,0.75,0.9556
109,09152,職能治療細學類,五專,18,0,520.0,74.0,502.0,74.0,0.03462,True,0.0045,0.01182,-0.73,0.381,0.9556
109,09153,語言治療與聽力細學類,五專,0,0,,,,,,True,0.0,,,,0.9556
109,09159,其他治療及復健細學類,五專,44,2,0.0,186.0,-44.0,184.0,inf,True,0.01101,-0.00104,1.2,-10.587,0.9556
109,09161,藥學細學類,五專,0,0,56.0,0.0,56.0,0.0,0.0,True,0.0,0.00132,-0.13,0.0,0.9556
109,09171,傳統醫學、輔助醫學及治療細學類,五專,1,0,100.0,0.0,99.0,0.0,0.01,True,0.00025,0.00233,-0.21,0.107,0.9556
109,09191,公共衛生細學類,五專,9,0,386.0,30.0,377.0,30.0,0.02332,True,0.00225,0.00888,-0.66,0.253,0.9556
109,09199,其他醫藥衛生細學類,五專,7,0,283.0,0.0,276.0,0.0,0.02473,True,0.00175,0.0065,-0.48,0.269,0.9556
109,09211,老年照顧服務細學類,五專,31,3,934.0,140.0,903.0,137.0,0.03319,True,0.00775,0.02127,-1.35,0.364,0.9556
109,09212,失能者照顧細學類,五專,0,0,,,,,,True,0.0,,,,0.9556
109,09221,兒童及青少年照顧服務細學類,五專,311,35,2798.0,507.0,2487.0,472.0,0.11115,True,0.07779,0.05857,1.92,1.328,0.9556
109,09231,社會工作細學類,五專,0,0,,,,,,True,0.0,,,,0.9556
109,09299,其他社會福利細學類,五專,20,0,247.0,25.0,227.0,25.0,0.08097,True,0.005,0.00535,-0.03,0.935,0.9556
109,10111,家政服務細學類,五專,0,0,,,,,,True,0.0,,,,0.9556
109,10121,美髮美容服務細學類,五專,174,23,4025.0,815.0,3851.0,792.0,0.04323,True,0.04352,0.0907,-4.72,0.48,0.9556
109,10131,旅館及餐飲細學類,五專,191,21,4079.0,600.0,3888.0,579.0,0.04683,True,0.04777,0.09157,-4.38,0.522,0.9556
109,10141,競技運動細學類,五專,0,0,,,,,,True,0.0,,,,0.9556
109,10142,運動科技細學類,五專,0,0,,,,,,True,0.0,,,,0.9556
109,10151,旅遊觀光細學類,五專,34,2,634.0,140.0,600.0,138.0,0.05363,True,0.0085,0.01413,-0.56,0.602,0.9556
109,10152,遊憩、運動和休閒管理細學類,五專,46,8,606.0,113.0,560.0,105.0,0.07591,True,0.01151,0.01319,-0.17,0.873,0.9556
109,10199,其他餐旅及民生服務細學類,五專,27,6,474.0,57.0,447.0,51.0,0.05696,True,0.00675,0.01053,-0.38,0.641,0.9556
109,10221,職業衛生及安全細學類,五專,0,0,,,,,,True,0.0,,,,0.9556
109,10321,警政細學類,五專,0,0,,,,,,True,0.0,,,,0.9556
109,10411,運輸管理細學類,五專,0,0,,,,,,True,0.0,,,,0.9556
109,10412,航運管理細學類,五專,3,0,147.0,20.0,144.0,20.0,0.02041,True,0.00075,0.00339,-0.26,0.221,0.9556
109,10413,空運管理細學類,五專,0,0,,,,,,True,0.0,,,,0.9556
109,10414,航海細學類,五專,5,1,242.0,48.0,237.0,47.0,0.02066,True,0.00125,0.00558,-0.43,0.224,0.9556
109,10499,其他運輸服務細學類,五專,0,0,,,,,,True,0.0,,,,0.9556
109,99999,其他細學類,五專,4,0,49.0,0.0,45.0,0.0,0.08163,False,,,,,0.9556
109,01111,綜合教育細學類,博士班,20,3,1067.0,120.0,1047.0,117.0,0.01874,True,0.11236,0.03723,7.51,3.018,0.9556
109,01112,成人教育細學類,博士班,1,0,102.0,9.0,101.0,9.0,0.0098,True,0.00562,0.00359,0.2,1.565,0.9556
109,01113,特殊教育細學類,博士班,1,0,121.0,22.0,120.0,22.0,0.00826,True,0.00562,0.00427,0.13,1.316,0.9556
109,01114,教育行政細學類,博士班,10,0,287.0,28.0,277.0,28.0,0.03484,True,0.05618,0.00985,4.63,5.704,0.9556
109,01115,課程與教學細學類,博士班,1,0,127.0,19.0,126.0,19.0,0.00787,True,0.00562,0.00448,0.11,1.254,0.9556
109,01116,教育科技細學類,博士班,0,0,57.0,5.0,57.0,5.0,0.0,True,0.0,0.00203,-0.2,0.0,0.9556
109,01118,技職教育細學類,博士班,1,0,252.0,31.0,251.0,31.0,0.00397,True,0.00562,0.00893,-0.33,0.629,0.9556
109,01121,幼兒師資教育細學類,博士班,0,0,,,,,,True,0.0,,,,0.9556
109,01131,普通科目師資教育細學類,博士班,0,0,138.0,10.0,138.0,10.0,0.0,True,0.0,0.00491,-0.49,0.0,0.9556
109,01141,專業科目師資教育細學類,博士班,3,0,495.0,52.0,492.0,52.0,0.00606,True,0.01685,0.0175,-0.07,0.963,0.9556
109,01199,其他教育細學類,博士班,1,0,60.0,2.0,59.0,2.0,0.01667,True,0.00562,0.0021,0.35,2.676,0.9556
109,02111,視覺藝術細學類,博士班,0,0,13.0,0.0,13.0,0.0,0.0,True,0.0,0.00046,-0.05,0.0,0.9556
109,02112,視覺傳達設計細學類,博士班,1,0,80.0,9.0,79.0,9.0,0.0125,True,0.00562,0.00281,0.28,2.0,0.9556
109,02121,應用藝術細學類,博士班,0,0,19.0,0.0,19.0,0.0,0.0,True,0.0,0.00068,-0.07,0.0,0.9556
109,02122,綜合設計細學類,博士班,3,0,510.0,43.0,507.0,43.0,0.00588,True,0.01685,0.01803,-0.12,0.935,0.9556
109,02123,產品設計細學類,博士班,1,0,61.0,8.0,60.0,8.0,0.01639,True,0.00562,0.00213,0.35,2.638,0.9556
109,02124,空間設計細學類,博士班,0,0,,,,,,True,0.0,,,,0.9556
109,02125,時尚設計與管理細學類,博士班,0,0,,,,,,True,0.0,,,,0.9556
109,02131,純藝術細學類,博士班,3,0,226.0,21.0,223.0,21.0,0.01327,True,0.01685,0.00793,0.89,2.125,0.9556
109,02132,雕塑細學類,博士班,0,0,,,,,,True,0.0,,,,0.9556
109,02141,美術工藝細學類,博士班,0,0,,,,,,True,0.0,,,,0.9556
109,02151,音樂細學類,博士班,0,0,108.0,7.0,108.0,7.0,0.0,True,0.0,0.00384,-0.38,0.0,0.9556
109,02152,表演藝術細學類,博士班,4,0,37.0,3.0,33.0,3.0,0.10811,True,0.02247,0.00117,2.13,19.205,0.9556
109,02191,綜合藝術細學類,博士班,0,0,60.0,1.0,60.0,1.0,0.0,True,0.0,0.00213,-0.21,0.0,0.9556
109,02192,藝術行政細學類,博士班,0,0,28.0,4.0,28.0,4.0,0.0,True,0.0,0.001,-0.1,0.0,0.9556
109,02199,其他藝術細學類,博士班,0,0,,,,,,True,0.0,,,,0.9556
109,02211,宗教細學類,博士班,1,0,122.0,9.0,121.0,9.0,0.0082,True,0.00562,0.0043,0.13,1.307,0.9556
109,02221,歷史細學類,博士班,1,0,283.0,29.0,282.0,29.0,0.00353,True,0.00562,0.01003,-0.44,0.56,0.9556
109,02222,人類學及民族學細學類,博士班,14,0,67.0,4.0,53.0,4.0,0.20896,True,0.07865,0.00188,7.68,41.835,0.9556
109,02231,哲學細學類,博士班,1,0,159.0,16.0,158.0,16.0,0.00629,True,0.00562,0.00562,0.0,1.0,0.9556
109,02299,其他人文細學類,博士班,2,1,187.0,17.0,185.0,16.0,0.0107,True,0.01124,0.00658,0.47,1.708,0.9556
109,02311,外國語文細學類,博士班,0,0,216.0,26.0,216.0,26.0,0.0,True,0.0,0.00768,-0.77,0.0,0.9556
109,02312,翻譯細學類,博士班,0,0,38.0,2.0,38.0,2.0,0.0,True,0.0,0.00135,-0.14,0.0,0.9556
109,02313,華語文為第二語言細學類,博士班,0,0,50.0,3.0,50.0,3.0,0.0,True,0.0,0.00178,-0.18,0.0,0.9556
109,02321,臺灣語文細學類,博士班,12,0,141.0,10.0,129.0,10.0,0.08511,True,0.06742,0.00459,6.28,14.688,0.9556
109,02322,中國語文細學類,博士班,3,0,814.0,129.0,811.0,129.0,0.00369,True,0.01685,0.02884,-1.2,0.584,0.9556
109,02323,華語文細學類,博士班,0,0,23.0,2.0,23.0,2.0,0.0,True,0.0,0.00082,-0.08,0.0,0.9556
109,02399,其他語文細學類,博士班,3,1,77.0,13.0,74.0,12.0,0.03896,True,0.01685,0.00263,1.42,6.407,0.9556
109,03111,經濟學細學類,博士班,0,0,132.0,16.0,132.0,16.0,0.0,True,0.0,0.00469,-0.47,0.0,0.9556
109,03121,政治學細學類,博士班,1,0,295.0,26.0,294.0,26.0,0.00339,True,0.00562,0.01045,-0.48,0.538,0.9556
109,03122,國際關係細學類,博士班,0,0,92.0,13.0,92.0,13.0,0.0,True,0.0,0.00327,-0.33,0.0,0.9556
109,03131,心理學細學類,博士班,1,0,313.0,31.0,312.0,31.0,0.00319,True,0.00562,0.01109,-0.55,0.507,0.9556
109,03141,社會學細學類,博士班,0,0,85.0,3.0,85.0,3.0,0.0,True,0.0,0.00302,-0.3,0.0,0.9556
109,03142,地理學細學類,博士班,5,0,125.0,7.0,120.0,7.0,0.04,True,0.02809,0.00427,2.38,6.578,0.9556
109,03143,區域研究細學類,博士班,0,0,260.0,23.0,260.0,23.0,0.0,True,0.0,0.00925,-0.92,0.0,0.9556
109,03191,發展研究細學類,博士班,3,0,88.0,5.0,85.0,5.0,0.03409,True,0.01685,0.00302,1.38,5.579,0.9556
109,03199,其他社會及行為科學細學類,博士班,0,0,81.0,4.0,81.0,4.0,0.0,True,0.0,0.00288,-0.29,0.0,0.9556
109,03211,大眾傳播細學類,博士班,0,0,39.0,6.0,39.0,6.0,0.0,True,0.0,0.00139,-0.14,0.0,0.9556
109,03212,新聞細學類,博士班,0,0,,,,,,True,0.0,,,,0.9556
109,03213,電子媒體細學類,博士班,0,0,,,,,,True,0.0,,,,0.9556
109,03214,傳播細學類,博士班,2,0,58.0,8.0,56.0,8.0,0.03448,True,0.01124,0.00199,0.92,5.648,0.9556
109,03222,圖書資訊檔案細學類,博士班,0,0,44.0,2.0,44.0,2.0,0.0,True,0.0,0.00156,-0.16,0.0,0.9556
109,04111,會計及稅務細學類,博士班,1,0,77.0,8.0,76.0,8.0,0.01299,True,0.00562,0.0027,0.29,2.081,0.9556
109,04121,財務金融細學類,博士班,0,0,422.0,54.0,422.0,54.0,0.0,True,0.0,0.01501,-1.5,0.0,0.9556
109,04122,財政細學類,博士班,0,0,5.0,2.0,5.0,2.0,0.0,True,0.0,0.00018,-0.02,0.0,0.9556
109,04123,保險及風險管理細學類,博士班,0,0,16.0,0.0,16.0,0.0,0.0,True,0.0,0.00057,-0.06,0.0,0.9556
109,04131,企業管理細學類,博士班,15,0,1570.0,151.0,1555.0,151.0,0.00955,True,0.08427,0.05529,2.9,1.524,0.9556
109,04132,流通及供應鏈細學類,博士班,0,0,,,,,,True,0.0,,,,0.9556
109,04133,醫療管理細學類,博士班,0,0,,,,,,True,0.0,,,,0.9556
109,04134,公共行政細學類,博士班,3,0,115.0,9.0,112.0,9.0,0.02609,True,0.01685,0.00398,1.29,4.234,0.9556
109,04141,國際貿易細學類,博士班,0,0,42.0,4.0,42.0,4.0,0.0,True,0.0,0.00149,-0.15,0.0,0.9556
109,04142,公共關係細學類,博士班,0,0,,,,,,True,0.0,,,,0.9556
109,04143,行銷及廣告細學類,博士班,0,0,,,,,,True,0.0,,,,0.9556
109,04161,批發及零售細學類,博士班,0,0,,,,,,True,0.0,,,,0.9556
109,04191,一般商業細學類,博士班,0,0,314.0,37.0,314.0,37.0,0.0,True,0.0,0.01117,-1.12,0.0,0.9556
109,04199,其他商業及管理細學類,博士班,2,1,482.0,70.0,480.0,69.0,0.00415,True,0.01124,0.01707,-0.58,0.658,0.9556
109,04211,一般法律細學類,博士班,1,1,279.0,19.0,278.0,18.0,0.00358,True,0.00562,0.00989,-0.43,0.568,0.9556
109,04212,專業法律細學類,博士班,0,0,124.0,11.0,124.0,11.0,0.0,True,0.0,0.00441,-0.44,0.0,0.9556
109,05111,生物學細學類,博士班,0,0,236.0,38.0,236.0,38.0,0.0,True,0.0,0.00839,-0.84,0.0,0.9556
109,05121,生物科技細學類,博士班,2,0,864.0,120.0,862.0,120.0,0.00231,True,0.01124,0.03065,-1.94,0.367,0.9556
109,05122,微生物細學類,博士班,0,0,23.0,7.0,23.0,7.0,0.0,True,0.0,0.00082,-0.08,0.0,0.9556
109,05123,生物化學細學類,博士班,0,0,134.0,33.0,134.0,33.0,0.0,True,0.0,0.00476,-0.48,0.0,0.9556
109,05124,生物訊息及遺傳細學類,博士班,0,0,101.0,6.0,101.0,6.0,0.0,True,0.0,0.00359,-0.36,0.0,0.9556
109,05191,營養細學類,博士班,5,0,105.0,16.0,100.0,16.0,0.04762,True,0.02809,0.00356,2.45,7.89,0.9556
109,05199,其他生命科學細學類,博士班,0,0,42.0,2.0,42.0,2.0,0.0,True,0.0,0.00149,-0.15,0.0,0.9556
109,05211,環境資源細學類,博士班,0,0,75.0,2.0,75.0,2.0,0.0,True,0.0,0.00267,-0.27,0.0,0.9556
109,05212,生態細學類,博士班,0,0,18.0,3.0,18.0,3.0,0.0,True,0.0,0.00064,-0.06,0.0,0.9556
109,05291,環境防災細學類,博士班,0,0,,,,,,True,0.0,,,,0.9556
109,05292,水土保持細學類,博士班,0,1,29.0,4.0,29.0,3.0,0.0,True,0.0,0.00103,-0.1,0.0,0.9556
109,05299,其他環境細學類,博士班,0,0,,,,,,True,0.0,,,,0.9556
109,05311,化學細學類,博士班,1,0,550.0,117.0,549.0,117.0,0.00182,True,0.00562,0.01952,-1.39,0.288,0.9556
109,05321,地球科學及環境細學類,博士班,0,0,204.0,13.0,204.0,13.0,0.0,True,0.0,0.00725,-0.73,0.0,0.9556
109,05322,大氣及太空科學細學類,博士班,1,0,81.0,12.0,80.0,12.0,0.01235,True,0.00562,0.00284,0.28,1.979,0.9556
109,05323,海洋科學細學類,博士班,0,0,96.0,8.0,96.0,8.0,0.0,True,0.0,0.00341,-0.34,0.0,0.9556
109,05331,物理及應用物理細學類,博士班,1,0,556.0,89.0,555.0,89.0,0.0018,True,0.00562,0.01974,-1.41,0.285,0.9556
109,05332,天文細學類,博士班,0,0,39.0,4.0,39.0,4.0,0.0,True,0.0,0.00139,-0.14,0.0,0.9556
109,05399,其他物理、化學及地球科學細學類,博士班,1,0,163.0,15.0,162.0,15.0,0.00613,True,0.00562,0.00576,-0.01,0.976,0.9556
109,05411,數學細學類,博士班,0,0,150.0,13.0,150.0,13.0,0.0,True,0.0,0.00533,-0.53,0.0,0.9556
109,05421,統計細學類,博士班,0,0,47.0,3.0,47.0,3.0,0.0,True,0.0,0.00167,-0.17,0.0,0.9556
109,05499,其他數學及統計細學類,博士班,0,0,3.0,0.0,3.0,0.0,0.0,True,0.0,0.00011,-0.01,0.0,0.9556
109,06111,電腦運用細學類,博士班,0,0,48.0,0.0,48.0,0.0,0.0,True,0.0,0.00171,-0.17,0.0,0.9556
109,06121,資料庫、網路設計及管理細學類,博士班,0,0,2.0,1.0,2.0,1.0,0.0,True,0.0,7e-05,-0.01,0.0,0.9556
109,06131,資訊技術細學類,博士班,3,0,1279.0,121.0,1276.0,121.0,0.00235,True,0.01685,0.04537,-2.85,0.371,0.9556
109,06132,軟體開發細學類,博士班,0,0,30.0,2.0,30.0,2.0,0.0,True,0.0,0.00107,-0.11,0.0,0.9556
109,06133,系統設計細學類,博士班,0,0,,,,,,True,0.0,,,,0.9556
109,06134,電算機應用細學類,博士班,0,0,91.0,4.0,91.0,4.0,0.0,True,0.0,0.00324,-0.32,0.0,0.9556
109,06199,其他資訊通訊科技細學類,博士班,0,0,,,,,,True,0.0,,,,0.9556
109,07111,化學工程細學類,博士班,1,0,568.0,74.0,567.0,74.0,0.00176,True,0.00562,0.02016,-1.45,0.279,0.9556
109,07112,材料工程細學類,博士班,4,0,720.0,106.0,716.0,106.0,0.00556,True,0.02247,0.02546,-0.3,0.883,0.9556
109,07121,環境工程細學類,博士班,1,0,270.0,34.0,269.0,34.0,0.0037,True,0.00562,0.00957,-0.4,0.587,0.9556
109,07122,河海工程細學類,博士班,1,0,107.0,17.0,106.0,17.0,0.00935,True,0.00562,0.00377,0.18,1.491,0.9556
109,07132,能源工程細學類,博士班,0,0,70.0,7.0,70.0,7.0,0.0,True,0.0,0.00249,-0.25,0.0,0.9556
109,07141,電機與電子工程細學類,博士班,5,0,2467.0,313.0,2462.0,313.0,0.00203,True,0.02809,0.08755,-5.95,0.321,0.9556
109,07151,機械工程細學類,博士班,1,0,1156.0,139.0,1155.0,139.0,0.00087,True,0.00562,0.04107,-3.55,0.137,0.9556
109,07161,車輛工程細學類,博士班,0,0,,,,,,True,0.0,,,,0.9556
109,07162,航空工程細學類,博士班,0,0,39.0,3.0,39.0,3.0,0.0,True,0.0,0.00139,-0.14,0.0,0.9556
109,07163,造船工程細學類,博士班,1,0,44.0,5.0,43.0,5.0,0.02273,True,0.00562,0.00153,0.41,3.673,0.9556
109,07191,工業工程細學類,博士班,2,0,333.0,40.0,331.0,40.0,0.00601,True,0.01124,0.01177,-0.05,0.955,0.9556
109,07192,紡織工程細學類,博士班,0,0,20.0,5.0,20.0,5.0,0.0,True,0.0,0.00071,-0.07,0.0,0.9556
109,07193,生醫工程細學類,博士班,3,0,576.0,64.0,573.0,64.0,0.00521,True,0.01685,0.02038,-0.35,0.827,0.9556
109,07194,綜合工程細學類,博士班,1,0,382.0,39.0,381.0,39.0,0.00262,True,0.00562,0.01355,-0.79,0.415,0.9556
109,07199,其他工程及工程業細學類,博士班,0,0,5.0,0.0,5.0,0.0,0.0,True,0.0,0.00018,-0.02,0.0,0.9556
109,07211,食品科學細學類,博士班,1,0,127.0,20.0,126.0,20.0,0.00787,True,0.00562,0.00448,0.11,1.254,0.9556
109,07311,建築細學類,博士班,0,0,150.0,17.0,150.0,17.0,0.0,True,0.0,0.00533,-0.53,0.0,0.9556
109,07312,景觀設計細學類,博士班,0,0,,,,,,True,0.0,,,,0.9556
109,07313,都巿規劃細學類,博士班,1,0,60.0,7.0,59.0,7.0,0.01667,True,0.00562,0.0021,0.35,2.676,0.9556
109,07321,土木工程細學類,博士班,1,0,607.0,72.0,606.0,72.0,0.00165,True,0.00562,0.02155,-1.59,0.261,0.9556
109,07322,空間資訊及測繪細學類,博士班,0,0,38.0,4.0,38.0,4.0,0.0,True,0.0,0.00135,-0.14,0.0,0.9556
109,08111,農作物生產細學類,博士班,1,0,85.0,9.0,84.0,9.0,0.01176,True,0.00562,0.00299,0.26,1.88,0.9556
109,08112,畜牧生產細學類,博士班,1,0,59.0,6.0,58.0,6.0,0.01695,True,0.00562,0.00206,0.36,2.728,0.9556
109,08121,園藝細學類,博士班,0,0,58.0,4.0,58.0,4.0,0.0,True,0.0,0.00206,-0.21,0.0,0.9556
109,08192,農業生物技術細學類,博士班,0,0,5.0,1.0,5.0,1.0,0.0,True,0.0,0.00018,-0.02,0.0,0.9556
109,08193,農業經濟及推廣細學類,博士班,0,0,27.0,3.0,27.0,3.0,0.0,True,0.0,0.00096,-0.1,0.0,0.9556
109,08194,植物保護細學類,博士班,0,0,32.0,3.0,32.0,3.0,0.0,True,0.0,0.00114,-0.11,0.0,0.9556
109,08199,其他農業細學類,博士班,1,0,93.0,11.0,92.0,11.0,0.01075,True,0.00562,0.00327,0.24,1.719,0.9556
109,08211,林業細學類,博士班,1,0,49.0,7.0,48.0,7.0,0.02041,True,0.00562,0.00171,0.39,3.287,0.9556
109,08311,漁業科學細學類,博士班,0,0,47.0,1.0,47.0,1.0,0.0,True,0.0,0.00167,-0.17,0.0,0.9556
109,08312,水產養殖細學類,博士班,0,0,37.0,8.0,37.0,8.0,0.0,True,0.0,0.00132,-0.13,0.0,0.9556
109,08411,獸醫細學類,博士班,0,0,93.0,19.0,93.0,19.0,0.0,True,0.0,0.00331,-0.33,0.0,0.9556
109,09111,牙醫細學類,博士班,0,0,134.0,18.0,134.0,18.0,0.0,True,0.0,0.00476,-0.48,0.0,0.9556
109,09121,醫學細學類,博士班,9,1,1757.0,257.0,1748.0,256.0,0.00512,True,0.05056,0.06216,-1.16,0.813,0.9556
109,09131,護理及助產細學類,博士班,3,0,422.0,39.0,419.0,39.0,0.00711,True,0.01685,0.0149,0.2,1.131,0.9556
109,09141,醫學技術及檢驗細學類,博士班,0,0,144.0,15.0,144.0,15.0,0.0,True,0.0,0.00512,-0.51,0.0,0.9556
109,09151,物理治療細學類,博士班,1,0,61.0,11.0,60.0,11.0,0.01639,True,0.00562,0.00213,0.35,2.638,0.9556
109,09152,職能治療細學類,博士班,0,0,15.0,0.0,15.0,0.0,0.0,True,0.0,0.00053,-0.05,0.0,0.9556
109,09153,語言治療與聽力細學類,博士班,0,0,,,,,,True,0.0,,,,0.9556
109,09159,其他治療及復健細學類,博士班,0,0,26.0,5.0,26.0,5.0,0.0,True,0.0,0.00092,-0.09,0.0,0.9556
109,09161,藥學細學類,博士班,0,0,282.0,38.0,282.0,38.0,0.0,True,0.0,0.01003,-1.0,0.0,0.9556
109,09171,傳統醫學、輔助醫學及治療細學類,博士班,0,0,43.0,8.0,43.0,8.0,0.0,True,0.0,0.00153,-0.15,0.0,0.9556
109,09191,公共衛生細學類,博士班,1,0,560.0,69.0,559.0,69.0,0.00179,True,0.00562,0.01988,-1.43,0.283,0.9556
109,09199,其他醫藥衛生細學類,博士班,0,0,50.0,5.0,50.0,5.0,0.0,True,0.0,0.00178,-0.18,0.0,0.9556
109,09211,老年照顧服務細學類,博士班,0,0,,,,,,True,0.0,,,,0.9556
109,09212,失能者照顧細學類,博士班,0,0,,,,,,True,0.0,,,,0.9556
109,09221,兒童及青少年照顧服務細學類,博士班,0,0,,,,,,True,0.0,,,,0.9556
109,09231,社會工作細學類,博士班,0,0,141.0,11.0,141.0,11.0,0.0,True,0.0,0.00501,-0.5,0.0,0.9556
109,09299,其他社會福利細學類,博士班,0,0,,,,,,True,0.0,,,,0.9556
109,10111,家政服務細學類,博士班,0,0,,,,,,True,0.0,,,,0.9556
109,10121,美髮美容服務細學類,博士班,0,0,,,,,,True,0.0,,,,0.9556
109,10131,旅館及餐飲細學類,博士班,0,0,,,,,,True,0.0,,,,0.9556
109,10141,競技運動細學類,博士班,0,0,105.0,17.0,105.0,17.0,0.0,True,0.0,0.00373,-0.37,0.0,0.9556
109,10142,運動科技細學類,博士班,0,0,13.0,5.0,13.0,5.0,0.0,True,0.0,0.00046,-0.05,0.0,0.9556
109,10151,旅遊觀光細學類,博士班,1,0,54.0,5.0,53.0,5.0,0.01852,True,0.00562,0.00188,0.37,2.989,0.9556
109,10152,遊憩、運動和休閒管理細學類,博士班,1,0,46.0,2.0,45.0,2.0,0.02174,True,0.00562,0.0016,0.4,3.512,0.9556
109,10199,其他餐旅及民生服務細學類,博士班,0,0,,,,,,True,0.0,,,,0.9556
109,10221,職業衛生及安全細學類,博士班,0,0,,,,,,True,0.0,,,,0.9556
109,10321,警政細學類,博士班,0,0,,,,,,True,0.0,,,,0.9556
109,10411,運輸管理細學類,博士班,0,0,22.0,6.0,22.0,6.0,0.0,True,0.0,0.00078,-0.08,0.0,0.9556
109,10412,航運管理細學類,博士班,0,0,52.0,6.0,52.0,6.0,0.0,True,0.0,0.00185,-0.18,0.0,0.9556
109,10413,空運管理細學類,博士班,0,0,,,,,,True,0.0,,,,0.9556
109,10414,航海細學類,博士班,0,0,,,,,,True,0.0,,,,0.9556
109,10499,其他運輸服務細學類,博士班,0,0,,,,,,True,0.0,,,,0.9556
109,99999,其他細學類,博士班,2,0,130.0,3.0,128.0,3.0,0.01538,False,,,,,0.9556
109,01111,綜合教育細學類,學士班,125,20,3248.0,743.0,3123.0,723.0,0.03849,True,0.00627,0.00358,0.27,1.751,0.9556
109,01112,成人教育細學類,學士班,0,0,114.0,31.0,114.0,31.0,0.0,True,0.0,0.00013,-0.01,0.0,0.9556
109,01113,特殊教育細學類,學士班,61,16,2375.0,581.0,2314.0,565.0,0.02568,True,0.00306,0.00265,0.04,1.155,0.9556
109,01114,教育行政細學類,學士班,5,5,635.0,184.0,630.0,179.0,0.00787,True,0.00025,0.00072,-0.05,0.347,0.9556
109,01115,課程與教學細學類,學士班,0,0,,,,,,True,0.0,,,,0.9556
109,01116,教育科技細學類,學士班,28,2,1013.0,227.0,985.0,225.0,0.02764,True,0.0014,0.00113,0.03,1.239,0.9556
109,01118,技職教育細學類,學士班,0,0,,,,,,True,0.0,,,,0.9556
109,01121,幼兒師資教育細學類,學士班,198,31,4052.0,989.0,3854.0,958.0,0.04886,True,0.00993,0.00442,0.55,2.247,0.9556
109,01131,普通科目師資教育細學類,學士班,84,15,3393.0,809.0,3309.0,794.0,0.02476,True,0.00421,0.00379,0.04,1.111,0.9556
109,01141,專業科目師資教育細學類,學士班,264,43,4368.0,939.0,4104.0,896.0,0.06044,True,0.01325,0.00471,0.85,2.813,0.9556
109,01199,其他教育細學類,學士班,5,0,385.0,63.0,380.0,63.0,0.01299,True,0.00025,0.00044,-0.02,0.568,0.9556
109,02111,視覺藝術細學類,學士班,119,15,3776.0,1088.0,3657.0,1073.0,0.03151,True,0.00597,0.00419,0.18,1.425,0.9556
109,02112,視覺傳達設計細學類,學士班,403,78,23767.0,5492.0,23364.0,5414.0,0.01696,True,0.02022,0.02679,-0.66,0.755,0.9556
109,02121,應用藝術細學類,學士班,31,9,1526.0,341.0,1495.0,332.0,0.02031,True,0.00156,0.00171,-0.01,0.912,0.9556
109,02122,綜合設計細學類,學士班,385,78,12863.0,2809.0,12478.0,2731.0,0.02993,True,0.01932,0.01431,0.5,1.35,0.9556
109,02123,產品設計細學類,學士班,169,27,9951.0,2599.0,9782.0,2572.0,0.01698,True,0.00848,0.01122,-0.27,0.756,0.9556
109,02124,空間設計細學類,學士班,94,17,5828.0,1243.0,5734.0,1226.0,0.01613,True,0.00472,0.00657,-0.18,0.718,0.9556
109,02125,時尚設計與管理細學類,學士班,84,5,3336.0,978.0,3252.0,973.0,0.02518,True,0.00421,0.00373,0.05,1.129,0.9556
109,02131,純藝術細學類,學士班,57,10,4315.0,1011.0,4258.0,1001.0,0.01321,True,0.00286,0.00488,-0.2,0.586,0.9556
109,02132,雕塑細學類,學士班,2,1,160.0,38.0,158.0,37.0,0.0125,True,0.0001,0.00018,-0.01,0.556,0.9556
109,02141,美術工藝細學類,學士班,106,5,882.0,232.0,776.0,227.0,0.12018,True,0.00532,0.00089,0.44,5.978,0.9556
109,02151,音樂細學類,學士班,276,25,6480.0,1226.0,6204.0,1201.0,0.04259,True,0.01385,0.00711,0.67,1.948,0.9556
109,02152,表演藝術細學類,學士班,409,51,6534.0,1140.0,6125.0,1089.0,0.0626,True,0.02052,0.00702,1.35,2.923,0.9556
109,02191,綜合藝術細學類,學士班,29,2,1246.0,229.0,1217.0,227.0,0.02327,True,0.00145,0.0014,0.0,1.036,0.9556
109,02192,藝術行政細學類,學士班,9,2,462.0,88.0,453.0,86.0,0.01948,True,0.00045,0.00052,-0.01,0.865,0.9556
109,02199,其他藝術細學類,學士班,73,9,1199.0,278.0,1126.0,269.0,0.06088,True,0.00366,0.00129,0.24,2.837,0.9556
109,02211,宗教細學類,學士班,14,6,651.0,154.0,637.0,148.0,0.02151,True,0.0007,0.00073,-0.0,0.959,0.9556
109,02221,歷史細學類,學士班,71,18,4223.0,930.0,4152.0,912.0,0.01681,True,0.00356,0.00476,-0.12,0.748,0.9556
109,02222,人類學及民族學細學類,學士班,102,26,513.0,98.0,411.0,72.0,0.19883,True,0.00512,0.00047,0.46,10.894,0.9556
109,02231,哲學細學類,學士班,19,6,1804.0,400.0,1785.0,394.0,0.01053,True,0.00095,0.00205,-0.11,0.463,0.9556
109,02299,其他人文細學類,學士班,220,60,2999.0,551.0,2779.0,491.0,0.07336,True,0.01104,0.00319,0.78,3.461,0.9556
109,02311,外國語文細學類,學士班,861,154,54420.0,12606.0,53559.0,12452.0,0.01582,True,0.0432,0.06141,-1.82,0.703,0.9556
109,02312,翻譯細學類,學士班,7,1,552.0,170.0,545.0,169.0,0.01268,True,0.00035,0.00062,-0.03,0.565,0.9556
109,02313,華語文為第二語言細學類,學士班,4,0,418.0,93.0,414.0,93.0,0.00957,True,0.0002,0.00047,-0.03,0.426,0.9556
109,02321,臺灣語文細學類,學士班,172,10,1176.0,210.0,1004.0,200.0,0.14626,True,0.00863,0.00115,0.75,7.504,0.9556
109,02322,中國語文細學類,學士班,145,24,10760.0,2586.0,10615.0,2562.0,0.01348,True,0.00727,0.01217,-0.49,0.597,0.9556
109,02323,華語文細學類,學士班,26,9,1909.0,357.0,1883.0,348.0,0.01362,True,0.0013,0.00216,-0.09,0.602,0.9556
109,02399,其他語文細學類,學士班,0,0,,,,,,True,0.0,,,,0.9556
109,03111,經濟學細學類,學士班,79,17,9301.0,2312.0,9222.0,2295.0,0.00849,True,0.00396,0.01057,-0.66,0.375,0.9556
109,03121,政治學細學類,學士班,48,11,2953.0,636.0,2905.0,625.0,0.01625,True,0.00241,0.00333,-0.09,0.724,0.9556
109,03122,國際關係細學類,學士班,11,4,1063.0,211.0,1052.0,207.0,0.01035,True,0.00055,0.00121,-0.07,0.455,0.9556
109,03131,心理學細學類,學士班,190,38,6800.0,1659.0,6610.0,1621.0,0.02794,True,0.00953,0.00758,0.2,1.257,0.9556
109,03141,社會學細學類,學士班,304,57,4101.0,929.0,3797.0,872.0,0.07413,True,0.01525,0.00435,1.09,3.506,0.9556
109,03142,地理學細學類,學士班,32,6,1034.0,235.0,1002.0,229.0,0.03095,True,0.00161,0.00115,0.05,1.4,0.9556
109,03143,區域研究細學類,學士班,18,5,1533.0,340.0,1515.0,335.0,0.01174,True,0.0009,0.00174,-0.08,0.517,0.9556
109,03191,發展研究細學類,學士班,5,1,367.0,94.0,362.0,93.0,0.01362,True,0.00025,0.00042,-0.02,0.595,0.9556
109,03199,其他社會及行為科學細學類,學士班,75,28,992.0,230.0,917.0,202.0,0.0756,True,0.00376,0.00105,0.27,3.581,0.9556
109,03211,大眾傳播細學類,學士班,169,31,5349.0,1309.0,5180.0,1278.0,0.03159,True,0.00848,0.00594,0.25,1.428,0.9556
109,03212,新聞細學類,學士班,49,11,1774.0,487.0,1725.0,476.0,0.02762,True,0.00246,0.00198,0.05,1.242,0.9556
109,03213,電子媒體細學類,學士班,52,11,2156.0,566.0,2104.0,555.0,0.02412,True,0.00261,0.00241,0.02,1.083,0.9556
109,03214,傳播細學類,學士班,78,20,4198.0,910.0,4120.0,890.0,0.01858,True,0.00391,0.00472,-0.08,0.828,0.9556
109,03222,圖書資訊檔案細學類,學士班,0,2,1015.0,221.0,1015.0,219.0,0.0,True,0.0,0.00116,-0.12,0.0,0.9556
109,04111,會計及稅務細學類,學士班,135,29,16207.0,3998.0,16072.0,3969.0,0.00833,True,0.00677,0.01843,-1.17,0.367,0.9556
109,04121,財務金融細學類,學士班,291,56,26230.0,6586.0,25939.0,6530.0,0.01109,True,0.0146,0.02974,-1.51,0.491,0.9556
109,04122,財政細學類,學士班,52,11,3116.0,801.0,3064.0,790.0,0.01669,True,0.00261,0.00351,-0.09,0.744,0.9556
109,04123,保險及風險管理細學類,學士班,35,3,3769.0,902.0,3734.0,899.0,0.00929,True,0.00176,0.00428,-0.25,0.411,0.9556
109,04131,企業管理細學類,學士班,947,212,51917.0,12696.0,50970.0,12484.0,0.01824,True,0.04751,0.05844,-1.09,0.813,0.9556
109,04132,流通及供應鏈細學類,學士班,385,88,12293.0,3016.0,11908.0,2928.0,0.03132,True,0.01932,0.01365,0.57,1.415,0.9556
109,04133,醫療管理細學類,學士班,145,35,5209.0,1308.0,5064.0,1273.0,0.02784,True,0.00727,0.00581,0.15,1.251,0.9556
109,04134,公共行政細學類,學士班,172,73,5553.0,1383.0,5381.0,1310.0,0.03097,True,0.00863,0.00617,0.25,1.399,0.9556
109,04141,國際貿易細學類,學士班,101,23,11325.0,3056.0,11224.0,3033.0,0.00892,True,0.00507,0.01287,-0.78,0.394,0.9556
109,04142,公共關係細學類,學士班,4,0,48.0,24.0,44.0,24.0,0.08333,True,0.0002,5e-05,0.02,4.0,0.9556
109,04143,行銷及廣告細學類,學士班,255,107,9397.0,2578.0,9142.0,2471.0,0.02714,True,0.01279,0.01048,0.23,1.22,0.9556
109,04161,批發及零售細學類,學士班,3,0,182.0,0.0,179.0,0.0,0.01648,True,0.00015,0.00021,-0.01,0.714,0.9556
109,04191,一般商業細學類,學士班,201,57,2251.0,281.0,2050.0,224.0,0.08929,True,0.01008,0.00235,0.77,4.289,0.9556
109,04199,其他商業及管理細學類,學士班,235,42,11215.0,2903.0,10980.0,2861.0,0.02095,True,0.01179,0.01259,-0.08,0.936,0.9556
109,04211,一般法律細學類,學士班,311,47,7608.0,2123.0,7297.0,2076.0,0.04088,True,0.0156,0.00837,0.72,1.864,0.9556
109,04212,專業法律細學類,學士班,70,16,3063.0,994.0,2993.0,978.0,0.02285,True,0.00351,0.00343,0.01,1.023,0.9556
109,05111,生物學細學類,學士班,32,4,3681.0,847.0,3649.0,843.0,0.00869,True,0.00161,0.00418,-0.26,0.385,0.9556
109,05121,生物科技細學類,學士班,64,8,6513.0,1633.0,6449.0,1625.0,0.00983,True,0.00321,0.00739,-0.42,0.434,0.9556
109,05122,微生物細學類,學士班,1,0,212.0,48.0,211.0,48.0,0.00472,True,5e-05,0.00024,-0.02,0.208,0.9556
109,05123,生物化學細學類,學士班,0,0,335.0,71.0,335.0,71.0,0.0,True,0.0,0.00038,-0.04,0.0,0.9556
109,05124,生物訊息及遺傳細學類,學士班,0,1,72.0,33.0,72.0,32.0,0.0,True,0.0,8e-05,-0.01,0.0,0.9556
109,05191,營養細學類,學士班,87,27,6752.0,1732.0,6665.0,1705.0,0.01289,True,0.00436,0.00764,-0.33,0.571,0.9556
109,05199,其他生命科學細學類,學士班,8,0,403.0,99.0,395.0,99.0,0.01985,True,0.0004,0.00045,-0.0,0.889,0.9556
109,05211,環境資源細學類,學士班,9,2,905.0,217.0,896.0,215.0,0.00994,True,0.00045,0.00103,-0.06,0.437,0.9556
109,05212,生態細學類,學士班,8,0,317.0,74.0,309.0,74.0,0.02524,True,0.0004,0.00035,0.01,1.143,0.9556
109,05291,環境防災細學類,學士班,0,0,,,,,,True,0.0,,,,0.9556
109,05292,水土保持細學類,學士班,6,1,432.0,102.0,426.0,101.0,0.01389,True,0.0003,0.00049,-0.02,0.612,0.9556
109,05299,其他環境細學類,學士班,0,1,26.0,27.0,26.0,26.0,0.0,True,0.0,3e-05,-0.0,0.0,0.9556
109,05311,化學細學類,學士班,31,1,6368.0,1419.0,6337.0,1418.0,0.00487,True,0.00156,0.00727,-0.57,0.215,0.9556
109,05321,地球科學及環境細學類,學士班,5,1,1186.0,244.0,1181.0,243.0,0.00422,True,0.00025,0.00135,-0.11,0.185,0.9556
109,05322,大氣及太空科學細學類,學士班,4,0,580.0,148.0,576.0,148.0,0.0069,True,0.0002,0.00066,-0.05,0.303,0.9556
109,05323,海洋科學細學類,學士班,4,0,448.0,119.0,444.0,119.0,0.00893,True,0.0002,0.00051,-0.03,0.392,0.9556
109,05331,物理及應用物理細學類,學士班,15,5,5017.0,1097.0,5002.0,1092.0,0.00299,True,0.00075,0.00573,-0.5,0.131,0.9556
109,05332,天文細學類,學士班,0,0,,,,,,True,0.0,,,,0.9556
109,05399,其他物理、化學及地球科學細學類,學士班,11,1,1189.0,240.0,1178.0,239.0,0.00925,True,0.00055,0.00135,-0.08,0.407,0.9556
109,05411,數學細學類,學士班,30,5,6826.0,1421.0,6796.0,1416.0,0.00439,True,0.00151,0.00779,-0.63,0.194,0.9556
109,05421,統計細學類,學士班,5,3,3261.0,735.0,3256.0,732.0,0.00153,True,0.00025,0.00373,-0.35,0.067,0.9556
109,05499,其他數學及統計細學類,學士班,1,0,830.0,170.0,829.0,170.0,0.0012,True,5e-05,0.00095,-0.09,0.053,0.9556
109,06111,電腦運用細學類,學士班,27,8,2337.0,459.0,2310.0,451.0,0.01155,True,0.00135,0.00265,-0.13,0.509,0.9556
109,06121,資料庫、網路設計及管理細學類,學士班,45,8,2190.0,512.0,2145.0,504.0,0.02055,True,0.00226,0.00246,-0.02,0.919,0.9556
109,06131,資訊技術細學類,學士班,511,81,48508.0,10980.0,47997.0,10899.0,0.01053,True,0.02564,0.05503,-2.94,0.466,0.9556
109,06132,軟體開發細學類,學士班,25,5,4029.0,841.0,4004.0,836.0,0.00621,True,0.00125,0.00459,-0.33,0.272,0.9556
109,06133,系統設計細學類,學士班,26,4,1973.0,483.0,1947.0,479.0,0.01318,True,0.0013,0.00223,-0.09,0.583,0.9556
109,06134,電算機應用細學類,學士班,26,7,3701.0,837.0,3675.0,830.0,0.00703,True,0.0013,0.00421,-0.29,0.309,0.9556
109,06199,其他資訊通訊科技細學類,學士班,12,1,939.0,233.0,927.0,232.0,0.01278,True,0.0006,0.00106,-0.05,0.566,0.9556
109,07111,化學工程細學類,學士班,51,6,11230.0,2535.0,11179.0,2529.0,0.00454,True,0.00256,0.01282,-1.03,0.2,0.9556
109,07112,材料工程細學類,學士班,37,8,5647.0,1232.0,5610.0,1224.0,0.00655,True,0.00186,0.00643,-0.46,0.289,0.9556
109,07121,環境工程細學類,學士班,86,7,7485.0,1684.0,7399.0,1677.0,0.01149,True,0.00431,0.00848,-0.42,0.508,0.9556
109,07122,河海工程細學類,學士班,15,5,1611.0,276.0,1596.0,271.0,0.00931,True,0.00075,0.00183,-0.11,0.41,0.9556
109,07132,能源工程細學類,學士班,21,7,2286.0,536.0,2265.0,529.0,0.00919,True,0.00105,0.0026,-0.16,0.404,0.9556
109,07141,電機與電子工程細學類,學士班,515,69,61212.0,13681.0,60697.0,13612.0,0.00841,True,0.02584,0.06959,-4.38,0.371,0.9556
109,07151,機械工程細學類,學士班,446,62,38467.0,8725.0,38021.0,8663.0,0.01159,True,0.02238,0.04359,-2.12,0.513,0.9556
109,07161,車輛工程細學類,學士班,42,3,2358.0,325.0,2316.0,322.0,0.01781,True,0.00211,0.00266,-0.06,0.793,0.9556
109,07162,航空工程細學類,學士班,65,10,3822.0,772.0,3757.0,762.0,0.01701,True,0.00326,0.00431,-0.1,0.756,0.9556
109,07163,造船工程細學類,學士班,27,3,1847.0,383.0,1820.0,380.0,0.01462,True,0.00135,0.00209,-0.07,0.646,0.9556
109,07191,工業工程細學類,學士班,112,31,10105.0,2542.0,9993.0,2511.0,0.01108,True,0.00562,0.01146,-0.58,0.49,0.9556
109,07192,紡織工程細學類,學士班,6,0,957.0,200.0,951.0,200.0,0.00627,True,0.0003,0.00109,-0.08,0.275,0.9556
109,07193,生醫工程細學類,學士班,21,1,2427.0,503.0,2406.0,502.0,0.00865,True,0.00105,0.00276,-0.17,0.38,0.9556
109,07194,綜合工程細學類,學士班,4,0,961.0,141.0,957.0,141.0,0.00416,True,0.0002,0.0011,-0.09,0.182,0.9556
109,07199,其他工程及工程業細學類,學士班,1,1,1028.0,53.0,1027.0,52.0,0.00097,True,5e-05,0.00118,-0.11,0.042,0.9556
109,07211,食品科學細學類,學士班,83,16,7821.0,1724.0,7738.0,1708.0,0.01061,True,0.00416,0.00887,-0.47,0.469,0.9556
109,07311,建築細學類,學士班,89,13,6726.0,1371.0,6637.0,1358.0,0.01323,True,0.00447,0.00761,-0.31,0.587,0.9556
109,07312,景觀設計細學類,學士班,33,4,2052.0,458.0,2019.0,454.0,0.01608,True,0.00166,0.00231,-0.06,0.719,0.9556
109,07313,都巿規劃細學類,學士班,7,5,1366.0,343.0,1359.0,338.0,0.00512,True,0.00035,0.00156,-0.12,0.224,0.9556
109,07321,土木工程細學類,學士班,406,52,12509.0,2774.0,12103.0,2722.0,0.03246,True,0.02037,0.01388,0.65,1.468,0.9556
109,07322,空間資訊及測繪細學類,學士班,1,1,294.0,58.0,293.0,57.0,0.0034,True,5e-05,0.00034,-0.03,0.147,0.9556
109,08111,農作物生產細學類,學士班,23,6,1350.0,305.0,1327.0,299.0,0.01704,True,0.00115,0.00152,-0.04,0.757,0.9556
109,08112,畜牧生產細學類,學士班,20,3,2154.0,406.0,2134.0,403.0,0.00929,True,0.001,0.00245,-0.14,0.408,0.9556
109,08121,園藝細學類,學士班,19,2,1195.0,261.0,1176.0,259.0,0.0159,True,0.00095,0.00135,-0.04,0.704,0.9556
109,08192,農業生物技術細學類,學士班,4,1,218.0,47.0,214.0,46.0,0.01835,True,0.0002,0.00025,-0.0,0.8,0.9556
109,08193,農業經濟及推廣細學類,學士班,31,3,1095.0,202.0,1064.0,199.0,0.02831,True,0.00156,0.00122,0.03,1.279,0.9556
109,08194,植物保護細學類,學士班,9,2,667.0,172.0,658.0,170.0,0.01349,True,0.00045,0.00075,-0.03,0.6,0.9556
109,08199,其他農業細學類,學士班,59,3,1013.0,120.0,954.0,117.0,0.05824,True,0.00296,0.00109,0.19,2.716,0.9556
109,08211,林業細學類,學士班,46,11,1916.0,437.0,1870.0,426.0,0.02401,True,0.00231,0.00214,0.02,1.079,0.9556
109,08311,漁業科學細學類,學士班,7,2,452.0,126.0,445.0,124.0,0.01549,True,0.00035,0.00051,-0.02,0.686,0.9556
109,08312,水產養殖細學類,學士班,14,3,1596.0,322.0,1582.0,319.0,0.00877,True,0.0007,0.00181,-0.11,0.387,0.9556
109,08411,獸醫細學類,學士班,31,1,1655.0,298.0,1624.0,297.0,0.01873,True,0.00156,0.00186,-0.03,0.839,0.9556
109,09111,牙醫細學類,學士班,74,7,3422.0,649.0,3348.0,642.0,0.02162,True,0.00371,0.00384,-0.01,0.966,0.9556
109,09121,醫學細學類,學士班,138,20,7215.0,1680.0,7077.0,1660.0,0.01913,True,0.00692,0.00811,-0.12,0.853,0.9556
109,09131,護理及助產細學類,學士班,919,271,23031.0,8423.0,22112.0,8152.0,0.0399,True,0.04611,0.02535,2.08,1.819,0.9556
109,09141,醫學技術及檢驗細學類,學士班,146,27,8106.0,2003.0,7960.0,1976.0,0.01801,True,0.00732,0.00913,-0.18,0.802,0.9556
109,09151,物理治療細學類,學士班,58,9,2913.0,554.0,2855.0,545.0,0.01991,True,0.00291,0.00327,-0.04,0.89,0.9556
109,09152,職能治療細學類,學士班,47,4,1560.0,362.0,1513.0,358.0,0.03013,True,0.00236,0.00173,0.06,1.364,0.9556
109,09153,語言治療與聽力細學類,學士班,16,3,1348.0,225.0,1332.0,222.0,0.01187,True,0.0008,0.00153,-0.07,0.523,0.9556
109,09159,其他治療及復健細學類,學士班,14,4,421.0,98.0,407.0,94.0,0.03325,True,0.0007,0.00047,0.02,1.489,0.9556
109,09161,藥學細學類,學士班,63,15,3119.0,1382.0,3056.0,1367.0,0.0202,True,0.00316,0.0035,-0.03,0.903,0.9556
109,09171,傳統醫學、輔助醫學及治療細學類,學士班,4,2,524.0,166.0,520.0,164.0,0.00763,True,0.0002,0.0006,-0.04,0.333,0.9556
109,09191,公共衛生細學類,學士班,122,10,2571.0,552.0,2449.0,542.0,0.04745,True,0.00612,0.00281,0.33,2.178,0.9556
109,09199,其他醫藥衛生細學類,學士班,17,11,1346.0,370.0,1329.0,359.0,0.01263,True,0.00085,0.00152,-0.07,0.559,0.9556
109,09211,老年照顧服務細學類,學士班,154,42,3963.0,915.0,3809.0,873.0,0.03886,True,0.00773,0.00437,0.34,1.769,0.9556
109,09212,失能者照顧細學類,學士班,1,0,107.0,0.0,106.0,0.0,0.00935,True,5e-05,0.00012,-0.01,0.417,0.9556
109,09221,兒童及青少年照顧服務細學類,學士班,331,102,9400.0,2385.0,9069.0,2283.0,0.03521,True,0.01661,0.0104,0.62,1.597,0.9556
109,09231,社會工作細學類,學士班,836,156,9843.0,2469.0,9007.0,2313.0,0.08493,True,0.04194,0.01033,3.16,4.06,0.9556
109,09299,其他社會福利細學類,學士班,16,3,627.0,108.0,611.0,105.0,0.02552,True,0.0008,0.0007,0.01,1.143,0.9556
109,10111,家政服務細學類,學士班,13,2,950.0,266.0,937.0,264.0,0.01368,True,0.00065,0.00107,-0.04,0.607,0.9556
109,10121,美髮美容服務細學類,學士班,302,78,10551.0,2643.0,10249.0,2565.0,0.02862,True,0.01515,0.01175,0.34,1.289,0.9556
109,10131,旅館及餐飲細學類,學士班,866,185,37190.0,9591.0,36324.0,9406.0,0.02329,True,0.04345,0.04165,0.18,1.043,0.9556
109,10141,競技運動細學類,學士班,852,103,5300.0,960.0,4448.0,857.0,0.16075,True,0.04275,0.0051,3.76,8.382,0.9556
109,10142,運動科技細學類,學士班,46,6,963.0,191.0,917.0,185.0,0.04777,True,0.00231,0.00105,0.13,2.2,0.9556
109,10151,旅遊觀光細學類,學士班,849,182,28127.0,6825.0,27278.0,6643.0,0.03018,True,0.04259,0.03128,1.13,1.362,0.9556
109,10152,遊憩、運動和休閒管理細學類,學士班,1209,229,19403.0,4629.0,18194.0,4400.0,0.06231,True,0.06066,0.02086,3.98,2.908,0.9556
109,10199,其他餐旅及民生服務細學類,學士班,155,33,1975.0,546.0,1820.0,513.0,0.07848,True,0.00778,0.00209,0.57,3.722,0.9556
109,10221,職業衛生及安全細學類,學士班,30,7,1527.0,393.0,1497.0,386.0,0.01965,True,0.00151,0.00172,-0.02,0.878,0.9556
109,10321,警政細學類,學士班,66,11,1328.0,275.0,1262.0,264.0,0.0497,True,0.00331,0.00145,0.19,2.283,0.9556
109,10411,運輸管理細學類,學士班,12,0,2000.0,483.0,1988.0,483.0,0.006,True,0.0006,0.00228,-0.17,0.263,0.9556
109,10412,航運管理細學類,學士班,55,13,2198.0,600.0,2143.0,587.0,0.02502,True,0.00276,0.00246,0.03,1.122,0.9556
109,10413,空運管理細學類,學士班,41,3,1585.0,360.0,1544.0,357.0,0.02587,True,0.00206,0.00177,0.03,1.164,0.9556
109,10414,航海細學類,學士班,37,3,1112.0,303.0,1075.0,300.0,0.03327,True,0.00186,0.00123,0.06,1.512,0.9556
109,10499,其他運輸服務細學類,學士班,10,2,494.0,144.0,484.0,142.0,0.02024,True,0.0005,0.00055,-0.01,0.909,0.9556
109,99999,其他細學類,學士班,739,0,1229.0,39.0,490.0,39.0,0.6013,False,,,,,0.9556
109,01111,綜合教育細學類,碩士班,176,19,3921.0,916.0,3745.0,897.0,0.04489,True,0.07978,0.02256,5.72,3.536,0.9556
109,01112,成人教育細學類,碩士班,5,2,371.0,91.0,366.0,89.0,0.01348,True,0.00227,0.0022,0.01,1.032,0.9556
109,01113,特殊教育細學類,碩士班,20,1,1279.0,222.0,1259.0,221.0,0.01564,True,0.00907,0.00758,0.15,1.197,0.9556
109,01114,教育行政細學類,碩士班,59,2,1108.0,244.0,1049.0,242.0,0.05325,True,0.02675,0.00632,2.04,4.233,0.9556
109,01115,課程與教學細學類,碩士班,27,1,668.0,120.0,641.0,119.0,0.04042,True,0.01224,0.00386,0.84,3.171,0.9556
109,01116,教育科技細學類,碩士班,2,2,352.0,106.0,350.0,104.0,0.00568,True,0.00091,0.00211,-0.12,0.431,0.9556
109,01118,技職教育細學類,碩士班,10,1,599.0,155.0,589.0,154.0,0.01669,True,0.00453,0.00355,0.1,1.276,0.9556
109,01121,幼兒師資教育細學類,碩士班,33,3,1100.0,221.0,1067.0,218.0,0.03,True,0.01496,0.00643,0.85,2.327,0.9556
109,01131,普通科目師資教育細學類,碩士班,14,4,1454.0,319.0,1440.0,315.0,0.00963,True,0.00635,0.00867,-0.23,0.732,0.9556
109,01141,專業科目師資教育細學類,碩士班,78,5,2001.0,460.0,1923.0,455.0,0.03898,True,0.03536,0.01158,2.38,3.054,0.9556
109,01199,其他教育細學類,碩士班,19,0,507.0,98.0,488.0,98.0,0.03748,True,0.00861,0.00294,0.57,2.929,0.9556
109,02111,視覺藝術細學類,碩士班,9,2,935.0,152.0,926.0,150.0,0.00963,True,0.00408,0.00558,-0.15,0.731,0.9556
109,02112,視覺傳達設計細學類,碩士班,15,4,1249.0,313.0,1234.0,309.0,0.01201,True,0.0068,0.00743,-0.06,0.915,0.9556
109,02121,應用藝術細學類,碩士班,7,2,409.0,94.0,402.0,92.0,0.01711,True,0.00317,0.00242,0.08,1.31,0.9556
109,02122,綜合設計細學類,碩士班,12,1,990.0,323.0,978.0,322.0,0.01212,True,0.00544,0.00589,-0.04,0.924,0.9556
109,02123,產品設計細學類,碩士班,6,0,899.0,232.0,893.0,232.0,0.00667,True,0.00272,0.00538,-0.27,0.506,0.9556
109,02124,空間設計細學類,碩士班,2,0,290.0,76.0,288.0,76.0,0.0069,True,0.00091,0.00173,-0.08,0.526,0.9556
109,02125,時尚設計與管理細學類,碩士班,3,0,241.0,54.0,238.0,54.0,0.01245,True,0.00136,0.00143,-0.01,0.951,0.9556
109,02131,純藝術細學類,碩士班,11,4,1713.0,331.0,1702.0,327.0,0.00642,True,0.00499,0.01025,-0.53,0.487,0.9556
109,02132,雕塑細學類,碩士班,0,0,29.0,7.0,29.0,7.0,0.0,True,0.0,0.00017,-0.02,0.0,0.9556
109,02141,美術工藝細學類,碩士班,0,0,140.0,53.0,140.0,53.0,0.0,True,0.0,0.00084,-0.08,0.0,0.9556
109,02151,音樂細學類,碩士班,41,8,2193.0,547.0,2152.0,539.0,0.0187,True,0.01859,0.01296,0.56,1.434,0.9556
109,02152,表演藝術細學類,碩士班,8,5,641.0,130.0,633.0,125.0,0.01248,True,0.00363,0.00381,-0.02,0.953,0.9556
109,02191,綜合藝術細學類,碩士班,27,4,737.0,158.0,710.0,154.0,0.03664,True,0.01224,0.00428,0.8,2.86,0.9556
109,02192,藝術行政細學類,碩士班,8,2,409.0,60.0,401.0,58.0,0.01956,True,0.00363,0.00242,0.12,1.5,0.9556
109,02199,其他藝術細學類,碩士班,7,0,206.0,62.0,199.0,62.0,0.03398,True,0.00317,0.0012,0.2,2.642,0.9556
109,02211,宗教細學類,碩士班,33,7,624.0,124.0,591.0,117.0,0.05288,True,0.01496,0.00356,1.14,4.202,0.9556
109,02221,歷史細學類,碩士班,8,1,963.0,194.0,955.0,193.0,0.00831,True,0.00363,0.00575,-0.21,0.631,0.9556
109,02222,人類學及民族學細學類,碩士班,40,6,183.0,32.0,143.0,26.0,0.21858,True,0.01813,0.00086,1.73,21.081,0.9556
109,02231,哲學細學類,碩士班,1,0,406.0,67.0,405.0,67.0,0.00246,True,0.00045,0.00244,-0.2,0.184,0.9556
109,02299,其他人文細學類,碩士班,30,0,1064.0,149.0,1034.0,149.0,0.0282,True,0.0136,0.00623,0.74,2.183,0.9556
109,02311,外國語文細學類,碩士班,26,3,2710.0,608.0,2684.0,605.0,0.00959,True,0.01179,0.01617,-0.44,0.729,0.9556
109,02312,翻譯細學類,碩士班,0,0,291.0,48.0,291.0,48.0,0.0,True,0.0,0.00175,-0.18,0.0,0.9556
109,02313,華語文為第二語言細學類,碩士班,1,1,347.0,70.0,346.0,69.0,0.00288,True,0.00045,0.00208,-0.16,0.216,0.9556
109,02321,臺灣語文細學類,碩士班,67,5,684.0,86.0,617.0,81.0,0.09795,True,0.03037,0.00372,2.66,8.164,0.9556
109,02322,中國語文細學類,碩士班,13,2,2232.0,435.0,2219.0,433.0,0.00582,True,0.00589,0.01336,-0.75,0.441,0.9556
109,02323,華語文細學類,碩士班,4,0,275.0,44.0,271.0,44.0,0.01455,True,0.00181,0.00163,0.02,1.11,0.9556
109,02399,其他語文細學類,碩士班,5,1,255.0,65.0,250.0,64.0,0.01961,True,0.00227,0.00151,0.08,1.503,0.9556
109,03111,經濟學細學類,碩士班,5,1,1232.0,526.0,1227.0,525.0,0.00406,True,0.00227,0.00739,-0.51,0.307,0.9556
109,03121,政治學細學類,碩士班,2,1,752.0,196.0,750.0,195.0,0.00266,True,0.00091,0.00452,-0.36,0.201,0.9556
109,03122,國際關係細學類,碩士班,6,10,595.0,226.0,589.0,216.0,0.01008,True,0.00272,0.00355,-0.08,0.766,0.9556
109,03131,心理學細學類,碩士班,21,4,3528.0,687.0,3507.0,683.0,0.00595,True,0.00952,0.02112,-1.16,0.451,0.9556
109,03141,社會學細學類,碩士班,64,2,906.0,212.0,842.0,210.0,0.07064,True,0.02901,0.00507,2.39,5.722,0.9556
109,03142,地理學細學類,碩士班,4,0,283.0,73.0,279.0,73.0,0.01413,True,0.00181,0.00168,0.01,1.077,0.9556
109,03143,區域研究細學類,碩士班,38,4,1318.0,317.0,1280.0,313.0,0.02883,True,0.01723,0.00771,0.95,2.235,0.9556
109,03191,發展研究細學類,碩士班,13,0,740.0,179.0,727.0,179.0,0.01757,True,0.00589,0.00438,0.15,1.345,0.9556
109,03199,其他社會及行為科學細學類,碩士班,65,9,876.0,182.0,811.0,173.0,0.0742,True,0.02947,0.00488,2.46,6.039,0.9556
109,03211,大眾傳播細學類,碩士班,15,5,864.0,219.0,849.0,214.0,0.01736,True,0.0068,0.00511,0.17,1.331,0.9556
109,03212,新聞細學類,碩士班,0,0,149.0,38.0,149.0,38.0,0.0,True,0.0,0.0009,-0.09,0.0,0.9556
109,03213,電子媒體細學類,碩士班,1,0,163.0,68.0,162.0,68.0,0.00613,True,0.00045,0.00098,-0.05,0.459,0.9556
109,03214,傳播細學類,碩士班,5,0,357.0,66.0,352.0,66.0,0.01401,True,0.00227,0.00212,0.01,1.071,0.9556
109,03222,圖書資訊檔案細學類,碩士班,1,0,383.0,86.0,382.0,86.0,0.00261,True,0.00045,0.0023,-0.18,0.196,0.9556
109,04111,會計及稅務細學類,碩士班,1,1,1782.0,783.0,1781.0,782.0,0.00056,True,0.00045,0.01073,-1.03,0.042,0.9556
109,04121,財務金融細學類,碩士班,10,6,3289.0,1500.0,3279.0,1494.0,0.00304,True,0.00453,0.01975,-1.52,0.229,0.9556
109,04122,財政細學類,碩士班,0,0,264.0,116.0,264.0,116.0,0.0,True,0.0,0.00159,-0.16,0.0,0.9556
109,04123,保險及風險管理細學類,碩士班,0,0,329.0,155.0,329.0,155.0,0.0,True,0.0,0.00198,-0.2,0.0,0.9556
109,04131,企業管理細學類,碩士班,132,52,14654.0,5886.0,14522.0,5834.0,0.00901,True,0.05984,0.08746,-2.76,0.684,0.9556
109,04132,流通及供應鏈細學類,碩士班,12,2,725.0,256.0,713.0,254.0,0.01655,True,0.00544,0.00429,0.12,1.268,0.9556
109,04133,醫療管理細學類,碩士班,12,4,856.0,348.0,844.0,344.0,0.01402,True,0.00544,0.00508,0.04,1.071,0.9556
109,04134,公共行政細學類,碩士班,85,15,2305.0,642.0,2220.0,627.0,0.03688,True,0.03853,0.01337,2.52,2.882,0.9556
109,04141,國際貿易細學類,碩士班,1,1,555.0,286.0,554.0,285.0,0.0018,True,0.00045,0.00334,-0.29,0.135,0.9556
109,04142,公共關係細學類,碩士班,0,0,72.0,22.0,72.0,22.0,0.0,True,0.0,0.00043,-0.04,0.0,0.9556
109,04143,行銷及廣告細學類,碩士班,7,1,540.0,141.0,533.0,140.0,0.01296,True,0.00317,0.00321,-0.0,0.988,0.9556
109,04161,批發及零售細學類,碩士班,0,0,,,,,,True,0.0,,,,0.9556
109,04191,一般商業細學類,碩士班,1,1,384.0,145.0,383.0,144.0,0.0026,True,0.00045,0.00231,-0.19,0.195,0.9556
109,04199,其他商業及管理細學類,碩士班,35,4,5275.0,1920.0,5240.0,1916.0,0.00664,True,0.01587,0.03156,-1.57,0.503,0.9556
109,04211,一般法律細學類,碩士班,93,1,3993.0,646.0,3900.0,645.0,0.02329,True,0.04216,0.02349,1.87,1.795,0.9556
109,04212,專業法律細學類,碩士班,19,3,2631.0,497.0,2612.0,494.0,0.00722,True,0.00861,0.01573,-0.71,0.547,0.9556
109,05111,生物學細學類,碩士班,1,1,814.0,226.0,813.0,225.0,0.00123,True,0.00045,0.0049,-0.44,0.092,0.9556
109,05121,生物科技細學類,碩士班,8,3,1764.0,606.0,1756.0,603.0,0.00454,True,0.00363,0.01058,-0.7,0.343,0.9556
109,05122,微生物細學類,碩士班,0,0,106.0,40.0,106.0,40.0,0.0,True,0.0,0.00064,-0.06,0.0,0.9556
109,05123,生物化學細學類,碩士班,1,0,295.0,145.0,294.0,145.0,0.00339,True,0.00045,0.00177,-0.13,0.254,0.9556
109,05124,生物訊息及遺傳細學類,碩士班,0,0,131.0,48.0,131.0,48.0,0.0,True,0.0,0.00079,-0.08,0.0,0.9556
109,05191,營養細學類,碩士班,2,1,361.0,151.0,359.0,150.0,0.00554,True,0.00091,0.00216,-0.12,0.421,0.9556
109,05199,其他生命科學細學類,碩士班,0,0,56.0,27.0,56.0,27.0,0.0,True,0.0,0.00034,-0.03,0.0,0.9556
109,05211,環境資源細學類,碩士班,35,3,531.0,161.0,496.0,158.0,0.06591,True,0.01587,0.00299,1.29,5.308,0.9556
109,05212,生態細學類,碩士班,0,0,93.0,16.0,93.0,16.0,0.0,True,0.0,0.00056,-0.06,0.0,0.9556
109,05291,環境防災細學類,碩士班,1,0,26.0,9.0,25.0,9.0,0.03846,True,0.00045,0.00015,0.03,3.0,0.9556
109,05292,水土保持細學類,碩士班,2,0,142.0,58.0,140.0,58.0,0.01408,True,0.00091,0.00084,0.01,1.083,0.9556
109,05299,其他環境細學類,碩士班,0,0,1.0,3.0,1.0,3.0,0.0,True,0.0,1e-05,-0.0,0.0,0.9556
109,05311,化學細學類,碩士班,10,1,1954.0,850.0,1944.0,849.0,0.00512,True,0.00453,0.01171,-0.72,0.387,0.9556
109,05321,地球科學及環境細學類,碩士班,3,0,402.0,142.0,399.0,142.0,0.00746,True,0.00136,0.0024,-0.1,0.567,0.9556
109,05322,大氣及太空科學細學類,碩士班,1,0,138.0,54.0,137.0,54.0,0.00725,True,0.00045,0.00083,-0.04,0.542,0.9556
109,05323,海洋科學細學類,碩士班,0,0,327.0,104.0,327.0,104.0,0.0,True,0.0,0.00197,-0.2,0.0,0.9556
109,05331,物理及應用物理細學類,碩士班,2,0,1333.0,472.0,1331.0,472.0,0.0015,True,0.00091,0.00802,-0.71,0.113,0.9556
109,05332,天文細學類,碩士班,1,0,60.0,15.0,59.0,15.0,0.01667,True,0.00045,0.00036,0.01,1.25,0.9556
109,05399,其他物理、化學及地球科學細學類,碩士班,2,2,379.0,120.0,377.0,118.0,0.00528,True,0.00091,0.00227,-0.14,0.401,0.9556
109,05411,數學細學類,碩士班,2,1,1030.0,397.0,1028.0,396.0,0.00194,True,0.00091,0.00619,-0.53,0.147,0.9556
109,05421,統計細學類,碩士班,1,0,664.0,287.0,663.0,287.0,0.00151,True,0.00045,0.00399,-0.35,0.113,0.9556
109,05499,其他數學及統計細學類,碩士班,0,0,46.0,35.0,46.0,35.0,0.0,True,0.0,0.00028,-0.03,0.0,0.9556
109,06111,電腦運用細學類,碩士班,1,0,306.0,83.0,305.0,83.0,0.00327,True,0.00045,0.00184,-0.14,0.245,0.9556
109,06121,資料庫、網路設計及管理細學類,碩士班,1,0,262.0,110.0,261.0,110.0,0.00382,True,0.00045,0.00157,-0.11,0.287,0.9556
109,06131,資訊技術細學類,碩士班,25,12,10182.0,3433.0,10157.0,3421.0,0.00246,True,0.01133,0.06117,-4.98,0.185,0.9556
109,06132,軟體開發細學類,碩士班,3,1,636.0,205.0,633.0,204.0,0.00472,True,0.00136,0.00381,-0.24,0.357,0.9556
109,06133,系統設計細學類,碩士班,2,0,155.0,78.0,153.0,78.0,0.0129,True,0.00091,0.00092,-0.0,0.989,0.9556
109,06134,電算機應用細學類,碩士班,15,12,664.0,222.0,649.0,210.0,0.02259,True,0.0068,0.00391,0.29,1.739,0.9556
109,06199,其他資訊通訊科技細學類,碩士班,0,0,61.0,39.0,61.0,39.0,0.0,True,0.0,0.00037,-0.04,0.0,0.9556
109,07111,化學工程細學類,碩士班,4,1,2898.0,1237.0,2894.0,1236.0,0.00138,True,0.00181,0.01743,-1.56,0.104,0.9556
109,07112,材料工程細學類,碩士班,3,4,2148.0,858.0,2145.0,854.0,0.0014,True,0.00136,0.01292,-1.16,0.105,0.9556
109,07121,環境工程細學類,碩士班,8,2,1861.0,664.0,1853.0,662.0,0.0043,True,0.00363,0.01116,-0.75,0.325,0.9556
109,07122,河海工程細學類,碩士班,0,1,371.0,169.0,371.0,168.0,0.0,True,0.0,0.00223,-0.22,0.0,0.9556
109,07132,能源工程細學類,碩士班,3,1,547.0,208.0,544.0,207.0,0.00548,True,0.00136,0.00328,-0.19,0.415,0.9556
109,07141,電機與電子工程細學類,碩士班,41,16,15579.0,5281.0,15538.0,5265.0,0.00263,True,0.01859,0.09358,-7.5,0.199,0.9556
109,07151,機械工程細學類,碩士班,18,7,6632.0,2510.0,6614.0,2503.0,0.00271,True,0.00816,0.03984,-3.17,0.205,0.9556
109,07161,車輛工程細學類,碩士班,2,1,265.0,116.0,263.0,115.0,0.00755,True,0.00091,0.00158,-0.07,0.576,0.9556
109,07162,航空工程細學類,碩士班,1,0,475.0,181.0,474.0,181.0,0.00211,True,0.00045,0.00285,-0.24,0.158,0.9556
109,07163,造船工程細學類,碩士班,0,0,246.0,99.0,246.0,99.0,0.0,True,0.0,0.00148,-0.15,0.0,0.9556
109,07191,工業工程細學類,碩士班,17,4,2600.0,1115.0,2583.0,1111.0,0.00654,True,0.00771,0.01556,-0.78,0.496,0.9556
109,07192,紡織工程細學類,碩士班,0,0,65.0,29.0,65.0,29.0,0.0,True,0.0,0.00039,-0.04,0.0,0.9556
109,07193,生醫工程細學類,碩士班,3,2,1309.0,440.0,1306.0,438.0,0.00229,True,0.00136,0.00787,-0.65,0.173,0.9556
109,07194,綜合工程細學類,碩士班,3,0,475.0,204.0,472.0,204.0,0.00632,True,0.00136,0.00284,-0.15,0.479,0.9556
109,07199,其他工程及工程業細學類,碩士班,0,0,616.0,122.0,616.0,122.0,0.0,True,0.0,0.00371,-0.37,0.0,0.9556
109,07211,食品科學細學類,碩士班,7,0,1193.0,445.0,1186.0,445.0,0.00587,True,0.00317,0.00714,-0.4,0.444,0.9556
109,07311,建築細學類,碩士班,9,2,1517.0,365.0,1508.0,363.0,0.00593,True,0.00408,0.00908,-0.5,0.449,0.9556
109,07312,景觀設計細學類,碩士班,6,0,198.0,48.0,192.0,48.0,0.0303,True,0.00272,0.00116,0.16,2.345,0.9556
109,07313,都巿規劃細學類,碩士班,6,2,438.0,115.0,432.0,113.0,0.0137,True,0.00272,0.0026,0.01,1.046,0.9556
109,07321,土木工程細學類,碩士班,30,9,3210.0,1344.0,3180.0,1335.0,0.00935,True,0.0136,0.01915,-0.56,0.71,0.9556
109,07322,空間資訊及測繪細學類,碩士班,0,0,61.0,33.0,61.0,33.0,0.0,True,0.0,0.00037,-0.04,0.0,0.9556
109,08111,農作物生產細學類,碩士班,1,0,346.0,67.0,345.0,67.0,0.00289,True,0.00045,0.00208,-0.16,0.216,0.9556
109,08112,畜牧生產細學類,碩士班,0,0,214.0,87.0,214.0,87.0,0.0,True,0.0,0.00129,-0.13,0.0,0.9556
109,08121,園藝細學類,碩士班,1,0,252.0,82.0,251.0,82.0,0.00397,True,0.00045,0.00151,-0.11,0.298,0.9556
109,08192,農業生物技術細學類,碩士班,0,0,50.0,17.0,50.0,17.0,0.0,True,0.0,0.0003,-0.03,0.0,0.9556
109,08193,農業經濟及推廣細學類,碩士班,3,1,442.0,142.0,439.0,141.0,0.00679,True,0.00136,0.00264,-0.13,0.515,0.9556
109,08194,植物保護細學類,碩士班,0,0,192.0,59.0,192.0,59.0,0.0,True,0.0,0.00116,-0.12,0.0,0.9556
109,08199,其他農業細學類,碩士班,2,0,66.0,17.0,64.0,17.0,0.0303,True,0.00091,0.00039,0.05,2.333,0.9556
109,08211,林業細學類,碩士班,11,0,308.0,101.0,297.0,101.0,0.03571,True,0.00499,0.00179,0.32,2.788,0.9556
109,08311,漁業科學細學類,碩士班,1,0,130.0,44.0,129.0,44.0,0.00769,True,0.00045,0.00078,-0.03,0.577,0.9556
109,08312,水產養殖細學類,碩士班,2,0,186.0,63.0,184.0,63.0,0.01075,True,0.00091,0.00111,-0.02,0.82,0.9556
109,08411,獸醫細學類,碩士班,0,0,228.0,82.0,228.0,82.0,0.0,True,0.0,0.00137,-0.14,0.0,0.9556
109,09111,牙醫細學類,碩士班,0,1,379.0,110.0,379.0,109.0,0.0,True,0.0,0.00228,-0.23,0.0,0.9556
109,09121,醫學細學類,碩士班,5,0,1316.0,443.0,1311.0,443.0,0.0038,True,0.00227,0.0079,-0.56,0.287,0.9556
109,09131,護理及助產細學類,碩士班,56,7,2157.0,454.0,2101.0,447.0,0.02596,True,0.02539,0.01265,1.27,2.007,0.9556
109,09141,醫學技術及檢驗細學類,碩士班,9,2,658.0,271.0,649.0,269.0,0.01368,True,0.00408,0.00391,0.02,1.043,0.9556
109,09151,物理治療細學類,碩士班,2,0,245.0,55.0,243.0,55.0,0.00816,True,0.00091,0.00146,-0.05,0.623,0.9556
109,09152,職能治療細學類,碩士班,1,0,119.0,40.0,118.0,40.0,0.0084,True,0.00045,0.00071,-0.03,0.634,0.9556
109,09153,語言治療與聽力細學類,碩士班,0,0,101.0,19.0,101.0,19.0,0.0,True,0.0,0.00061,-0.06,0.0,0.9556
109,09159,其他治療及復健細學類,碩士班,2,0,111.0,31.0,109.0,31.0,0.01802,True,0.00091,0.00066,0.02,1.379,0.9556
109,09161,藥學細學類,碩士班,2,1,675.0,283.0,673.0,282.0,0.00296,True,0.00091,0.00405,-0.31,0.225,0.9556
109,09171,傳統醫學、輔助醫學及治療細學類,碩士班,3,0,234.0,77.0,231.0,77.0,0.01282,True,0.00136,0.00139,-0.0,0.978,0.9556
109,09191,公共衛生細學類,碩士班,13,3,1139.0,404.0,1126.0,401.0,0.01141,True,0.00589,0.00678,-0.09,0.869,0.9556
109,09199,其他醫藥衛生細學類,碩士班,4,1,234.0,56.0,230.0,55.0,0.01709,True,0.00181,0.00139,0.04,1.302,0.9556
109,09211,老年照顧服務細學類,碩士班,18,2,456.0,99.0,438.0,97.0,0.03947,True,0.00816,0.00264,0.55,3.091,0.9556
109,09212,失能者照顧細學類,碩士班,3,0,91.0,26.0,88.0,26.0,0.03297,True,0.00136,0.00053,0.08,2.566,0.9556
109,09221,兒童及青少年照顧服務細學類,碩士班,10,1,547.0,108.0,537.0,107.0,0.01828,True,0.00453,0.00323,0.13,1.402,0.9556
109,09231,社會工作細學類,碩士班,76,8,1098.0,192.0,1022.0,184.0,0.06922,True,0.03445,0.00616,2.83,5.593,0.9556
109,09299,其他社會福利細學類,碩士班,17,4,66.0,7.0,49.0,3.0,0.25758,True,0.00771,0.0003,0.74,25.7,0.9556
109,10111,家政服務細學類,碩士班,3,0,146.0,31.0,143.0,31.0,0.02055,True,0.00136,0.00086,0.05,1.581,0.9556
109,10121,美髮美容服務細學類,碩士班,3,0,252.0,71.0,249.0,71.0,0.0119,True,0.00136,0.0015,-0.01,0.907,0.9556
109,10131,旅館及餐飲細學類,碩士班,5,0,431.0,167.0,426.0,167.0,0.0116,True,0.00227,0.00257,-0.03,0.883,0.9556
109,10141,競技運動細學類,碩士班,54,7,666.0,185.0,612.0,178.0,0.08108,True,0.02448,0.00369,2.08,6.634,0.9556
109,10142,運動科技細學類,碩士班,7,0,292.0,72.0,285.0,72.0,0.02397,True,0.00317,0.00172,0.15,1.843,0.9556
109,10151,旅遊觀光細學類,碩士班,41,6,1367.0,481.0,1326.0,475.0,0.02999,True,0.01859,0.00799,1.06,2.327,0.9556
109,10152,遊憩、運動和休閒管理細學類,碩士班,77,14,1834.0,677.0,1757.0,663.0,0.04198,True,0.0349,0.01058,2.43,3.299,0.9556
109,10199,其他餐旅及民生服務細學類,碩士班,12,1,195.0,49.0,183.0,48.0,0.06154,True,0.00544,0.0011,0.43,4.945,0.9556
109,10221,職業衛生及安全細學類,碩士班,2,0,191.0,79.0,189.0,79.0,0.01047,True,0.00091,0.00114,-0.02,0.798,0.9556
109,10321,警政細學類,碩士班,0,0,28.0,16.0,28.0,16.0,0.0,True,0.0,0.00017,-0.02,0.0,0.9556
109,10411,運輸管理細學類,碩士班,0,1,445.0,187.0,445.0,186.0,0.0,True,0.0,0.00268,-0.27,0.0,0.9556
109,10412,航運管理細學類,碩士班,4,0,318.0,121.0,314.0,121.0,0.01258,True,0.00181,0.00189,-0.01,0.958,0.9556
109,10413,空運管理細學類,碩士班,1,1,42.0,7.0,41.0,6.0,0.02381,True,0.00045,0.00025,0.02,1.8,0.9556
109,10414,航海細學類,碩士班,0,0,95.0,33.0,95.0,33.0,0.0,True,0.0,0.00057,-0.06,0.0,0.9556
109,10499,其他運輸服務細學類,碩士班,0,0,,,,,,True,0.0,,,,0.9556
109,99999,其他細學類,碩士班,9,0,308.0,58.0,299.0,58.0,0.02922,False,,,,,0.9556
109,01111,綜合教育細學類,總計,321,42,8236.0,1779.0,7915.0,1737.0,0.03898,True,0.01178,0.00707,0.47,1.666,0.9556
109,01112,成人教育細學類,總計,6,2,587.0,131.0,581.0,129.0,0.01022,True,0.00022,0.00052,-0.03,0.423,0.9556
109,01113,特殊教育細學類,總計,82,17,3775.0,825.0,3693.0,808.0,0.02172,True,0.00301,0.0033,-0.03,0.912,0.9556
109,01114,教育行政細學類,總計,74,7,2030.0,456.0,1956.0,449.0,0.03645,True,0.00272,0.00175,0.1,1.554,0.9556
109,01115,課程與教學細學類,總計,28,1,795.0,139.0,767.0,138.0,0.03522,True,0.00103,0.00068,0.04,1.515,0.9556
109,01116,教育科技細學類,總計,30,4,1422.0,338.0,1392.0,334.0,0.0211,True,0.0011,0.00124,-0.01,0.887,0.9556
109,01118,技職教育細學類,總計,11,1,851.0,186.0,840.0,185.0,0.01293,True,0.0004,0.00075,-0.03,0.533,0.9556
109,01121,幼兒師資教育細學類,總計,232,34,5211.0,1210.0,4979.0,1176.0,0.04452,True,0.00852,0.00445,0.41,1.915,0.9556
109,01131,普通科目師資教育細學類,總計,98,19,4985.0,1138.0,4887.0,1119.0,0.01966,True,0.0036,0.00436,-0.08,0.826,0.9556
109,01141,專業科目師資教育細學類,總計,345,48,6864.0,1451.0,6519.0,1403.0,0.05026,True,0.01266,0.00582,0.68,2.175,0.9556
109,01199,其他教育細學類,總計,25,0,952.0,163.0,927.0,163.0,0.02626,True,0.00092,0.00083,0.01,1.108,0.9556
109,02111,視覺藝術細學類,總計,132,17,5149.0,1310.0,5017.0,1293.0,0.02564,True,0.00484,0.00448,0.04,1.08,0.9556
109,02112,視覺傳達設計細學類,總計,428,86,25534.0,5947.0,25106.0,5861.0,0.01676,True,0.01571,0.02242,-0.67,0.701,0.9556
109,02121,應用藝術細學類,總計,38,12,1963.0,438.0,1925.0,426.0,0.01936,True,0.00139,0.00172,-0.03,0.808,0.9556
109,02122,綜合設計細學類,總計,410,84,14733.0,3227.0,14323.0,3143.0,0.02783,True,0.01505,0.01279,0.23,1.177,0.9556
109,02123,產品設計細學類,總計,183,27,11288.0,2903.0,11105.0,2876.0,0.01621,True,0.00672,0.00992,-0.32,0.677,0.9556
109,02124,空間設計細學類,總計,108,18,6480.0,1391.0,6372.0,1373.0,0.01667,True,0.00396,0.00569,-0.17,0.696,0.9556
109,02125,時尚設計與管理細學類,總計,87,5,3577.0,1035.0,3490.0,1030.0,0.02432,True,0.00319,0.00312,0.01,1.022,0.9556
109,02131,純藝術細學類,總計,77,14,6732.0,1363.0,6655.0,1349.0,0.01144,True,0.00283,0.00594,-0.31,0.476,0.9556
109,02132,雕塑細學類,總計,2,1,189.0,45.0,187.0,44.0,0.01058,True,7e-05,0.00017,-0.01,0.412,0.9556
109,02141,美術工藝細學類,總計,116,6,1247.0,327.0,1131.0,321.0,0.09302,True,0.00426,0.00101,0.32,4.218,0.9556
109,02151,音樂細學類,總計,327,33,9276.0,1780.0,8949.0,1747.0,0.03525,True,0.012,0.00799,0.4,1.502,0.9556
109,02152,表演藝術細學類,總計,432,56,7493.0,1273.0,7061.0,1217.0,0.05765,True,0.01586,0.0063,0.96,2.517,0.9556
109,02191,綜合藝術細學類,總計,56,6,2043.0,388.0,1987.0,382.0,0.02741,True,0.00206,0.00177,0.03,1.164,0.9556
109,02192,藝術行政細學類,總計,17,4,899.0,152.0,882.0,148.0,0.01891,True,0.00062,0.00079,-0.02,0.785,0.9556
109,02199,其他藝術細學類,總計,80,9,1405.0,340.0,1325.0,331.0,0.05694,True,0.00294,0.00118,0.18,2.492,0.9556
109,02211,宗教細學類,總計,48,13,1397.0,287.0,1349.0,274.0,0.03436,True,0.00176,0.0012,0.06,1.467,0.9556
109,02221,歷史細學類,總計,80,19,5469.0,1153.0,5389.0,1134.0,0.01463,True,0.00294,0.00481,-0.19,0.611,0.9556
109,02222,人類學及民族學細學類,總計,156,32,763.0,134.0,607.0,102.0,0.20446,True,0.00573,0.00054,0.52,10.611,0.9556
109,02231,哲學細學類,總計,21,6,2369.0,483.0,2348.0,477.0,0.00886,True,0.00077,0.0021,-0.13,0.367,0.9556
109,02299,其他人文細學類,總計,252,64,4250.0,717.0,3998.0,653.0,0.05929,True,0.00925,0.00357,0.57,2.591,0.9556
109,02311,外國語文細學類,總計,1023,187,62834.0,14152.0,61811.0,13965.0,0.01628,True,0.03755,0.05519,-1.76,0.68,0.9556
109,02312,翻譯細學類,總計,7,1,881.0,220.0,874.0,219.0,0.00795,True,0.00026,0.00078,-0.05,0.333,0.9556
109,02313,華語文為第二語言細學類,總計,5,1,815.0,166.0,810.0,165.0,0.00613,True,0.00018,0.00072,-0.05,0.25,0.9556
109,02321,臺灣語文細學類,總計,251,15,2001.0,306.0,1750.0,291.0,0.12544,True,0.00921,0.00156,0.76,5.904,0.9556
109,02322,中國語文細學類,總計,161,26,13806.0,3150.0,13645.0,3124.0,0.01166,True,0.00591,0.01218,-0.63,0.485,0.9556
109,02323,華語文細學類,總計,30,9,2207.0,403.0,2177.0,394.0,0.01359,True,0.0011,0.00194,-0.08,0.567,0.9556
109,02399,其他語文細學類,總計,8,2,332.0,78.0,324.0,76.0,0.0241,True,0.00029,0.00029,0.0,1.0,0.9556
109,03111,經濟學細學類,總計,84,18,10665.0,2854.0,10581.0,2836.0,0.00788,True,0.00308,0.00945,-0.64,0.326,0.9556
109,03121,政治學細學類,總計,51,12,4000.0,858.0,3949.0,846.0,0.01275,True,0.00187,0.00353,-0.17,0.53,0.9556
109,03122,國際關係細學類,總計,17,14,1750.0,450.0,1733.0,436.0,0.00971,True,0.00062,0.00155,-0.09,0.4,0.9556
109,03131,心理學細學類,總計,212,42,10641.0,2377.0,10429.0,2335.0,0.01992,True,0.00778,0.00931,-0.15,0.836,0.9556
109,03141,社會學細學類,總計,368,59,5092.0,1144.0,4724.0,1085.0,0.07227,True,0.01351,0.00422,0.93,3.201,0.9556
109,03142,地理學細學類,總計,41,6,1442.0,315.0,1401.0,309.0,0.02843,True,0.0015,0.00125,0.02,1.2,0.9556
109,03143,區域研究細學類,總計,56,9,3111.0,680.0,3055.0,671.0,0.018,True,0.00206,0.00273,-0.07,0.755,0.9556
109,03191,發展研究細學類,總計,21,1,1195.0,278.0,1174.0,277.0,0.01757,True,0.00077,0.00105,-0.03,0.733,0.9556
109,03199,其他社會及行為科學細學類,總計,140,37,1949.0,416.0,1809.0,379.0,0.07183,True,0.00514,0.00162,0.35,3.173,0.9556
109,03211,大眾傳播細學類,總計,184,36,6252.0,1537.0,6068.0,1501.0,0.02943,True,0.00675,0.00542,0.13,1.245,0.9556
109,03212,新聞細學類,總計,49,11,1923.0,525.0,1874.0,514.0,0.02548,True,0.0018,0.00167,0.01,1.078,0.9556
109,03213,電子媒體細學類,總計,53,11,2319.0,634.0,2266.0,623.0,0.02285,True,0.00195,0.00202,-0.01,0.965,0.9556
109,03214,傳播細學類,總計,85,20,4641.0,984.0,4556.0,964.0,0.01832,True,0.00312,0.00407,-0.09,0.767,0.9556
109,03222,圖書資訊檔案細學類,總計,1,2,1442.0,309.0,1441.0,307.0,0.00069,True,4e-05,0.00129,-0.12,0.031,0.9556
109,04111,會計及稅務細學類,總計,148,31,18969.0,4948.0,18821.0,4917.0,0.0078,True,0.00543,0.0168,-1.14,0.323,0.9556
109,04121,財務金融細學類,總計,315,66,30538.0,8245.0,30223.0,8179.0,0.01032,True,0.01156,0.02699,-1.54,0.428,0.9556
109,04122,財政細學類,總計,57,11,3635.0,957.0,3578.0,946.0,0.01568,True,0.00209,0.00319,-0.11,0.655,0.9556
109,04123,保險及風險管理細學類,總計,44,5,4535.0,1142.0,4491.0,1137.0,0.0097,True,0.00161,0.00401,-0.24,0.401,0.9556
109,04131,企業管理細學類,總計,1289,343,71633.0,19252.0,70344.0,18909.0,0.01799,True,0.04731,0.06281,-1.55,0.753,0.9556
109,04132,流通及供應鏈細學類,總計,410,93,13558.0,3322.0,13148.0,3229.0,0.03024,True,0.01505,0.01174,0.33,1.282,0.9556
109,04133,醫療管理細學類,總計,190,45,6612.0,1700.0,6422.0,1655.0,0.02874,True,0.00697,0.00573,0.12,1.216,0.9556
109,04134,公共行政細學類,總計,314,91,7973.0,2034.0,7659.0,1943.0,0.03938,True,0.01152,0.00684,0.47,1.684,0.9556
109,04141,國際貿易細學類,總計,112,28,12797.0,3511.0,12685.0,3483.0,0.00875,True,0.00411,0.01133,-0.72,0.363,0.9556
109,04142,公共關係細學類,總計,4,0,120.0,46.0,116.0,46.0,0.03333,True,0.00015,0.0001,0.0,1.5,0.9556
109,04143,行銷及廣告細學類,總計,300,143,10199.0,2761.0,9899.0,2618.0,0.02941,True,0.01101,0.00884,0.22,1.245,0.9556
109,04161,批發及零售細學類,總計,3,0,182.0,0.0,179.0,0.0,0.01648,True,0.00011,0.00016,-0.01,0.688,0.9556
109,04191,一般商業細學類,總計,280,74,4067.0,517.0,3787.0,443.0,0.06885,True,0.01028,0.00338,0.69,3.041,0.9556
109,04199,其他商業及管理細學類,總計,284,50,17271.0,4966.0,16987.0,4916.0,0.01644,True,0.01042,0.01517,-0.47,0.687,0.9556
109,04211,一般法律細學類,總計,405,49,11880.0,2788.0,11475.0,2739.0,0.03409,True,0.01486,0.01025,0.46,1.45,0.9556
109,04212,專業法律細學類,總計,89,19,5818.0,1502.0,5729.0,1483.0,0.0153,True,0.00327,0.00512,-0.19,0.639,0.9556
109,05111,生物學細學類,總計,33,5,4731.0,1111.0,4698.0,1106.0,0.00698,True,0.00121,0.00419,-0.3,0.289,0.9556
109,05121,生物科技細學類,總計,79,11,9300.0,2380.0,9221.0,2369.0,0.00849,True,0.0029,0.00823,-0.53,0.352,0.9556
109,05122,微生物細學類,總計,1,0,341.0,95.0,340.0,95.0,0.00293,True,4e-05,0.0003,-0.03,0.133,0.9556
109,05123,生物化學細學類,總計,1,0,764.0,249.0,763.0,249.0,0.00131,True,4e-05,0.00068,-0.06,0.059,0.9556
109,05124,生物訊息及遺傳細學類,總計,0,1,304.0,87.0,304.0,86.0,0.0,True,0.0,0.00027,-0.03,0.0,0.9556
109,05191,營養細學類,總計,107,28,7777.0,1989.0,7670.0,1961.0,0.01376,True,0.00393,0.00685,-0.29,0.574,0.9556
109,05199,其他生命科學細學類,總計,8,0,501.0,128.0,493.0,128.0,0.01597,True,0.00029,0.00044,-0.02,0.659,0.9556
109,05211,環境資源細學類,總計,44,5,1511.0,380.0,1467.0,375.0,0.02912,True,0.00161,0.00131,0.03,1.229,0.9556
109,05212,生態細學類,總計,8,0,428.0,93.0,420.0,93.0,0.01869,True,0.00029,0.00038,-0.01,0.763,0.9556
109,05291,環境防災細學類,總計,1,0,26.0,9.0,25.0,9.0,0.03846,True,4e-05,2e-05,0.0,2.0,0.9556
109,05292,水土保持細學類,總計,8,2,603.0,164.0,595.0,162.0,0.01327,True,0.00029,0.00053,-0.02,0.547,0.9556
109,05299,其他環境細學類,總計,0,1,27.0,30.0,27.0,29.0,0.0,True,0.0,2e-05,-0.0,0.0,0.9556
109,05311,化學細學類,總計,42,2,8872.0,2386.0,8830.0,2384.0,0.00473,True,0.00154,0.00788,-0.63,0.195,0.9556
109,05321,地球科學及環境細學類,總計,8,1,1792.0,399.0,1784.0,398.0,0.00446,True,0.00029,0.00159,-0.13,0.182,0.9556
109,05322,大氣及太空科學細學類,總計,6,0,799.0,214.0,793.0,214.0,0.00751,True,0.00022,0.00071,-0.05,0.31,0.9556
109,05323,海洋科學細學類,總計,4,0,871.0,231.0,867.0,231.0,0.00459,True,0.00015,0.00077,-0.06,0.195,0.9556
109,05331,物理及應用物理細學類,總計,18,5,6906.0,1658.0,6888.0,1653.0,0.00261,True,0.00066,0.00615,-0.55,0.107,0.9556
109,05332,天文細學類,總計,1,0,99.0,19.0,98.0,19.0,0.0101,True,4e-05,9e-05,-0.0,0.444,0.9556
109,05399,其他物理、化學及地球科學細學類,總計,14,3,1731.0,375.0,1717.0,372.0,0.00809,True,0.00051,0.00153,-0.1,0.333,0.9556
109,05411,數學細學類,總計,32,6,8006.0,1831.0,7974.0,1825.0,0.004,True,0.00117,0.00712,-0.6,0.164,0.9556
109,05421,統計細學類,總計,6,3,3972.0,1025.0,3966.0,1022.0,0.00151,True,0.00022,0.00354,-0.33,0.062,0.9556
109,05499,其他數學及統計細學類,總計,1,0,879.0,205.0,878.0,205.0,0.00114,True,4e-05,0.00078,-0.07,0.051,0.9556
109,06111,電腦運用細學類,總計,28,11,2694.0,542.0,2666.0,531.0,0.01039,True,0.00103,0.00238,-0.14,0.433,0.9556
109,06121,資料庫、網路設計及管理細學類,總計,46,8,2502.0,649.0,2456.0,641.0,0.01839,True,0.00169,0.00219,-0.05,0.772,0.9556
109,06131,資訊技術細學類,總計,583,101,62459.0,14909.0,61876.0,14808.0,0.00933,True,0.0214,0.05525,-3.39,0.387,0.9556
109,06132,軟體開發細學類,總計,32,6,4976.0,1071.0,4944.0,1065.0,0.00643,True,0.00117,0.00441,-0.32,0.265,0.9556
109,06133,系統設計細學類,總計,28,4,2128.0,561.0,2100.0,557.0,0.01316,True,0.00103,0.00188,-0.08,0.548,0.9556
109,06134,電算機應用細學類,總計,42,19,4484.0,1077.0,4442.0,1058.0,0.00937,True,0.00154,0.00397,-0.24,0.388,0.9556
109,06199,其他資訊通訊科技細學類,總計,12,1,1000.0,272.0,988.0,271.0,0.012,True,0.00044,0.00088,-0.04,0.5,0.9556
109,07111,化學工程細學類,總計,59,8,14834.0,3870.0,14775.0,3862.0,0.00398,True,0.00217,0.01319,-1.1,0.165,0.9556
109,07112,材料工程細學類,總計,44,12,8515.0,2196.0,8471.0,2184.0,0.00517,True,0.00161,0.00756,-0.6,0.213,0.9556
109,07121,環境工程細學類,總計,95,9,9616.0,2382.0,9521.0,2373.0,0.00988,True,0.00349,0.0085,-0.5,0.411,0.9556
109,07122,河海工程細學類,總計,16,6,2089.0,462.0,2073.0,456.0,0.00766,True,0.00059,0.00185,-0.13,0.319,0.9556
109,07132,能源工程細學類,總計,24,8,2903.0,751.0,2879.0,743.0,0.00827,True,0.00088,0.00257,-0.17,0.342,0.9556
109,07141,電機與電子工程細學類,總計,584,90,81429.0,19590.0,80845.0,19500.0,0.00717,True,0.02143,0.07218,-5.07,0.297,0.9556
109,07151,機械工程細學類,總計,493,71,47877.0,11520.0,47384.0,11449.0,0.0103,True,0.01809,0.04231,-2.42,0.428,0.9556
109,07161,車輛工程細學類,總計,67,8,2920.0,526.0,2853.0,518.0,0.02295,True,0.00246,0.00255,-0.01,0.965,0.9556
109,07162,航空工程細學類,總計,66,10,4336.0,956.0,4270.0,946.0,0.01522,True,0.00242,0.00381,-0.14,0.635,0.9556
109,07163,造船工程細學類,總計,30,3,2214.0,515.0,2184.0,512.0,0.01355,True,0.0011,0.00195,-0.08,0.564,0.9556
109,07191,工業工程細學類,總計,135,36,13437.0,3717.0,13302.0,3681.0,0.01005,True,0.00495,0.01188,-0.69,0.417,0.9556
109,07192,紡織工程細學類,總計,6,0,1042.0,234.0,1036.0,234.0,0.00576,True,0.00022,0.00093,-0.07,0.237,0.9556
109,07193,生醫工程細學類,總計,27,3,4312.0,1007.0,4285.0,1004.0,0.00626,True,0.00099,0.00383,-0.28,0.258,0.9556
109,07194,綜合工程細學類,總計,8,0,1818.0,384.0,1810.0,384.0,0.0044,True,0.00029,0.00162,-0.13,0.179,0.9556
109,07199,其他工程及工程業細學類,總計,3,1,1826.0,175.0,1823.0,174.0,0.00164,True,0.00011,0.00163,-0.15,0.067,0.9556
109,07211,食品科學細學類,總計,118,22,9278.0,2217.0,9160.0,2195.0,0.01272,True,0.00433,0.00818,-0.38,0.529,0.9556
109,07311,建築細學類,總計,102,16,8812.0,1799.0,8710.0,1783.0,0.01158,True,0.00374,0.00778,-0.4,0.481,0.9556
109,07312,景觀設計細學類,總計,40,4,2317.0,506.0,2277.0,502.0,0.01726,True,0.00147,0.00203,-0.06,0.724,0.9556
109,07313,都巿規劃細學類,總計,14,7,1864.0,465.0,1850.0,458.0,0.00751,True,0.00051,0.00165,-0.11,0.309,0.9556
109,07321,土木工程細學類,總計,454,64,16664.0,4248.0,16210.0,4184.0,0.02724,True,0.01666,0.01447,0.22,1.151,0.9556
109,07322,空間資訊及測繪細學類,總計,1,1,393.0,95.0,392.0,94.0,0.00254,True,4e-05,0.00035,-0.03,0.114,0.9556
109,08111,農作物生產細學類,總計,25,6,1781.0,381.0,1756.0,375.0,0.01404,True,0.00092,0.00157,-0.06,0.586,0.9556
109,08112,畜牧生產細學類,總計,21,3,2427.0,499.0,2406.0,496.0,0.00865,True,0.00077,0.00215,-0.14,0.358,0.9556
109,08121,園藝細學類,總計,42,8,1697.0,409.0,1655.0,401.0,0.02475,True,0.00154,0.00148,0.01,1.041,0.9556
109,08192,農業生物技術細學類,總計,4,1,273.0,65.0,269.0,64.0,0.01465,True,0.00015,0.00024,-0.01,0.625,0.9556
109,08193,農業經濟及推廣細學類,總計,34,4,1564.0,347.0,1530.0,343.0,0.02174,True,0.00125,0.00137,-0.01,0.912,0.9556
109,08194,植物保護細學類,總計,9,2,891.0,234.0,882.0,232.0,0.0101,True,0.00033,0.00079,-0.05,0.418,0.9556
109,08199,其他農業細學類,總計,62,3,1172.0,148.0,1110.0,145.0,0.0529,True,0.00228,0.00099,0.13,2.303,0.9556
109,08211,林業細學類,總計,58,11,2273.0,545.0,2215.0,534.0,0.02552,True,0.00213,0.00198,0.01,1.076,0.9556
109,08311,漁業科學細學類,總計,9,2,693.0,171.0,684.0,169.0,0.01299,True,0.00033,0.00061,-0.03,0.541,0.9556
109,08312,水產養殖細學類,總計,16,3,1819.0,393.0,1803.0,390.0,0.0088,True,0.00059,0.00161,-0.1,0.366,0.9556
109,08411,獸醫細學類,總計,31,1,1976.0,399.0,1945.0,398.0,0.01569,True,0.00114,0.00174,-0.06,0.655,0.9556
109,09111,牙醫細學類,總計,136,13,6112.0,1104.0,5976.0,1091.0,0.02225,True,0.00499,0.00534,-0.04,0.934,0.9556
109,09121,醫學細學類,總計,152,21,10288.0,2380.0,10136.0,2359.0,0.01477,True,0.00558,0.00905,-0.35,0.617,0.9556
109,09131,護理及助產細學類,總計,3334,619,27634.0,14669.0,24300.0,14050.0,0.12065,True,0.12237,0.0217,10.07,5.639,0.9556
109,09141,醫學技術及檢驗細學類,總計,304,47,14111.0,3260.0,13807.0,3213.0,0.02154,True,0.01116,0.01233,-0.12,0.905,0.9556
109,09151,物理治療細學類,總計,181,20,5265.0,945.0,5084.0,925.0,0.03438,True,0.00664,0.00454,0.21,1.463,0.9556
109,09152,職能治療細學類,總計,66,4,2214.0,476.0,2148.0,472.0,0.02981,True,0.00242,0.00192,0.05,1.26,0.9556
109,09153,語言治療與聽力細學類,總計,16,3,1449.0,244.0,1433.0,241.0,0.01104,True,0.00059,0.00128,-0.07,0.461,0.9556
109,09159,其他治療及復健細學類,總計,60,6,558.0,320.0,498.0,314.0,0.10753,True,0.0022,0.00044,0.18,5.0,0.9556
109,09161,藥學細學類,總計,65,16,4132.0,1703.0,4067.0,1687.0,0.01573,True,0.00239,0.00363,-0.12,0.658,0.9556
109,09171,傳統醫學、輔助醫學及治療細學類,總計,13,5,1147.0,371.0,1134.0,366.0,0.01133,True,0.00048,0.00101,-0.05,0.475,0.9556
109,09191,公共衛生細學類,總計,145,13,4656.0,1055.0,4511.0,1042.0,0.03114,True,0.00532,0.00403,0.13,1.32,0.9556
109,09199,其他醫藥衛生細學類,總計,29,12,1946.0,431.0,1917.0,419.0,0.0149,True,0.00106,0.00171,-0.06,0.62,0.9556
109,09211,老年照顧服務細學類,總計,222,51,5594.0,1266.0,5372.0,1215.0,0.03969,True,0.00815,0.0048,0.34,1.698,0.9556
109,09212,失能者照顧細學類,總計,4,0,198.0,26.0,194.0,26.0,0.0202,True,0.00015,0.00017,-0.0,0.882,0.9556
109,09221,兒童及青少年照顧服務細學類,總計,706,150,13216.0,3136.0,12510.0,2986.0,0.05342,True,0.02591,0.01117,1.47,2.32,0.9556
109,09231,社會工作細學類,總計,1072,193,11082.0,2672.0,10010.0,2479.0,0.09673,True,0.03935,0.00894,3.04,4.402,0.9556
109,09299,其他社會福利細學類,總計,55,7,1016.0,160.0,961.0,153.0,0.05413,True,0.00202,0.00086,0.12,2.349,0.9556
109,10111,家政服務細學類,總計,16,2,1096.0,297.0,1080.0,295.0,0.0146,True,0.00059,0.00096,-0.04,0.615,0.9556
109,10121,美髮美容服務細學類,總計,501,104,15495.0,3670.0,14994.0,3566.0,0.03233,True,0.01839,0.01339,0.5,1.373,0.9556
109,10131,旅館及餐飲細學類,總計,1093,225,42459.0,10485.0,41366.0,10260.0,0.02574,True,0.04012,0.03693,0.32,1.086,0.9556
109,10141,競技運動細學類,總計,906,110,6071.0,1162.0,5165.0,1052.0,0.14923,True,0.03325,0.00461,2.86,7.213,0.9556
109,10142,運動科技細學類,總計,53,6,1268.0,268.0,1215.0,262.0,0.0418,True,0.00195,0.00108,0.09,1.806,0.9556
109,10151,旅遊觀光細學類,總計,971,200,30653.0,7462.0,29682.0,7262.0,0.03168,True,0.03564,0.0265,0.91,1.345,0.9556
109,10152,遊憩、運動和休閒管理細學類,總計,1385,273,22410.0,5524.0,21025.0,5251.0,0.0618,True,0.05083,0.01877,3.21,2.708,0.9556
109,10199,其他餐旅及民生服務細學類,總計,210,44,2678.0,664.0,2468.0,620.0,0.07842,True,0.00771,0.0022,0.55,3.505,0.9556
109,10221,職業衛生及安全細學類,總計,32,7,1718.0,472.0,1686.0,465.0,0.01863,True,0.00117,0.00151,-0.03,0.775,0.9556
109,10321,警政細學類,總計,66,11,1356.0,291.0,1290.0,280.0,0.04867,True,0.00242,0.00115,0.13,2.104,0.9556
109,10411,運輸管理細學類,總計,12,1,2467.0,676.0,2455.0,675.0,0.00486,True,0.00044,0.00219,-0.18,0.201,0.9556
109,10412,航運管理細學類,總計,62,13,2715.0,747.0,2653.0,734.0,0.02284,True,0.00228,0.00237,-0.01,0.962,0.9556
109,10413,空運管理細學類,總計,42,4,1627.0,367.0,1585.0,363.0,0.02581,True,0.00154,0.00142,0.01,1.085,0.9556
109,10414,航海細學類,總計,44,4,1513.0,405.0,1469.0,401.0,0.02908,True,0.00161,0.00131,0.03,1.229,0.9556
109,10499,其他運輸服務細學類,總計,10,2,494.0,144.0,484.0,142.0,0.02024,True,0.00037,0.00043,-0.01,0.86,0.9556
109,99999,其他細學類,總計,757,0,1748.0,118.0,991.0,118.0,0.43307,False,,,,,0.9556
110,01111,綜合教育細學類,二專,0,0,,,,,,True,0.0,,,,1.0
110,01112,成人教育細學類,二專,0,0,,,,,,True,0.0,,,,1.0
110,01113,特殊教育細學類,二專,0,0,,,,,,True,0.0,,,,1.0
110,01114,教育行政細學類,二專,0,0,,,,,,True,0.0,,,,1.0
110,01115,課程與教學細學類,二專,0,0,,,,,,True,0.0,,,,1.0
110,01116,教育科技細學類,二專,0,0,,,,,,True,0.0,,,,1.0
110,01118,技職教育細學類,二專,0,0,,,,,,True,0.0,,,,1.0
110,01121,幼兒師資教育細學類,二專,2,0,59.0,22.0,57.0,22.0,0.0339,True,0.00198,0.00604,-0.41,0.328,1.0
110,01131,普通科目師資教育細學類,二專,0,0,,,,,,True,0.0,,,,1.0
110,01141,專業科目師資教育細學類,二專,0,0,,,,,,True,0.0,,,,1.0
110,01199,其他教育細學類,二專,0,0,,,,,,True,0.0,,,,1.0
110,02111,視覺藝術細學類,二專,0,0,,,,,,True,0.0,,,,1.0
110,02112,視覺傳達設計細學類,二專,0,0,,,,,,True,0.0,,,,1.0
110,02121,應用藝術細學類,二專,0,0,4.0,3.0,4.0,3.0,0.0,True,0.0,0.00042,-0.04,0.0,1.0
110,02122,綜合設計細學類,二專,3,1,155.0,82.0,152.0,81.0,0.01935,True,0.00297,0.01611,-1.31,0.184,1.0
110,02123,產品設計細學類,二專,0,0,0.0,1.0,0.0,1.0,,True,0.0,0.0,0.0,,1.0
110,02124,空間設計細學類,二專,1,0,43.0,32.0,42.0,32.0,0.02326,True,0.00099,0.00445,-0.35,0.222,1.0
110,02125,時尚設計與管理細學類,二專,0,0,,,,,,True,0.0,,,,1.0
110,02131,純藝術細學類,二專,0,0,,,,,,True,0.0,,,,1.0
110,02132,雕塑細學類,二專,0,0,,,,,,True,0.0,,,,1.0
110,02141,美術工藝細學類,二專,2,0,66.0,7.0,64.0,7.0,0.0303,True,0.00198,0.00678,-0.48,0.292,1.0
110,02151,音樂細學類,二專,0,0,,,,,,True,0.0,,,,1.0
110,02152,表演藝術細學類,二專,0,0,,,,,,True,0.0,,,,1.0
110,02191,綜合藝術細學類,二專,0,0,,,,,,True,0.0,,,,1.0
110,02192,藝術行政細學類,二專,0,0,,,,,,True,0.0,,,,1.0
110,02199,其他藝術細學類,二專,0,0,,,,,,True,0.0,,,,1.0
110,02211,宗教細學類,二專,0,0,,,,,,True,0.0,,,,1.0
110,02221,歷史細學類,二專,0,0,,,,,,True,0.0,,,,1.0
110,02222,人類學及民族學細學類,二專,0,0,,,,,,True,0.0,,,,1.0
110,02231,哲學細學類,二專,0,0,,,,,,True,0.0,,,,1.0
110,02299,其他人文細學類,二專,1,0,1.0,0.0,0.0,0.0,1.0,True,0.00099,0.0,0.1,inf,1.0
110,02311,外國語文細學類,二專,16,13,371.0,217.0,355.0,204.0,0.04313,True,0.01584,0.03762,-2.18,0.421,1.0
110,02312,翻譯細學類,二專,0,0,,,,,,True,0.0,,,,1.0
110,02313,華語文為第二語言細學類,二專,0,0,,,,,,True,0.0,,,,1.0
110,02321,臺灣語文細學類,二專,0,0,,,,,,True,0.0,,,,1.0
110,02322,中國語文細學類,二專,0,0,,,,,,True,0.0,,,,1.0
110,02323,華語文細學類,二專,0,0,,,,,,True,0.0,,,,1.0
110,02399,其他語文細學類,二專,0,0,,,,,,True,0.0,,,,1.0
110,03111,經濟學細學類,二專,0,0,,,,,,True,0.0,,,,1.0
110,03121,政治學細學類,二專,0,0,,,,,,True,0.0,,,,1.0
110,03122,國際關係細學類,二專,0,0,,,,,,True,0.0,,,,1.0
110,03131,心理學細學類,二專,0,0,,,,,,True,0.0,,,,1.0
110,03141,社會學細學類,二專,0,0,,,,,,True,0.0,,,,1.0
110,03142,地理學細學類,二專,0,0,,,,,,True,0.0,,,,1.0
110,03143,區域研究細學類,二專,0,0,,,,,,True,0.0,,,,1.0
110,03191,發展研究細學類,二專,0,0,,,,,,True,0.0,,,,1.0
110,03199,其他社會及行為科學細學類,二專,0,0,,,,,,True,0.0,,,,1.0
110,03211,大眾傳播細學類,二專,0,0,,,,,,True,0.0,,,,1.0
110,03212,新聞細學類,二專,0,0,,,,,,True,0.0,,,,1.0
110,03213,電子媒體細學類,二專,0,0,,,,,,True,0.0,,,,1.0
110,03214,傳播細學類,二專,0,0,22.0,0.0,22.0,0.0,0.0,True,0.0,0.00233,-0.23,0.0,1.0
110,03222,圖書資訊檔案細學類,二專,0,0,,,,,,True,0.0,,,,1.0
110,03299,其他新聞學及圖書資訊細學類,二專,0,0,,,,,,True,0.0,,,,1.0
110,04111,會計及稅務細學類,二專,0,0,,,,,,True,0.0,,,,1.0
110,04121,財務金融細學類,二專,3,3,53.0,23.0,50.0,20.0,0.0566,True,0.00297,0.0053,-0.23,0.56,1.0
110,04122,財政細學類,二專,0,0,,,,,,True,0.0,,,,1.0
110,04123,保險及風險管理細學類,二專,0,0,,,,,,True,0.0,,,,1.0
110,04131,企業管理細學類,二專,196,72,1730.0,1074.0,1534.0,1002.0,0.11329,True,0.19406,0.16255,3.15,1.194,1.0
110,04132,流通及供應鏈細學類,二專,6,0,285.0,124.0,279.0,124.0,0.02105,True,0.00594,0.02956,-2.36,0.201,1.0
110,04133,醫療管理細學類,二專,10,1,35.0,9.0,25.0,8.0,0.28571,True,0.0099,0.00265,0.73,3.736,1.0
110,04134,公共行政細學類,二專,68,2,,,,,,True,0.06733,,,,1.0
110,04141,國際貿易細學類,二專,0,0,34.0,5.0,34.0,5.0,0.0,True,0.0,0.0036,-0.36,0.0,1.0
110,04142,公共關係細學類,二專,0,0,,,,,,True,0.0,,,,1.0
110,04143,行銷及廣告細學類,二專,9,31,209.0,151.0,200.0,120.0,0.04306,True,0.00891,0.02119,-1.23,0.42,1.0
110,04161,批發及零售細學類,二專,0,0,,,,,,True,0.0,,,,1.0
110,04191,一般商業細學類,二專,71,14,730.0,366.0,659.0,352.0,0.09726,True,0.0703,0.06983,0.05,1.007,1.0
110,04199,其他商業及管理細學類,二專,7,4,98.0,81.0,91.0,77.0,0.07143,True,0.00693,0.00964,-0.27,0.719,1.0
110,04211,一般法律細學類,二專,0,0,,,,,,True,0.0,,,,1.0
110,04212,專業法律細學類,二專,0,0,,,,,,True,0.0,,,,1.0
110,05111,生物學細學類,二專,0,0,,,,,,True,0.0,,,,1.0
110,05121,生物科技細學類,二專,4,0,36.0,15.0,32.0,15.0,0.11111,True,0.00396,0.00339,0.06,1.168,1.0
110,05122,微生物細學類,二專,0,0,,,,,,True,0.0,,,,1.0
110,05123,生物化學細學類,二專,0,0,,,,,,True,0.0,,,,1.0
110,05124,生物訊息及遺傳細學類,二專,0,0,,,,,,True,0.0,,,,1.0
110,05191,營養細學類,二專,0,0,,,,,,True,0.0,,,,1.0
110,05199,其他生命科學細學類,二專,0,0,,,,,,True,0.0,,,,1.0
110,05211,環境資源細學類,二專,0,0,,,,,,True,0.0,,,,1.0
110,05212,生態細學類,二專,0,0,,,,,,True,0.0,,,,1.0
110,05291,環境防災細學類,二專,0,0,,,,,,True,0.0,,,,1.0
110,05292,水土保持細學類,二專,0,0,,,,,,True,0.0,,,,1.0
110,05311,化學細學類,二專,0,0,,,,,,True,0.0,,,,1.0
110,05321,地球科學及環境細學類,二專,0,0,,,,,,True,0.0,,,,1.0
110,05322,大氣及太空科學細學類,二專,0,0,,,,,,True,0.0,,,,1.0
110,05323,海洋科學細學類,二專,0,0,,,,,,True,0.0,,,,1.0
110,05331,物理及應用物理細學類,二專,0,0,,,,,,True,0.0,,,,1.0
110,05332,天文細學類,二專,0,0,,,,,,True,0.0,,,,1.0
110,05399,其他物理、化學及地球科學細學類,二專,0,0,,,,,,True,0.0,,,,1.0
110,05411,數學細學類,二專,0,0,,,,,,True,0.0,,,,1.0
110,05421,統計細學類,二專,0,0,,,,,,True,0.0,,,,1.0
110,05499,其他數學及統計細學類,二專,0,0,,,,,,True,0.0,,,,1.0
110,06111,電腦運用細學類,二專,0,0,1.0,2.0,1.0,2.0,0.0,True,0.0,0.00011,-0.01,0.0,1.0
110,06121,資料庫、網路設計及管理細學類,二專,0,0,,,,,,True,0.0,,,,1.0
110,06131,資訊技術細學類,二專,16,7,505.0,178.0,489.0,171.0,0.03168,True,0.01584,0.05182,-3.6,0.306,1.0
110,06132,軟體開發細學類,二專,0,0,,,,,,True,0.0,,,,1.0
110,06133,系統設計細學類,二專,0,0,,,,,,True,0.0,,,,1.0
110,06134,電算機應用細學類,二專,0,0,,,,,,True,0.0,,,,1.0
110,06199,其他資訊通訊科技細學類,二專,0,0,,,,,,True,0.0,,,,1.0
110,07111,化學工程細學類,二專,0,0,,,,,,True,0.0,,,,1.0
110,07112,材料工程細學類,二專,0,0,,,,,,True,0.0,,,,1.0
110,07121,環境工程細學類,二專,0,0,,,,,,True,0.0,,,,1.0
110,07122,河海工程細學類,二專,0,0,,,,,,True,0.0,,,,1.0
110,07132,能源工程細學類,二專,0,0,,,,,,True,0.0,,,,1.0
110,07141,電機與電子工程細學類,二專,7,1,425.0,166.0,418.0,165.0,0.01647,True,0.00693,0.04429,-3.74,0.156,1.0
110,07151,機械工程細學類,二專,3,3,238.0,129.0,235.0,126.0,0.01261,True,0.00297,0.0249,-2.19,0.119,1.0
110,07161,車輛工程細學類,二專,10,1,132.0,45.0,122.0,44.0,0.07576,True,0.0099,0.01293,-0.3,0.766,1.0
110,07162,航空工程細學類,二專,0,0,,,,,,True,0.0,,,,1.0
110,07163,造船工程細學類,二專,5,1,69.0,47.0,64.0,46.0,0.07246,True,0.00495,0.00678,-0.18,0.73,1.0
110,07191,工業工程細學類,二專,3,0,244.0,105.0,241.0,105.0,0.0123,True,0.00297,0.02554,-2.26,0.116,1.0
110,07192,紡織工程細學類,二專,0,0,,,,,,True,0.0,,,,1.0
110,07193,生醫工程細學類,二專,0,0,,,,,,True,0.0,,,,1.0
110,07194,綜合工程細學類,二專,0,0,,,,,,True,0.0,,,,1.0
110,07199,其他工程及工程業細學類,二專,0,0,,,,,,True,0.0,,,,1.0
110,07211,食品科學細學類,二專,22,0,61.0,8.0,39.0,8.0,0.36066,True,0.02178,0.00413,1.76,5.274,1.0
110,07311,建築細學類,二專,1,0,113.0,31.0,112.0,31.0,0.00885,True,0.00099,0.01187,-1.09,0.083,1.0
110,07312,景觀設計細學類,二專,0,0,60.0,20.0,60.0,20.0,0.0,True,0.0,0.00636,-0.64,0.0,1.0
110,07313,都巿規劃細學類,二專,0,0,,,,,,True,0.0,,,,1.0
110,07321,土木工程細學類,二專,9,6,33.0,17.0,24.0,11.0,0.27273,True,0.00891,0.00254,0.64,3.508,1.0
110,07322,空間資訊及測繪細學類,二專,0,0,,,,,,True,0.0,,,,1.0
110,08111,農作物生產細學類,二專,0,0,,,,,,True,0.0,,,,1.0
110,08112,畜牧生產細學類,二專,0,0,,,,,,True,0.0,,,,1.0
110,08121,園藝細學類,二專,15,5,127.0,80.0,112.0,75.0,0.11811,True,0.01485,0.01187,0.3,1.251,1.0
110,08192,農業生物技術細學類,二專,0,0,,,,,,True,0.0,,,,1.0
110,08193,農業經濟及推廣細學類,二專,0,0,,,,,,True,0.0,,,,1.0
110,08194,植物保護細學類,二專,0,0,,,,,,True,0.0,,,,1.0
110,08199,其他農業細學類,二專,0,0,,,,,,True,0.0,,,,1.0
110,08211,林業細學類,二專,0,0,,,,,,True,0.0,,,,1.0
110,08311,漁業科學細學類,二專,0,0,,,,,,True,0.0,,,,1.0
110,08312,水產養殖細學類,二專,0,0,,,,,,True,0.0,,,,1.0
110,08411,獸醫細學類,二專,0,0,,,,,,True,0.0,,,,1.0
110,09111,牙醫細學類,二專,9,0,320.0,125.0,311.0,125.0,0.02812,True,0.00891,0.03296,-2.41,0.27,1.0
110,09121,醫學細學類,二專,0,0,,,,,,True,0.0,,,,1.0
110,09131,護理及助產細學類,二專,9,3,27.0,17.0,18.0,14.0,0.33333,True,0.00891,0.00191,0.7,4.665,1.0
110,09141,醫學技術及檢驗細學類,二專,10,3,395.0,267.0,385.0,264.0,0.02532,True,0.0099,0.0408,-3.09,0.243,1.0
110,09151,物理治療細學類,二專,4,0,300.0,53.0,296.0,53.0,0.01333,True,0.00396,0.03137,-2.74,0.126,1.0
110,09152,職能治療細學類,二專,0,0,,,,,,True,0.0,,,,1.0
110,09153,語言治療與聽力細學類,二專,0,0,,,,,,True,0.0,,,,1.0
110,09159,其他治療及復健細學類,二專,0,0,,,,,,True,0.0,,,,1.0
110,09161,藥學細學類,二專,0,0,,,,,,True,0.0,,,,1.0
110,09171,傳統醫學、輔助醫學及治療細學類,二專,5,1,283.0,104.0,278.0,103.0,0.01767,True,0.00495,0.02946,-2.45,0.168,1.0
110,09191,公共衛生細學類,二專,0,0,,,,,,True,0.0,,,,1.0
110,09199,其他醫藥衛生細學類,二專,3,0,64.0,0.0,61.0,0.0,0.04688,True,0.00297,0.00646,-0.35,0.46,1.0
110,09211,老年照顧服務細學類,二專,26,7,250.0,124.0,224.0,117.0,0.104,True,0.02574,0.02374,0.2,1.084,1.0
110,09212,失能者照顧細學類,二專,0,0,,,,,,True,0.0,,,,1.0
110,09221,兒童及青少年照顧服務細學類,二專,51,14,491.0,206.0,440.0,192.0,0.10387,True,0.0505,0.04662,0.39,1.083,1.0
110,09231,社會工作細學類,二專,251,37,,,,,,True,0.24851,,,,1.0
110,09299,其他社會福利細學類,二專,2,1,72.0,16.0,70.0,15.0,0.02778,True,0.00198,0.00742,-0.54,0.267,1.0
110,10111,家政服務細學類,二專,0,0,,,,,,True,0.0,,,,1.0
110,10121,美髮美容服務細學類,二專,20,4,600.0,232.0,580.0,228.0,0.03333,True,0.0198,0.06146,-4.17,0.322,1.0
110,10131,旅館及餐飲細學類,二專,22,7,554.0,257.0,532.0,250.0,0.03971,True,0.02178,0.05637,-3.46,0.386,1.0
110,10141,競技運動細學類,二專,0,0,,,,,,True,0.0,,,,1.0
110,10142,運動科技細學類,二專,0,0,,,,,,True,0.0,,,,1.0
110,10151,旅遊觀光細學類,二專,34,21,342.0,199.0,308.0,178.0,0.09942,True,0.03366,0.03264,0.1,1.031,1.0
110,10152,遊憩、運動和休閒管理細學類,二專,52,23,432.0,224.0,380.0,201.0,0.12037,True,0.05149,0.04027,1.12,1.279,1.0
110,10199,其他餐旅及民生服務細學類,二專,16,0,11.0,0.0,-5.0,0.0,1.45455,True,0.01584,-0.00053,1.64,-29.887,1.0
110,10221,職業衛生及安全細學類,二專,0,0,,,,,,True,0.0,,,,1.0
110,10321,警政細學類,二專,0,0,,,,,,True,0.0,,,,1.0
110,10411,運輸管理細學類,二專,0,0,,,,,,True,0.0,,,,1.0
110,10412,航運管理細學類,二專,0,0,,,,,,True,0.0,,,,1.0
110,10413,空運管理細學類,二專,0,0,,,,,,True,0.0,,,,1.0
110,10414,航海細學類,二專,6,1,48.0,41.0,42.0,40.0,0.125,True,0.00594,0.00445,0.15,1.335,1.0
110,10499,其他運輸服務細學類,二專,0,0,,,,,,True,0.0,,,,1.0
110,99999,其他細學類,二專,0,3,1.0,28.0,1.0,25.0,0.0,False,,,,,1.0
110,01111,綜合教育細學類,五專,0,0,,,,,,True,0.0,,,,1.0
110,01112,成人教育細學類,五專,0,0,,,,,,True,0.0,,,,1.0
110,01113,特殊教育細學類,五專,0,0,,,,,,True,0.0,,,,1.0
110,01114,教育行政細學類,五專,0,0,,,,,,True,0.0,,,,1.0
110,01115,課程與教學細學類,五專,0,0,,,,,,True,0.0,,,,1.0
110,01116,教育科技細學類,五專,0,0,,,,,,True,0.0,,,,1.0
110,01118,技職教育細學類,五專,0,0,,,,,,True,0.0,,,,1.0
110,01121,幼兒師資教育細學類,五專,0,0,,,,,,True,0.0,,,,1.0
110,01131,普通科目師資教育細學類,五專,0,0,,,,,,True,0.0,,,,1.0
110,01141,專業科目師資教育細學類,五專,0,0,,,,,,True,0.0,,,,1.0
110,01199,其他教育細學類,五專,0,0,,,,,,True,0.0,,,,1.0
110,02111,視覺藝術細學類,五專,0,3,305.0,76.0,305.0,73.0,0.0,True,0.0,0.00438,-0.44,0.0,1.0
110,02112,視覺傳達設計細學類,五專,3,4,247.0,162.0,244.0,158.0,0.01215,True,0.00077,0.00351,-0.27,0.219,1.0
110,02121,應用藝術細學類,五專,0,0,,,,,,True,0.0,,,,1.0
110,02122,綜合設計細學類,五專,3,0,186.0,31.0,183.0,31.0,0.01613,True,0.00077,0.00263,-0.19,0.293,1.0
110,02123,產品設計細學類,五專,5,1,255.0,78.0,250.0,77.0,0.01961,True,0.00129,0.00359,-0.23,0.359,1.0
110,02124,空間設計細學類,五專,7,2,229.0,45.0,222.0,43.0,0.03057,True,0.00181,0.00319,-0.14,0.567,1.0
110,02125,時尚設計與管理細學類,五專,0,0,,,,,,True,0.0,,,,1.0
110,02131,純藝術細學類,五專,5,0,480.0,0.0,475.0,0.0,0.01042,True,0.00129,0.00683,-0.55,0.189,1.0
110,02132,雕塑細學類,五專,0,0,,,,,,True,0.0,,,,1.0
110,02141,美術工藝細學類,五專,5,2,106.0,39.0,101.0,37.0,0.04717,True,0.00129,0.00145,-0.02,0.89,1.0
110,02151,音樂細學類,五專,9,0,455.0,0.0,446.0,0.0,0.01978,True,0.00232,0.00641,-0.41,0.362,1.0
110,02152,表演藝術細學類,五專,11,0,272.0,0.0,261.0,0.0,0.04044,True,0.00284,0.00375,-0.09,0.757,1.0
110,02191,綜合藝術細學類,五專,0,0,,,,,,True,0.0,,,,1.0
110,02192,藝術行政細學類,五專,0,0,,,,,,True,0.0,,,,1.0
110,02199,其他藝術細學類,五專,0,0,,,,,,True,0.0,,,,1.0
110,02211,宗教細學類,五專,0,0,,,,,,True,0.0,,,,1.0
110,02221,歷史細學類,五專,0,0,,,,,,True,0.0,,,,1.0
110,02222,人類學及民族學細學類,五專,0,0,,,,,,True,0.0,,,,1.0
110,02231,哲學細學類,五專,0,0,,,,,,True,0.0,,,,1.0
110,02299,其他人文細學類,五專,0,0,,,,,,True,0.0,,,,1.0
110,02311,外國語文細學類,五專,103,15,4842.0,742.0,4739.0,727.0,0.02127,True,0.0266,0.06811,-4.15,0.391,1.0
110,02312,翻譯細學類,五專,0,0,,,,,,True,0.0,,,,1.0
110,02313,華語文為第二語言細學類,五專,0,0,,,,,,True,0.0,,,,1.0
110,02321,臺灣語文細學類,五專,0,0,,,,,,True,0.0,,,,1.0
110,02322,中國語文細學類,五專,0,0,,,,,,True,0.0,,,,1.0
110,02323,華語文細學類,五專,0,0,,,,,,True,0.0,,,,1.0
110,02399,其他語文細學類,五專,0,0,,,,,,True,0.0,,,,1.0
110,03111,經濟學細學類,五專,0,0,,,,,,True,0.0,,,,1.0
110,03121,政治學細學類,五專,0,0,,,,,,True,0.0,,,,1.0
110,03122,國際關係細學類,五專,0,0,,,,,,True,0.0,,,,1.0
110,03131,心理學細學類,五專,0,0,,,,,,True,0.0,,,,1.0
110,03141,社會學細學類,五專,0,0,,,,,,True,0.0,,,,1.0
110,03142,地理學細學類,五專,0,0,,,,,,True,0.0,,,,1.0
110,03143,區域研究細學類,五專,0,0,,,,,,True,0.0,,,,1.0
110,03191,發展研究細學類,五專,0,0,,,,,,True,0.0,,,,1.0
110,03199,其他社會及行為科學細學類,五專,0,0,,,,,,True,0.0,,,,1.0
110,03211,大眾傳播細學類,五專,0,0,,,,,,True,0.0,,,,1.0
110,03212,新聞細學類,五專,0,0,,,,,,True,0.0,,,,1.0
110,03213,電子媒體細學類,五專,0,0,,,,,,True,0.0,,,,1.0
110,03214,傳播細學類,五專,0,0,,,,,,True,0.0,,,,1.0
110,03222,圖書資訊檔案細學類,五專,0,0,,,,,,True,0.0,,,,1.0
110,03299,其他新聞學及圖書資訊細學類,五專,0,0,,,,,,True,0.0,,,,1.0
110,04111,會計及稅務細學類,五專,11,0,884.0,137.0,873.0,137.0,0.01244,True,0.00284,0.01255,-0.97,0.226,1.0
110,04121,財務金融細學類,五專,9,4,503.0,100.0,494.0,96.0,0.01789,True,0.00232,0.0071,-0.48,0.327,1.0
110,04122,財政細學類,五專,4,2,238.0,47.0,234.0,45.0,0.01681,True,0.00103,0.00336,-0.23,0.307,1.0
110,04123,保險及風險管理細學類,五專,6,1,416.0,64.0,410.0,63.0,0.01442,True,0.00155,0.00589,-0.43,0.263,1.0
110,04131,企業管理細學類,五專,16,1,1108.0,201.0,1092.0,200.0,0.01444,True,0.00413,0.01569,-1.16,0.263,1.0
110,04132,流通及供應鏈細學類,五專,5,0,139.0,25.0,134.0,25.0,0.03597,True,0.00129,0.00193,-0.06,0.668,1.0
110,04133,醫療管理細學類,五專,29,1,553.0,61.0,524.0,60.0,0.05244,True,0.00749,0.00753,-0.0,0.995,1.0
110,04134,公共行政細學類,五專,0,0,,,,,,True,0.0,,,,1.0
110,04141,國際貿易細學類,五專,13,0,775.0,158.0,762.0,158.0,0.01677,True,0.00336,0.01095,-0.76,0.307,1.0
110,04142,公共關係細學類,五專,0,0,,,,,,True,0.0,,,,1.0
110,04143,行銷及廣告細學類,五專,0,0,,,,,,True,0.0,,,,1.0
110,04161,批發及零售細學類,五專,0,0,,,,,,True,0.0,,,,1.0
110,04191,一般商業細學類,五專,6,0,186.0,46.0,180.0,46.0,0.03226,True,0.00155,0.00259,-0.1,0.598,1.0
110,04199,其他商業及管理細學類,五專,3,1,62.0,22.0,59.0,21.0,0.04839,True,0.00077,0.00085,-0.01,0.906,1.0
110,04211,一般法律細學類,五專,0,0,,,,,,True,0.0,,,,1.0
110,04212,專業法律細學類,五專,0,0,,,,,,True,0.0,,,,1.0
110,05111,生物學細學類,五專,0,0,,,,,,True,0.0,,,,1.0
110,05121,生物科技細學類,五專,2,0,107.0,23.0,105.0,23.0,0.01869,True,0.00052,0.00151,-0.1,0.344,1.0
110,05122,微生物細學類,五專,0,0,,,,,,True,0.0,,,,1.0
110,05123,生物化學細學類,五專,0,0,,,,,,True,0.0,,,,1.0
110,05124,生物訊息及遺傳細學類,五專,0,0,,,,,,True,0.0,,,,1.0
110,05191,營養細學類,五專,14,2,522.0,82.0,508.0,80.0,0.02682,True,0.00362,0.0073,-0.37,0.496,1.0
110,05199,其他生命科學細學類,五專,0,0,,,,,,True,0.0,,,,1.0
110,05211,環境資源細學類,五專,0,0,,,,,,True,0.0,,,,1.0
110,05212,生態細學類,五專,0,0,,,,,,True,0.0,,,,1.0
110,05291,環境防災細學類,五專,0,0,,,,,,True,0.0,,,,1.0
110,05292,水土保持細學類,五專,0,0,,,,,,True,0.0,,,,1.0
110,05311,化學細學類,五專,0,0,,,,,,True,0.0,,,,1.0
110,05321,地球科學及環境細學類,五專,0,0,,,,,,True,0.0,,,,1.0
110,05322,大氣及太空科學細學類,五專,0,0,,,,,,True,0.0,,,,1.0
110,05323,海洋科學細學類,五專,0,0,,,,,,True,0.0,,,,1.0
110,05331,物理及應用物理細學類,五專,0,0,,,,,,True,0.0,,,,1.0
110,05332,天文細學類,五專,0,0,,,,,,True,0.0,,,,1.0
110,05399,其他物理、化學及地球科學細學類,五專,0,0,,,,,,True,0.0,,,,1.0
110,05411,數學細學類,五專,0,0,,,,,,True,0.0,,,,1.0
110,05421,統計細學類,五專,0,0,,,,,,True,0.0,,,,1.0
110,05499,其他數學及統計細學類,五專,0,0,,,,,,True,0.0,,,,1.0
110,06111,電腦運用細學類,五專,0,0,,,,,,True,0.0,,,,1.0
110,06121,資料庫、網路設計及管理細學類,五專,1,0,33.0,7.0,32.0,7.0,0.0303,True,0.00026,0.00046,-0.02,0.565,1.0
110,06131,資訊技術細學類,五專,21,3,1947.0,322.0,1926.0,319.0,0.01079,True,0.00542,0.02768,-2.23,0.196,1.0
110,06132,軟體開發細學類,五專,5,1,258.0,28.0,253.0,27.0,0.01938,True,0.00129,0.00364,-0.24,0.354,1.0
110,06133,系統設計細學類,五專,0,0,,,,,,True,0.0,,,,1.0
110,06134,電算機應用細學類,五專,1,0,11.0,13.0,10.0,13.0,0.09091,True,0.00026,0.00014,0.01,1.857,1.0
110,06199,其他資訊通訊科技細學類,五專,2,0,52.0,0.0,50.0,0.0,0.03846,True,0.00052,0.00072,-0.02,0.722,1.0
110,07111,化學工程細學類,五專,3,0,128.0,35.0,125.0,35.0,0.02344,True,0.00077,0.0018,-0.1,0.428,1.0
110,07112,材料工程細學類,五專,0,0,,,,,,True,0.0,,,,1.0
110,07121,環境工程細學類,五專,0,0,,,,,,True,0.0,,,,1.0
110,07122,河海工程細學類,五專,0,0,,,,,,True,0.0,,,,1.0
110,07132,能源工程細學類,五專,0,0,,,,,,True,0.0,,,,1.0
110,07141,電機與電子工程細學類,五專,20,1,1798.0,223.0,1778.0,222.0,0.01112,True,0.00517,0.02555,-2.04,0.202,1.0
110,07151,機械工程細學類,五專,18,4,1242.0,125.0,1224.0,121.0,0.01449,True,0.00465,0.01759,-1.29,0.264,1.0
110,07161,車輛工程細學類,五專,10,0,116.0,8.0,106.0,8.0,0.08621,True,0.00258,0.00152,0.11,1.697,1.0
110,07162,航空工程細學類,五專,0,0,,,,,,True,0.0,,,,1.0
110,07163,造船工程細學類,五專,0,0,,,,,,True,0.0,,,,1.0
110,07191,工業工程細學類,五專,1,0,39.0,17.0,38.0,17.0,0.02564,True,0.00026,0.00055,-0.03,0.473,1.0
110,07192,紡織工程細學類,五專,0,0,,,,,,True,0.0,,,,1.0
110,07193,生醫工程細學類,五專,0,0,,,,,,True,0.0,,,,1.0
110,07194,綜合工程細學類,五專,0,0,,,,,,True,0.0,,,,1.0
110,07199,其他工程及工程業細學類,五專,4,0,164.0,33.0,160.0,33.0,0.02439,True,0.00103,0.0023,-0.13,0.448,1.0
110,07211,食品科學細學類,五專,21,2,104.0,21.0,83.0,19.0,0.20192,True,0.00542,0.00119,0.42,4.555,1.0
110,07311,建築細學類,五專,4,0,368.0,15.0,364.0,15.0,0.01087,True,0.00103,0.00523,-0.42,0.197,1.0
110,07312,景觀設計細學類,五專,0,0,,,,,,True,0.0,,,,1.0
110,07313,都巿規劃細學類,五專,0,0,,,,,,True,0.0,,,,1.0
110,07321,土木工程細學類,五專,6,0,356.0,17.0,350.0,17.0,0.01685,True,0.00155,0.00503,-0.35,0.308,1.0
110,07322,空間資訊及測繪細學類,五專,0,0,,,,,,True,0.0,,,,1.0
110,08111,農作物生產細學類,五專,0,0,,,,,,True,0.0,,,,1.0
110,08112,畜牧生產細學類,五專,0,0,,,,,,True,0.0,,,,1.0
110,08121,園藝細學類,五專,7,2,30.0,12.0,23.0,10.0,0.23333,True,0.00181,0.00033,0.15,5.485,1.0
110,08192,農業生物技術細學類,五專,0,0,,,,,,True,0.0,,,,1.0
110,08193,農業經濟及推廣細學類,五專,0,0,,,,,,True,0.0,,,,1.0
110,08194,植物保護細學類,五專,0,0,,,,,,True,0.0,,,,1.0
110,08199,其他農業細學類,五專,0,0,,,,,,True,0.0,,,,1.0
110,08211,林業細學類,五專,0,0,,,,,,True,0.0,,,,1.0
110,08311,漁業科學細學類,五專,0,0,79.0,0.0,79.0,0.0,0.0,True,0.0,0.00114,-0.11,0.0,1.0
110,08312,水產養殖細學類,五專,0,0,,,,,,True,0.0,,,,1.0
110,08411,獸醫細學類,五專,0,0,,,,,,True,0.0,,,,1.0
110,09111,牙醫細學類,五專,62,3,1961.0,233.0,1899.0,230.0,0.03162,True,0.01601,0.02729,-1.13,0.587,1.0
110,09121,醫學細學類,五專,0,0,,,,,,True,0.0,,,,1.0
110,09131,護理及助產細學類,五專,2260,349,30092.0,5654.0,27832.0,5305.0,0.0751,True,0.58368,0.39999,18.37,1.459,1.0
110,09141,醫學技術及檢驗細學類,五專,141,7,4713.0,693.0,4572.0,686.0,0.02992,True,0.03642,0.06571,-2.93,0.554,1.0
110,09151,物理治療細學類,五專,111,19,1605.0,329.0,1494.0,310.0,0.06916,True,0.02867,0.02147,0.72,1.335,1.0
110,09152,職能治療細學類,五專,17,3,509.0,85.0,492.0,82.0,0.0334,True,0.00439,0.00707,-0.27,0.621,1.0
110,09153,語言治療與聽力細學類,五專,0,0,,,,,,True,0.0,,,,1.0
110,09159,其他治療及復健細學類,五專,38,4,1209.0,176.0,1171.0,172.0,0.03143,True,0.00981,0.01683,-0.7,0.583,1.0
110,09161,藥學細學類,五專,0,0,83.0,0.0,83.0,0.0,0.0,True,0.0,0.00119,-0.12,0.0,1.0
110,09171,傳統醫學、輔助醫學及治療細學類,五專,1,0,108.0,0.0,107.0,0.0,0.00926,True,0.00026,0.00154,-0.13,0.169,1.0
110,09191,公共衛生細學類,五專,9,0,415.0,58.0,406.0,58.0,0.02169,True,0.00232,0.00583,-0.35,0.398,1.0
110,09199,其他醫藥衛生細學類,五專,7,0,345.0,0.0,338.0,0.0,0.02029,True,0.00181,0.00486,-0.3,0.372,1.0
110,09211,老年照顧服務細學類,五專,53,4,951.0,126.0,898.0,122.0,0.05573,True,0.01369,0.01291,0.08,1.06,1.0
110,09212,失能者照顧細學類,五專,0,0,,,,,,True,0.0,,,,1.0
110,09221,兒童及青少年照顧服務細學類,五專,321,52,2681.0,497.0,2360.0,445.0,0.11973,True,0.0829,0.03392,4.9,2.444,1.0
110,09231,社會工作細學類,五專,0,0,,,,,,True,0.0,,,,1.0
110,09299,其他社會福利細學類,五專,16,0,256.0,15.0,240.0,15.0,0.0625,True,0.00413,0.00345,0.07,1.197,1.0
110,10111,家政服務細學類,五專,0,0,,,,,,True,0.0,,,,1.0
110,10121,美髮美容服務細學類,五專,174,19,3703.0,793.0,3529.0,774.0,0.04699,True,0.04494,0.05072,-0.58,0.886,1.0
110,10131,旅館及餐飲細學類,五專,178,13,3539.0,694.0,3361.0,681.0,0.0503,True,0.04597,0.0483,-0.23,0.952,1.0
110,10141,競技運動細學類,五專,0,0,,,,,,True,0.0,,,,1.0
110,10142,運動科技細學類,五專,0,0,,,,,,True,0.0,,,,1.0
110,10151,旅遊觀光細學類,五專,20,11,441.0,155.0,421.0,144.0,0.04535,True,0.00517,0.00605,-0.09,0.855,1.0
110,10152,遊憩、運動和休閒管理細學類,五專,47,4,463.0,135.0,416.0,131.0,0.10151,True,0.01214,0.00598,0.62,2.03,1.0
110,10199,其他餐旅及民生服務細學類,五專,16,0,438.0,65.0,422.0,65.0,0.03653,True,0.00413,0.00606,-0.19,0.682,1.0
110,10221,職業衛生及安全細學類,五專,0,0,,,,,,True,0.0,,,,1.0
110,10321,警政細學類,五專,0,0,,,,,,True,0.0,,,,1.0
110,10411,運輸管理細學類,五專,0,0,,,,,,True,0.0,,,,1.0
110,10412,航運管理細學類,五專,4,0,105.0,22.0,101.0,22.0,0.0381,True,0.00103,0.00145,-0.04,0.71,1.0
110,10413,空運管理細學類,五專,0,0,,,,,,True,0.0,,,,1.0
110,10414,航海細學類,五專,4,1,241.0,40.0,237.0,39.0,0.0166,True,0.00103,0.00341,-0.24,0.302,1.0
110,10499,其他運輸服務細學類,五專,0,0,,,,,,True,0.0,,,,1.0
110,99999,其他細學類,五專,7,0,87.0,0.0,80.0,0.0,0.08046,False,,,,,1.0
110,01111,綜合教育細學類,博士班,22,2,1075.0,115.0,1053.0,113.0,0.02047,True,0.10945,0.03703,7.24,2.956,1.0
110,01112,成人教育細學類,博士班,1,0,95.0,12.0,94.0,12.0,0.01053,True,0.00498,0.00331,0.17,1.505,1.0
110,01113,特殊教育細學類,博士班,0,0,107.0,15.0,107.0,15.0,0.0,True,0.0,0.00376,-0.38,0.0,1.0
110,01114,教育行政細學類,博士班,11,0,282.0,31.0,271.0,31.0,0.03901,True,0.05473,0.00953,4.52,5.743,1.0
110,01115,課程與教學細學類,博士班,1,0,127.0,15.0,126.0,15.0,0.00787,True,0.00498,0.00443,0.06,1.124,1.0
110,01116,教育科技細學類,博士班,1,0,60.0,7.0,59.0,7.0,0.01667,True,0.00498,0.00207,0.29,2.406,1.0
110,01118,技職教育細學類,博士班,1,0,253.0,26.0,252.0,26.0,0.00395,True,0.00498,0.00886,-0.39,0.562,1.0
110,01121,幼兒師資教育細學類,博士班,0,0,,,,,,True,0.0,,,,1.0
110,01131,普通科目師資教育細學類,博士班,1,0,140.0,10.0,139.0,10.0,0.00714,True,0.00498,0.00489,0.01,1.018,1.0
110,01141,專業科目師資教育細學類,博士班,5,1,486.0,72.0,481.0,71.0,0.01029,True,0.02488,0.01691,0.8,1.471,1.0
110,01199,其他教育細學類,博士班,0,1,61.0,4.0,61.0,3.0,0.0,True,0.0,0.00214,-0.21,0.0,1.0
110,02111,視覺藝術細學類,博士班,0,0,13.0,0.0,13.0,0.0,0.0,True,0.0,0.00046,-0.05,0.0,1.0
110,02112,視覺傳達設計細學類,博士班,1,0,78.0,8.0,77.0,8.0,0.01282,True,0.00498,0.00271,0.23,1.838,1.0
110,02121,應用藝術細學類,博士班,0,0,21.0,0.0,21.0,0.0,0.0,True,0.0,0.00074,-0.07,0.0,1.0
110,02122,綜合設計細學類,博士班,1,0,497.0,49.0,496.0,49.0,0.00201,True,0.00498,0.01744,-1.25,0.286,1.0
110,02123,產品設計細學類,博士班,1,0,68.0,4.0,67.0,4.0,0.01471,True,0.00498,0.00236,0.26,2.11,1.0
110,02124,空間設計細學類,博士班,0,0,,,,,,True,0.0,,,,1.0
110,02125,時尚設計與管理細學類,博士班,0,0,,,,,,True,0.0,,,,1.0
110,02131,純藝術細學類,博士班,4,0,232.0,27.0,228.0,27.0,0.01724,True,0.0199,0.00802,1.19,2.481,1.0
110,02132,雕塑細學類,博士班,0,0,,,,,,True,0.0,,,,1.0
110,02141,美術工藝細學類,博士班,0,0,,,,,,True,0.0,,,,1.0
110,02151,音樂細學類,博士班,0,0,116.0,10.0,116.0,10.0,0.0,True,0.0,0.00408,-0.41,0.0,1.0
110,02152,表演藝術細學類,博士班,3,0,38.0,1.0,35.0,1.0,0.07895,True,0.01493,0.00123,1.37,12.138,1.0
110,02191,綜合藝術細學類,博士班,1,0,62.0,10.0,61.0,10.0,0.01613,True,0.00498,0.00214,0.28,2.327,1.0
110,02192,藝術行政細學類,博士班,0,0,35.0,2.0,35.0,2.0,0.0,True,0.0,0.00123,-0.12,0.0,1.0
110,02199,其他藝術細學類,博士班,0,0,,,,,,True,0.0,,,,1.0
110,02211,宗教細學類,博士班,2,0,120.0,13.0,118.0,13.0,0.01667,True,0.00995,0.00415,0.58,2.398,1.0
110,02221,歷史細學類,博士班,1,0,277.0,32.0,276.0,32.0,0.00361,True,0.00498,0.0097,-0.47,0.513,1.0
110,02222,人類學及民族學細學類,博士班,20,0,73.0,4.0,53.0,4.0,0.27397,True,0.0995,0.00186,9.76,53.495,1.0
110,02231,哲學細學類,博士班,0,1,168.0,16.0,168.0,15.0,0.0,True,0.0,0.00591,-0.59,0.0,1.0
110,02299,其他人文細學類,博士班,2,0,214.0,19.0,212.0,19.0,0.00935,True,0.00995,0.00745,0.25,1.336,1.0
110,02311,外國語文細學類,博士班,0,0,207.0,26.0,207.0,26.0,0.0,True,0.0,0.00728,-0.73,0.0,1.0
110,02312,翻譯細學類,博士班,0,0,36.0,3.0,36.0,3.0,0.0,True,0.0,0.00127,-0.13,0.0,1.0
110,02313,華語文為第二語言細學類,博士班,0,0,60.0,3.0,60.0,3.0,0.0,True,0.0,0.00211,-0.21,0.0,1.0
110,02321,臺灣語文細學類,博士班,13,1,133.0,17.0,120.0,16.0,0.09774,True,0.06468,0.00422,6.05,15.327,1.0
110,02322,中國語文細學類,博士班,1,1,799.0,105.0,798.0,104.0,0.00125,True,0.00498,0.02806,-2.31,0.177,1.0
110,02323,華語文細學類,博士班,0,0,23.0,5.0,23.0,5.0,0.0,True,0.0,0.00081,-0.08,0.0,1.0
110,02399,其他語文細學類,博士班,4,0,78.0,5.0,74.0,5.0,0.05128,True,0.0199,0.0026,1.73,7.654,1.0
110,03111,經濟學細學類,博士班,0,0,136.0,11.0,136.0,11.0,0.0,True,0.0,0.00478,-0.48,0.0,1.0
110,03121,政治學細學類,博士班,1,0,303.0,28.0,302.0,28.0,0.0033,True,0.00498,0.01062,-0.56,0.469,1.0
110,03122,國際關係細學類,博士班,0,0,99.0,7.0,99.0,7.0,0.0,True,0.0,0.00348,-0.35,0.0,1.0
110,03131,心理學細學類,博士班,2,1,326.0,31.0,324.0,30.0,0.00613,True,0.00995,0.01139,-0.14,0.874,1.0
110,03141,社會學細學類,博士班,2,0,83.0,9.0,81.0,9.0,0.0241,True,0.00995,0.00285,0.71,3.491,1.0
110,03142,地理學細學類,博士班,5,1,116.0,15.0,111.0,14.0,0.0431,True,0.02488,0.0039,2.1,6.379,1.0
110,03143,區域研究細學類,博士班,0,0,256.0,24.0,256.0,24.0,0.0,True,0.0,0.009,-0.9,0.0,1.0
110,03191,發展研究細學類,博士班,3,0,96.0,13.0,93.0,13.0,0.03125,True,0.01493,0.00327,1.17,4.566,1.0
110,03199,其他社會及行為科學細學類,博士班,1,0,69.0,11.0,68.0,11.0,0.01449,True,0.00498,0.00239,0.26,2.084,1.0
110,03211,大眾傳播細學類,博士班,0,0,38.0,3.0,38.0,3.0,0.0,True,0.0,0.00134,-0.13,0.0,1.0
110,03212,新聞細學類,博士班,0,0,,,,,,True,0.0,,,,1.0
110,03213,電子媒體細學類,博士班,0,0,,,,,,True,0.0,,,,1.0
110,03214,傳播細學類,博士班,2,0,48.0,9.0,46.0,9.0,0.04167,True,0.00995,0.00162,0.83,6.142,1.0
110,03222,圖書資訊檔案細學類,博士班,0,0,43.0,4.0,43.0,4.0,0.0,True,0.0,0.00151,-0.15,0.0,1.0
110,03299,其他新聞學及圖書資訊細學類,博士班,0,0,,,,,,True,0.0,,,,1.0
110,04111,會計及稅務細學類,博士班,1,0,75.0,7.0,74.0,7.0,0.01333,True,0.00498,0.0026,0.24,1.915,1.0
110,04121,財務金融細學類,博士班,0,0,402.0,55.0,402.0,55.0,0.0,True,0.0,0.01414,-1.41,0.0,1.0
110,04122,財政細學類,博士班,0,0,7.0,1.0,7.0,1.0,0.0,True,0.0,0.00025,-0.02,0.0,1.0
110,04123,保險及風險管理細學類,博士班,0,0,16.0,2.0,16.0,2.0,0.0,True,0.0,0.00056,-0.06,0.0,1.0
110,04131,企業管理細學類,博士班,13,0,1572.0,191.0,1559.0,191.0,0.00827,True,0.06468,0.05482,0.99,1.18,1.0
110,04132,流通及供應鏈細學類,博士班,0,0,,,,,,True,0.0,,,,1.0
110,04133,醫療管理細學類,博士班,0,0,,,,,,True,0.0,,,,1.0
110,04134,公共行政細學類,博士班,3,0,112.0,8.0,109.0,8.0,0.02679,True,0.01493,0.00383,1.11,3.898,1.0
110,04141,國際貿易細學類,博士班,0,0,51.0,5.0,51.0,5.0,0.0,True,0.0,0.00179,-0.18,0.0,1.0
110,04142,公共關係細學類,博士班,0,0,,,,,,True,0.0,,,,1.0
110,04143,行銷及廣告細學類,博士班,0,0,,,,,,True,0.0,,,,1.0
110,04161,批發及零售細學類,博士班,0,0,,,,,,True,0.0,,,,1.0
110,04191,一般商業細學類,博士班,0,0,346.0,42.0,346.0,42.0,0.0,True,0.0,0.01217,-1.22,0.0,1.0
110,04199,其他商業及管理細學類,博士班,1,0,511.0,42.0,510.0,42.0,0.00196,True,0.00498,0.01793,-1.3,0.278,1.0
110,04211,一般法律細學類,博士班,2,0,277.0,15.0,275.0,15.0,0.00722,True,0.00995,0.00967,0.03,1.029,1.0
110,04212,專業法律細學類,博士班,1,0,124.0,12.0,123.0,12.0,0.00806,True,0.00498,0.00433,0.07,1.15,1.0
110,05111,生物學細學類,博士班,1,0,261.0,38.0,260.0,38.0,0.00383,True,0.00498,0.00914,-0.42,0.545,1.0
110,05121,生物科技細學類,博士班,3,0,852.0,160.0,849.0,160.0,0.00352,True,0.01493,0.02985,-1.49,0.5,1.0
110,05122,微生物細學類,博士班,0,0,25.0,3.0,25.0,3.0,0.0,True,0.0,0.00088,-0.09,0.0,1.0
110,05123,生物化學細學類,博士班,0,0,133.0,21.0,133.0,21.0,0.0,True,0.0,0.00468,-0.47,0.0,1.0
110,05124,生物訊息及遺傳細學類,博士班,0,0,96.0,9.0,96.0,9.0,0.0,True,0.0,0.00338,-0.34,0.0,1.0
110,05191,營養細學類,博士班,4,1,111.0,12.0,107.0,11.0,0.03604,True,0.0199,0.00376,1.61,5.293,1.0
110,05199,其他生命科學細學類,博士班,0,0,70.0,7.0,70.0,7.0,0.0,True,0.0,0.00246,-0.25,0.0,1.0
110,05211,環境資源細學類,博士班,0,0,86.0,13.0,86.0,13.0,0.0,True,0.0,0.00302,-0.3,0.0,1.0
110,05212,生態細學類,博士班,0,0,15.0,1.0,15.0,1.0,0.0,True,0.0,0.00053,-0.05,0.0,1.0
110,05291,環境防災細學類,博士班,0,0,,,,,,True,0.0,,,,1.0
110,05292,水土保持細學類,博士班,0,0,27.0,3.0,27.0,3.0,0.0,True,0.0,0.00095,-0.1,0.0,1.0
110,05311,化學細學類,博士班,1,0,550.0,94.0,549.0,94.0,0.00182,True,0.00498,0.0193,-1.43,0.258,1.0
110,05321,地球科學及環境細學類,博士班,0,0,213.0,20.0,213.0,20.0,0.0,True,0.0,0.00749,-0.75,0.0,1.0
110,05322,大氣及太空科學細學類,博士班,1,0,82.0,5.0,81.0,5.0,0.0122,True,0.00498,0.00285,0.21,1.747,1.0
110,05323,海洋科學細學類,博士班,0,0,98.0,13.0,98.0,13.0,0.0,True,0.0,0.00345,-0.34,0.0,1.0
110,05331,物理及應用物理細學類,博士班,1,0,581.0,66.0,580.0,66.0,0.00172,True,0.00498,0.02039,-1.54,0.244,1.0
110,05332,天文細學類,博士班,0,0,39.0,4.0,39.0,4.0,0.0,True,0.0,0.00137,-0.14,0.0,1.0
110,05399,其他物理、化學及地球科學細學類,博士班,1,0,172.0,27.0,171.0,27.0,0.00581,True,0.00498,0.00601,-0.1,0.829,1.0
110,05411,數學細學類,博士班,1,0,142.0,26.0,141.0,26.0,0.00704,True,0.00498,0.00496,0.0,1.004,1.0
110,05421,統計細學類,博士班,0,0,53.0,2.0,53.0,2.0,0.0,True,0.0,0.00186,-0.19,0.0,1.0
110,05499,其他數學及統計細學類,博士班,0,0,4.0,0.0,4.0,0.0,0.0,True,0.0,0.00014,-0.01,0.0,1.0
110,06111,電腦運用細學類,博士班,0,0,60.0,1.0,60.0,1.0,0.0,True,0.0,0.00211,-0.21,0.0,1.0
110,06121,資料庫、網路設計及管理細學類,博士班,0,0,3.0,0.0,3.0,0.0,0.0,True,0.0,0.00011,-0.01,0.0,1.0
110,06131,資訊技術細學類,博士班,5,0,1362.0,149.0,1357.0,149.0,0.00367,True,0.02488,0.04772,-2.28,0.521,1.0
110,06132,軟體開發細學類,博士班,0,0,27.0,2.0,27.0,2.0,0.0,True,0.0,0.00095,-0.1,0.0,1.0
110,06133,系統設計細學類,博士班,0,0,,,,,,True,0.0,,,,1.0
110,06134,電算機應用細學類,博士班,0,0,88.0,9.0,88.0,9.0,0.0,True,0.0,0.00309,-0.31,0.0,1.0
110,06199,其他資訊通訊科技細學類,博士班,0,0,,,,,,True,0.0,,,,1.0
110,07111,化學工程細學類,博士班,1,0,557.0,115.0,556.0,115.0,0.0018,True,0.00498,0.01955,-1.46,0.255,1.0
110,07112,材料工程細學類,博士班,3,1,759.0,131.0,756.0,130.0,0.00395,True,0.01493,0.02658,-1.16,0.562,1.0
110,07121,環境工程細學類,博士班,2,0,257.0,42.0,255.0,42.0,0.00778,True,0.00995,0.00897,0.1,1.109,1.0
110,07122,河海工程細學類,博士班,1,0,110.0,4.0,109.0,4.0,0.00909,True,0.00498,0.00383,0.12,1.3,1.0
110,07132,能源工程細學類,博士班,0,0,70.0,8.0,70.0,8.0,0.0,True,0.0,0.00246,-0.25,0.0,1.0
110,07141,電機與電子工程細學類,博士班,5,1,2489.0,314.0,2484.0,313.0,0.00201,True,0.02488,0.08734,-6.25,0.285,1.0
110,07151,機械工程細學類,博士班,3,0,1145.0,159.0,1142.0,159.0,0.00262,True,0.01493,0.04016,-2.52,0.372,1.0
110,07161,車輛工程細學類,博士班,0,0,,,,,,True,0.0,,,,1.0
110,07162,航空工程細學類,博士班,0,0,43.0,5.0,43.0,5.0,0.0,True,0.0,0.00151,-0.15,0.0,1.0
110,07163,造船工程細學類,博士班,1,0,48.0,1.0,47.0,1.0,0.02083,True,0.00498,0.00165,0.33,3.018,1.0
110,07191,工業工程細學類,博士班,3,0,361.0,32.0,358.0,32.0,0.00831,True,0.01493,0.01259,0.23,1.186,1.0
110,07192,紡織工程細學類,博士班,0,0,18.0,3.0,18.0,3.0,0.0,True,0.0,0.00063,-0.06,0.0,1.0
110,07193,生醫工程細學類,博士班,2,0,493.0,61.0,491.0,61.0,0.00406,True,0.00995,0.01727,-0.73,0.576,1.0
110,07194,綜合工程細學類,博士班,1,0,370.0,49.0,369.0,49.0,0.0027,True,0.00498,0.01298,-0.8,0.384,1.0
110,07199,其他工程及工程業細學類,博士班,0,0,11.0,0.0,11.0,0.0,0.0,True,0.0,0.00039,-0.04,0.0,1.0
110,07211,食品科學細學類,博士班,1,0,110.0,26.0,109.0,26.0,0.00909,True,0.00498,0.00383,0.12,1.3,1.0
110,07311,建築細學類,博士班,0,0,153.0,22.0,153.0,22.0,0.0,True,0.0,0.00538,-0.54,0.0,1.0
110,07312,景觀設計細學類,博士班,0,0,,,,,,True,0.0,,,,1.0
110,07313,都巿規劃細學類,博士班,2,0,53.0,2.0,51.0,2.0,0.03774,True,0.00995,0.00179,0.82,5.559,1.0
110,07321,土木工程細學類,博士班,1,0,643.0,81.0,642.0,81.0,0.00156,True,0.00498,0.02257,-1.76,0.221,1.0
110,07322,空間資訊及測繪細學類,博士班,0,0,39.0,4.0,39.0,4.0,0.0,True,0.0,0.00137,-0.14,0.0,1.0
110,08111,農作物生產細學類,博士班,1,0,76.0,12.0,75.0,12.0,0.01316,True,0.00498,0.00264,0.23,1.886,1.0
110,08112,畜牧生產細學類,博士班,0,1,61.0,11.0,61.0,10.0,0.0,True,0.0,0.00214,-0.21,0.0,1.0
110,08121,園藝細學類,博士班,0,0,61.0,7.0,61.0,7.0,0.0,True,0.0,0.00214,-0.21,0.0,1.0
110,08192,農業生物技術細學類,博士班,0,0,7.0,0.0,7.0,0.0,0.0,True,0.0,0.00025,-0.02,0.0,1.0
110,08193,農業經濟及推廣細學類,博士班,0,0,27.0,4.0,27.0,4.0,0.0,True,0.0,0.00095,-0.1,0.0,1.0
110,08194,植物保護細學類,博士班,0,0,32.0,2.0,32.0,2.0,0.0,True,0.0,0.00113,-0.11,0.0,1.0
110,08199,其他農業細學類,博士班,1,0,96.0,9.0,95.0,9.0,0.01042,True,0.00498,0.00334,0.16,1.491,1.0
110,08211,林業細學類,博士班,0,0,57.0,1.0,57.0,1.0,0.0,True,0.0,0.002,-0.2,0.0,1.0
110,08311,漁業科學細學類,博士班,0,0,53.0,3.0,53.0,3.0,0.0,True,0.0,0.00186,-0.19,0.0,1.0
110,08312,水產養殖細學類,博士班,0,0,44.0,5.0,44.0,5.0,0.0,True,0.0,0.00155,-0.16,0.0,1.0
110,08411,獸醫細學類,博士班,0,0,84.0,13.0,84.0,13.0,0.0,True,0.0,0.00295,-0.3,0.0,1.0
110,09111,牙醫細學類,博士班,0,0,134.0,19.0,134.0,19.0,0.0,True,0.0,0.00471,-0.47,0.0,1.0
110,09121,醫學細學類,博士班,13,0,1785.0,237.0,1772.0,237.0,0.00728,True,0.06468,0.06231,0.24,1.038,1.0
110,09131,護理及助產細學類,博士班,2,0,430.0,63.0,428.0,63.0,0.00465,True,0.00995,0.01505,-0.51,0.661,1.0
110,09141,醫學技術及檢驗細學類,博士班,0,0,131.0,28.0,131.0,28.0,0.0,True,0.0,0.00461,-0.46,0.0,1.0
110,09151,物理治療細學類,博士班,0,0,64.0,6.0,64.0,6.0,0.0,True,0.0,0.00225,-0.22,0.0,1.0
110,09152,職能治療細學類,博士班,0,0,17.0,2.0,17.0,2.0,0.0,True,0.0,0.0006,-0.06,0.0,1.0
110,09153,語言治療與聽力細學類,博士班,0,0,,,,,,True,0.0,,,,1.0
110,09159,其他治療及復健細學類,博士班,0,0,33.0,4.0,33.0,4.0,0.0,True,0.0,0.00116,-0.12,0.0,1.0
110,09161,藥學細學類,博士班,1,0,316.0,33.0,315.0,33.0,0.00316,True,0.00498,0.01108,-0.61,0.449,1.0
110,09171,傳統醫學、輔助醫學及治療細學類,博士班,0,0,42.0,4.0,42.0,4.0,0.0,True,0.0,0.00148,-0.15,0.0,1.0
110,09191,公共衛生細學類,博士班,0,0,578.0,64.0,578.0,64.0,0.0,True,0.0,0.02032,-2.03,0.0,1.0
110,09199,其他醫藥衛生細學類,博士班,0,0,54.0,5.0,54.0,5.0,0.0,True,0.0,0.0019,-0.19,0.0,1.0
110,09211,老年照顧服務細學類,博士班,0,0,,,,,,True,0.0,,,,1.0
110,09212,失能者照顧細學類,博士班,0,0,,,,,,True,0.0,,,,1.0
110,09221,兒童及青少年照顧服務細學類,博士班,0,0,,,,,,True,0.0,,,,1.0
110,09231,社會工作細學類,博士班,1,0,135.0,18.0,134.0,18.0,0.00741,True,0.00498,0.00471,0.03,1.057,1.0
110,09299,其他社會福利細學類,博士班,0,0,,,,,,True,0.0,,,,1.0
110,10111,家政服務細學類,博士班,0,0,,,,,,True,0.0,,,,1.0
110,10121,美髮美容服務細學類,博士班,0,0,,,,,,True,0.0,,,,1.0
110,10131,旅館及餐飲細學類,博士班,0,0,,,,,,True,0.0,,,,1.0
110,10141,競技運動細學類,博士班,2,0,110.0,12.0,108.0,12.0,0.01818,True,0.00995,0.0038,0.62,2.618,1.0
110,10142,運動科技細學類,博士班,0,0,16.0,2.0,16.0,2.0,0.0,True,0.0,0.00056,-0.06,0.0,1.0
110,10151,旅遊觀光細學類,博士班,1,0,55.0,8.0,54.0,8.0,0.01818,True,0.00498,0.0019,0.31,2.621,1.0
110,10152,遊憩、運動和休閒管理細學類,博士班,1,0,45.0,6.0,44.0,6.0,0.02222,True,0.00498,0.00155,0.34,3.213,1.0
110,10199,其他餐旅及民生服務細學類,博士班,0,0,,,,,,True,0.0,,,,1.0
110,10221,職業衛生及安全細學類,博士班,0,0,,,,,,True,0.0,,,,1.0
110,10321,警政細學類,博士班,0,0,,,,,,True,0.0,,,,1.0
110,10411,運輸管理細學類,博士班,0,0,28.0,1.0,28.0,1.0,0.0,True,0.0,0.00098,-0.1,0.0,1.0
110,10412,航運管理細學類,博士班,0,0,50.0,8.0,50.0,8.0,0.0,True,0.0,0.00176,-0.18,0.0,1.0
110,10413,空運管理細學類,博士班,0,0,,,,,,True,0.0,,,,1.0
110,10414,航海細學類,博士班,0,0,,,,,,True,0.0,,,,1.0
110,10499,其他運輸服務細學類,博士班,0,0,,,,,,True,0.0,,,,1.0
110,99999,其他細學類,博士班,1,0,146.0,3.0,145.0,3.0,0.00685,False,,,,,1.0
110,01111,綜合教育細學類,學士班,134,24,3301.0,729.0,3167.0,705.0,0.04059,True,0.00668,0.0036,0.31,1.856,1.0
110,01112,成人教育細學類,學士班,0,0,112.0,27.0,112.0,27.0,0.0,True,0.0,0.00013,-0.01,0.0,1.0
110,01113,特殊教育細學類,學士班,60,14,2360.0,580.0,2300.0,566.0,0.02542,True,0.00299,0.00262,0.04,1.141,1.0
110,01114,教育行政細學類,學士班,6,1,631.0,152.0,625.0,151.0,0.00951,True,0.0003,0.00071,-0.04,0.423,1.0
110,01115,課程與教學細學類,學士班,0,0,,,,,,True,0.0,,,,1.0
110,01116,教育科技細學類,學士班,19,2,891.0,192.0,872.0,190.0,0.02132,True,0.00095,0.00099,-0.0,0.96,1.0
110,01118,技職教育細學類,學士班,0,0,,,,,,True,0.0,,,,1.0
110,01121,幼兒師資教育細學類,學士班,239,32,4017.0,1081.0,3778.0,1049.0,0.0595,True,0.01192,0.0043,0.76,2.772,1.0
110,01131,普通科目師資教育細學類,學士班,81,17,2976.0,686.0,2895.0,669.0,0.02722,True,0.00404,0.00329,0.08,1.228,1.0
110,01141,專業科目師資教育細學類,學士班,297,50,4579.0,1004.0,4282.0,954.0,0.06486,True,0.01481,0.00487,0.99,3.041,1.0
110,01199,其他教育細學類,學士班,7,1,329.0,74.0,322.0,73.0,0.02128,True,0.00035,0.00037,-0.0,0.946,1.0
110,02111,視覺藝術細學類,學士班,123,25,5249.0,1040.0,5126.0,1015.0,0.02343,True,0.00613,0.00583,0.03,1.051,1.0
110,02112,視覺傳達設計細學類,學士班,423,71,23350.0,5415.0,22927.0,5344.0,0.01812,True,0.02109,0.02607,-0.5,0.809,1.0
110,02121,應用藝術細學類,學士班,29,13,1467.0,363.0,1438.0,350.0,0.01977,True,0.00145,0.00164,-0.02,0.884,1.0
110,02122,綜合設計細學類,學士班,395,63,12594.0,3010.0,12199.0,2947.0,0.03136,True,0.01969,0.01387,0.58,1.42,1.0
110,02123,產品設計細學類,學士班,149,28,8614.0,2272.0,8465.0,2244.0,0.0173,True,0.00743,0.00963,-0.22,0.772,1.0
110,02124,空間設計細學類,學士班,94,13,5631.0,1127.0,5537.0,1114.0,0.01669,True,0.00469,0.0063,-0.16,0.744,1.0
110,02125,時尚設計與管理細學類,學士班,83,13,4221.0,945.0,4138.0,932.0,0.01966,True,0.00414,0.00471,-0.06,0.879,1.0
110,02131,純藝術細學類,學士班,64,11,4262.0,1020.0,4198.0,1009.0,0.01502,True,0.00319,0.00477,-0.16,0.669,1.0
110,02132,雕塑細學類,學士班,3,0,166.0,29.0,163.0,29.0,0.01807,True,0.00015,0.00019,-0.0,0.789,1.0
110,02141,美術工藝細學類,學士班,116,17,805.0,241.0,689.0,224.0,0.1441,True,0.00578,0.00078,0.5,7.41,1.0
110,02151,音樂細學類,學士班,295,38,6541.0,1349.0,6246.0,1311.0,0.0451,True,0.01471,0.0071,0.76,2.072,1.0
110,02152,表演藝術細學類,學士班,427,57,6603.0,1269.0,6176.0,1212.0,0.06467,True,0.02129,0.00702,1.43,3.033,1.0
110,02191,綜合藝術細學類,學士班,26,6,1111.0,244.0,1085.0,238.0,0.0234,True,0.0013,0.00123,0.01,1.057,1.0
110,02192,藝術行政細學類,學士班,6,3,434.0,111.0,428.0,108.0,0.01382,True,0.0003,0.00049,-0.02,0.612,1.0
110,02199,其他藝術細學類,學士班,84,9,1155.0,299.0,1071.0,290.0,0.07273,True,0.00419,0.00122,0.3,3.434,1.0
110,02211,宗教細學類,學士班,9,5,609.0,126.0,600.0,121.0,0.01478,True,0.00045,0.00068,-0.02,0.662,1.0
110,02221,歷史細學類,學士班,73,17,4176.0,921.0,4103.0,904.0,0.01748,True,0.00364,0.00467,-0.1,0.779,1.0
110,02222,人類學及民族學細學類,學士班,112,12,521.0,82.0,409.0,70.0,0.21497,True,0.00558,0.00047,0.51,11.872,1.0
110,02231,哲學細學類,學士班,21,4,1806.0,338.0,1785.0,334.0,0.01163,True,0.00105,0.00203,-0.1,0.517,1.0
110,02299,其他人文細學類,學士班,210,49,2933.0,599.0,2723.0,550.0,0.0716,True,0.01047,0.0031,0.74,3.377,1.0
110,02311,外國語文細學類,學士班,824,167,51979.0,12425.0,51155.0,12258.0,0.01585,True,0.04108,0.05817,-1.71,0.706,1.0
110,02312,翻譯細學類,學士班,6,1,507.0,130.0,501.0,129.0,0.01183,True,0.0003,0.00057,-0.03,0.526,1.0
110,02313,華語文為第二語言細學類,學士班,4,1,416.0,95.0,412.0,94.0,0.00962,True,0.0002,0.00047,-0.03,0.426,1.0
110,02321,臺灣語文細學類,學士班,198,28,1239.0,221.0,1041.0,193.0,0.15981,True,0.00987,0.00118,0.87,8.364,1.0
110,02322,中國語文細學類,學士班,129,35,10619.0,2315.0,10490.0,2280.0,0.01215,True,0.00643,0.01193,-0.55,0.539,1.0
110,02323,華語文細學類,學士班,31,7,2202.0,512.0,2171.0,505.0,0.01408,True,0.00155,0.00247,-0.09,0.628,1.0
110,02399,其他語文細學類,學士班,0,0,,,,,,True,0.0,,,,1.0
110,03111,經濟學細學類,學士班,88,9,9326.0,2064.0,9238.0,2055.0,0.00944,True,0.00439,0.01051,-0.61,0.418,1.0
110,03121,政治學細學類,學士班,42,13,2968.0,639.0,2926.0,626.0,0.01415,True,0.00209,0.00333,-0.12,0.628,1.0
110,03122,國際關係細學類,學士班,13,1,1104.0,218.0,1091.0,217.0,0.01178,True,0.00065,0.00124,-0.06,0.524,1.0
110,03131,心理學細學類,學士班,200,33,6873.0,1576.0,6673.0,1543.0,0.0291,True,0.00997,0.00759,0.24,1.314,1.0
110,03141,社會學細學類,學士班,311,55,4146.0,876.0,3835.0,821.0,0.07501,True,0.01551,0.00436,1.12,3.557,1.0
110,03142,地理學細學類,學士班,34,8,1044.0,226.0,1010.0,218.0,0.03257,True,0.0017,0.00115,0.05,1.478,1.0
110,03143,區域研究細學類,學士班,23,4,1437.0,356.0,1414.0,352.0,0.01601,True,0.00115,0.00161,-0.05,0.714,1.0
110,03191,發展研究細學類,學士班,7,0,500.0,90.0,493.0,90.0,0.014,True,0.00035,0.00056,-0.02,0.625,1.0
110,03199,其他社會及行為科學細學類,學士班,97,27,1113.0,175.0,1016.0,148.0,0.08715,True,0.00484,0.00116,0.37,4.172,1.0
110,03211,大眾傳播細學類,學士班,183,36,5314.0,1101.0,5131.0,1065.0,0.03444,True,0.00912,0.00583,0.33,1.564,1.0
110,03212,新聞細學類,學士班,43,9,1712.0,448.0,1669.0,439.0,0.02512,True,0.00214,0.0019,0.02,1.126,1.0
110,03213,電子媒體細學類,學士班,47,10,2174.0,520.0,2127.0,510.0,0.02162,True,0.00234,0.00242,-0.01,0.967,1.0
110,03214,傳播細學類,學士班,78,11,4273.0,915.0,4195.0,904.0,0.01825,True,0.00389,0.00477,-0.09,0.816,1.0
110,03222,圖書資訊檔案細學類,學士班,0,0,974.0,257.0,974.0,257.0,0.0,True,0.0,0.00111,-0.11,0.0,1.0
110,03299,其他新聞學及圖書資訊細學類,學士班,0,1,0.0,1.0,0.0,0.0,,True,0.0,0.0,0.0,,1.0
110,04111,會計及稅務細學類,學士班,138,27,15837.0,3744.0,15699.0,3717.0,0.00871,True,0.00688,0.01785,-1.1,0.385,1.0
110,04121,財務金融細學類,學士班,319,50,26217.0,5968.0,25898.0,5918.0,0.01217,True,0.0159,0.02945,-1.36,0.54,1.0
110,04122,財政細學類,學士班,56,6,3030.0,757.0,2974.0,751.0,0.01848,True,0.00279,0.00338,-0.06,0.825,1.0
110,04123,保險及風險管理細學類,學士班,41,4,3752.0,881.0,3711.0,877.0,0.01093,True,0.00204,0.00422,-0.22,0.483,1.0
110,04131,企業管理細學類,學士班,983,239,50952.0,12601.0,49969.0,12362.0,0.01929,True,0.04901,0.05682,-0.78,0.863,1.0
110,04132,流通及供應鏈細學類,學士班,331,95,11435.0,2751.0,11104.0,2656.0,0.02895,True,0.0165,0.01263,0.39,1.306,1.0
110,04133,醫療管理細學類,學士班,131,39,5088.0,1245.0,4957.0,1206.0,0.02575,True,0.00653,0.00564,0.09,1.158,1.0
110,04134,公共行政細學類,學士班,173,63,5592.0,1237.0,5419.0,1174.0,0.03094,True,0.00862,0.00616,0.25,1.399,1.0
110,04141,國際貿易細學類,學士班,114,13,12049.0,2717.0,11935.0,2704.0,0.00946,True,0.00568,0.01357,-0.79,0.419,1.0
110,04142,公共關係細學類,學士班,1,1,24.0,21.0,23.0,20.0,0.04167,True,5e-05,3e-05,0.0,1.667,1.0
110,04143,行銷及廣告細學類,學士班,245,60,10227.0,2484.0,9982.0,2424.0,0.02396,True,0.01221,0.01135,0.09,1.076,1.0
110,04161,批發及零售細學類,學士班,1,0,140.0,0.0,139.0,0.0,0.00714,True,5e-05,0.00016,-0.01,0.312,1.0
110,04191,一般商業細學類,學士班,181,76,2130.0,664.0,1949.0,588.0,0.08498,True,0.00902,0.00222,0.68,4.063,1.0
110,04199,其他商業及管理細學類,學士班,240,58,12822.0,3198.0,12582.0,3140.0,0.01872,True,0.01197,0.01431,-0.23,0.836,1.0
110,04211,一般法律細學類,學士班,330,65,8876.0,2012.0,8546.0,1947.0,0.03718,True,0.01645,0.00972,0.67,1.692,1.0
110,04212,專業法律細學類,學士班,74,12,4317.0,962.0,4243.0,950.0,0.01714,True,0.00369,0.00483,-0.11,0.764,1.0
110,05111,生物學細學類,學士班,34,10,3748.0,782.0,3714.0,772.0,0.00907,True,0.0017,0.00422,-0.25,0.403,1.0
110,05121,生物科技細學類,學士班,65,7,6430.0,1447.0,6365.0,1440.0,0.01011,True,0.00324,0.00724,-0.4,0.448,1.0
110,05122,微生物細學類,學士班,1,0,218.0,44.0,217.0,44.0,0.00459,True,5e-05,0.00025,-0.02,0.2,1.0
110,05123,生物化學細學類,學士班,0,0,366.0,68.0,366.0,68.0,0.0,True,0.0,0.00042,-0.04,0.0,1.0
110,05124,生物訊息及遺傳細學類,學士班,1,0,49.0,15.0,48.0,15.0,0.02041,True,5e-05,5e-05,0.0,1.0,1.0
110,05191,營養細學類,學士班,83,19,6494.0,1685.0,6411.0,1666.0,0.01278,True,0.00414,0.00729,-0.32,0.568,1.0
110,05199,其他生命科學細學類,學士班,2,1,331.0,95.0,329.0,94.0,0.00604,True,0.0001,0.00037,-0.03,0.27,1.0
110,05211,環境資源細學類,學士班,10,2,868.0,205.0,858.0,203.0,0.01152,True,0.0005,0.00098,-0.05,0.51,1.0
110,05212,生態細學類,學士班,10,0,346.0,71.0,336.0,71.0,0.0289,True,0.0005,0.00038,0.01,1.316,1.0
110,05291,環境防災細學類,學士班,0,0,,,,,,True,0.0,,,,1.0
110,05292,水土保持細學類,學士班,6,1,429.0,102.0,423.0,101.0,0.01399,True,0.0003,0.00048,-0.02,0.625,1.0
110,05311,化學細學類,學士班,32,3,6586.0,1381.0,6554.0,1378.0,0.00486,True,0.0016,0.00745,-0.58,0.215,1.0
110,05321,地球科學及環境細學類,學士班,5,1,1229.0,218.0,1224.0,217.0,0.00407,True,0.00025,0.00139,-0.11,0.18,1.0
110,05322,大氣及太空科學細學類,學士班,5,1,565.0,133.0,560.0,132.0,0.00885,True,0.00025,0.00064,-0.04,0.391,1.0
110,05323,海洋科學細學類,學士班,1,3,439.0,97.0,438.0,94.0,0.00228,True,5e-05,0.0005,-0.04,0.1,1.0
110,05331,物理及應用物理細學類,學士班,15,1,5242.0,1015.0,5227.0,1014.0,0.00286,True,0.00075,0.00594,-0.52,0.126,1.0
110,05332,天文細學類,學士班,0,0,,,,,,True,0.0,,,,1.0
110,05399,其他物理、化學及地球科學細學類,學士班,11,1,1218.0,244.0,1207.0,243.0,0.00903,True,0.00055,0.00137,-0.08,0.401,1.0
110,05411,數學細學類,學士班,41,3,6868.0,1327.0,6827.0,1324.0,0.00597,True,0.00204,0.00776,-0.57,0.263,1.0
110,05421,統計細學類,學士班,9,0,3249.0,732.0,3240.0,732.0,0.00277,True,0.00045,0.00368,-0.32,0.122,1.0
110,05499,其他數學及統計細學類,學士班,2,0,834.0,160.0,832.0,160.0,0.0024,True,0.0001,0.00095,-0.08,0.105,1.0
110,06111,電腦運用細學類,學士班,25,4,2177.0,539.0,2152.0,535.0,0.01148,True,0.00125,0.00245,-0.12,0.51,1.0
110,06121,資料庫、網路設計及管理細學類,學士班,37,10,1871.0,468.0,1834.0,458.0,0.01978,True,0.00184,0.00209,-0.02,0.88,1.0
110,06131,資訊技術細學類,學士班,524,109,50924.0,11012.0,50400.0,10903.0,0.01029,True,0.02612,0.05731,-3.12,0.456,1.0
110,06132,軟體開發細學類,學士班,32,6,4205.0,833.0,4173.0,827.0,0.00761,True,0.0016,0.00475,-0.32,0.337,1.0
110,06133,系統設計細學類,學士班,21,9,2256.0,466.0,2235.0,457.0,0.00931,True,0.00105,0.00254,-0.15,0.413,1.0
110,06134,電算機應用細學類,學士班,26,3,3796.0,733.0,3770.0,730.0,0.00685,True,0.0013,0.00429,-0.3,0.303,1.0
110,06199,其他資訊通訊科技細學類,學士班,11,1,1004.0,206.0,993.0,205.0,0.01096,True,0.00055,0.00113,-0.06,0.487,1.0
110,07111,化學工程細學類,學士班,44,8,11346.0,2594.0,11302.0,2586.0,0.00388,True,0.00219,0.01285,-1.07,0.17,1.0
110,07112,材料工程細學類,學士班,30,11,5635.0,1278.0,5605.0,1267.0,0.00532,True,0.0015,0.00637,-0.49,0.235,1.0
110,07121,環境工程細學類,學士班,93,9,7501.0,1522.0,7408.0,1513.0,0.0124,True,0.00464,0.00842,-0.38,0.551,1.0
110,07122,河海工程細學類,學士班,15,1,1607.0,343.0,1592.0,342.0,0.00933,True,0.00075,0.00181,-0.11,0.414,1.0
110,07132,能源工程細學類,學士班,26,3,2294.0,515.0,2268.0,512.0,0.01133,True,0.0013,0.00258,-0.13,0.504,1.0
110,07141,電機與電子工程細學類,學士班,524,81,61335.0,13274.0,60811.0,13193.0,0.00854,True,0.02612,0.06915,-4.3,0.378,1.0
110,07151,機械工程細學類,學士班,440,90,39310.0,8757.0,38870.0,8667.0,0.01119,True,0.02194,0.0442,-2.23,0.496,1.0
110,07161,車輛工程細學類,學士班,60,6,2759.0,373.0,2699.0,367.0,0.02175,True,0.00299,0.00307,-0.01,0.974,1.0
110,07162,航空工程細學類,學士班,63,14,3841.0,794.0,3778.0,780.0,0.0164,True,0.00314,0.0043,-0.12,0.73,1.0
110,07163,造船工程細學類,學士班,19,9,1735.0,465.0,1716.0,456.0,0.01095,True,0.00095,0.00195,-0.1,0.487,1.0
110,07191,工業工程細學類,學士班,112,32,10258.0,2462.0,10146.0,2430.0,0.01092,True,0.00558,0.01154,-0.6,0.484,1.0
110,07192,紡織工程細學類,學士班,6,0,890.0,203.0,884.0,203.0,0.00674,True,0.0003,0.00101,-0.07,0.297,1.0
110,07193,生醫工程細學類,學士班,21,3,2532.0,510.0,2511.0,507.0,0.00829,True,0.00105,0.00286,-0.18,0.367,1.0
110,07194,綜合工程細學類,學士班,6,0,1028.0,125.0,1022.0,125.0,0.00584,True,0.0003,0.00116,-0.09,0.259,1.0
110,07199,其他工程及工程業細學類,學士班,3,0,1199.0,14.0,1196.0,14.0,0.0025,True,0.00015,0.00136,-0.12,0.11,1.0
110,07211,食品科學細學類,學士班,81,21,7466.0,1798.0,7385.0,1777.0,0.01085,True,0.00404,0.0084,-0.44,0.481,1.0
110,07311,建築細學類,學士班,95,10,6668.0,1281.0,6573.0,1271.0,0.01425,True,0.00474,0.00747,-0.27,0.635,1.0
110,07312,景觀設計細學類,學士班,37,8,2236.0,466.0,2199.0,458.0,0.01655,True,0.00184,0.0025,-0.07,0.736,1.0
110,07313,都巿規劃細學類,學士班,10,0,1407.0,275.0,1397.0,275.0,0.00711,True,0.0005,0.00159,-0.11,0.314,1.0
110,07321,土木工程細學類,學士班,388,69,12494.0,2806.0,12106.0,2737.0,0.03105,True,0.01934,0.01377,0.56,1.405,1.0
110,07322,空間資訊及測繪細學類,學士班,4,1,298.0,63.0,294.0,62.0,0.01342,True,0.0002,0.00033,-0.01,0.606,1.0
110,08111,農作物生產細學類,學士班,25,6,1403.0,261.0,1378.0,255.0,0.01782,True,0.00125,0.00157,-0.03,0.796,1.0
110,08112,畜牧生產細學類,學士班,21,5,2002.0,485.0,1981.0,480.0,0.01049,True,0.00105,0.00225,-0.12,0.467,1.0
110,08121,園藝細學類,學士班,23,3,1200.0,270.0,1177.0,267.0,0.01917,True,0.00115,0.00134,-0.02,0.858,1.0
110,08192,農業生物技術細學類,學士班,3,2,194.0,65.0,191.0,63.0,0.01546,True,0.00015,0.00022,-0.01,0.682,1.0
110,08193,農業經濟及推廣細學類,學士班,31,7,1108.0,219.0,1077.0,212.0,0.02798,True,0.00155,0.00122,0.03,1.27,1.0
110,08194,植物保護細學類,學士班,7,2,686.0,159.0,679.0,157.0,0.0102,True,0.00035,0.00077,-0.04,0.455,1.0
110,08199,其他農業細學類,學士班,76,5,1099.0,191.0,1023.0,186.0,0.06915,True,0.00379,0.00116,0.26,3.267,1.0
110,08211,林業細學類,學士班,42,11,1907.0,432.0,1865.0,421.0,0.02202,True,0.00209,0.00212,-0.0,0.986,1.0
110,08311,漁業科學細學類,學士班,4,2,414.0,113.0,410.0,111.0,0.00966,True,0.0002,0.00047,-0.03,0.426,1.0
110,08312,水產養殖細學類,學士班,16,2,1553.0,344.0,1537.0,342.0,0.0103,True,0.0008,0.00175,-0.1,0.457,1.0
110,08411,獸醫細學類,學士班,31,6,1828.0,355.0,1797.0,349.0,0.01696,True,0.00155,0.00204,-0.05,0.76,1.0
110,09111,牙醫細學類,學士班,84,11,3426.0,621.0,3342.0,610.0,0.02452,True,0.00419,0.0038,0.04,1.103,1.0
110,09121,醫學細學類,學士班,148,18,9761.0,1635.0,9613.0,1617.0,0.01516,True,0.00738,0.01093,-0.36,0.675,1.0
110,09131,護理及助產細學類,學士班,939,310,26607.0,8705.0,25668.0,8395.0,0.03529,True,0.04681,0.02919,1.76,1.604,1.0
110,09141,醫學技術及檢驗細學類,學士班,154,31,8119.0,1980.0,7965.0,1949.0,0.01897,True,0.00768,0.00906,-0.14,0.848,1.0
110,09151,物理治療細學類,學士班,70,9,3060.0,595.0,2990.0,586.0,0.02288,True,0.00349,0.0034,0.01,1.026,1.0
110,09152,職能治療細學類,學士班,46,8,1627.0,341.0,1581.0,333.0,0.02827,True,0.00229,0.0018,0.05,1.272,1.0
110,09153,語言治療與聽力細學類,學士班,18,1,1362.0,287.0,1344.0,286.0,0.01322,True,0.0009,0.00153,-0.06,0.588,1.0
110,09159,其他治療及復健細學類,學士班,14,3,412.0,105.0,398.0,102.0,0.03398,True,0.0007,0.00045,0.02,1.556,1.0
110,09161,藥學細學類,學士班,79,12,6521.0,1347.0,6442.0,1335.0,0.01211,True,0.00394,0.00733,-0.34,0.538,1.0
110,09171,傳統醫學、輔助醫學及治療細學類,學士班,3,1,546.0,110.0,543.0,109.0,0.00549,True,0.00015,0.00062,-0.05,0.242,1.0
110,09191,公共衛生細學類,學士班,152,4,2637.0,553.0,2485.0,549.0,0.05764,True,0.00758,0.00283,0.48,2.678,1.0
110,09199,其他醫藥衛生細學類,學士班,8,4,1155.0,263.0,1147.0,259.0,0.00693,True,0.0004,0.0013,-0.09,0.308,1.0
110,09211,老年照顧服務細學類,學士班,176,33,4135.0,1079.0,3959.0,1046.0,0.04256,True,0.00877,0.0045,0.43,1.949,1.0
110,09212,失能者照顧細學類,學士班,1,0,104.0,17.0,103.0,17.0,0.00962,True,5e-05,0.00012,-0.01,0.417,1.0
110,09221,兒童及青少年照顧服務細學類,學士班,374,76,9343.0,2803.0,8969.0,2727.0,0.04003,True,0.01865,0.0102,0.84,1.828,1.0
110,09231,社會工作細學類,學士班,839,216,9997.0,2484.0,9158.0,2268.0,0.08393,True,0.04183,0.01041,3.14,4.018,1.0
110,09299,其他社會福利細學類,學士班,21,3,628.0,123.0,607.0,120.0,0.03344,True,0.00105,0.00069,0.04,1.522,1.0
110,10111,家政服務細學類,學士班,12,0,845.0,232.0,833.0,232.0,0.0142,True,0.0006,0.00095,-0.04,0.632,1.0
110,10121,美髮美容服務細學類,學士班,295,53,10146.0,2409.0,9851.0,2356.0,0.02908,True,0.01471,0.0112,0.35,1.313,1.0
110,10131,旅館及餐飲細學類,學士班,816,167,35710.0,9258.0,34894.0,9091.0,0.02285,True,0.04068,0.03968,0.1,1.025,1.0
110,10141,競技運動細學類,學士班,883,115,5330.0,958.0,4447.0,843.0,0.16567,True,0.04402,0.00506,3.9,8.7,1.0
110,10142,運動科技細學類,學士班,46,15,1080.0,250.0,1034.0,235.0,0.04259,True,0.00229,0.00118,0.11,1.941,1.0
110,10151,旅遊觀光細學類,學士班,735,161,25279.0,6574.0,24544.0,6413.0,0.02908,True,0.03664,0.02791,0.87,1.313,1.0
110,10152,遊憩、運動和休閒管理細學類,學士班,1147,218,17452.0,4223.0,16305.0,4005.0,0.06572,True,0.05718,0.01854,3.86,3.084,1.0
110,10199,其他餐旅及民生服務細學類,學士班,110,40,1452.0,504.0,1342.0,464.0,0.07576,True,0.00548,0.00153,0.39,3.582,1.0
110,10221,職業衛生及安全細學類,學士班,33,9,1502.0,372.0,1469.0,363.0,0.02197,True,0.00165,0.00167,-0.0,0.988,1.0
110,10321,警政細學類,學士班,46,17,1182.0,356.0,1136.0,339.0,0.03892,True,0.00229,0.00129,0.1,1.775,1.0
110,10411,運輸管理細學類,學士班,15,3,1976.0,464.0,1961.0,461.0,0.00759,True,0.00075,0.00223,-0.15,0.336,1.0
110,10412,航運管理細學類,學士班,46,10,2193.0,509.0,2147.0,499.0,0.02098,True,0.00229,0.00244,-0.01,0.939,1.0
110,10413,空運管理細學類,學士班,33,6,1353.0,395.0,1320.0,389.0,0.02439,True,0.00165,0.0015,0.01,1.1,1.0
110,10414,航海細學類,學士班,42,3,1182.0,271.0,1140.0,268.0,0.03553,True,0.00209,0.0013,0.08,1.608,1.0
110,10499,其他運輸服務細學類,學士班,7,3,480.0,134.0,473.0,131.0,0.01458,True,0.00035,0.00054,-0.02,0.648,1.0
110,99999,其他細學類,學士班,937,1,1515.0,39.0,578.0,38.0,0.61848,False,,,,,1.0
110,01111,綜合教育細學類,碩士班,192,26,4242.0,917.0,4050.0,891.0,0.04526,True,0.08167,0.02401,5.77,3.401,1.0
110,01112,成人教育細學類,碩士班,4,1,369.0,110.0,365.0,109.0,0.01084,True,0.0017,0.00216,-0.05,0.787,1.0
110,01113,特殊教育細學類,碩士班,19,1,1312.0,273.0,1293.0,272.0,0.01448,True,0.00808,0.00766,0.04,1.055,1.0
110,01114,教育行政細學類,碩士班,53,8,928.0,235.0,875.0,227.0,0.05711,True,0.02254,0.00519,1.74,4.343,1.0
110,01115,課程與教學細學類,碩士班,24,0,655.0,144.0,631.0,144.0,0.03664,True,0.01021,0.00374,0.65,2.73,1.0
110,01116,教育科技細學類,碩士班,2,1,372.0,110.0,370.0,109.0,0.00538,True,0.00085,0.00219,-0.13,0.388,1.0
110,01118,技職教育細學類,碩士班,10,3,539.0,198.0,529.0,195.0,0.01855,True,0.00425,0.00314,0.11,1.354,1.0
110,01121,幼兒師資教育細學類,碩士班,41,6,1183.0,179.0,1142.0,173.0,0.03466,True,0.01744,0.00677,1.07,2.576,1.0
110,01131,普通科目師資教育細學類,碩士班,20,2,1376.0,310.0,1356.0,308.0,0.01453,True,0.00851,0.00804,0.05,1.058,1.0
110,01141,專業科目師資教育細學類,碩士班,98,8,2215.0,489.0,2117.0,481.0,0.04424,True,0.04168,0.01255,2.91,3.321,1.0
110,01199,其他教育細學類,碩士班,6,0,524.0,93.0,518.0,93.0,0.01145,True,0.00255,0.00307,-0.05,0.831,1.0
110,02111,視覺藝術細學類,碩士班,14,0,996.0,166.0,982.0,166.0,0.01406,True,0.00595,0.00582,0.01,1.022,1.0
110,02112,視覺傳達設計細學類,碩士班,14,2,1227.0,341.0,1213.0,339.0,0.01141,True,0.00595,0.00719,-0.12,0.828,1.0
110,02121,應用藝術細學類,碩士班,10,1,423.0,102.0,413.0,101.0,0.02364,True,0.00425,0.00245,0.18,1.735,1.0
110,02122,綜合設計細學類,碩士班,13,3,1074.0,348.0,1061.0,345.0,0.0121,True,0.00553,0.00629,-0.08,0.879,1.0
110,02123,產品設計細學類,碩士班,3,0,817.0,206.0,814.0,206.0,0.00367,True,0.00128,0.00483,-0.36,0.265,1.0
110,02124,空間設計細學類,碩士班,2,0,313.0,72.0,311.0,72.0,0.00639,True,0.00085,0.00184,-0.1,0.462,1.0
110,02125,時尚設計與管理細學類,碩士班,3,1,221.0,60.0,218.0,59.0,0.01357,True,0.00128,0.00129,-0.0,0.992,1.0
110,02131,純藝術細學類,碩士班,7,4,1771.0,351.0,1764.0,347.0,0.00395,True,0.00298,0.01046,-0.75,0.285,1.0
110,02132,雕塑細學類,碩士班,0,0,27.0,6.0,27.0,6.0,0.0,True,0.0,0.00016,-0.02,0.0,1.0
110,02141,美術工藝細學類,碩士班,1,0,142.0,34.0,141.0,34.0,0.00704,True,0.00043,0.00084,-0.04,0.512,1.0
110,02151,音樂細學類,碩士班,51,4,2193.0,536.0,2142.0,532.0,0.02326,True,0.02169,0.0127,0.9,1.708,1.0
110,02152,表演藝術細學類,碩士班,13,2,631.0,142.0,618.0,140.0,0.0206,True,0.00553,0.00366,0.19,1.511,1.0
110,02191,綜合藝術細學類,碩士班,28,4,793.0,141.0,765.0,137.0,0.03531,True,0.01191,0.00453,0.74,2.629,1.0
110,02192,藝術行政細學類,碩士班,5,1,408.0,85.0,403.0,84.0,0.01225,True,0.00213,0.00239,-0.03,0.891,1.0
110,02199,其他藝術細學類,碩士班,4,0,236.0,38.0,232.0,38.0,0.01695,True,0.0017,0.00138,0.03,1.232,1.0
110,02211,宗教細學類,碩士班,40,2,632.0,94.0,592.0,92.0,0.06329,True,0.01701,0.00351,1.35,4.846,1.0
110,02221,歷史細學類,碩士班,7,3,953.0,195.0,946.0,192.0,0.00735,True,0.00298,0.00561,-0.26,0.531,1.0
110,02222,人類學及民族學細學類,碩士班,38,2,205.0,21.0,167.0,19.0,0.18537,True,0.01616,0.00099,1.52,16.323,1.0
110,02231,哲學細學類,碩士班,1,0,413.0,62.0,412.0,62.0,0.00242,True,0.00043,0.00244,-0.2,0.176,1.0
110,02299,其他人文細學類,碩士班,40,2,1082.0,191.0,1042.0,189.0,0.03697,True,0.01701,0.00618,1.08,2.752,1.0
110,02311,外國語文細學類,碩士班,30,5,2787.0,497.0,2757.0,492.0,0.01076,True,0.01276,0.01634,-0.36,0.781,1.0
110,02312,翻譯細學類,碩士班,0,0,290.0,69.0,290.0,69.0,0.0,True,0.0,0.00172,-0.17,0.0,1.0
110,02313,華語文為第二語言細學類,碩士班,1,0,373.0,89.0,372.0,89.0,0.00268,True,0.00043,0.00221,-0.18,0.195,1.0
110,02321,臺灣語文細學類,碩士班,66,4,694.0,111.0,628.0,107.0,0.0951,True,0.02807,0.00372,2.44,7.546,1.0
110,02322,中國語文細學類,碩士班,16,2,2192.0,394.0,2176.0,392.0,0.0073,True,0.00681,0.0129,-0.61,0.528,1.0
110,02323,華語文細學類,碩士班,3,2,307.0,43.0,304.0,41.0,0.00977,True,0.00128,0.0018,-0.05,0.711,1.0
110,02399,其他語文細學類,碩士班,8,0,273.0,54.0,265.0,54.0,0.0293,True,0.0034,0.00157,0.18,2.166,1.0
110,03111,經濟學細學類,碩士班,5,1,1251.0,459.0,1246.0,458.0,0.004,True,0.00213,0.00739,-0.53,0.288,1.0
110,03121,政治學細學類,碩士班,3,0,736.0,187.0,733.0,187.0,0.00408,True,0.00128,0.00435,-0.31,0.294,1.0
110,03122,國際關係細學類,碩士班,5,1,620.0,162.0,615.0,161.0,0.00806,True,0.00213,0.00365,-0.15,0.584,1.0
110,03131,心理學細學類,碩士班,27,3,3674.0,748.0,3647.0,745.0,0.00735,True,0.01148,0.02162,-1.01,0.531,1.0
110,03141,社會學細學類,碩士班,84,6,972.0,211.0,888.0,205.0,0.08642,True,0.03573,0.00526,3.05,6.793,1.0
110,03142,地理學細學類,碩士班,3,2,274.0,83.0,271.0,81.0,0.01095,True,0.00128,0.00161,-0.03,0.795,1.0
110,03143,區域研究細學類,碩士班,50,5,1329.0,271.0,1279.0,266.0,0.03762,True,0.02127,0.00758,1.37,2.806,1.0
110,03191,發展研究細學類,碩士班,10,4,725.0,182.0,715.0,178.0,0.01379,True,0.00425,0.00424,0.0,1.002,1.0
110,03199,其他社會及行為科學細學類,碩士班,62,9,846.0,174.0,784.0,165.0,0.07329,True,0.02637,0.00465,2.17,5.671,1.0
110,03211,大眾傳播細學類,碩士班,11,2,840.0,238.0,829.0,236.0,0.0131,True,0.00468,0.00491,-0.02,0.953,1.0
110,03212,新聞細學類,碩士班,0,0,155.0,41.0,155.0,41.0,0.0,True,0.0,0.00092,-0.09,0.0,1.0
110,03213,電子媒體細學類,碩士班,2,0,151.0,50.0,149.0,50.0,0.01325,True,0.00085,0.00088,-0.0,0.966,1.0
110,03214,傳播細學類,碩士班,5,2,349.0,81.0,344.0,79.0,0.01433,True,0.00213,0.00204,0.01,1.044,1.0
110,03222,圖書資訊檔案細學類,碩士班,2,0,391.0,96.0,389.0,96.0,0.00512,True,0.00085,0.00231,-0.15,0.368,1.0
110,03299,其他新聞學及圖書資訊細學類,碩士班,0,0,,,,,,True,0.0,,,,1.0
110,04111,會計及稅務細學類,碩士班,6,0,1774.0,783.0,1768.0,783.0,0.00338,True,0.00255,0.01048,-0.79,0.243,1.0
110,04121,財務金融細學類,碩士班,12,5,3320.0,1514.0,3308.0,1509.0,0.00361,True,0.0051,0.01961,-1.45,0.26,1.0
110,04122,財政細學類,碩士班,0,0,250.0,131.0,250.0,131.0,0.0,True,0.0,0.00148,-0.15,0.0,1.0
110,04123,保險及風險管理細學類,碩士班,0,0,349.0,130.0,349.0,130.0,0.0,True,0.0,0.00207,-0.21,0.0,1.0
110,04131,企業管理細學類,碩士班,124,37,14688.0,5958.0,14564.0,5921.0,0.00844,True,0.05274,0.08633,-3.36,0.611,1.0
110,04132,流通及供應鏈細學類,碩士班,7,5,709.0,256.0,702.0,251.0,0.00987,True,0.00298,0.00416,-0.12,0.716,1.0
110,04133,醫療管理細學類,碩士班,5,6,847.0,296.0,842.0,290.0,0.0059,True,0.00213,0.00499,-0.29,0.427,1.0
110,04134,公共行政細學類,碩士班,81,10,2301.0,611.0,2220.0,601.0,0.0352,True,0.03445,0.01316,2.13,2.618,1.0
110,04141,國際貿易細學類,碩士班,1,0,588.0,213.0,587.0,213.0,0.0017,True,0.00043,0.00348,-0.3,0.124,1.0
110,04142,公共關係細學類,碩士班,2,0,68.0,21.0,66.0,21.0,0.02941,True,0.00085,0.00039,0.05,2.179,1.0
110,04143,行銷及廣告細學類,碩士班,6,2,524.0,156.0,518.0,154.0,0.01145,True,0.00255,0.00307,-0.05,0.831,1.0
110,04161,批發及零售細學類,碩士班,0,0,,,,,,True,0.0,,,,1.0
110,04191,一般商業細學類,碩士班,6,0,397.0,165.0,391.0,165.0,0.01511,True,0.00255,0.00232,0.02,1.099,1.0
110,04199,其他商業及管理細學類,碩士班,27,13,5334.0,2009.0,5307.0,1996.0,0.00506,True,0.01148,0.03146,-2.0,0.365,1.0
110,04211,一般法律細學類,碩士班,104,5,4036.0,681.0,3932.0,676.0,0.02577,True,0.04424,0.02331,2.09,1.898,1.0
110,04212,專業法律細學類,碩士班,23,1,2546.0,568.0,2523.0,567.0,0.00903,True,0.00978,0.01496,-0.52,0.654,1.0
110,05111,生物學細學類,碩士班,3,0,776.0,284.0,773.0,284.0,0.00387,True,0.00128,0.00458,-0.33,0.279,1.0
110,05121,生物科技細學類,碩士班,10,2,1756.0,705.0,1746.0,703.0,0.00569,True,0.00425,0.01035,-0.61,0.411,1.0
110,05122,微生物細學類,碩士班,0,0,111.0,43.0,111.0,43.0,0.0,True,0.0,0.00066,-0.07,0.0,1.0
110,05123,生物化學細學類,碩士班,1,0,285.0,121.0,284.0,121.0,0.00351,True,0.00043,0.00168,-0.12,0.256,1.0
110,05124,生物訊息及遺傳細學類,碩士班,0,0,122.0,54.0,122.0,54.0,0.0,True,0.0,0.00072,-0.07,0.0,1.0
110,05191,營養細學類,碩士班,3,0,375.0,111.0,372.0,111.0,0.008,True,0.00128,0.00221,-0.09,0.579,1.0
110,05199,其他生命科學細學類,碩士班,0,0,65.0,22.0,65.0,22.0,0.0,True,0.0,0.00039,-0.04,0.0,1.0
110,05211,環境資源細學類,碩士班,25,2,516.0,123.0,491.0,121.0,0.04845,True,0.01063,0.00291,0.77,3.653,1.0
110,05212,生態細學類,碩士班,0,0,96.0,22.0,96.0,22.0,0.0,True,0.0,0.00057,-0.06,0.0,1.0
110,05291,環境防災細學類,碩士班,1,0,24.0,7.0,23.0,7.0,0.04167,True,0.00043,0.00014,0.03,3.071,1.0
110,05292,水土保持細學類,碩士班,1,1,137.0,58.0,136.0,57.0,0.0073,True,0.00043,0.00081,-0.04,0.531,1.0
110,05311,化學細學類,碩士班,7,4,1999.0,835.0,1992.0,831.0,0.0035,True,0.00298,0.01181,-0.88,0.252,1.0
110,05321,地球科學及環境細學類,碩士班,2,1,397.0,149.0,395.0,148.0,0.00504,True,0.00085,0.00234,-0.15,0.363,1.0
110,05322,大氣及太空科學細學類,碩士班,1,0,145.0,61.0,144.0,61.0,0.0069,True,0.00043,0.00085,-0.04,0.506,1.0
110,05323,海洋科學細學類,碩士班,1,0,329.0,112.0,328.0,112.0,0.00304,True,0.00043,0.00194,-0.15,0.222,1.0
110,05331,物理及應用物理細學類,碩士班,3,0,1281.0,498.0,1278.0,498.0,0.00234,True,0.00128,0.00758,-0.63,0.169,1.0
110,05332,天文細學類,碩士班,1,0,54.0,20.0,53.0,20.0,0.01852,True,0.00043,0.00031,0.01,1.387,1.0
110,05399,其他物理、化學及地球科學細學類,碩士班,0,2,384.0,100.0,384.0,98.0,0.0,True,0.0,0.00228,-0.23,0.0,1.0
110,05411,數學細學類,碩士班,2,2,1027.0,353.0,1025.0,351.0,0.00195,True,0.00085,0.00608,-0.52,0.14,1.0
110,05421,統計細學類,碩士班,2,0,688.0,288.0,686.0,288.0,0.00291,True,0.00085,0.00407,-0.32,0.209,1.0
110,05499,其他數學及統計細學類,碩士班,0,0,46.0,19.0,46.0,19.0,0.0,True,0.0,0.00027,-0.03,0.0,1.0
110,06111,電腦運用細學類,碩士班,1,0,343.0,98.0,342.0,98.0,0.00292,True,0.00043,0.00203,-0.16,0.212,1.0
110,06121,資料庫、網路設計及管理細學類,碩士班,0,0,247.0,98.0,247.0,98.0,0.0,True,0.0,0.00146,-0.15,0.0,1.0
110,06131,資訊技術細學類,碩士班,36,7,10712.0,3782.0,10676.0,3775.0,0.00336,True,0.01531,0.06329,-4.8,0.242,1.0
110,06132,軟體開發細學類,碩士班,2,1,715.0,187.0,713.0,186.0,0.0028,True,0.00085,0.00423,-0.34,0.201,1.0
110,06133,系統設計細學類,碩士班,2,1,161.0,31.0,159.0,30.0,0.01242,True,0.00085,0.00094,-0.01,0.904,1.0
110,06134,電算機應用細學類,碩士班,12,4,731.0,206.0,719.0,202.0,0.01642,True,0.0051,0.00426,0.08,1.197,1.0
110,06199,其他資訊通訊科技細學類,碩士班,0,0,74.0,16.0,74.0,16.0,0.0,True,0.0,0.00044,-0.04,0.0,1.0
110,07111,化學工程細學類,碩士班,3,2,3003.0,1305.0,3000.0,1303.0,0.001,True,0.00128,0.01778,-1.65,0.072,1.0
110,07112,材料工程細學類,碩士班,9,1,2272.0,909.0,2263.0,908.0,0.00396,True,0.00383,0.01341,-0.96,0.286,1.0
110,07121,環境工程細學類,碩士班,6,4,1791.0,692.0,1785.0,688.0,0.00335,True,0.00255,0.01058,-0.8,0.241,1.0
110,07122,河海工程細學類,碩士班,0,0,355.0,150.0,355.0,150.0,0.0,True,0.0,0.0021,-0.21,0.0,1.0
110,07132,能源工程細學類,碩士班,2,1,516.0,221.0,514.0,220.0,0.00388,True,0.00085,0.00305,-0.22,0.279,1.0
110,07141,電機與電子工程細學類,碩士班,52,8,16269.0,5566.0,16217.0,5558.0,0.0032,True,0.02212,0.09613,-7.4,0.23,1.0
110,07151,機械工程細學類,碩士班,15,8,6745.0,2638.0,6730.0,2630.0,0.00222,True,0.00638,0.03989,-3.35,0.16,1.0
110,07161,車輛工程細學類,碩士班,3,0,258.0,93.0,255.0,93.0,0.01163,True,0.00128,0.00151,-0.02,0.848,1.0
110,07162,航空工程細學類,碩士班,2,0,481.0,188.0,479.0,188.0,0.00416,True,0.00085,0.00284,-0.2,0.299,1.0
110,07163,造船工程細學類,碩士班,0,0,243.0,108.0,243.0,108.0,0.0,True,0.0,0.00144,-0.14,0.0,1.0
110,07191,工業工程細學類,碩士班,14,6,2692.0,1042.0,2678.0,1036.0,0.0052,True,0.00595,0.01587,-0.99,0.375,1.0
110,07192,紡織工程細學類,碩士班,0,0,67.0,28.0,67.0,28.0,0.0,True,0.0,0.0004,-0.04,0.0,1.0
110,07193,生醫工程細學類,碩士班,6,1,1122.0,439.0,1116.0,438.0,0.00535,True,0.00255,0.00662,-0.41,0.385,1.0
110,07194,綜合工程細學類,碩士班,1,2,477.0,213.0,476.0,211.0,0.0021,True,0.00043,0.00282,-0.24,0.152,1.0
110,07199,其他工程及工程業細學類,碩士班,1,0,618.0,143.0,617.0,143.0,0.00162,True,0.00043,0.00366,-0.32,0.117,1.0
110,07211,食品科學細學類,碩士班,7,3,1168.0,453.0,1161.0,450.0,0.00599,True,0.00298,0.00688,-0.39,0.433,1.0
110,07311,建築細學類,碩士班,10,1,1541.0,390.0,1531.0,389.0,0.00649,True,0.00425,0.00908,-0.48,0.468,1.0
110,07312,景觀設計細學類,碩士班,4,0,233.0,76.0,229.0,76.0,0.01717,True,0.0017,0.00136,0.03,1.25,1.0
110,07313,都巿規劃細學類,碩士班,6,2,446.0,133.0,440.0,131.0,0.01345,True,0.00255,0.00261,-0.01,0.977,1.0
110,07321,土木工程細學類,碩士班,41,6,3181.0,1240.0,3140.0,1234.0,0.01289,True,0.01744,0.01861,-0.12,0.937,1.0
110,07322,空間資訊及測繪細學類,碩士班,0,0,63.0,25.0,63.0,25.0,0.0,True,0.0,0.00037,-0.04,0.0,1.0
110,08111,農作物生產細學類,碩士班,3,0,358.0,106.0,355.0,106.0,0.00838,True,0.00128,0.0021,-0.08,0.61,1.0
110,08112,畜牧生產細學類,碩士班,0,0,212.0,83.0,212.0,83.0,0.0,True,0.0,0.00126,-0.13,0.0,1.0
110,08121,園藝細學類,碩士班,1,0,246.0,92.0,245.0,92.0,0.00407,True,0.00043,0.00145,-0.1,0.297,1.0
110,08192,農業生物技術細學類,碩士班,0,0,63.0,13.0,63.0,13.0,0.0,True,0.0,0.00037,-0.04,0.0,1.0
110,08193,農業經濟及推廣細學類,碩士班,2,1,444.0,162.0,442.0,161.0,0.0045,True,0.00085,0.00262,-0.18,0.324,1.0
110,08194,植物保護細學類,碩士班,0,0,182.0,70.0,182.0,70.0,0.0,True,0.0,0.00108,-0.11,0.0,1.0
110,08199,其他農業細學類,碩士班,1,1,76.0,24.0,75.0,23.0,0.01316,True,0.00043,0.00044,-0.0,0.977,1.0
110,08211,林業細學類,碩士班,13,0,327.0,64.0,314.0,64.0,0.03976,True,0.00553,0.00186,0.37,2.973,1.0
110,08311,漁業科學細學類,碩士班,2,0,134.0,40.0,132.0,40.0,0.01493,True,0.00085,0.00078,0.01,1.09,1.0
110,08312,水產養殖細學類,碩士班,2,1,207.0,67.0,205.0,66.0,0.00966,True,0.00085,0.00122,-0.04,0.697,1.0
110,08411,獸醫細學類,碩士班,0,0,238.0,93.0,238.0,93.0,0.0,True,0.0,0.00141,-0.14,0.0,1.0
110,09111,牙醫細學類,碩士班,1,0,365.0,133.0,364.0,133.0,0.00274,True,0.00043,0.00216,-0.17,0.199,1.0
110,09121,醫學細學類,碩士班,5,2,1350.0,479.0,1345.0,477.0,0.0037,True,0.00213,0.00797,-0.58,0.267,1.0
110,09131,護理及助產細學類,碩士班,61,7,2308.0,435.0,2247.0,428.0,0.02643,True,0.02595,0.01332,1.26,1.948,1.0
110,09141,醫學技術及檢驗細學類,碩士班,8,3,649.0,294.0,641.0,291.0,0.01233,True,0.0034,0.0038,-0.04,0.895,1.0
110,09151,物理治療細學類,碩士班,2,1,223.0,93.0,221.0,92.0,0.00897,True,0.00085,0.00131,-0.05,0.649,1.0
110,09152,職能治療細學類,碩士班,3,0,121.0,47.0,118.0,47.0,0.02479,True,0.00128,0.0007,0.06,1.829,1.0
110,09153,語言治療與聽力細學類,碩士班,1,0,105.0,24.0,104.0,24.0,0.00952,True,0.00043,0.00062,-0.02,0.694,1.0
110,09159,其他治療及復健細學類,碩士班,3,0,122.0,33.0,119.0,33.0,0.02459,True,0.00128,0.00071,0.06,1.803,1.0
110,09161,藥學細學類,碩士班,4,0,727.0,263.0,723.0,263.0,0.0055,True,0.0017,0.00429,-0.26,0.396,1.0
110,09171,傳統醫學、輔助醫學及治療細學類,碩士班,2,1,225.0,101.0,223.0,100.0,0.00889,True,0.00085,0.00132,-0.05,0.644,1.0
110,09191,公共衛生細學類,碩士班,11,3,1151.0,410.0,1140.0,407.0,0.00956,True,0.00468,0.00676,-0.21,0.692,1.0
110,09199,其他醫藥衛生細學類,碩士班,3,2,243.0,87.0,240.0,85.0,0.01235,True,0.00128,0.00142,-0.01,0.901,1.0
110,09211,老年照顧服務細學類,碩士班,13,3,503.0,128.0,490.0,125.0,0.02584,True,0.00553,0.0029,0.26,1.907,1.0
110,09212,失能者照顧細學類,碩士班,2,0,96.0,17.0,94.0,17.0,0.02083,True,0.00085,0.00056,0.03,1.518,1.0
110,09221,兒童及青少年照顧服務細學類,碩士班,12,0,562.0,98.0,550.0,98.0,0.02135,True,0.0051,0.00326,0.18,1.564,1.0
110,09231,社會工作細學類,碩士班,100,6,1148.0,196.0,1048.0,190.0,0.08711,True,0.04254,0.00621,3.63,6.85,1.0
110,09299,其他社會福利細學類,碩士班,20,1,69.0,11.0,49.0,10.0,0.28986,True,0.00851,0.00029,0.82,29.345,1.0
110,10111,家政服務細學類,碩士班,3,0,135.0,41.0,132.0,41.0,0.02222,True,0.00128,0.00078,0.05,1.641,1.0
110,10121,美髮美容服務細學類,碩士班,5,1,277.0,70.0,272.0,69.0,0.01805,True,0.00213,0.00161,0.05,1.323,1.0
110,10131,旅館及餐飲細學類,碩士班,5,2,434.0,156.0,429.0,154.0,0.01152,True,0.00213,0.00254,-0.04,0.839,1.0
110,10141,競技運動細學類,碩士班,63,11,697.0,158.0,634.0,147.0,0.09039,True,0.0268,0.00376,2.3,7.128,1.0
110,10142,運動科技細學類,碩士班,11,4,322.0,119.0,311.0,115.0,0.03416,True,0.00468,0.00184,0.28,2.543,1.0
110,10151,旅遊觀光細學類,碩士班,44,9,1359.0,462.0,1315.0,453.0,0.03238,True,0.01872,0.0078,1.09,2.4,1.0
110,10152,遊憩、運動和休閒管理細學類,碩士班,62,15,1682.0,541.0,1620.0,526.0,0.03686,True,0.02637,0.0096,1.68,2.747,1.0
110,10199,其他餐旅及民生服務細學類,碩士班,21,0,188.0,58.0,167.0,58.0,0.1117,True,0.00893,0.00099,0.79,9.02,1.0
110,10221,職業衛生及安全細學類,碩士班,1,1,190.0,84.0,189.0,83.0,0.00526,True,0.00043,0.00112,-0.07,0.384,1.0
110,10321,警政細學類,碩士班,0,0,31.0,15.0,31.0,15.0,0.0,True,0.0,0.00018,-0.02,0.0,1.0
110,10411,運輸管理細學類,碩士班,0,0,456.0,178.0,456.0,178.0,0.0,True,0.0,0.0027,-0.27,0.0,1.0
110,10412,航運管理細學類,碩士班,3,3,327.0,126.0,324.0,123.0,0.00917,True,0.00128,0.00192,-0.06,0.667,1.0
110,10413,空運管理細學類,碩士班,0,1,29.0,23.0,29.0,22.0,0.0,True,0.0,0.00017,-0.02,0.0,1.0
110,10414,航海細學類,碩士班,0,0,96.0,34.0,96.0,34.0,0.0,True,0.0,0.00057,-0.06,0.0,1.0
110,10499,其他運輸服務細學類,碩士班,0,0,,,,,,True,0.0,,,,1.0
110,99999,其他細學類,碩士班,3,3,276.0,94.0,273.0,91.0,0.01087,False,,,,,1.0
110,01111,綜合教育細學類,總計,348,52,8618.0,1761.0,8270.0,1709.0,0.04038,True,0.01266,0.00716,0.55,1.768,1.0
110,01112,成人教育細學類,總計,5,1,576.0,149.0,571.0,148.0,0.00868,True,0.00018,0.00049,-0.03,0.367,1.0
110,01113,特殊教育細學類,總計,79,15,3779.0,868.0,3700.0,853.0,0.02091,True,0.00287,0.0032,-0.03,0.897,1.0
110,01114,教育行政細學類,總計,70,9,1841.0,418.0,1771.0,409.0,0.03802,True,0.00255,0.00153,0.1,1.667,1.0
110,01115,課程與教學細學類,總計,25,0,782.0,159.0,757.0,159.0,0.03197,True,0.00091,0.00066,0.02,1.379,1.0
110,01116,教育科技細學類,總計,22,3,1323.0,309.0,1301.0,306.0,0.01663,True,0.0008,0.00113,-0.03,0.708,1.0
110,01118,技職教育細學類,總計,11,3,792.0,224.0,781.0,221.0,0.01389,True,0.0004,0.00068,-0.03,0.588,1.0
110,01121,幼兒師資教育細學類,總計,282,38,5259.0,1282.0,4977.0,1244.0,0.05362,True,0.01026,0.00431,0.6,2.381,1.0
110,01131,普通科目師資教育細學類,總計,102,19,4492.0,1006.0,4390.0,987.0,0.02271,True,0.00371,0.0038,-0.01,0.976,1.0
110,01141,專業科目師資教育細學類,總計,400,59,7280.0,1565.0,6880.0,1506.0,0.05495,True,0.01455,0.00596,0.86,2.441,1.0
110,01199,其他教育細學類,總計,13,2,914.0,171.0,901.0,169.0,0.01422,True,0.00047,0.00078,-0.03,0.603,1.0
110,02111,視覺藝術細學類,總計,137,28,6563.0,1282.0,6426.0,1254.0,0.02087,True,0.00498,0.00556,-0.06,0.896,1.0
110,02112,視覺傳達設計細學類,總計,441,77,24902.0,5926.0,24461.0,5849.0,0.01771,True,0.01604,0.02117,-0.51,0.758,1.0
110,02121,應用藝術細學類,總計,39,14,1915.0,468.0,1876.0,454.0,0.02037,True,0.00142,0.00162,-0.02,0.877,1.0
110,02122,綜合設計細學類,總計,415,67,14506.0,3520.0,14091.0,3453.0,0.02861,True,0.0151,0.0122,0.29,1.238,1.0
110,02123,產品設計細學類,總計,158,29,9754.0,2561.0,9596.0,2532.0,0.0162,True,0.00575,0.00831,-0.26,0.692,1.0
110,02124,空間設計細學類,總計,104,15,6216.0,1276.0,6112.0,1261.0,0.01673,True,0.00378,0.00529,-0.15,0.715,1.0
110,02125,時尚設計與管理細學類,總計,86,14,4442.0,1005.0,4356.0,991.0,0.01936,True,0.00313,0.00377,-0.06,0.83,1.0
110,02131,純藝術細學類,總計,80,15,6745.0,1398.0,6665.0,1383.0,0.01186,True,0.00291,0.00577,-0.29,0.504,1.0
110,02132,雕塑細學類,總計,3,0,193.0,35.0,190.0,35.0,0.01554,True,0.00011,0.00016,-0.01,0.688,1.0
110,02141,美術工藝細學類,總計,124,19,1119.0,321.0,995.0,302.0,0.11081,True,0.00451,0.00086,0.36,5.244,1.0
110,02151,音樂細學類,總計,355,42,9305.0,1895.0,8950.0,1853.0,0.03815,True,0.01291,0.00775,0.52,1.666,1.0
110,02152,表演藝術細學類,總計,454,59,7544.0,1412.0,7090.0,1353.0,0.06018,True,0.01651,0.00614,1.04,2.689,1.0
110,02191,綜合藝術細學類,總計,55,10,1966.0,395.0,1911.0,385.0,0.02798,True,0.002,0.00165,0.04,1.212,1.0
110,02192,藝術行政細學類,總計,11,4,877.0,198.0,866.0,194.0,0.01254,True,0.0004,0.00075,-0.03,0.533,1.0
110,02199,其他藝術細學類,總計,88,9,1391.0,337.0,1303.0,328.0,0.06326,True,0.0032,0.00113,0.21,2.832,1.0
110,02211,宗教細學類,總計,51,7,1361.0,233.0,1310.0,226.0,0.03747,True,0.00186,0.00113,0.07,1.646,1.0
110,02221,歷史細學類,總計,81,20,5406.0,1148.0,5325.0,1128.0,0.01498,True,0.00295,0.00461,-0.17,0.64,1.0
110,02222,人類學及民族學細學類,總計,170,14,799.0,107.0,629.0,93.0,0.21277,True,0.00618,0.00054,0.56,11.444,1.0
110,02231,哲學細學類,總計,22,5,2387.0,416.0,2365.0,411.0,0.00922,True,0.0008,0.00205,-0.13,0.39,1.0
110,02299,其他人文細學類,總計,253,51,4230.0,809.0,3977.0,758.0,0.05981,True,0.0092,0.00344,0.58,2.674,1.0
110,02311,外國語文細學類,總計,973,200,60186.0,13907.0,59213.0,13707.0,0.01617,True,0.03539,0.05126,-1.59,0.69,1.0
110,02312,翻譯細學類,總計,6,1,833.0,202.0,827.0,201.0,0.0072,True,0.00022,0.00072,-0.05,0.306,1.0
110,02313,華語文為第二語言細學類,總計,5,1,849.0,187.0,844.0,186.0,0.00589,True,0.00018,0.00073,-0.05,0.247,1.0
110,02321,臺灣語文細學類,總計,277,33,2066.0,349.0,1789.0,316.0,0.13408,True,0.01008,0.00155,0.85,6.503,1.0
110,02322,中國語文細學類,總計,146,38,13610.0,2814.0,13464.0,2776.0,0.01073,True,0.00531,0.01166,-0.64,0.455,1.0
110,02323,華語文細學類,總計,34,9,2532.0,560.0,2498.0,551.0,0.01343,True,0.00124,0.00216,-0.09,0.574,1.0
110,02399,其他語文細學類,總計,12,0,351.0,59.0,339.0,59.0,0.03419,True,0.00044,0.00029,0.02,1.517,1.0
110,03111,經濟學細學類,總計,93,10,10713.0,2534.0,10620.0,2524.0,0.00868,True,0.00338,0.00919,-0.58,0.368,1.0
110,03121,政治學細學類,總計,46,13,4007.0,854.0,3961.0,841.0,0.01148,True,0.00167,0.00343,-0.18,0.487,1.0
110,03122,國際關係細學類,總計,18,2,1823.0,387.0,1805.0,385.0,0.00987,True,0.00065,0.00156,-0.09,0.417,1.0
110,03131,心理學細學類,總計,229,37,10873.0,2355.0,10644.0,2318.0,0.02106,True,0.00833,0.00921,-0.09,0.904,1.0
110,03141,社會學細學類,總計,397,61,5201.0,1096.0,4804.0,1035.0,0.07633,True,0.01444,0.00416,1.03,3.471,1.0
110,03142,地理學細學類,總計,42,11,1434.0,324.0,1392.0,313.0,0.02929,True,0.00153,0.0012,0.03,1.275,1.0
110,03143,區域研究細學類,總計,73,9,3022.0,651.0,2949.0,642.0,0.02416,True,0.00266,0.00255,0.01,1.043,1.0
110,03191,發展研究細學類,總計,20,4,1321.0,285.0,1301.0,281.0,0.01514,True,0.00073,0.00113,-0.04,0.646,1.0
110,03199,其他社會及行為科學細學類,總計,160,36,2028.0,360.0,1868.0,324.0,0.0789,True,0.00582,0.00162,0.42,3.593,1.0
110,03211,大眾傳播細學類,總計,194,38,6192.0,1342.0,5998.0,1304.0,0.03133,True,0.00706,0.00519,0.19,1.36,1.0
110,03212,新聞細學類,總計,43,9,1867.0,489.0,1824.0,480.0,0.02303,True,0.00156,0.00158,-0.0,0.987,1.0
110,03213,電子媒體細學類,總計,49,10,2325.0,570.0,2276.0,560.0,0.02108,True,0.00178,0.00197,-0.02,0.904,1.0
110,03214,傳播細學類,總計,85,13,4692.0,1005.0,4607.0,992.0,0.01812,True,0.00309,0.00399,-0.09,0.774,1.0
110,03222,圖書資訊檔案細學類,總計,2,0,1408.0,357.0,1406.0,357.0,0.00142,True,7e-05,0.00122,-0.12,0.057,1.0
110,03299,其他新聞學及圖書資訊細學類,總計,0,1,0.0,1.0,0.0,0.0,,True,0.0,0.0,0.0,,1.0
110,04111,會計及稅務細學類,總計,156,27,18570.0,4671.0,18414.0,4644.0,0.0084,True,0.00567,0.01594,-1.03,0.356,1.0
110,04121,財務金融細學類,總計,343,62,30495.0,7660.0,30152.0,7598.0,0.01125,True,0.01248,0.0261,-1.36,0.478,1.0
110,04122,財政細學類,總計,60,8,3525.0,936.0,3465.0,928.0,0.01702,True,0.00218,0.003,-0.08,0.727,1.0
110,04123,保險及風險管理細學類,總計,47,5,4533.0,1077.0,4486.0,1072.0,0.01037,True,0.00171,0.00388,-0.22,0.441,1.0
110,04131,企業管理細學類,總計,1332,349,70050.0,20025.0,68718.0,19676.0,0.01901,True,0.04845,0.05949,-1.1,0.814,1.0
110,04132,流通及供應鏈細學類,總計,349,100,12568.0,3156.0,12219.0,3056.0,0.02777,True,0.01269,0.01058,0.21,1.199,1.0
110,04133,醫療管理細學類,總計,175,47,6523.0,1611.0,6348.0,1564.0,0.02683,True,0.00637,0.0055,0.09,1.158,1.0
110,04134,公共行政細學類,總計,325,75,8005.0,1856.0,7680.0,1781.0,0.0406,True,0.01182,0.00665,0.52,1.777,1.0
110,04141,國際貿易細學類,總計,128,13,13497.0,3098.0,13369.0,3085.0,0.00948,True,0.00466,0.01157,-0.69,0.403,1.0
110,04142,公共關係細學類,總計,3,1,92.0,42.0,89.0,41.0,0.03261,True,0.00011,8e-05,0.0,1.375,1.0
110,04143,行銷及廣告細學類,總計,260,93,10960.0,2791.0,10700.0,2698.0,0.02372,True,0.00946,0.00926,0.02,1.022,1.0
110,04161,批發及零售細學類,總計,1,0,140.0,0.0,139.0,0.0,0.00714,True,4e-05,0.00012,-0.01,0.333,1.0
110,04191,一般商業細學類,總計,264,90,3789.0,1283.0,3525.0,1193.0,0.06968,True,0.0096,0.00305,0.65,3.148,1.0
110,04199,其他商業及管理細學類,總計,278,76,18827.0,5352.0,18549.0,5276.0,0.01477,True,0.01011,0.01606,-0.6,0.63,1.0
110,04211,一般法律細學類,總計,436,70,13189.0,2708.0,12753.0,2638.0,0.03306,True,0.01586,0.01104,0.48,1.437,1.0
110,04212,專業法律細學類,總計,98,13,6987.0,1542.0,6889.0,1529.0,0.01403,True,0.00356,0.00596,-0.24,0.597,1.0
110,05111,生物學細學類,總計,38,10,4785.0,1104.0,4747.0,1094.0,0.00794,True,0.00138,0.00411,-0.27,0.336,1.0
110,05121,生物科技細學類,總計,84,9,9181.0,2350.0,9097.0,2341.0,0.00915,True,0.00306,0.00787,-0.48,0.389,1.0
110,05122,微生物細學類,總計,1,0,354.0,90.0,353.0,90.0,0.00282,True,4e-05,0.00031,-0.03,0.129,1.0
110,05123,生物化學細學類,總計,1,0,784.0,210.0,783.0,210.0,0.00128,True,4e-05,0.00068,-0.06,0.059,1.0
110,05124,生物訊息及遺傳細學類,總計,1,0,267.0,78.0,266.0,78.0,0.00375,True,4e-05,0.00023,-0.02,0.174,1.0
110,05191,營養細學類,總計,104,22,7502.0,1890.0,7398.0,1868.0,0.01386,True,0.00378,0.0064,-0.26,0.591,1.0
110,05199,其他生命科學細學類,總計,2,1,466.0,124.0,464.0,123.0,0.00429,True,7e-05,0.0004,-0.03,0.175,1.0
110,05211,環境資源細學類,總計,35,4,1470.0,341.0,1435.0,337.0,0.02381,True,0.00127,0.00124,0.0,1.024,1.0
110,05212,生態細學類,總計,10,0,457.0,94.0,447.0,94.0,0.02188,True,0.00036,0.00039,-0.0,0.923,1.0
110,05291,環境防災細學類,總計,1,0,24.0,7.0,23.0,7.0,0.04167,True,4e-05,2e-05,0.0,2.0,1.0
110,05292,水土保持細學類,總計,7,2,593.0,163.0,586.0,161.0,0.0118,True,0.00025,0.00051,-0.03,0.49,1.0
110,05311,化學細學類,總計,40,7,9135.0,2310.0,9095.0,2303.0,0.00438,True,0.00145,0.00787,-0.64,0.184,1.0
110,05321,地球科學及環境細學類,總計,7,2,1839.0,387.0,1832.0,385.0,0.00381,True,0.00025,0.00159,-0.13,0.157,1.0
110,05322,大氣及太空科學細學類,總計,7,1,792.0,199.0,785.0,198.0,0.00884,True,0.00025,0.00068,-0.04,0.368,1.0
110,05323,海洋科學細學類,總計,2,3,866.0,222.0,864.0,219.0,0.00231,True,7e-05,0.00075,-0.07,0.093,1.0
110,05331,物理及應用物理細學類,總計,19,1,7104.0,1579.0,7085.0,1578.0,0.00267,True,0.00069,0.00613,-0.54,0.113,1.0
110,05332,天文細學類,總計,1,0,93.0,24.0,92.0,24.0,0.01075,True,4e-05,8e-05,-0.0,0.5,1.0
110,05399,其他物理、化學及地球科學細學類,總計,12,3,1774.0,371.0,1762.0,368.0,0.00676,True,0.00044,0.00153,-0.11,0.288,1.0
110,05411,數學細學類,總計,44,5,8037.0,1706.0,7993.0,1701.0,0.00547,True,0.0016,0.00692,-0.53,0.231,1.0
110,05421,統計細學類,總計,11,0,3990.0,1022.0,3979.0,1022.0,0.00276,True,0.0004,0.00344,-0.3,0.116,1.0
110,05499,其他數學及統計細學類,總計,2,0,884.0,179.0,882.0,179.0,0.00226,True,7e-05,0.00076,-0.07,0.092,1.0
110,06111,電腦運用細學類,總計,26,4,2581.0,640.0,2555.0,636.0,0.01007,True,0.00095,0.00221,-0.13,0.43,1.0
110,06121,資料庫、網路設計及管理細學類,總計,38,10,2154.0,573.0,2116.0,563.0,0.01764,True,0.00138,0.00183,-0.05,0.754,1.0
110,06131,資訊技術細學類,總計,602,126,65450.0,15443.0,64848.0,15317.0,0.0092,True,0.0219,0.05614,-3.42,0.39,1.0
110,06132,軟體開發細學類,總計,39,8,5205.0,1050.0,5166.0,1042.0,0.00749,True,0.00142,0.00447,-0.3,0.318,1.0
110,06133,系統設計細學類,總計,23,10,2417.0,497.0,2394.0,487.0,0.00952,True,0.00084,0.00207,-0.12,0.406,1.0
110,06134,電算機應用細學類,總計,39,7,4626.0,961.0,4587.0,954.0,0.00843,True,0.00142,0.00397,-0.25,0.358,1.0
110,06199,其他資訊通訊科技細學類,總計,13,1,1130.0,222.0,1117.0,221.0,0.0115,True,0.00047,0.00097,-0.05,0.485,1.0
110,07111,化學工程細學類,總計,51,10,15034.0,4049.0,14983.0,4039.0,0.00339,True,0.00186,0.01297,-1.11,0.143,1.0
110,07112,材料工程細學類,總計,42,13,8666.0,2318.0,8624.0,2305.0,0.00485,True,0.00153,0.00747,-0.59,0.205,1.0
110,07121,環境工程細學類,總計,101,13,9549.0,2256.0,9448.0,2243.0,0.01058,True,0.00367,0.00818,-0.45,0.449,1.0
110,07122,河海工程細學類,總計,16,1,2072.0,497.0,2056.0,496.0,0.00772,True,0.00058,0.00178,-0.12,0.326,1.0
110,07132,能源工程細學類,總計,28,4,2880.0,744.0,2852.0,740.0,0.00972,True,0.00102,0.00247,-0.14,0.413,1.0
110,07141,電機與電子工程細學類,總計,608,92,82316.0,19543.0,81708.0,19451.0,0.00739,True,0.02212,0.07073,-4.86,0.313,1.0
110,07151,機械工程細學類,總計,479,105,48680.0,11808.0,48201.0,11703.0,0.00984,True,0.01742,0.04173,-2.43,0.417,1.0
110,07161,車輛工程細學類,總計,83,7,3265.0,519.0,3182.0,512.0,0.02542,True,0.00302,0.00275,0.03,1.098,1.0
110,07162,航空工程細學類,總計,65,14,4365.0,987.0,4300.0,973.0,0.01489,True,0.00236,0.00372,-0.14,0.634,1.0
110,07163,造船工程細學類,總計,25,10,2095.0,621.0,2070.0,611.0,0.01193,True,0.00091,0.00179,-0.09,0.508,1.0
110,07191,工業工程細學類,總計,133,38,13594.0,3658.0,13461.0,3620.0,0.00978,True,0.00484,0.01165,-0.68,0.415,1.0
110,07192,紡織工程細學類,總計,6,0,975.0,234.0,969.0,234.0,0.00615,True,0.00022,0.00084,-0.06,0.262,1.0
110,07193,生醫工程細學類,總計,29,4,4147.0,1010.0,4118.0,1006.0,0.00699,True,0.00105,0.00356,-0.25,0.295,1.0
110,07194,綜合工程細學類,總計,8,2,1875.0,387.0,1867.0,385.0,0.00427,True,0.00029,0.00162,-0.13,0.179,1.0
110,07199,其他工程及工程業細學類,總計,8,0,1992.0,190.0,1984.0,190.0,0.00402,True,0.00029,0.00172,-0.14,0.169,1.0
110,07211,食品科學細學類,總計,132,26,8909.0,2306.0,8777.0,2280.0,0.01482,True,0.0048,0.0076,-0.28,0.632,1.0
110,07311,建築細學類,總計,110,11,8843.0,1739.0,8733.0,1728.0,0.01244,True,0.004,0.00756,-0.36,0.529,1.0
110,07312,景觀設計細學類,總計,41,8,2529.0,562.0,2488.0,554.0,0.01621,True,0.00149,0.00215,-0.07,0.693,1.0
110,07313,都巿規劃細學類,總計,18,2,1906.0,410.0,1888.0,408.0,0.00944,True,0.00065,0.00163,-0.1,0.399,1.0
110,07321,土木工程細學類,總計,445,81,16707.0,4161.0,16262.0,4080.0,0.02664,True,0.01619,0.01408,0.21,1.15,1.0
110,07322,空間資訊及測繪細學類,總計,4,1,400.0,92.0,396.0,91.0,0.01,True,0.00015,0.00034,-0.02,0.441,1.0
110,08111,農作物生產細學類,總計,29,6,1837.0,379.0,1808.0,373.0,0.01579,True,0.00105,0.00157,-0.05,0.669,1.0
110,08112,畜牧生產細學類,總計,21,6,2275.0,579.0,2254.0,573.0,0.00923,True,0.00076,0.00195,-0.12,0.39,1.0
110,08121,園藝細學類,總計,46,10,1664.0,461.0,1618.0,451.0,0.02764,True,0.00167,0.0014,0.03,1.193,1.0
110,08192,農業生物技術細學類,總計,3,2,264.0,78.0,261.0,76.0,0.01136,True,0.00011,0.00023,-0.01,0.478,1.0
110,08193,農業經濟及推廣細學類,總計,33,8,1579.0,385.0,1546.0,377.0,0.0209,True,0.0012,0.00134,-0.01,0.896,1.0
110,08194,植物保護細學類,總計,7,2,900.0,231.0,893.0,229.0,0.00778,True,0.00025,0.00077,-0.05,0.325,1.0
110,08199,其他農業細學類,總計,78,6,1271.0,224.0,1193.0,218.0,0.06137,True,0.00284,0.00103,0.18,2.757,1.0
110,08211,林業細學類,總計,55,11,2291.0,497.0,2236.0,486.0,0.02401,True,0.002,0.00194,0.01,1.031,1.0
110,08311,漁業科學細學類,總計,6,2,680.0,156.0,674.0,154.0,0.00882,True,0.00022,0.00058,-0.04,0.379,1.0
110,08312,水產養殖細學類,總計,18,3,1804.0,416.0,1786.0,413.0,0.00998,True,0.00065,0.00155,-0.09,0.419,1.0
110,08411,獸醫細學類,總計,31,6,2150.0,461.0,2119.0,455.0,0.01442,True,0.00113,0.00183,-0.07,0.617,1.0
110,09111,牙醫細學類,總計,156,14,6206.0,1131.0,6050.0,1117.0,0.02514,True,0.00567,0.00524,0.04,1.082,1.0
110,09121,醫學細學類,總計,166,20,12896.0,2351.0,12730.0,2331.0,0.01287,True,0.00604,0.01102,-0.5,0.548,1.0
110,09131,護理及助產細學類,總計,3271,669,59464.0,14874.0,56193.0,14205.0,0.05501,True,0.11898,0.04864,7.03,2.446,1.0
110,09141,醫學技術及檢驗細學類,總計,313,44,14007.0,3262.0,13694.0,3218.0,0.02235,True,0.01139,0.01185,-0.05,0.961,1.0
110,09151,物理治療細學類,總計,187,29,5252.0,1076.0,5065.0,1047.0,0.03561,True,0.0068,0.00438,0.24,1.553,1.0
110,09152,職能治療細學類,總計,66,11,2274.0,475.0,2208.0,464.0,0.02902,True,0.0024,0.00191,0.05,1.257,1.0
110,09153,語言治療與聽力細學類,總計,19,1,1467.0,311.0,1448.0,310.0,0.01295,True,0.00069,0.00125,-0.06,0.552,1.0
110,09159,其他治療及復健細學類,總計,55,7,1776.0,318.0,1721.0,311.0,0.03097,True,0.002,0.00149,0.05,1.342,1.0
110,09161,藥學細學類,總計,84,12,7647.0,1643.0,7563.0,1631.0,0.01098,True,0.00306,0.00655,-0.35,0.467,1.0
110,09171,傳統醫學、輔助醫學及治療細學類,總計,11,3,1204.0,319.0,1193.0,316.0,0.00914,True,0.0004,0.00103,-0.06,0.388,1.0
110,09191,公共衛生細學類,總計,172,7,4781.0,1085.0,4609.0,1078.0,0.03598,True,0.00626,0.00399,0.23,1.569,1.0
110,09199,其他醫藥衛生細學類,總計,21,6,1861.0,355.0,1840.0,349.0,0.01128,True,0.00076,0.00159,-0.08,0.478,1.0
110,09211,老年照顧服務細學類,總計,268,47,5839.0,1457.0,5571.0,1410.0,0.0459,True,0.00975,0.00482,0.49,2.023,1.0
110,09212,失能者照顧細學類,總計,3,0,200.0,34.0,197.0,34.0,0.015,True,0.00011,0.00017,-0.01,0.647,1.0
110,09221,兒童及青少年照顧服務細學類,總計,758,142,13077.0,3604.0,12319.0,3462.0,0.05796,True,0.02757,0.01066,1.69,2.586,1.0
110,09231,社會工作細學類,總計,1191,259,11280.0,2698.0,10089.0,2439.0,0.10559,True,0.04332,0.00873,3.46,4.962,1.0
110,09299,其他社會福利細學類,總計,59,5,1025.0,165.0,966.0,160.0,0.05756,True,0.00215,0.00084,0.13,2.56,1.0
110,10111,家政服務細學類,總計,15,0,980.0,273.0,965.0,273.0,0.01531,True,0.00055,0.00084,-0.03,0.655,1.0
110,10121,美髮美容服務細學類,總計,494,77,14726.0,3504.0,14232.0,3427.0,0.03355,True,0.01797,0.01232,0.57,1.459,1.0
110,10131,旅館及餐飲細學類,總計,1021,189,40237.0,10365.0,39216.0,10176.0,0.02537,True,0.03714,0.03395,0.32,1.094,1.0
110,10141,競技運動細學類,總計,948,126,6137.0,1128.0,5189.0,1002.0,0.15447,True,0.03448,0.00449,3.0,7.679,1.0
110,10142,運動科技細學類,總計,57,19,1418.0,371.0,1361.0,352.0,0.0402,True,0.00207,0.00118,0.09,1.754,1.0
110,10151,旅遊觀光細學類,總計,834,202,27476.0,7398.0,26642.0,7196.0,0.03035,True,0.03034,0.02306,0.73,1.316,1.0
110,10152,遊憩、運動和休閒管理細學類,總計,1309,260,20074.0,5129.0,18765.0,4869.0,0.06521,True,0.04761,0.01624,3.14,2.932,1.0
110,10199,其他餐旅及民生服務細學類,總計,163,40,2089.0,627.0,1926.0,587.0,0.07803,True,0.00593,0.00167,0.43,3.551,1.0
110,10221,職業衛生及安全細學類,總計,34,10,1692.0,456.0,1658.0,446.0,0.02009,True,0.00124,0.00144,-0.02,0.861,1.0
110,10321,警政細學類,總計,46,17,1213.0,371.0,1167.0,354.0,0.03792,True,0.00167,0.00101,0.07,1.653,1.0
110,10411,運輸管理細學類,總計,15,3,2460.0,643.0,2445.0,640.0,0.0061,True,0.00055,0.00212,-0.16,0.259,1.0
110,10412,航運管理細學類,總計,53,13,2675.0,665.0,2622.0,652.0,0.01981,True,0.00193,0.00227,-0.03,0.85,1.0
110,10413,空運管理細學類,總計,33,7,1382.0,418.0,1349.0,411.0,0.02388,True,0.0012,0.00117,0.0,1.026,1.0
110,10414,航海細學類,總計,52,5,1567.0,386.0,1515.0,381.0,0.03318,True,0.00189,0.00131,0.06,1.443,1.0
110,10499,其他運輸服務細學類,總計,7,3,480.0,134.0,473.0,131.0,0.01458,True,0.00025,0.00041,-0.02,0.61,1.0
110,99999,其他細學類,總計,948,7,2025.0,164.0,1077.0,157.0,0.46815,False,,,,,1.0
111,01111,綜合教育細學類,二專,0,0,,,,,,True,0.0,,,,1.0
111,01112,成人教育細學類,二專,0,0,,,,,,True,0.0,,,,1.0
111,01113,特殊教育細學類,二專,0,0,,,,,,True,0.0,,,,1.0
111,01114,教育行政細學類,二專,0,0,,,,,,True,0.0,,,,1.0
111,01115,課程與教學細學類,二專,0,0,,,,,,True,0.0,,,,1.0
111,01116,教育科技細學類,二專,0,0,,,,,,True,0.0,,,,1.0
111,01118,技職教育細學類,二專,0,0,,,,,,True,0.0,,,,1.0
111,01121,幼兒師資教育細學類,二專,2,1,60.0,27.0,58.0,26.0,0.03333,True,0.00257,0.00749,-0.49,0.343,1.0
111,01131,普通科目師資教育細學類,二專,0,0,,,,,,True,0.0,,,,1.0
111,01141,專業科目師資教育細學類,二專,0,0,,,,,,True,0.0,,,,1.0
111,01199,其他教育細學類,二專,0,0,,,,,,True,0.0,,,,1.0
111,02111,視覺藝術細學類,二專,0,0,,,,,,True,0.0,,,,1.0
111,02112,視覺傳達設計細學類,二專,0,0,,,,,,True,0.0,,,,1.0
111,02121,應用藝術細學類,二專,0,0,2.0,2.0,2.0,2.0,0.0,True,0.0,0.00026,-0.03,0.0,1.0
111,02122,綜合設計細學類,二專,2,1,95.0,80.0,93.0,79.0,0.02105,True,0.00257,0.01202,-0.94,0.214,1.0
111,02123,產品設計細學類,二專,0,0,,,,,,True,0.0,,,,1.0
111,02124,空間設計細學類,二專,0,1,37.0,19.0,37.0,18.0,0.0,True,0.0,0.00478,-0.48,0.0,1.0
111,02125,時尚設計與管理細學類,二專,0,0,,,,,,True,0.0,,,,1.0
111,02131,純藝術細學類,二專,0,0,,,,,,True,0.0,,,,1.0
111,02132,雕塑細學類,二專,0,0,,,,,,True,0.0,,,,1.0
111,02141,美術工藝細學類,二專,5,0,56.0,22.0,51.0,22.0,0.08929,True,0.00643,0.00659,-0.02,0.976,1.0
111,02151,音樂細學類,二專,0,0,,,,,,True,0.0,,,,1.0
111,02152,表演藝術細學類,二專,0,0,,,,,,True,0.0,,,,1.0
111,02191,綜合藝術細學類,二專,0,0,,,,,,True,0.0,,,,1.0
111,02192,藝術行政細學類,二專,0,0,,,,,,True,0.0,,,,1.0
111,02199,其他藝術細學類,二專,0,0,,,,,,True,0.0,,,,1.0
111,02211,宗教細學類,二專,0,0,,,,,,True,0.0,,,,1.0
111,02221,歷史細學類,二專,0,0,,,,,,True,0.0,,,,1.0
111,02222,人類學及民族學細學類,二專,0,0,,,,,,True,0.0,,,,1.0
111,02231,哲學細學類,二專,0,0,,,,,,True,0.0,,,,1.0
111,02299,其他人文細學類,二專,0,1,0.0,1.0,0.0,0.0,,True,0.0,0.0,0.0,,1.0
111,02311,外國語文細學類,二專,11,3,335.0,165.0,324.0,162.0,0.03284,True,0.01414,0.04187,-2.77,0.338,1.0
111,02312,翻譯細學類,二專,0,0,,,,,,True,0.0,,,,1.0
111,02313,華語文為第二語言細學類,二專,0,0,,,,,,True,0.0,,,,1.0
111,02321,臺灣語文細學類,二專,0,0,,,,,,True,0.0,,,,1.0
111,02322,中國語文細學類,二專,0,0,,,,,,True,0.0,,,,1.0
111,02323,華語文細學類,二專,0,0,,,,,,True,0.0,,,,1.0
111,02399,其他語文細學類,二專,0,0,,,,,,True,0.0,,,,1.0
111,03111,經濟學細學類,二專,0,0,,,,,,True,0.0,,,,1.0
111,03121,政治學細學類,二專,0,0,,,,,,True,0.0,,,,1.0
111,03122,國際關係細學類,二專,0,0,,,,,,True,0.0,,,,1.0
111,03131,心理學細學類,二專,0,0,,,,,,True,0.0,,,,1.0
111,03141,社會學細學類,二專,0,0,,,,,,True,0.0,,,,1.0
111,03142,地理學細學類,二專,0,0,,,,,,True,0.0,,,,1.0
111,03143,區域研究細學類,二專,0,0,,,,,,True,0.0,,,,1.0
111,03191,發展研究細學類,二專,0,0,,,,,,True,0.0,,,,1.0
111,03199,其他社會及行為科學細學類,二專,0,0,,,,,,True,0.0,,,,1.0
111,03211,大眾傳播細學類,二專,0,0,,,,,,True,0.0,,,,1.0
111,03212,新聞細學類,二專,0,0,,,,,,True,0.0,,,,1.0
111,03213,電子媒體細學類,二專,0,0,,,,,,True,0.0,,,,1.0
111,03214,傳播細學類,二專,0,0,0.0,9.0,0.0,9.0,,True,0.0,0.0,0.0,,1.0
111,03222,圖書資訊檔案細學類,二專,0,0,,,,,,True,0.0,,,,1.0
111,04111,會計及稅務細學類,二專,0,0,,,,,,True,0.0,,,,1.0
111,04121,財務金融細學類,二專,3,0,52.0,24.0,49.0,24.0,0.05769,True,0.00386,0.00633,-0.25,0.61,1.0
111,04122,財政細學類,二專,0,0,,,,,,True,0.0,,,,1.0
111,04123,保險及風險管理細學類,二專,0,0,,,,,,True,0.0,,,,1.0
111,04131,企業管理細學類,二專,148,62,1258.0,784.0,1110.0,722.0,0.11765,True,0.19023,0.14343,4.68,1.326,1.0
111,04132,流通及供應鏈細學類,二專,2,5,142.0,124.0,140.0,119.0,0.01408,True,0.00257,0.01809,-1.55,0.142,1.0
111,04133,醫療管理細學類,二專,3,4,11.0,19.0,8.0,15.0,0.27273,True,0.00386,0.00103,0.28,3.748,1.0
111,04134,公共行政細學類,二專,50,16,,,,,,True,0.06427,,,,1.0
111,04141,國際貿易細學類,二專,0,0,33.0,9.0,33.0,9.0,0.0,True,0.0,0.00426,-0.43,0.0,1.0
111,04142,公共關係細學類,二專,0,0,,,,,,True,0.0,,,,1.0
111,04143,行銷及廣告細學類,二專,7,5,229.0,83.0,222.0,78.0,0.03057,True,0.009,0.02869,-1.97,0.314,1.0
111,04161,批發及零售細學類,二專,0,0,,,,,,True,0.0,,,,1.0
111,04191,一般商業細學類,二專,12,22,500.0,298.0,488.0,276.0,0.024,True,0.01542,0.06306,-4.76,0.245,1.0
111,04199,其他商業及管理細學類,二專,1,3,45.0,65.0,44.0,62.0,0.02222,True,0.00129,0.00569,-0.44,0.227,1.0
111,04211,一般法律細學類,二專,0,0,,,,,,True,0.0,,,,1.0
111,04212,專業法律細學類,二專,0,0,,,,,,True,0.0,,,,1.0
111,05111,生物學細學類,二專,0,0,,,,,,True,0.0,,,,1.0
111,05121,生物科技細學類,二專,2,2,34.0,18.0,32.0,16.0,0.05882,True,0.00257,0.00413,-0.16,0.622,1.0
111,05122,微生物細學類,二專,0,0,,,,,,True,0.0,,,,1.0
111,05123,生物化學細學類,二專,0,0,,,,,,True,0.0,,,,1.0
111,05124,生物訊息及遺傳細學類,二專,0,0,,,,,,True,0.0,,,,1.0
111,05191,營養細學類,二專,0,0,,,,,,True,0.0,,,,1.0
111,05199,其他生命科學細學類,二專,0,0,,,,,,True,0.0,,,,1.0
111,05211,環境資源細學類,二專,0,0,,,,,,True,0.0,,,,1.0
111,05212,生態細學類,二專,0,0,,,,,,True,0.0,,,,1.0
111,05291,環境防災細學類,二專,0,0,,,,,,True,0.0,,,,1.0
111,05292,水土保持細學類,二專,0,0,,,,,,True,0.0,,,,1.0
111,05311,化學細學類,二專,0,0,,,,,,True,0.0,,,,1.0
111,05321,地球科學及環境細學類,二專,0,0,,,,,,True,0.0,,,,1.0
111,05322,大氣及太空科學細學類,二專,0,0,,,,,,True,0.0,,,,1.0
111,05323,海洋科學細學類,二專,0,0,,,,,,True,0.0,,,,1.0
111,05331,物理及應用物理細學類,二專,0,0,,,,,,True,0.0,,,,1.0
111,05332,天文細學類,二專,0,0,,,,,,True,0.0,,,,1.0
111,05399,其他物理、化學及地球科學細學類,二專,0,0,,,,,,True,0.0,,,,1.0
111,05411,數學細學類,二專,0,0,,,,,,True,0.0,,,,1.0
111,05421,統計細學類,二專,0,0,,,,,,True,0.0,,,,1.0
111,05499,其他數學及統計細學類,二專,0,0,,,,,,True,0.0,,,,1.0
111,06111,電腦運用細學類,二專,1,0,2.0,0.0,1.0,0.0,0.5,True,0.00129,0.00013,0.12,9.923,1.0
111,06121,資料庫、網路設計及管理細學類,二專,0,0,,,,,,True,0.0,,,,1.0
111,06131,資訊技術細學類,二專,17,3,426.0,175.0,409.0,172.0,0.03991,True,0.02185,0.05285,-3.1,0.413,1.0
111,06132,軟體開發細學類,二專,0,0,,,,,,True,0.0,,,,1.0
111,06133,系統設計細學類,二專,0,0,,,,,,True,0.0,,,,1.0
111,06134,電算機應用細學類,二專,0,0,,,,,,True,0.0,,,,1.0
111,06199,其他資訊通訊科技細學類,二專,0,0,,,,,,True,0.0,,,,1.0
111,07111,化學工程細學類,二專,0,0,,,,,,True,0.0,,,,1.0
111,07112,材料工程細學類,二專,0,0,,,,,,True,0.0,,,,1.0
111,07121,環境工程細學類,二專,0,0,,,,,,True,0.0,,,,1.0
111,07122,河海工程細學類,二專,0,0,,,,,,True,0.0,,,,1.0
111,07132,能源工程細學類,二專,0,0,,,,,,True,0.0,,,,1.0
111,07141,電機與電子工程細學類,二專,7,2,411.0,166.0,404.0,164.0,0.01703,True,0.009,0.0522,-4.32,0.172,1.0
111,07151,機械工程細學類,二專,3,1,239.0,84.0,236.0,83.0,0.01255,True,0.00386,0.03049,-2.66,0.127,1.0
111,07161,車輛工程細學類,二專,5,3,84.0,59.0,79.0,56.0,0.05952,True,0.00643,0.01021,-0.38,0.63,1.0
111,07162,航空工程細學類,二專,0,0,,,,,,True,0.0,,,,1.0
111,07163,造船工程細學類,二專,6,1,93.0,24.0,87.0,23.0,0.06452,True,0.00771,0.01124,-0.35,0.686,1.0
111,07191,工業工程細學類,二專,0,1,151.0,108.0,151.0,107.0,0.0,True,0.0,0.01951,-1.95,0.0,1.0
111,07192,紡織工程細學類,二專,0,0,,,,,,True,0.0,,,,1.0
111,07193,生醫工程細學類,二專,0,0,,,,,,True,0.0,,,,1.0
111,07194,綜合工程細學類,二專,0,0,,,,,,True,0.0,,,,1.0
111,07199,其他工程及工程業細學類,二專,0,0,,,,,,True,0.0,,,,1.0
111,07211,食品科學細學類,二專,18,3,54.0,10.0,36.0,7.0,0.33333,True,0.02314,0.00465,1.85,4.976,1.0
111,07241,採礦及提煉細學類,二專,0,0,,,,,,True,0.0,,,,1.0
111,07311,建築細學類,二專,2,1,74.0,45.0,72.0,44.0,0.02703,True,0.00257,0.0093,-0.67,0.276,1.0
111,07312,景觀設計細學類,二專,1,0,48.0,27.0,47.0,27.0,0.02083,True,0.00129,0.00607,-0.48,0.213,1.0
111,07313,都巿規劃細學類,二專,0,0,,,,,,True,0.0,,,,1.0
111,07321,土木工程細學類,二專,11,2,30.0,11.0,19.0,9.0,0.36667,True,0.01414,0.00246,1.17,5.748,1.0
111,07322,空間資訊及測繪細學類,二專,0,0,,,,,,True,0.0,,,,1.0
111,08111,農作物生產細學類,二專,0,0,,,,,,True,0.0,,,,1.0
111,08112,畜牧生產細學類,二專,0,0,,,,,,True,0.0,,,,1.0
111,08121,園藝細學類,二專,6,9,109.0,58.0,103.0,49.0,0.05505,True,0.00771,0.01331,-0.56,0.579,1.0
111,08192,農業生物技術細學類,二專,0,0,,,,,,True,0.0,,,,1.0
111,08193,農業經濟及推廣細學類,二專,0,0,,,,,,True,0.0,,,,1.0
111,08194,植物保護細學類,二專,0,0,,,,,,True,0.0,,,,1.0
111,08199,其他農業細學類,二專,0,0,,,,,,True,0.0,,,,1.0
111,08211,林業細學類,二專,0,0,,,,,,True,0.0,,,,1.0
111,08311,漁業科學細學類,二專,0,0,,,,,,True,0.0,,,,1.0
111,08312,水產養殖細學類,二專,0,0,,,,,,True,0.0,,,,1.0
111,08411,獸醫細學類,二專,0,0,,,,,,True,0.0,,,,1.0
111,09111,牙醫細學類,二專,9,7,291.0,136.0,282.0,129.0,0.03093,True,0.01157,0.03644,-2.49,0.318,1.0
111,09121,醫學細學類,二專,0,0,,,,,,True,0.0,,,,1.0
111,09131,護理及助產細學類,二專,4,5,11.0,12.0,7.0,7.0,0.36364,True,0.00514,0.0009,0.42,5.711,1.0
111,09141,醫學技術及檢驗細學類,二專,7,5,363.0,210.0,356.0,205.0,0.01928,True,0.009,0.046,-3.7,0.196,1.0
111,09151,物理治療細學類,二專,6,0,302.0,51.0,296.0,51.0,0.01987,True,0.00771,0.03825,-3.05,0.202,1.0
111,09152,職能治療細學類,二專,0,0,,,,,,True,0.0,,,,1.0
111,09153,語言治療與聽力細學類,二專,0,0,,,,,,True,0.0,,,,1.0
111,09159,其他治療及復健細學類,二專,0,0,,,,,,True,0.0,,,,1.0
111,09161,藥學細學類,二專,0,0,,,,,,True,0.0,,,,1.0
111,09171,傳統醫學、輔助醫學及治療細學類,二專,1,4,259.0,137.0,258.0,133.0,0.00386,True,0.00129,0.03334,-3.2,0.039,1.0
111,09191,公共衛生細學類,二專,0,0,,,,,,True,0.0,,,,1.0
111,09199,其他醫藥衛生細學類,二專,5,0,71.0,24.0,66.0,24.0,0.07042,True,0.00643,0.00853,-0.21,0.754,1.0
111,09211,老年照顧服務細學類,二專,29,9,279.0,106.0,250.0,97.0,0.10394,True,0.03728,0.0323,0.5,1.154,1.0
111,09212,失能者照顧細學類,二專,0,0,,,,,,True,0.0,,,,1.0
111,09221,兒童及青少年照顧服務細學類,二專,38,25,447.0,197.0,409.0,172.0,0.08501,True,0.04884,0.05285,-0.4,0.924,1.0
111,09231,社會工作細學類,二專,235,46,,,,,,True,0.30206,,,,1.0
111,09299,其他社會福利細學類,二專,3,0,54.0,29.0,51.0,29.0,0.05556,True,0.00386,0.00659,-0.27,0.586,1.0
111,10111,家政服務細學類,二專,0,0,,,,,,True,0.0,,,,1.0
111,10121,美髮美容服務細學類,二專,14,7,449.0,229.0,435.0,222.0,0.03118,True,0.01799,0.05621,-3.82,0.32,1.0
111,10131,旅館及餐飲細學類,二專,18,8,352.0,202.0,334.0,194.0,0.05114,True,0.02314,0.04316,-2.0,0.536,1.0
111,10141,競技運動細學類,二專,0,0,,,,,,True,0.0,,,,1.0
111,10142,運動科技細學類,二專,0,0,,,,,,True,0.0,,,,1.0
111,10151,旅遊觀光細學類,二專,33,2,274.0,114.0,241.0,112.0,0.12044,True,0.04242,0.03114,1.13,1.362,1.0
111,10152,遊憩、運動和休閒管理細學類,二專,42,23,356.0,208.0,314.0,185.0,0.11798,True,0.05398,0.04057,1.34,1.331,1.0
111,10199,其他餐旅及民生服務細學類,二專,5,2,54.0,5.0,49.0,3.0,0.09259,True,0.00643,0.00633,0.01,1.016,1.0
111,10221,職業衛生及安全細學類,二專,0,0,,,,,,True,0.0,,,,1.0
111,10321,警政細學類,二專,0,0,,,,,,True,0.0,,,,1.0
111,10411,運輸管理細學類,二專,0,0,,,,,,True,0.0,,,,1.0
111,10412,航運管理細學類,二專,0,0,,,,,,True,0.0,,,,1.0
111,10413,空運管理細學類,二專,0,0,,,,,,True,0.0,,,,1.0
111,10414,航海細學類,二專,4,2,60.0,17.0,56.0,15.0,0.06667,True,0.00514,0.00724,-0.21,0.71,1.0
111,10499,其他運輸服務細學類,二專,0,0,,,,,,True,0.0,,,,1.0
111,99999,其他細學類,二專,0,0,0.0,1.0,0.0,1.0,,False,,,,,1.0
111,01111,綜合教育細學類,五專,0,0,,,,,,True,0.0,,,,1.0
111,01112,成人教育細學類,五專,0,0,,,,,,True,0.0,,,,1.0
111,01113,特殊教育細學類,五專,0,0,,,,,,True,0.0,,,,1.0
111,01114,教育行政細學類,五專,0,0,,,,,,True,0.0,,,,1.0
111,01115,課程與教學細學類,五專,0,0,,,,,,True,0.0,,,,1.0
111,01116,教育科技細學類,五專,0,0,,,,,,True,0.0,,,,1.0
111,01118,技職教育細學類,五專,0,0,,,,,,True,0.0,,,,1.0
111,01121,幼兒師資教育細學類,五專,0,0,,,,,,True,0.0,,,,1.0
111,01131,普通科目師資教育細學類,五專,0,0,,,,,,True,0.0,,,,1.0
111,01141,專業科目師資教育細學類,五專,0,0,,,,,,True,0.0,,,,1.0
111,01199,其他教育細學類,五專,0,0,,,,,,True,0.0,,,,1.0
111,02111,視覺藝術細學類,五專,0,0,281.0,54.0,281.0,54.0,0.0,True,0.0,0.00414,-0.41,0.0,1.0
111,02112,視覺傳達設計細學類,五專,5,0,158.0,73.0,153.0,73.0,0.03165,True,0.00133,0.00225,-0.09,0.591,1.0
111,02121,應用藝術細學類,五專,0,0,,,,,,True,0.0,,,,1.0
111,02122,綜合設計細學類,五專,2,1,167.0,28.0,165.0,27.0,0.01198,True,0.00053,0.00243,-0.19,0.218,1.0
111,02123,產品設計細學類,五專,2,2,238.0,53.0,236.0,51.0,0.0084,True,0.00053,0.00347,-0.29,0.153,1.0
111,02124,空間設計細學類,五專,2,3,146.0,59.0,144.0,56.0,0.0137,True,0.00053,0.00212,-0.16,0.25,1.0
111,02125,時尚設計與管理細學類,五專,0,0,,,,,,True,0.0,,,,1.0
111,02131,純藝術細學類,五專,6,0,472.0,0.0,466.0,0.0,0.01271,True,0.0016,0.00686,-0.53,0.233,1.0
111,02132,雕塑細學類,五專,0,0,,,,,,True,0.0,,,,1.0
111,02141,美術工藝細學類,五專,2,1,75.0,15.0,73.0,14.0,0.02667,True,0.00053,0.00107,-0.05,0.495,1.0
111,02151,音樂細學類,五專,8,0,417.0,0.0,409.0,0.0,0.01918,True,0.00213,0.00602,-0.39,0.354,1.0
111,02152,表演藝術細學類,五專,7,0,272.0,0.0,265.0,0.0,0.02574,True,0.00186,0.0039,-0.2,0.477,1.0
111,02191,綜合藝術細學類,五專,0,0,,,,,,True,0.0,,,,1.0
111,02192,藝術行政細學類,五專,0,0,,,,,,True,0.0,,,,1.0
111,02199,其他藝術細學類,五專,0,0,,,,,,True,0.0,,,,1.0
111,02211,宗教細學類,五專,0,0,,,,,,True,0.0,,,,1.0
111,02221,歷史細學類,五專,0,0,,,,,,True,0.0,,,,1.0
111,02222,人類學及民族學細學類,五專,0,0,,,,,,True,0.0,,,,1.0
111,02231,哲學細學類,五專,0,0,,,,,,True,0.0,,,,1.0
111,02299,其他人文細學類,五專,0,0,,,,,,True,0.0,,,,1.0
111,02311,外國語文細學類,五專,102,8,4755.0,676.0,4653.0,668.0,0.02145,True,0.02716,0.06851,-4.14,0.396,1.0
111,02312,翻譯細學類,五專,0,0,,,,,,True,0.0,,,,1.0
111,02313,華語文為第二語言細學類,五專,0,0,,,,,,True,0.0,,,,1.0
111,02321,臺灣語文細學類,五專,0,0,,,,,,True,0.0,,,,1.0
111,02322,中國語文細學類,五專,0,0,,,,,,True,0.0,,,,1.0
111,02323,華語文細學類,五專,0,0,,,,,,True,0.0,,,,1.0
111,02399,其他語文細學類,五專,0,0,,,,,,True,0.0,,,,1.0
111,03111,經濟學細學類,五專,0,0,,,,,,True,0.0,,,,1.0
111,03121,政治學細學類,五專,0,0,,,,,,True,0.0,,,,1.0
111,03122,國際關係細學類,五專,0,0,,,,,,True,0.0,,,,1.0
111,03131,心理學細學類,五專,0,0,,,,,,True,0.0,,,,1.0
111,03141,社會學細學類,五專,0,0,,,,,,True,0.0,,,,1.0
111,03142,地理學細學類,五專,0,0,,,,,,True,0.0,,,,1.0
111,03143,區域研究細學類,五專,0,0,,,,,,True,0.0,,,,1.0
111,03191,發展研究細學類,五專,0,0,,,,,,True,0.0,,,,1.0
111,03199,其他社會及行為科學細學類,五專,0,0,,,,,,True,0.0,,,,1.0
111,03211,大眾傳播細學類,五專,0,0,,,,,,True,0.0,,,,1.0
111,03212,新聞細學類,五專,0,0,,,,,,True,0.0,,,,1.0
111,03213,電子媒體細學類,五專,0,0,,,,,,True,0.0,,,,1.0
111,03214,傳播細學類,五專,0,0,,,,,,True,0.0,,,,1.0
111,03222,圖書資訊檔案細學類,五專,0,0,,,,,,True,0.0,,,,1.0
111,04111,會計及稅務細學類,五專,12,1,896.0,119.0,884.0,118.0,0.01339,True,0.0032,0.01302,-0.98,0.246,1.0
111,04121,財務金融細學類,五專,11,0,516.0,84.0,505.0,84.0,0.02132,True,0.00293,0.00744,-0.45,0.394,1.0
111,04122,財政細學類,五專,6,0,251.0,35.0,245.0,35.0,0.0239,True,0.0016,0.00361,-0.2,0.443,1.0
111,04123,保險及風險管理細學類,五專,8,0,435.0,63.0,427.0,63.0,0.01839,True,0.00213,0.00629,-0.42,0.339,1.0
111,04131,企業管理細學類,五專,17,2,1129.0,160.0,1112.0,158.0,0.01506,True,0.00453,0.01637,-1.18,0.277,1.0
111,04132,流通及供應鏈細學類,五專,0,0,,,,,,True,0.0,,,,1.0
111,04133,醫療管理細學類,五專,33,2,586.0,76.0,553.0,74.0,0.05631,True,0.00879,0.00814,0.06,1.08,1.0
111,04134,公共行政細學類,五專,0,0,,,,,,True,0.0,,,,1.0
111,04141,國際貿易細學類,五專,11,1,777.0,129.0,766.0,128.0,0.01416,True,0.00293,0.01128,-0.84,0.26,1.0
111,04142,公共關係細學類,五專,0,0,,,,,,True,0.0,,,,1.0
111,04143,行銷及廣告細學類,五專,2,0,94.0,7.0,92.0,7.0,0.02128,True,0.00053,0.00135,-0.08,0.393,1.0
111,04161,批發及零售細學類,五專,0,0,,,,,,True,0.0,,,,1.0
111,04191,一般商業細學類,五專,3,3,154.0,43.0,151.0,40.0,0.01948,True,0.0008,0.00222,-0.14,0.36,1.0
111,04199,其他商業及管理細學類,五專,1,1,33.0,7.0,32.0,6.0,0.0303,True,0.00027,0.00047,-0.02,0.574,1.0
111,04211,一般法律細學類,五專,0,0,,,,,,True,0.0,,,,1.0
111,04212,專業法律細學類,五專,0,0,,,,,,True,0.0,,,,1.0
111,05111,生物學細學類,五專,0,0,,,,,,True,0.0,,,,1.0
111,05121,生物科技細學類,五專,0,0,0.0,18.0,0.0,18.0,,True,0.0,0.0,0.0,,1.0
111,05122,微生物細學類,五專,0,0,,,,,,True,0.0,,,,1.0
111,05123,生物化學細學類,五專,0,0,,,,,,True,0.0,,,,1.0
111,05124,生物訊息及遺傳細學類,五專,0,0,,,,,,True,0.0,,,,1.0
111,05191,營養細學類,五專,10,4,487.0,100.0,477.0,96.0,0.02053,True,0.00266,0.00702,-0.44,0.379,1.0
111,05199,其他生命科學細學類,五專,0,0,,,,,,True,0.0,,,,1.0
111,05211,環境資源細學類,五專,0,0,,,,,,True,0.0,,,,1.0
111,05212,生態細學類,五專,0,0,,,,,,True,0.0,,,,1.0
111,05291,環境防災細學類,五專,0,0,,,,,,True,0.0,,,,1.0
111,05292,水土保持細學類,五專,0,0,,,,,,True,0.0,,,,1.0
111,05311,化學細學類,五專,0,0,,,,,,True,0.0,,,,1.0
111,05321,地球科學及環境細學類,五專,0,0,,,,,,True,0.0,,,,1.0
111,05322,大氣及太空科學細學類,五專,0,0,,,,,,True,0.0,,,,1.0
111,05323,海洋科學細學類,五專,0,0,,,,,,True,0.0,,,,1.0
111,05331,物理及應用物理細學類,五專,0,0,,,,,,True,0.0,,,,1.0
111,05332,天文細學類,五專,0,0,,,,,,True,0.0,,,,1.0
111,05399,其他物理、化學及地球科學細學類,五專,0,0,,,,,,True,0.0,,,,1.0
111,05411,數學細學類,五專,0,0,,,,,,True,0.0,,,,1.0
111,05421,統計細學類,五專,0,0,,,,,,True,0.0,,,,1.0
111,05499,其他數學及統計細學類,五專,0,0,,,,,,True,0.0,,,,1.0
111,06111,電腦運用細學類,五專,0,0,,,,,,True,0.0,,,,1.0
111,06121,資料庫、網路設計及管理細學類,五專,0,0,20.0,7.0,20.0,7.0,0.0,True,0.0,0.00029,-0.03,0.0,1.0
111,06131,資訊技術細學類,五專,21,2,2019.0,229.0,1998.0,227.0,0.0104,True,0.00559,0.02942,-2.38,0.19,1.0
111,06132,軟體開發細學類,五專,8,1,224.0,27.0,216.0,26.0,0.03571,True,0.00213,0.00318,-0.11,0.67,1.0
111,06133,系統設計細學類,五專,0,0,,,,,,True,0.0,,,,1.0
111,06134,電算機應用細學類,五專,0,0,1.0,5.0,1.0,5.0,0.0,True,0.0,1e-05,-0.0,0.0,1.0
111,06199,其他資訊通訊科技細學類,五專,5,0,162.0,0.0,157.0,0.0,0.03086,True,0.00133,0.00231,-0.1,0.576,1.0
111,07111,化學工程細學類,五專,1,1,143.0,18.0,142.0,17.0,0.00699,True,0.00027,0.00209,-0.18,0.129,1.0
111,07112,材料工程細學類,五專,0,0,,,,,,True,0.0,,,,1.0
111,07121,環境工程細學類,五專,0,0,27.0,0.0,27.0,0.0,0.0,True,0.0,0.0004,-0.04,0.0,1.0
111,07122,河海工程細學類,五專,0,0,,,,,,True,0.0,,,,1.0
111,07132,能源工程細學類,五專,0,0,,,,,,True,0.0,,,,1.0
111,07141,電機與電子工程細學類,五專,19,2,1968.0,153.0,1949.0,151.0,0.00965,True,0.00506,0.0287,-2.36,0.176,1.0
111,07151,機械工程細學類,五專,17,0,1261.0,124.0,1244.0,124.0,0.01348,True,0.00453,0.01832,-1.38,0.247,1.0
111,07161,車輛工程細學類,五專,7,1,77.0,23.0,70.0,22.0,0.09091,True,0.00186,0.00103,0.08,1.806,1.0
111,07162,航空工程細學類,五專,0,0,,,,,,True,0.0,,,,1.0
111,07163,造船工程細學類,五專,0,0,,,,,,True,0.0,,,,1.0
111,07191,工業工程細學類,五專,0,0,16.0,11.0,16.0,11.0,0.0,True,0.0,0.00024,-0.02,0.0,1.0
111,07192,紡織工程細學類,五專,0,0,,,,,,True,0.0,,,,1.0
111,07193,生醫工程細學類,五專,0,0,,,,,,True,0.0,,,,1.0
111,07194,綜合工程細學類,五專,0,0,,,,,,True,0.0,,,,1.0
111,07199,其他工程及工程業細學類,五專,3,0,181.0,15.0,178.0,15.0,0.01657,True,0.0008,0.00262,-0.18,0.305,1.0
111,07211,食品科學細學類,五專,13,3,123.0,14.0,110.0,11.0,0.10569,True,0.00346,0.00162,0.18,2.136,1.0
111,07241,採礦及提煉細學類,五專,0,0,,,,,,True,0.0,,,,1.0
111,07311,建築細學類,五專,2,0,430.0,6.0,428.0,6.0,0.00465,True,0.00053,0.0063,-0.58,0.084,1.0
111,07312,景觀設計細學類,五專,0,0,,,,,,True,0.0,,,,1.0
111,07313,都巿規劃細學類,五專,0,0,,,,,,True,0.0,,,,1.0
111,07321,土木工程細學類,五專,8,1,408.0,14.0,400.0,13.0,0.01961,True,0.00213,0.00589,-0.38,0.362,1.0
111,07322,空間資訊及測繪細學類,五專,0,0,,,,,,True,0.0,,,,1.0
111,08111,農作物生產細學類,五專,0,0,,,,,,True,0.0,,,,1.0
111,08112,畜牧生產細學類,五專,0,0,,,,,,True,0.0,,,,1.0
111,08121,園藝細學類,五專,5,0,24.0,4.0,19.0,4.0,0.20833,True,0.00133,0.00028,0.11,4.75,1.0
111,08192,農業生物技術細學類,五專,0,0,,,,,,True,0.0,,,,1.0
111,08193,農業經濟及推廣細學類,五專,0,0,,,,,,True,0.0,,,,1.0
111,08194,植物保護細學類,五專,0,0,,,,,,True,0.0,,,,1.0
111,08199,其他農業細學類,五專,0,0,,,,,,True,0.0,,,,1.0
111,08211,林業細學類,五專,0,0,,,,,,True,0.0,,,,1.0
111,08311,漁業科學細學類,五專,1,0,91.0,0.0,90.0,0.0,0.01099,True,0.00027,0.00133,-0.11,0.203,1.0
111,08312,水產養殖細學類,五專,0,0,,,,,,True,0.0,,,,1.0
111,08411,獸醫細學類,五專,0,0,,,,,,True,0.0,,,,1.0
111,09111,牙醫細學類,五專,66,4,1982.0,272.0,1916.0,268.0,0.0333,True,0.01758,0.02821,-1.06,0.623,1.0
111,09121,醫學細學類,五專,0,0,,,,,,True,0.0,,,,1.0
111,09131,護理及助產細學類,五專,2246,318,29413.0,5462.0,27167.0,5144.0,0.07636,True,0.59814,0.4,19.81,1.495,1.0
111,09141,醫學技術及檢驗細學類,五專,126,16,4610.0,750.0,4484.0,734.0,0.02733,True,0.03356,0.06602,-3.25,0.508,1.0
111,09151,物理治療細學類,五專,91,20,1460.0,267.0,1369.0,247.0,0.06233,True,0.02423,0.02016,0.41,1.202,1.0
111,09152,職能治療細學類,五專,22,0,495.0,80.0,473.0,80.0,0.04444,True,0.00586,0.00696,-0.11,0.842,1.0
111,09153,語言治療與聽力細學類,五專,0,0,,,,,,True,0.0,,,,1.0
111,09159,其他治療及復健細學類,五專,31,1,1075.0,190.0,1044.0,189.0,0.02884,True,0.00826,0.01537,-0.71,0.537,1.0
111,09161,藥學細學類,五專,0,0,118.0,0.0,118.0,0.0,0.0,True,0.0,0.00174,-0.17,0.0,1.0
111,09171,傳統醫學、輔助醫學及治療細學類,五專,1,0,98.0,19.0,97.0,19.0,0.0102,True,0.00027,0.00143,-0.12,0.189,1.0
111,09191,公共衛生細學類,五專,7,1,425.0,37.0,418.0,36.0,0.01647,True,0.00186,0.00615,-0.43,0.302,1.0
111,09199,其他醫藥衛生細學類,五專,12,0,482.0,41.0,470.0,41.0,0.0249,True,0.0032,0.00692,-0.37,0.462,1.0
111,09211,老年照顧服務細學類,五專,85,1,955.0,157.0,870.0,156.0,0.08901,True,0.02264,0.01281,0.98,1.767,1.0
111,09212,失能者照顧細學類,五專,0,0,,,,,,True,0.0,,,,1.0
111,09221,兒童及青少年照顧服務細學類,五專,296,24,2626.0,388.0,2330.0,364.0,0.11272,True,0.07883,0.03431,4.45,2.298,1.0
111,09231,社會工作細學類,五專,0,0,,,,,,True,0.0,,,,1.0
111,09299,其他社會福利細學類,五專,17,1,272.0,22.0,255.0,21.0,0.0625,True,0.00453,0.00375,0.08,1.208,1.0
111,10111,家政服務細學類,五專,0,0,,,,,,True,0.0,,,,1.0
111,10121,美髮美容服務細學類,五專,166,19,3528.0,633.0,3362.0,614.0,0.04705,True,0.04421,0.0495,-0.53,0.893,1.0
111,10131,旅館及餐飲細學類,五專,149,15,2873.0,551.0,2724.0,536.0,0.05186,True,0.03968,0.04011,-0.04,0.989,1.0
111,10141,競技運動細學類,五專,0,0,,,,,,True,0.0,,,,1.0
111,10142,運動科技細學類,五專,0,0,,,,,,True,0.0,,,,1.0
111,10151,旅遊觀光細學類,五專,14,4,313.0,105.0,299.0,101.0,0.04473,True,0.00373,0.0044,-0.07,0.848,1.0
111,10152,遊憩、運動和休閒管理細學類,五專,41,7,391.0,93.0,350.0,86.0,0.10486,True,0.01092,0.00515,0.58,2.12,1.0
111,10199,其他餐旅及民生服務細學類,五專,18,4,670.0,76.0,652.0,72.0,0.02687,True,0.00479,0.0096,-0.48,0.499,1.0
111,10221,職業衛生及安全細學類,五專,0,0,24.0,0.0,24.0,0.0,0.0,True,0.0,0.00035,-0.03,0.0,1.0
111,10321,警政細學類,五專,0,0,,,,,,True,0.0,,,,1.0
111,10411,運輸管理細學類,五專,0,0,,,,,,True,0.0,,,,1.0
111,10412,航運管理細學類,五專,4,0,96.0,10.0,92.0,10.0,0.04167,True,0.00107,0.00135,-0.03,0.793,1.0
111,10413,空運管理細學類,五專,0,0,,,,,,True,0.0,,,,1.0
111,10414,航海細學類,五專,3,1,253.0,39.0,250.0,38.0,0.01186,True,0.0008,0.00368,-0.29,0.217,1.0
111,10499,其他運輸服務細學類,五專,0,0,,,,,,True,0.0,,,,1.0
111,99999,其他細學類,五專,11,0,119.0,0.0,108.0,0.0,0.09244,False,,,,,1.0
111,01111,綜合教育細學類,博士班,31,0,1047.0,136.0,1016.0,136.0,0.02961,True,0.13537,0.03613,9.92,3.747,1.0
111,01112,成人教育細學類,博士班,1,0,105.0,7.0,104.0,7.0,0.00952,True,0.00437,0.0037,0.07,1.181,1.0
111,01113,特殊教育細學類,博士班,0,0,102.0,14.0,102.0,14.0,0.0,True,0.0,0.00363,-0.36,0.0,1.0
111,01114,教育行政細學類,博士班,13,2,286.0,28.0,273.0,26.0,0.04545,True,0.05677,0.00971,4.71,5.847,1.0
111,01115,課程與教學細學類,博士班,0,0,125.0,14.0,125.0,14.0,0.0,True,0.0,0.00445,-0.44,0.0,1.0
111,01116,教育科技細學類,博士班,1,0,64.0,8.0,63.0,8.0,0.01562,True,0.00437,0.00224,0.21,1.951,1.0
111,01118,技職教育細學類,博士班,0,0,126.0,33.0,126.0,33.0,0.0,True,0.0,0.00448,-0.45,0.0,1.0
111,01121,幼兒師資教育細學類,博士班,0,0,,,,,,True,0.0,,,,1.0
111,01131,普通科目師資教育細學類,博士班,2,0,140.0,14.0,138.0,14.0,0.01429,True,0.00873,0.00491,0.38,1.778,1.0
111,01141,專業科目師資教育細學類,博士班,5,0,469.0,54.0,464.0,54.0,0.01066,True,0.02183,0.0165,0.53,1.323,1.0
111,01199,其他教育細學類,博士班,1,0,63.0,3.0,62.0,3.0,0.01587,True,0.00437,0.0022,0.22,1.986,1.0
111,02111,視覺藝術細學類,博士班,0,0,12.0,4.0,12.0,4.0,0.0,True,0.0,0.00043,-0.04,0.0,1.0
111,02112,視覺傳達設計細學類,博士班,1,0,80.0,5.0,79.0,5.0,0.0125,True,0.00437,0.00281,0.16,1.555,1.0
111,02121,應用藝術細學類,博士班,0,0,23.0,2.0,23.0,2.0,0.0,True,0.0,0.00082,-0.08,0.0,1.0
111,02122,綜合設計細學類,博士班,2,0,486.0,70.0,484.0,70.0,0.00412,True,0.00873,0.01721,-0.85,0.507,1.0
111,02123,產品設計細學類,博士班,0,0,74.0,5.0,74.0,5.0,0.0,True,0.0,0.00263,-0.26,0.0,1.0
111,02124,空間設計細學類,博士班,0,0,,,,,,True,0.0,,,,1.0
111,02125,時尚設計與管理細學類,博士班,0,0,,,,,,True,0.0,,,,1.0
111,02131,純藝術細學類,博士班,4,0,217.0,25.0,213.0,25.0,0.01843,True,0.01747,0.00758,0.99,2.305,1.0
111,02132,雕塑細學類,博士班,0,0,,,,,,True,0.0,,,,1.0
111,02141,美術工藝細學類,博士班,0,0,,,,,,True,0.0,,,,1.0
111,02151,音樂細學類,博士班,0,0,108.0,9.0,108.0,9.0,0.0,True,0.0,0.00384,-0.38,0.0,1.0
111,02152,表演藝術細學類,博士班,1,0,42.0,3.0,41.0,3.0,0.02381,True,0.00437,0.00146,0.29,2.993,1.0
111,02191,綜合藝術細學類,博士班,1,0,65.0,3.0,64.0,3.0,0.01538,True,0.00437,0.00228,0.21,1.917,1.0
111,02192,藝術行政細學類,博士班,0,0,34.0,6.0,34.0,6.0,0.0,True,0.0,0.00121,-0.12,0.0,1.0
111,02199,其他藝術細學類,博士班,0,0,,,,,,True,0.0,,,,1.0
111,02211,宗教細學類,博士班,2,0,128.0,9.0,126.0,9.0,0.01562,True,0.00873,0.00448,0.43,1.949,1.0
111,02221,歷史細學類,博士班,1,0,261.0,36.0,260.0,36.0,0.00383,True,0.00437,0.00925,-0.49,0.472,1.0
111,02222,人類學及民族學細學類,博士班,24,0,78.0,7.0,54.0,7.0,0.30769,True,0.1048,0.00192,10.29,54.583,1.0
111,02231,哲學細學類,博士班,1,0,172.0,18.0,171.0,18.0,0.00581,True,0.00437,0.00608,-0.17,0.719,1.0
111,02299,其他人文細學類,博士班,2,0,215.0,22.0,213.0,22.0,0.0093,True,0.00873,0.00758,0.12,1.152,1.0
111,02311,外國語文細學類,博士班,0,0,193.0,21.0,193.0,21.0,0.0,True,0.0,0.00686,-0.69,0.0,1.0
111,02312,翻譯細學類,博士班,0,0,39.0,1.0,39.0,1.0,0.0,True,0.0,0.00139,-0.14,0.0,1.0
111,02313,華語文為第二語言細學類,博士班,0,0,71.0,6.0,71.0,6.0,0.0,True,0.0,0.00253,-0.25,0.0,1.0
111,02321,臺灣語文細學類,博士班,11,0,133.0,15.0,122.0,15.0,0.08271,True,0.04803,0.00434,4.37,11.067,1.0
111,02322,中國語文細學類,博士班,4,0,770.0,97.0,766.0,97.0,0.00519,True,0.01747,0.02724,-0.98,0.641,1.0
111,02323,華語文細學類,博士班,0,0,20.0,3.0,20.0,3.0,0.0,True,0.0,0.00071,-0.07,0.0,1.0
111,02399,其他語文細學類,博士班,5,0,81.0,7.0,76.0,7.0,0.06173,True,0.02183,0.0027,1.91,8.085,1.0
111,03111,經濟學細學類,博士班,0,0,127.0,16.0,127.0,16.0,0.0,True,0.0,0.00452,-0.45,0.0,1.0
111,03121,政治學細學類,博士班,1,0,302.0,22.0,301.0,22.0,0.00331,True,0.00437,0.0107,-0.63,0.408,1.0
111,03122,國際關係細學類,博士班,0,0,89.0,17.0,89.0,17.0,0.0,True,0.0,0.00317,-0.32,0.0,1.0
111,03131,心理學細學類,博士班,2,0,317.0,44.0,315.0,44.0,0.00631,True,0.00873,0.0112,-0.25,0.779,1.0
111,03141,社會學細學類,博士班,4,0,86.0,11.0,82.0,11.0,0.04651,True,0.01747,0.00292,1.46,5.983,1.0
111,03142,地理學細學類,博士班,4,0,114.0,7.0,110.0,7.0,0.03509,True,0.01747,0.00391,1.36,4.468,1.0
111,03143,區域研究細學類,博士班,0,0,248.0,23.0,248.0,23.0,0.0,True,0.0,0.00882,-0.88,0.0,1.0
111,03191,發展研究細學類,博士班,3,0,96.0,5.0,93.0,5.0,0.03125,True,0.0131,0.00331,0.98,3.958,1.0
111,03199,其他社會及行為科學細學類,博士班,1,0,73.0,5.0,72.0,5.0,0.0137,True,0.00437,0.00256,0.18,1.707,1.0
111,03211,大眾傳播細學類,博士班,0,0,41.0,4.0,41.0,4.0,0.0,True,0.0,0.00146,-0.15,0.0,1.0
111,03212,新聞細學類,博士班,0,0,,,,,,True,0.0,,,,1.0
111,03213,電子媒體細學類,博士班,0,0,,,,,,True,0.0,,,,1.0
111,03214,傳播細學類,博士班,2,0,51.0,12.0,49.0,12.0,0.03922,True,0.00873,0.00174,0.7,5.017,1.0
111,03222,圖書資訊檔案細學類,博士班,0,0,46.0,4.0,46.0,4.0,0.0,True,0.0,0.00164,-0.16,0.0,1.0
111,04111,會計及稅務細學類,博士班,0,1,70.0,9.0,70.0,8.0,0.0,True,0.0,0.00249,-0.25,0.0,1.0
111,04121,財務金融細學類,博士班,0,0,385.0,56.0,385.0,56.0,0.0,True,0.0,0.01369,-1.37,0.0,1.0
111,04122,財政細學類,博士班,0,0,7.0,3.0,7.0,3.0,0.0,True,0.0,0.00025,-0.02,0.0,1.0
111,04123,保險及風險管理細學類,博士班,0,0,16.0,3.0,16.0,3.0,0.0,True,0.0,0.00057,-0.06,0.0,1.0
111,04131,企業管理細學類,博士班,17,0,1556.0,149.0,1539.0,149.0,0.01093,True,0.07424,0.05473,1.95,1.356,1.0
111,04132,流通及供應鏈細學類,博士班,0,0,,,,,,True,0.0,,,,1.0
111,04133,醫療管理細學類,博士班,0,0,,,,,,True,0.0,,,,1.0
111,04134,公共行政細學類,博士班,3,0,108.0,9.0,105.0,9.0,0.02778,True,0.0131,0.00373,0.94,3.512,1.0
111,04141,國際貿易細學類,博士班,0,0,42.0,9.0,42.0,9.0,0.0,True,0.0,0.00149,-0.15,0.0,1.0
111,04142,公共關係細學類,博士班,0,0,,,,,,True,0.0,,,,1.0
111,04143,行銷及廣告細學類,博士班,0,0,,,,,,True,0.0,,,,1.0
111,04161,批發及零售細學類,博士班,0,0,,,,,,True,0.0,,,,1.0
111,04191,一般商業細學類,博士班,0,0,344.0,52.0,344.0,52.0,0.0,True,0.0,0.01223,-1.22,0.0,1.0
111,04199,其他商業及管理細學類,博士班,3,0,477.0,69.0,474.0,69.0,0.00629,True,0.0131,0.01686,-0.38,0.777,1.0
111,04211,一般法律細學類,博士班,2,0,271.0,23.0,269.0,23.0,0.00738,True,0.00873,0.00957,-0.08,0.912,1.0
111,04212,專業法律細學類,博士班,2,0,126.0,4.0,124.0,4.0,0.01587,True,0.00873,0.00441,0.43,1.98,1.0
111,05111,生物學細學類,博士班,1,0,274.0,28.0,273.0,28.0,0.00365,True,0.00437,0.00971,-0.53,0.45,1.0
111,05121,生物科技細學類,博士班,2,0,866.0,96.0,864.0,96.0,0.00231,True,0.00873,0.03073,-2.2,0.284,1.0
111,05122,微生物細學類,博士班,0,0,22.0,4.0,22.0,4.0,0.0,True,0.0,0.00078,-0.08,0.0,1.0
111,05123,生物化學細學類,博士班,0,0,127.0,22.0,127.0,22.0,0.0,True,0.0,0.00452,-0.45,0.0,1.0
111,05124,生物訊息及遺傳細學類,博士班,0,0,90.0,19.0,90.0,19.0,0.0,True,0.0,0.0032,-0.32,0.0,1.0
111,05191,營養細學類,博士班,2,0,109.0,14.0,107.0,14.0,0.01835,True,0.00873,0.00381,0.49,2.291,1.0
111,05199,其他生命科學細學類,博士班,0,0,75.0,7.0,75.0,7.0,0.0,True,0.0,0.00267,-0.27,0.0,1.0
111,05211,環境資源細學類,博士班,0,0,87.0,8.0,87.0,8.0,0.0,True,0.0,0.00309,-0.31,0.0,1.0
111,05212,生態細學類,博士班,0,0,16.0,3.0,16.0,3.0,0.0,True,0.0,0.00057,-0.06,0.0,1.0
111,05291,環境防災細學類,博士班,0,0,,,,,,True,0.0,,,,1.0
111,05292,水土保持細學類,博士班,0,0,27.0,5.0,27.0,5.0,0.0,True,0.0,0.00096,-0.1,0.0,1.0
111,05311,化學細學類,博士班,0,0,521.0,94.0,521.0,94.0,0.0,True,0.0,0.01853,-1.85,0.0,1.0
111,05321,地球科學及環境細學類,博士班,0,0,203.0,31.0,203.0,31.0,0.0,True,0.0,0.00722,-0.72,0.0,1.0
111,05322,大氣及太空科學細學類,博士班,1,0,83.0,11.0,82.0,11.0,0.01205,True,0.00437,0.00292,0.14,1.497,1.0
111,05323,海洋科學細學類,博士班,0,0,107.0,11.0,107.0,11.0,0.0,True,0.0,0.00381,-0.38,0.0,1.0
111,05331,物理及應用物理細學類,博士班,1,0,589.0,59.0,588.0,59.0,0.0017,True,0.00437,0.02091,-1.65,0.209,1.0
111,05332,天文細學類,博士班,0,0,37.0,6.0,37.0,6.0,0.0,True,0.0,0.00132,-0.13,0.0,1.0
111,05399,其他物理、化學及地球科學細學類,博士班,1,0,199.0,20.0,198.0,20.0,0.00503,True,0.00437,0.00704,-0.27,0.621,1.0
111,05411,數學細學類,博士班,1,0,134.0,18.0,133.0,18.0,0.00746,True,0.00437,0.00473,-0.04,0.924,1.0
111,05421,統計細學類,博士班,0,0,50.0,9.0,50.0,9.0,0.0,True,0.0,0.00178,-0.18,0.0,1.0
111,05499,其他數學及統計細學類,博士班,0,0,5.0,1.0,5.0,1.0,0.0,True,0.0,0.00018,-0.02,0.0,1.0
111,06111,電腦運用細學類,博士班,0,0,39.0,2.0,39.0,2.0,0.0,True,0.0,0.00139,-0.14,0.0,1.0
111,06121,資料庫、網路設計及管理細學類,博士班,0,0,1.0,2.0,1.0,2.0,0.0,True,0.0,4e-05,-0.0,0.0,1.0
111,06131,資訊技術細學類,博士班,4,0,1374.0,134.0,1370.0,134.0,0.00291,True,0.01747,0.04872,-3.12,0.359,1.0
111,06132,軟體開發細學類,博士班,0,0,29.0,3.0,29.0,3.0,0.0,True,0.0,0.00103,-0.1,0.0,1.0
111,06133,系統設計細學類,博士班,0,0,,,,,,True,0.0,,,,1.0
111,06134,電算機應用細學類,博士班,0,0,86.0,15.0,86.0,15.0,0.0,True,0.0,0.00306,-0.31,0.0,1.0
111,06199,其他資訊通訊科技細學類,博士班,0,0,6.0,0.0,6.0,0.0,0.0,True,0.0,0.00021,-0.02,0.0,1.0
111,07111,化學工程細學類,博士班,2,0,538.0,100.0,536.0,100.0,0.00372,True,0.00873,0.01906,-1.03,0.458,1.0
111,07112,材料工程細學類,博士班,3,0,740.0,132.0,737.0,132.0,0.00405,True,0.0131,0.02621,-1.31,0.5,1.0
111,07121,環境工程細學類,博士班,2,0,241.0,29.0,239.0,29.0,0.0083,True,0.00873,0.0085,0.02,1.027,1.0
111,07122,河海工程細學類,博士班,1,0,98.0,9.0,97.0,9.0,0.0102,True,0.00437,0.00345,0.09,1.267,1.0
111,07132,能源工程細學類,博士班,0,0,73.0,12.0,73.0,12.0,0.0,True,0.0,0.0026,-0.26,0.0,1.0
111,07141,電機與電子工程細學類,博士班,6,1,2465.0,291.0,2459.0,290.0,0.00243,True,0.0262,0.08745,-6.12,0.3,1.0
111,07151,機械工程細學類,博士班,3,0,1135.0,144.0,1132.0,144.0,0.00264,True,0.0131,0.04026,-2.72,0.325,1.0
111,07161,車輛工程細學類,博士班,0,0,,,,,,True,0.0,,,,1.0
111,07162,航空工程細學類,博士班,0,0,38.0,4.0,38.0,4.0,0.0,True,0.0,0.00135,-0.14,0.0,1.0
111,07163,造船工程細學類,博士班,0,0,48.0,4.0,48.0,4.0,0.0,True,0.0,0.00171,-0.17,0.0,1.0
111,07191,工業工程細學類,博士班,2,1,357.0,43.0,355.0,42.0,0.0056,True,0.00873,0.01263,-0.39,0.691,1.0
111,07192,紡織工程細學類,博士班,0,0,14.0,6.0,14.0,6.0,0.0,True,0.0,0.0005,-0.05,0.0,1.0
111,07193,生醫工程細學類,博士班,3,0,519.0,69.0,516.0,69.0,0.00578,True,0.0131,0.01835,-0.53,0.714,1.0
111,07194,綜合工程細學類,博士班,0,1,326.0,30.0,326.0,29.0,0.0,True,0.0,0.01159,-1.16,0.0,1.0
111,07199,其他工程及工程業細學類,博士班,1,0,142.0,0.0,141.0,0.0,0.00704,True,0.00437,0.00501,-0.06,0.872,1.0
111,07211,食品科學細學類,博士班,1,0,115.0,10.0,114.0,10.0,0.0087,True,0.00437,0.00405,0.03,1.079,1.0
111,07241,採礦及提煉細學類,博士班,0,0,41.0,6.0,41.0,6.0,0.0,True,0.0,0.00146,-0.15,0.0,1.0
111,07311,建築細學類,博士班,0,0,146.0,21.0,146.0,21.0,0.0,True,0.0,0.00519,-0.52,0.0,1.0
111,07312,景觀設計細學類,博士班,0,0,,,,,,True,0.0,,,,1.0
111,07313,都巿規劃細學類,博士班,3,0,48.0,6.0,45.0,6.0,0.0625,True,0.0131,0.0016,1.15,8.188,1.0
111,07321,土木工程細學類,博士班,2,0,626.0,74.0,624.0,74.0,0.00319,True,0.00873,0.02219,-1.35,0.393,1.0
111,07322,空間資訊及測繪細學類,博士班,0,0,35.0,5.0,35.0,5.0,0.0,True,0.0,0.00124,-0.12,0.0,1.0
111,08111,農作物生產細學類,博士班,1,0,84.0,9.0,83.0,9.0,0.0119,True,0.00437,0.00295,0.14,1.481,1.0
111,08112,畜牧生產細學類,博士班,0,0,67.0,4.0,67.0,4.0,0.0,True,0.0,0.00238,-0.24,0.0,1.0
111,08121,園藝細學類,博士班,1,0,69.0,7.0,68.0,7.0,0.01449,True,0.00437,0.00242,0.19,1.806,1.0
111,08192,農業生物技術細學類,博士班,0,0,10.0,0.0,10.0,0.0,0.0,True,0.0,0.00036,-0.04,0.0,1.0
111,08193,農業經濟及推廣細學類,博士班,0,0,27.0,2.0,27.0,2.0,0.0,True,0.0,0.00096,-0.1,0.0,1.0
111,08194,植物保護細學類,博士班,0,0,27.0,4.0,27.0,4.0,0.0,True,0.0,0.00096,-0.1,0.0,1.0
111,08199,其他農業細學類,博士班,1,0,92.0,13.0,91.0,13.0,0.01087,True,0.00437,0.00324,0.11,1.349,1.0
111,08211,林業細學類,博士班,0,0,48.0,6.0,48.0,6.0,0.0,True,0.0,0.00171,-0.17,0.0,1.0
111,08311,漁業科學細學類,博士班,0,0,53.0,4.0,53.0,4.0,0.0,True,0.0,0.00188,-0.19,0.0,1.0
111,08312,水產養殖細學類,博士班,0,0,54.0,5.0,54.0,5.0,0.0,True,0.0,0.00192,-0.19,0.0,1.0
111,08411,獸醫細學類,博士班,0,0,82.0,11.0,82.0,11.0,0.0,True,0.0,0.00292,-0.29,0.0,1.0
111,09111,牙醫細學類,博士班,0,0,126.0,24.0,126.0,24.0,0.0,True,0.0,0.00448,-0.45,0.0,1.0
111,09121,醫學細學類,博士班,10,1,1769.0,241.0,1759.0,240.0,0.00565,True,0.04367,0.06256,-1.89,0.698,1.0
111,09131,護理及助產細學類,博士班,5,0,457.0,57.0,452.0,57.0,0.01094,True,0.02183,0.01608,0.57,1.358,1.0
111,09141,醫學技術及檢驗細學類,博士班,1,0,130.0,29.0,129.0,29.0,0.00769,True,0.00437,0.00459,-0.02,0.952,1.0
111,09151,物理治療細學類,博士班,0,1,61.0,5.0,61.0,4.0,0.0,True,0.0,0.00217,-0.22,0.0,1.0
111,09152,職能治療細學類,博士班,0,0,19.0,2.0,19.0,2.0,0.0,True,0.0,0.00068,-0.07,0.0,1.0
111,09153,語言治療與聽力細學類,博士班,0,0,,,,,,True,0.0,,,,1.0
111,09159,其他治療及復健細學類,博士班,0,0,36.0,3.0,36.0,3.0,0.0,True,0.0,0.00128,-0.13,0.0,1.0
111,09161,藥學細學類,博士班,2,0,318.0,33.0,316.0,33.0,0.00629,True,0.00873,0.01124,-0.25,0.777,1.0
111,09171,傳統醫學、輔助醫學及治療細學類,博士班,0,0,44.0,7.0,44.0,7.0,0.0,True,0.0,0.00156,-0.16,0.0,1.0
111,09191,公共衛生細學類,博士班,0,0,549.0,94.0,549.0,94.0,0.0,True,0.0,0.01952,-1.95,0.0,1.0
111,09199,其他醫藥衛生細學類,博士班,1,0,61.0,11.0,60.0,11.0,0.01639,True,0.00437,0.00213,0.22,2.052,1.0
111,09211,老年照顧服務細學類,博士班,0,0,3.0,0.0,3.0,0.0,0.0,True,0.0,0.00011,-0.01,0.0,1.0
111,09212,失能者照顧細學類,博士班,0,0,,,,,,True,0.0,,,,1.0
111,09221,兒童及青少年照顧服務細學類,博士班,0,0,,,,,,True,0.0,,,,1.0
111,09231,社會工作細學類,博士班,2,0,124.0,17.0,122.0,17.0,0.01613,True,0.00873,0.00434,0.44,2.012,1.0
111,09299,其他社會福利細學類,博士班,0,0,,,,,,True,0.0,,,,1.0
111,10111,家政服務細學類,博士班,0,0,,,,,,True,0.0,,,,1.0
111,10121,美髮美容服務細學類,博士班,0,0,,,,,,True,0.0,,,,1.0
111,10131,旅館及餐飲細學類,博士班,0,0,,,,,,True,0.0,,,,1.0
111,10141,競技運動細學類,博士班,3,0,115.0,14.0,112.0,14.0,0.02609,True,0.0131,0.00398,0.91,3.291,1.0
111,10142,運動科技細學類,博士班,0,0,16.0,1.0,16.0,1.0,0.0,True,0.0,0.00057,-0.06,0.0,1.0
111,10151,旅遊觀光細學類,博士班,1,0,54.0,6.0,53.0,6.0,0.01852,True,0.00437,0.00188,0.25,2.324,1.0
111,10152,遊憩、運動和休閒管理細學類,博士班,2,0,47.0,1.0,45.0,1.0,0.04255,True,0.00873,0.0016,0.71,5.456,1.0
111,10199,其他餐旅及民生服務細學類,博士班,0,0,,,,,,True,0.0,,,,1.0
111,10221,職業衛生及安全細學類,博士班,0,0,,,,,,True,0.0,,,,1.0
111,10321,警政細學類,博士班,0,0,,,,,,True,0.0,,,,1.0
111,10411,運輸管理細學類,博士班,0,0,29.0,2.0,29.0,2.0,0.0,True,0.0,0.00103,-0.1,0.0,1.0
111,10412,航運管理細學類,博士班,0,0,54.0,5.0,54.0,5.0,0.0,True,0.0,0.00192,-0.19,0.0,1.0
111,10413,空運管理細學類,博士班,0,0,,,,,,True,0.0,,,,1.0
111,10414,航海細學類,博士班,0,0,,,,,,True,0.0,,,,1.0
111,10499,其他運輸服務細學類,博士班,0,0,,,,,,True,0.0,,,,1.0
111,99999,其他細學類,博士班,0,0,170.0,7.0,170.0,7.0,0.0,False,,,,,1.0
111,01111,綜合教育細學類,學士班,138,26,3376.0,752.0,3238.0,726.0,0.04088,True,0.00705,0.00388,0.32,1.817,1.0
111,01112,成人教育細學類,學士班,0,0,111.0,26.0,111.0,26.0,0.0,True,0.0,0.00013,-0.01,0.0,1.0
111,01113,特殊教育細學類,學士班,72,22,2478.0,600.0,2406.0,578.0,0.02906,True,0.00368,0.00288,0.08,1.278,1.0
111,01114,教育行政細學類,學士班,10,0,646.0,138.0,636.0,138.0,0.01548,True,0.00051,0.00076,-0.02,0.671,1.0
111,01115,課程與教學細學類,學士班,0,0,,,,,,True,0.0,,,,1.0
111,01116,教育科技細學類,學士班,19,3,857.0,197.0,838.0,194.0,0.02217,True,0.00097,0.001,-0.0,0.97,1.0
111,01118,技職教育細學類,學士班,0,0,,,,,,True,0.0,,,,1.0
111,01121,幼兒師資教育細學類,學士班,246,39,3838.0,1089.0,3592.0,1050.0,0.0641,True,0.01257,0.0043,0.83,2.923,1.0
111,01131,普通科目師資教育細學類,學士班,63,22,2785.0,626.0,2722.0,604.0,0.02262,True,0.00322,0.00326,-0.0,0.988,1.0
111,01141,專業科目師資教育細學類,學士班,427,61,4687.0,1057.0,4260.0,996.0,0.0911,True,0.02182,0.0051,1.67,4.278,1.0
111,01199,其他教育細學類,學士班,7,1,379.0,49.0,372.0,48.0,0.01847,True,0.00036,0.00045,-0.01,0.8,1.0
111,02111,視覺藝術細學類,學士班,108,26,5147.0,1075.0,5039.0,1049.0,0.02098,True,0.00552,0.00604,-0.05,0.914,1.0
111,02112,視覺傳達設計細學類,學士班,397,81,21643.0,5490.0,21246.0,5409.0,0.01834,True,0.02028,0.02545,-0.52,0.797,1.0
111,02121,應用藝術細學類,學士班,22,10,1324.0,414.0,1302.0,404.0,0.01662,True,0.00112,0.00156,-0.04,0.718,1.0
111,02122,綜合設計細學類,學士班,337,80,11147.0,3007.0,10810.0,2927.0,0.03023,True,0.01722,0.01295,0.43,1.33,1.0
111,02123,產品設計細學類,學士班,152,20,7714.0,2016.0,7562.0,1996.0,0.0197,True,0.00777,0.00906,-0.13,0.858,1.0
111,02124,空間設計細學類,學士班,93,14,4966.0,1202.0,4873.0,1188.0,0.01873,True,0.00475,0.00584,-0.11,0.813,1.0
111,02125,時尚設計與管理細學類,學士班,78,11,3987.0,913.0,3909.0,902.0,0.01956,True,0.00399,0.00468,-0.07,0.853,1.0
111,02131,純藝術細學類,學士班,61,14,4062.0,1036.0,4001.0,1022.0,0.01502,True,0.00312,0.00479,-0.17,0.651,1.0
111,02132,雕塑細學類,學士班,3,0,169.0,34.0,166.0,34.0,0.01775,True,0.00015,0.0002,-0.01,0.75,1.0
111,02141,美術工藝細學類,學士班,133,12,790.0,168.0,657.0,156.0,0.16835,True,0.0068,0.00079,0.6,8.608,1.0
111,02151,音樂細學類,學士班,303,41,6370.0,1327.0,6067.0,1286.0,0.04757,True,0.01548,0.00727,0.82,2.129,1.0
111,02152,表演藝術細學類,學士班,422,60,6469.0,1182.0,6047.0,1122.0,0.06523,True,0.02156,0.00724,1.43,2.978,1.0
111,02191,綜合藝術細學類,學士班,23,3,1083.0,217.0,1060.0,214.0,0.02124,True,0.00118,0.00127,-0.01,0.929,1.0
111,02192,藝術行政細學類,學士班,8,1,422.0,93.0,414.0,92.0,0.01896,True,0.00041,0.0005,-0.01,0.82,1.0
111,02199,其他藝術細學類,學士班,96,12,1144.0,215.0,1048.0,203.0,0.08392,True,0.0049,0.00126,0.36,3.889,1.0
111,02211,宗教細學類,學士班,8,2,603.0,150.0,595.0,148.0,0.01327,True,0.00041,0.00071,-0.03,0.577,1.0
111,02221,歷史細學類,學士班,74,8,4033.0,891.0,3959.0,883.0,0.01835,True,0.00378,0.00474,-0.1,0.797,1.0
111,02222,人類學及民族學細學類,學士班,115,18,534.0,98.0,419.0,80.0,0.21536,True,0.00588,0.0005,0.54,11.76,1.0
111,02231,哲學細學類,學士班,21,2,1702.0,322.0,1681.0,320.0,0.01234,True,0.00107,0.00201,-0.09,0.532,1.0
111,02299,其他人文細學類,學士班,196,45,2865.0,621.0,2669.0,576.0,0.06841,True,0.01001,0.0032,0.68,3.128,1.0
111,02311,外國語文細學類,學士班,791,155,47078.0,12181.0,46287.0,12026.0,0.0168,True,0.04041,0.05544,-1.5,0.729,1.0
111,02312,翻譯細學類,學士班,4,4,422.0,141.0,418.0,137.0,0.00948,True,0.0002,0.0005,-0.03,0.4,1.0
111,02313,華語文為第二語言細學類,學士班,3,1,432.0,81.0,429.0,80.0,0.00694,True,0.00015,0.00051,-0.04,0.294,1.0
111,02321,臺灣語文細學類,學士班,226,13,1279.0,210.0,1053.0,197.0,0.1767,True,0.01155,0.00126,1.03,9.167,1.0
111,02322,中國語文細學類,學士班,119,31,9962.0,2294.0,9843.0,2263.0,0.01195,True,0.00608,0.01179,-0.57,0.516,1.0
111,02323,華語文細學類,學士班,29,6,1992.0,488.0,1963.0,482.0,0.01456,True,0.00148,0.00235,-0.09,0.63,1.0
111,02399,其他語文細學類,學士班,0,0,,,,,,True,0.0,,,,1.0
111,03111,經濟學細學類,學士班,98,10,9165.0,2115.0,9067.0,2105.0,0.01069,True,0.00501,0.01086,-0.58,0.461,1.0
111,03121,政治學細學類,學士班,48,7,2892.0,642.0,2844.0,635.0,0.0166,True,0.00245,0.00341,-0.1,0.718,1.0
111,03122,國際關係細學類,學士班,16,1,1169.0,202.0,1153.0,201.0,0.01369,True,0.00082,0.00138,-0.06,0.594,1.0
111,03131,心理學細學類,學士班,199,39,6873.0,1581.0,6674.0,1542.0,0.02895,True,0.01017,0.00799,0.22,1.273,1.0
111,03141,社會學細學類,學士班,310,51,4009.0,868.0,3699.0,817.0,0.07733,True,0.01584,0.00443,1.14,3.576,1.0
111,03142,地理學細學類,學士班,35,7,1010.0,247.0,975.0,240.0,0.03465,True,0.00179,0.00117,0.06,1.53,1.0
111,03143,區域研究細學類,學士班,19,0,1255.0,253.0,1236.0,253.0,0.01514,True,0.00097,0.00148,-0.05,0.655,1.0
111,03191,發展研究細學類,學士班,17,2,732.0,133.0,715.0,131.0,0.02322,True,0.00087,0.00086,0.0,1.012,1.0
111,03199,其他社會及行為科學細學類,學士班,84,43,1057.0,265.0,973.0,222.0,0.07947,True,0.00429,0.00117,0.31,3.667,1.0
111,03211,大眾傳播細學類,學士班,265,35,5534.0,1188.0,5269.0,1153.0,0.04789,True,0.01354,0.00631,0.72,2.146,1.0
111,03212,新聞細學類,學士班,35,9,1550.0,413.0,1515.0,404.0,0.02258,True,0.00179,0.00181,-0.0,0.989,1.0
111,03213,電子媒體細學類,學士班,39,9,1760.0,439.0,1721.0,430.0,0.02216,True,0.00199,0.00206,-0.01,0.966,1.0
111,03214,傳播細學類,學士班,79,17,4065.0,1023.0,3986.0,1006.0,0.01943,True,0.00404,0.00477,-0.07,0.847,1.0
111,03222,圖書資訊檔案細學類,學士班,1,0,931.0,237.0,930.0,237.0,0.00107,True,5e-05,0.00111,-0.11,0.045,1.0
111,04111,會計及稅務細學類,學士班,154,22,14933.0,3821.0,14779.0,3799.0,0.01031,True,0.00787,0.0177,-0.98,0.445,1.0
111,04121,財務金融細學類,學士班,316,67,25191.0,6074.0,24875.0,6007.0,0.01254,True,0.01614,0.0298,-1.37,0.542,1.0
111,04122,財政細學類,學士班,64,11,2882.0,804.0,2818.0,793.0,0.02221,True,0.00327,0.00338,-0.01,0.967,1.0
111,04123,保險及風險管理細學類,學士班,39,6,3588.0,889.0,3549.0,883.0,0.01087,True,0.00199,0.00425,-0.23,0.468,1.0
111,04131,企業管理細學類,學士班,942,258,48447.0,12907.0,47505.0,12649.0,0.01944,True,0.04813,0.0569,-0.88,0.846,1.0
111,04132,流通及供應鏈細學類,學士班,232,117,9897.0,2908.0,9665.0,2791.0,0.02344,True,0.01185,0.01158,0.03,1.023,1.0
111,04133,醫療管理細學類,學士班,112,34,4672.0,1319.0,4560.0,1285.0,0.02397,True,0.00572,0.00546,0.03,1.048,1.0
111,04134,公共行政細學類,學士班,167,64,5334.0,1267.0,5167.0,1203.0,0.03131,True,0.00853,0.00619,0.23,1.378,1.0
111,04141,國際貿易細學類,學士班,112,18,11135.0,2810.0,11023.0,2792.0,0.01006,True,0.00572,0.0132,-0.75,0.433,1.0
111,04142,公共關係細學類,學士班,0,1,12.0,12.0,12.0,11.0,0.0,True,0.0,1e-05,-0.0,0.0,1.0
111,04143,行銷及廣告細學類,學士班,220,67,9533.0,2895.0,9313.0,2828.0,0.02308,True,0.01124,0.01116,0.01,1.007,1.0
111,04161,批發及零售細學類,學士班,1,0,121.0,26.0,120.0,26.0,0.00826,True,5e-05,0.00014,-0.01,0.357,1.0
111,04191,一般商業細學類,學士班,153,97,2003.0,620.0,1850.0,523.0,0.07639,True,0.00782,0.00222,0.56,3.523,1.0
111,04199,其他商業及管理細學類,學士班,266,46,12118.0,3261.0,11852.0,3215.0,0.02195,True,0.01359,0.0142,-0.06,0.957,1.0
111,04211,一般法律細學類,學士班,350,48,8802.0,2069.0,8452.0,2021.0,0.03976,True,0.01788,0.01012,0.78,1.767,1.0
111,04212,專業法律細學類,學士班,76,8,4123.0,962.0,4047.0,954.0,0.01843,True,0.00388,0.00485,-0.1,0.8,1.0
111,05111,生物學細學類,學士班,30,7,3776.0,784.0,3746.0,777.0,0.00794,True,0.00153,0.00449,-0.3,0.341,1.0
111,05121,生物科技細學類,學士班,48,24,6147.0,1450.0,6099.0,1426.0,0.00781,True,0.00245,0.00731,-0.49,0.335,1.0
111,05122,微生物細學類,學士班,2,0,206.0,52.0,204.0,52.0,0.00971,True,0.0001,0.00024,-0.01,0.417,1.0
111,05123,生物化學細學類,學士班,0,0,383.0,61.0,383.0,61.0,0.0,True,0.0,0.00046,-0.05,0.0,1.0
111,05124,生物訊息及遺傳細學類,學士班,1,0,22.0,23.0,21.0,23.0,0.04545,True,5e-05,3e-05,0.0,1.667,1.0
111,05191,營養細學類,學士班,89,20,6006.0,1605.0,5917.0,1585.0,0.01482,True,0.00455,0.00709,-0.25,0.642,1.0
111,05199,其他生命科學細學類,學士班,2,0,350.0,63.0,348.0,63.0,0.00571,True,0.0001,0.00042,-0.03,0.238,1.0
111,05211,環境資源細學類,學士班,10,1,854.0,186.0,844.0,185.0,0.01171,True,0.00051,0.00101,-0.05,0.505,1.0
111,05212,生態細學類,學士班,12,1,346.0,66.0,334.0,65.0,0.03468,True,0.00061,0.0004,0.02,1.525,1.0
111,05291,環境防災細學類,學士班,0,0,,,,,,True,0.0,,,,1.0
111,05292,水土保持細學類,學士班,4,1,427.0,98.0,423.0,97.0,0.00937,True,0.0002,0.00051,-0.03,0.392,1.0
111,05311,化學細學類,學士班,36,6,6613.0,1447.0,6577.0,1441.0,0.00544,True,0.00184,0.00788,-0.6,0.234,1.0
111,05321,地球科學及環境細學類,學士班,7,1,1222.0,230.0,1215.0,229.0,0.00573,True,0.00036,0.00146,-0.11,0.247,1.0
111,05322,大氣及太空科學細學類,學士班,7,0,544.0,122.0,537.0,122.0,0.01287,True,0.00036,0.00064,-0.03,0.562,1.0
111,05323,海洋科學細學類,學士班,0,1,441.0,92.0,441.0,91.0,0.0,True,0.0,0.00053,-0.05,0.0,1.0
111,05331,物理及應用物理細學類,學士班,18,1,5251.0,1096.0,5233.0,1095.0,0.00343,True,0.00092,0.00627,-0.54,0.147,1.0
111,05332,天文細學類,學士班,0,0,,,,,,True,0.0,,,,1.0
111,05399,其他物理、化學及地球科學細學類,學士班,11,0,1210.0,255.0,1199.0,255.0,0.00909,True,0.00056,0.00144,-0.09,0.389,1.0
111,05411,數學細學類,學士班,42,3,6695.0,1359.0,6653.0,1356.0,0.00627,True,0.00215,0.00797,-0.58,0.27,1.0
111,05421,統計細學類,學士班,11,0,3180.0,714.0,3169.0,714.0,0.00346,True,0.00056,0.0038,-0.32,0.147,1.0
111,05499,其他數學及統計細學類,學士班,3,0,788.0,185.0,785.0,185.0,0.00381,True,0.00015,0.00094,-0.08,0.16,1.0
111,06111,電腦運用細學類,學士班,24,4,1938.0,452.0,1914.0,448.0,0.01238,True,0.00123,0.00229,-0.11,0.537,1.0
111,06121,資料庫、網路設計及管理細學類,學士班,22,8,1540.0,491.0,1518.0,483.0,0.01429,True,0.00112,0.00182,-0.07,0.615,1.0
111,06131,資訊技術細學類,學士班,522,98,50474.0,11978.0,49952.0,11880.0,0.01034,True,0.02667,0.05983,-3.32,0.446,1.0
111,06132,軟體開發細學類,學士班,46,4,4302.0,864.0,4256.0,860.0,0.01069,True,0.00235,0.0051,-0.28,0.461,1.0
111,06133,系統設計細學類,學士班,24,1,2147.0,444.0,2123.0,443.0,0.01118,True,0.00123,0.00254,-0.13,0.484,1.0
111,06134,電算機應用細學類,學士班,23,4,3550.0,911.0,3527.0,907.0,0.00648,True,0.00118,0.00422,-0.3,0.28,1.0
111,06199,其他資訊通訊科技細學類,學士班,9,1,891.0,258.0,882.0,257.0,0.0101,True,0.00046,0.00106,-0.06,0.434,1.0
111,07111,化學工程細學類,學士班,49,9,10754.0,2609.0,10705.0,2600.0,0.00456,True,0.0025,0.01282,-1.03,0.195,1.0
111,07112,材料工程細學類,學士班,27,6,5990.0,1259.0,5963.0,1253.0,0.00451,True,0.00138,0.00714,-0.58,0.193,1.0
111,07121,環境工程細學類,學士班,84,14,7074.0,1603.0,6990.0,1589.0,0.01187,True,0.00429,0.00837,-0.41,0.513,1.0
111,07122,河海工程細學類,學士班,17,1,1553.0,337.0,1536.0,336.0,0.01095,True,0.00087,0.00184,-0.1,0.473,1.0
111,07132,能源工程細學類,學士班,25,3,2207.0,590.0,2182.0,587.0,0.01133,True,0.00128,0.00261,-0.13,0.49,1.0
111,07141,電機與電子工程細學類,學士班,525,73,59894.0,13972.0,59369.0,13899.0,0.00877,True,0.02682,0.07111,-4.43,0.377,1.0
111,07151,機械工程細學類,學士班,443,84,37418.0,9178.0,36975.0,9094.0,0.01184,True,0.02263,0.04429,-2.17,0.511,1.0
111,07161,車輛工程細學類,學士班,68,7,2794.0,410.0,2726.0,403.0,0.02434,True,0.00347,0.00327,0.02,1.061,1.0
111,07162,航空工程細學類,學士班,58,14,3664.0,891.0,3606.0,877.0,0.01583,True,0.00296,0.00432,-0.14,0.685,1.0
111,07163,造船工程細學類,學士班,13,5,1724.0,416.0,1711.0,411.0,0.00754,True,0.00066,0.00205,-0.14,0.322,1.0
111,07191,工業工程細學類,學士班,90,40,9744.0,2750.0,9654.0,2710.0,0.00924,True,0.0046,0.01156,-0.7,0.398,1.0
111,07192,紡織工程細學類,學士班,4,1,738.0,230.0,734.0,229.0,0.00542,True,0.0002,0.00088,-0.07,0.227,1.0
111,07193,生醫工程細學類,學士班,22,3,2505.0,539.0,2483.0,536.0,0.00878,True,0.00112,0.00297,-0.18,0.377,1.0
111,07194,綜合工程細學類,學士班,4,0,1026.0,182.0,1022.0,182.0,0.0039,True,0.0002,0.00122,-0.1,0.164,1.0
111,07199,其他工程及工程業細學類,學士班,2,0,1571.0,81.0,1569.0,81.0,0.00127,True,0.0001,0.00188,-0.18,0.053,1.0
111,07211,食品科學細學類,學士班,67,25,6753.0,1811.0,6686.0,1786.0,0.00992,True,0.00342,0.00801,-0.46,0.427,1.0
111,07241,採礦及提煉細學類,學士班,1,0,192.0,40.0,191.0,40.0,0.00521,True,5e-05,0.00023,-0.02,0.217,1.0
111,07311,建築細學類,學士班,93,22,6730.0,1298.0,6637.0,1276.0,0.01382,True,0.00475,0.00795,-0.32,0.597,1.0
111,07312,景觀設計細學類,學士班,29,7,2008.0,490.0,1979.0,483.0,0.01444,True,0.00148,0.00237,-0.09,0.624,1.0
111,07313,都巿規劃細學類,學士班,8,0,1313.0,282.0,1305.0,282.0,0.00609,True,0.00041,0.00156,-0.12,0.263,1.0
111,07321,土木工程細學類,學士班,367,74,12125.0,2827.0,11758.0,2753.0,0.03027,True,0.01875,0.01408,0.47,1.332,1.0
111,07322,空間資訊及測繪細學類,學士班,5,0,292.0,74.0,287.0,74.0,0.01712,True,0.00026,0.00034,-0.01,0.765,1.0
111,08111,農作物生產細學類,學士班,27,4,1395.0,300.0,1368.0,296.0,0.01935,True,0.00138,0.00164,-0.03,0.841,1.0
111,08112,畜牧生產細學類,學士班,24,2,1934.0,442.0,1910.0,440.0,0.01241,True,0.00123,0.00229,-0.11,0.537,1.0
111,08121,園藝細學類,學士班,17,4,1146.0,246.0,1129.0,242.0,0.01483,True,0.00087,0.00135,-0.05,0.644,1.0
111,08192,農業生物技術細學類,學士班,0,3,141.0,72.0,141.0,69.0,0.0,True,0.0,0.00017,-0.02,0.0,1.0
111,08193,農業經濟及推廣細學類,學士班,30,3,1096.0,221.0,1066.0,218.0,0.02737,True,0.00153,0.00128,0.02,1.195,1.0
111,08194,植物保護細學類,學士班,6,3,676.0,144.0,670.0,141.0,0.00888,True,0.00031,0.0008,-0.05,0.387,1.0
111,08199,其他農業細學類,學士班,91,9,1198.0,223.0,1107.0,214.0,0.07596,True,0.00465,0.00133,0.33,3.496,1.0
111,08211,林業細學類,學士班,40,6,1891.0,368.0,1851.0,362.0,0.02115,True,0.00204,0.00222,-0.02,0.919,1.0
111,08311,漁業科學細學類,學士班,1,2,385.0,111.0,384.0,109.0,0.0026,True,5e-05,0.00046,-0.04,0.109,1.0
111,08312,水產養殖細學類,學士班,20,0,1516.0,313.0,1496.0,313.0,0.01319,True,0.00102,0.00179,-0.08,0.57,1.0
111,08411,獸醫細學類,學士班,28,7,1761.0,385.0,1733.0,378.0,0.0159,True,0.00143,0.00208,-0.06,0.688,1.0
111,09111,牙醫細學類,學士班,87,5,3347.0,617.0,3260.0,612.0,0.02599,True,0.00444,0.0039,0.05,1.138,1.0
111,09121,醫學細學類,學士班,155,16,9802.0,1636.0,9647.0,1620.0,0.01581,True,0.00792,0.01156,-0.36,0.685,1.0
111,09131,護理及助產細學類,學士班,959,274,25417.0,8591.0,24458.0,8317.0,0.03773,True,0.049,0.0293,1.97,1.672,1.0
111,09141,醫學技術及檢驗細學類,學士班,163,31,7746.0,2126.0,7583.0,2095.0,0.02104,True,0.00833,0.00908,-0.07,0.917,1.0
111,09151,物理治療細學類,學士班,81,5,3088.0,651.0,3007.0,646.0,0.02623,True,0.00414,0.0036,0.05,1.15,1.0
111,09152,職能治療細學類,學士班,42,13,1631.0,399.0,1589.0,386.0,0.02575,True,0.00215,0.0019,0.02,1.132,1.0
111,09153,語言治療與聽力細學類,學士班,18,3,1359.0,291.0,1341.0,288.0,0.01325,True,0.00092,0.00161,-0.07,0.571,1.0
111,09159,其他治療及復健細學類,學士班,17,2,407.0,91.0,390.0,89.0,0.04177,True,0.00087,0.00047,0.04,1.851,1.0
111,09161,藥學細學類,學士班,103,16,6620.0,1090.0,6517.0,1074.0,0.01556,True,0.00526,0.00781,-0.26,0.673,1.0
111,09171,傳統醫學、輔助醫學及治療細學類,學士班,4,0,540.0,138.0,536.0,138.0,0.00741,True,0.0002,0.00064,-0.04,0.312,1.0
111,09191,公共衛生細學類,學士班,148,32,2576.0,567.0,2428.0,535.0,0.05745,True,0.00756,0.00291,0.46,2.598,1.0
111,09199,其他醫藥衛生細學類,學士班,8,4,1308.0,272.0,1300.0,268.0,0.00612,True,0.00041,0.00156,-0.12,0.263,1.0
111,09211,老年照顧服務細學類,學士班,191,40,4108.0,1202.0,3917.0,1162.0,0.04649,True,0.00976,0.00469,0.51,2.081,1.0
111,09212,失能者照顧細學類,學士班,0,1,84.0,24.0,84.0,23.0,0.0,True,0.0,0.0001,-0.01,0.0,1.0
111,09221,兒童及青少年照顧服務細學類,學士班,370,87,8915.0,2961.0,8545.0,2874.0,0.0415,True,0.0189,0.01024,0.87,1.846,1.0
111,09231,社會工作細學類,學士班,823,224,9712.0,2513.0,8889.0,2289.0,0.08474,True,0.04205,0.01065,3.14,3.948,1.0
111,09299,其他社會福利細學類,學士班,19,2,434.0,103.0,415.0,101.0,0.04378,True,0.00097,0.0005,0.05,1.94,1.0
111,10111,家政服務細學類,學士班,10,2,752.0,193.0,742.0,191.0,0.0133,True,0.00051,0.00089,-0.04,0.573,1.0
111,10121,美髮美容服務細學類,學士班,250,70,9195.0,2552.0,8945.0,2482.0,0.02719,True,0.01277,0.01071,0.21,1.192,1.0
111,10131,旅館及餐飲細學類,學士班,729,168,30811.0,8837.0,30082.0,8669.0,0.02366,True,0.03725,0.03603,0.12,1.034,1.0
111,10141,競技運動細學類,學士班,897,157,5389.0,1057.0,4492.0,900.0,0.16645,True,0.04583,0.00538,4.04,8.519,1.0
111,10142,運動科技細學類,學士班,46,6,1098.0,211.0,1052.0,205.0,0.04189,True,0.00235,0.00126,0.11,1.865,1.0
111,10151,旅遊觀光細學類,學士班,645,150,21843.0,6282.0,21198.0,6132.0,0.02953,True,0.03295,0.02539,0.76,1.298,1.0
111,10152,遊憩、運動和休閒管理細學類,學士班,935,207,15190.0,4020.0,14255.0,3813.0,0.06155,True,0.04777,0.01707,3.07,2.798,1.0
111,10199,其他餐旅及民生服務細學類,學士班,110,46,2022.0,420.0,1912.0,374.0,0.0544,True,0.00562,0.00229,0.33,2.454,1.0
111,10221,職業衛生及安全細學類,學士班,43,6,1397.0,389.0,1354.0,383.0,0.03078,True,0.0022,0.00162,0.06,1.358,1.0
111,10321,警政細學類,學士班,36,14,979.0,344.0,943.0,330.0,0.03677,True,0.00184,0.00113,0.07,1.628,1.0
111,10411,運輸管理細學類,學士班,12,3,1894.0,490.0,1882.0,487.0,0.00634,True,0.00061,0.00225,-0.16,0.271,1.0
111,10412,航運管理細學類,學士班,51,7,2131.0,527.0,2080.0,520.0,0.02393,True,0.00261,0.00249,0.01,1.048,1.0
111,10413,空運管理細學類,學士班,33,7,1156.0,373.0,1123.0,366.0,0.02855,True,0.00169,0.00135,0.03,1.252,1.0
111,10414,航海細學類,學士班,40,8,1255.0,293.0,1215.0,285.0,0.03187,True,0.00204,0.00146,0.06,1.397,1.0
111,10499,其他運輸服務細學類,學士班,7,3,430.0,142.0,423.0,139.0,0.01628,True,0.00036,0.00051,-0.02,0.706,1.0
111,99999,其他細學類,學士班,980,0,1674.0,86.0,694.0,86.0,0.58542,False,,,,,1.0
111,01111,綜合教育細學類,碩士班,218,27,4168.0,965.0,3950.0,938.0,0.0523,True,0.08634,0.02299,6.34,3.756,1.0
111,01112,成人教育細學類,碩士班,9,1,365.0,87.0,356.0,86.0,0.02466,True,0.00356,0.00207,0.15,1.72,1.0
111,01113,特殊教育細學類,碩士班,18,3,1308.0,251.0,1290.0,248.0,0.01376,True,0.00713,0.00751,-0.04,0.949,1.0
111,01114,教育行政細學類,碩士班,61,6,957.0,170.0,896.0,164.0,0.06374,True,0.02416,0.00522,1.89,4.628,1.0
111,01115,課程與教學細學類,碩士班,23,2,606.0,132.0,583.0,130.0,0.03795,True,0.00911,0.00339,0.57,2.687,1.0
111,01116,教育科技細學類,碩士班,2,0,386.0,89.0,384.0,89.0,0.00518,True,0.00079,0.00224,-0.14,0.353,1.0
111,01118,技職教育細學類,碩士班,5,2,405.0,171.0,400.0,169.0,0.01235,True,0.00198,0.00233,-0.04,0.85,1.0
111,01121,幼兒師資教育細學類,碩士班,48,3,1233.0,205.0,1185.0,202.0,0.03893,True,0.01901,0.0069,1.21,2.755,1.0
111,01131,普通科目師資教育細學類,碩士班,25,2,1339.0,275.0,1314.0,273.0,0.01867,True,0.0099,0.00765,0.23,1.294,1.0
111,01141,專業科目師資教育細學類,碩士班,108,17,2356.0,565.0,2248.0,548.0,0.04584,True,0.04277,0.01309,2.97,3.267,1.0
111,01199,其他教育細學類,碩士班,6,2,580.0,129.0,574.0,127.0,0.01034,True,0.00238,0.00334,-0.1,0.713,1.0
111,02111,視覺藝術細學類,碩士班,13,1,1035.0,194.0,1022.0,193.0,0.01256,True,0.00515,0.00595,-0.08,0.866,1.0
111,02112,視覺傳達設計細學類,碩士班,13,3,1257.0,298.0,1244.0,295.0,0.01034,True,0.00515,0.00724,-0.21,0.711,1.0
111,02121,應用藝術細學類,碩士班,8,1,455.0,107.0,447.0,106.0,0.01758,True,0.00317,0.0026,0.06,1.219,1.0
111,02122,綜合設計細學類,碩士班,8,4,1043.0,323.0,1035.0,319.0,0.00767,True,0.00317,0.00603,-0.29,0.526,1.0
111,02123,產品設計細學類,碩士班,3,1,713.0,216.0,710.0,215.0,0.00421,True,0.00119,0.00413,-0.29,0.288,1.0
111,02124,空間設計細學類,碩士班,2,0,315.0,72.0,313.0,72.0,0.00635,True,0.00079,0.00182,-0.1,0.434,1.0
111,02125,時尚設計與管理細學類,碩士班,3,0,248.0,41.0,245.0,41.0,0.0121,True,0.00119,0.00143,-0.02,0.832,1.0
111,02131,純藝術細學類,碩士班,15,2,1781.0,362.0,1766.0,360.0,0.00842,True,0.00594,0.01028,-0.43,0.578,1.0
111,02132,雕塑細學類,碩士班,0,0,27.0,5.0,27.0,5.0,0.0,True,0.0,0.00016,-0.02,0.0,1.0
111,02141,美術工藝細學類,碩士班,1,0,139.0,41.0,138.0,41.0,0.00719,True,0.0004,0.0008,-0.04,0.5,1.0
111,02151,音樂細學類,碩士班,55,8,2156.0,554.0,2101.0,546.0,0.02551,True,0.02178,0.01223,0.96,1.781,1.0
111,02152,表演藝術細學類,碩士班,13,0,647.0,128.0,634.0,128.0,0.02009,True,0.00515,0.00369,0.15,1.396,1.0
111,02191,綜合藝術細學類,碩士班,24,5,791.0,136.0,767.0,131.0,0.03034,True,0.0095,0.00446,0.5,2.13,1.0
111,02192,藝術行政細學類,碩士班,5,0,415.0,55.0,410.0,55.0,0.01205,True,0.00198,0.00239,-0.04,0.828,1.0
111,02199,其他藝術細學類,碩士班,6,1,231.0,51.0,225.0,50.0,0.02597,True,0.00238,0.00131,0.11,1.817,1.0
111,02211,宗教細學類,碩士班,40,6,646.0,107.0,606.0,101.0,0.06192,True,0.01584,0.00353,1.23,4.487,1.0
111,02221,歷史細學類,碩士班,4,2,938.0,173.0,934.0,171.0,0.00426,True,0.00158,0.00544,-0.39,0.29,1.0
111,02222,人類學及民族學細學類,碩士班,26,6,198.0,23.0,172.0,17.0,0.13131,True,0.0103,0.001,0.93,10.3,1.0
111,02231,哲學細學類,碩士班,1,1,420.0,66.0,419.0,65.0,0.00238,True,0.0004,0.00244,-0.2,0.164,1.0
111,02299,其他人文細學類,碩士班,46,1,1125.0,145.0,1079.0,144.0,0.04089,True,0.01822,0.00628,1.19,2.901,1.0
111,02311,外國語文細學類,碩士班,31,2,2718.0,482.0,2687.0,480.0,0.01141,True,0.01228,0.01564,-0.34,0.785,1.0
111,02312,翻譯細學類,碩士班,0,0,290.0,58.0,290.0,58.0,0.0,True,0.0,0.00169,-0.17,0.0,1.0
111,02313,華語文為第二語言細學類,碩士班,1,0,337.0,92.0,336.0,92.0,0.00297,True,0.0004,0.00196,-0.16,0.204,1.0
111,02321,臺灣語文細學類,碩士班,63,3,661.0,98.0,598.0,95.0,0.09531,True,0.02495,0.00348,2.15,7.17,1.0
111,02322,中國語文細學類,碩士班,12,4,2146.0,325.0,2134.0,321.0,0.00559,True,0.00475,0.01242,-0.77,0.382,1.0
111,02323,華語文細學類,碩士班,3,0,347.0,54.0,344.0,54.0,0.00865,True,0.00119,0.002,-0.08,0.595,1.0
111,02399,其他語文細學類,碩士班,8,0,279.0,69.0,271.0,69.0,0.02867,True,0.00317,0.00158,0.16,2.006,1.0
111,03111,經濟學細學類,碩士班,6,0,1245.0,484.0,1239.0,484.0,0.00482,True,0.00238,0.00721,-0.48,0.33,1.0
111,03121,政治學細學類,碩士班,5,1,746.0,143.0,741.0,142.0,0.0067,True,0.00198,0.00431,-0.23,0.459,1.0
111,03122,國際關係細學類,碩士班,7,0,663.0,154.0,656.0,154.0,0.01056,True,0.00277,0.00382,-0.11,0.725,1.0
111,03131,心理學細學類,碩士班,34,6,3824.0,712.0,3790.0,706.0,0.00889,True,0.01347,0.02206,-0.86,0.611,1.0
111,03141,社會學細學類,碩士班,81,9,991.0,209.0,910.0,200.0,0.08174,True,0.03208,0.0053,2.68,6.053,1.0
111,03142,地理學細學類,碩士班,3,0,293.0,67.0,290.0,67.0,0.01024,True,0.00119,0.00169,-0.05,0.704,1.0
111,03143,區域研究細學類,碩士班,55,0,1280.0,284.0,1225.0,284.0,0.04297,True,0.02178,0.00713,1.46,3.055,1.0
111,03191,發展研究細學類,碩士班,7,4,746.0,163.0,739.0,159.0,0.00938,True,0.00277,0.0043,-0.15,0.644,1.0
111,03199,其他社會及行為科學細學類,碩士班,61,5,816.0,179.0,755.0,174.0,0.07475,True,0.02416,0.0044,1.98,5.491,1.0
111,03211,大眾傳播細學類,碩士班,9,4,909.0,210.0,900.0,206.0,0.0099,True,0.00356,0.00524,-0.17,0.679,1.0
111,03212,新聞細學類,碩士班,0,0,156.0,35.0,156.0,35.0,0.0,True,0.0,0.00091,-0.09,0.0,1.0
111,03213,電子媒體細學類,碩士班,2,0,153.0,42.0,151.0,42.0,0.01307,True,0.00079,0.00088,-0.01,0.898,1.0
111,03214,傳播細學類,碩士班,2,0,366.0,99.0,364.0,99.0,0.00546,True,0.00079,0.00212,-0.13,0.373,1.0
111,03222,圖書資訊檔案細學類,碩士班,1,0,408.0,85.0,407.0,85.0,0.00245,True,0.0004,0.00237,-0.2,0.169,1.0
111,04111,會計及稅務細學類,碩士班,6,4,1763.0,785.0,1757.0,781.0,0.0034,True,0.00238,0.01023,-0.78,0.233,1.0
111,04121,財務金融細學類,碩士班,19,2,3395.0,1382.0,3376.0,1380.0,0.0056,True,0.00752,0.01965,-1.21,0.383,1.0
111,04122,財政細學類,碩士班,0,0,276.0,110.0,276.0,110.0,0.0,True,0.0,0.00161,-0.16,0.0,1.0
111,04123,保險及風險管理細學類,碩士班,0,0,333.0,145.0,333.0,145.0,0.0,True,0.0,0.00194,-0.19,0.0,1.0
111,04131,企業管理細學類,碩士班,151,46,15095.0,5686.0,14944.0,5640.0,0.01,True,0.0598,0.08699,-2.72,0.687,1.0
111,04132,流通及供應鏈細學類,碩士班,17,2,711.0,238.0,694.0,236.0,0.02391,True,0.00673,0.00404,0.27,1.666,1.0
111,04133,醫療管理細學類,碩士班,6,2,837.0,299.0,831.0,297.0,0.00717,True,0.00238,0.00484,-0.25,0.492,1.0
111,04134,公共行政細學類,碩士班,79,25,2179.0,678.0,2100.0,653.0,0.03626,True,0.03129,0.01222,1.91,2.561,1.0
111,04141,國際貿易細學類,碩士班,1,0,600.0,228.0,599.0,228.0,0.00167,True,0.0004,0.00349,-0.31,0.115,1.0
111,04142,公共關係細學類,碩士班,1,1,63.0,11.0,62.0,10.0,0.01587,True,0.0004,0.00036,0.0,1.111,1.0
111,04143,行銷及廣告細學類,碩士班,9,1,521.0,173.0,512.0,172.0,0.01727,True,0.00356,0.00298,0.06,1.195,1.0
111,04161,批發及零售細學類,碩士班,0,0,,,,,,True,0.0,,,,1.0
111,04191,一般商業細學類,碩士班,4,0,444.0,146.0,440.0,146.0,0.00901,True,0.00158,0.00256,-0.1,0.617,1.0
111,04199,其他商業及管理細學類,碩士班,23,7,5377.0,1879.0,5354.0,1872.0,0.00428,True,0.00911,0.03117,-2.21,0.292,1.0
111,04211,一般法律細學類,碩士班,101,3,4128.0,624.0,4027.0,621.0,0.02447,True,0.04,0.02344,1.66,1.706,1.0
111,04212,專業法律細學類,碩士班,27,2,2538.0,513.0,2511.0,511.0,0.01064,True,0.01069,0.01462,-0.39,0.731,1.0
111,05111,生物學細學類,碩士班,5,1,771.0,223.0,766.0,222.0,0.00649,True,0.00198,0.00446,-0.25,0.444,1.0
111,05121,生物科技細學類,碩士班,17,3,1729.0,620.0,1712.0,617.0,0.00983,True,0.00673,0.00997,-0.32,0.675,1.0
111,05122,微生物細學類,碩士班,0,0,125.0,43.0,125.0,43.0,0.0,True,0.0,0.00073,-0.07,0.0,1.0
111,05123,生物化學細學類,碩士班,1,0,290.0,123.0,289.0,123.0,0.00345,True,0.0004,0.00168,-0.13,0.238,1.0
111,05124,生物訊息及遺傳細學類,碩士班,1,0,110.0,52.0,109.0,52.0,0.00909,True,0.0004,0.00063,-0.02,0.635,1.0
111,05191,營養細學類,碩士班,5,0,317.0,146.0,312.0,146.0,0.01577,True,0.00198,0.00182,0.02,1.088,1.0
111,05199,其他生命科學細學類,碩士班,0,0,69.0,21.0,69.0,21.0,0.0,True,0.0,0.0004,-0.04,0.0,1.0
111,05211,環境資源細學類,碩士班,16,7,522.0,162.0,506.0,155.0,0.03065,True,0.00634,0.00295,0.34,2.149,1.0
111,05212,生態細學類,碩士班,0,0,102.0,21.0,102.0,21.0,0.0,True,0.0,0.00059,-0.06,0.0,1.0
111,05291,環境防災細學類,碩士班,1,0,17.0,12.0,16.0,12.0,0.05882,True,0.0004,9e-05,0.03,4.444,1.0
111,05292,水土保持細學類,碩士班,1,0,140.0,51.0,139.0,51.0,0.00714,True,0.0004,0.00081,-0.04,0.494,1.0
111,05311,化學細學類,碩士班,9,2,2071.0,751.0,2062.0,749.0,0.00435,True,0.00356,0.012,-0.84,0.297,1.0
111,05321,地球科學及環境細學類,碩士班,1,1,402.0,118.0,401.0,117.0,0.00249,True,0.0004,0.00233,-0.19,0.172,1.0
111,05322,大氣及太空科學細學類,碩士班,1,0,143.0,47.0,142.0,47.0,0.00699,True,0.0004,0.00083,-0.04,0.482,1.0
111,05323,海洋科學細學類,碩士班,1,0,341.0,99.0,340.0,99.0,0.00293,True,0.0004,0.00198,-0.16,0.202,1.0
111,05331,物理及應用物理細學類,碩士班,3,1,1324.0,431.0,1321.0,430.0,0.00227,True,0.00119,0.00769,-0.65,0.155,1.0
111,05332,天文細學類,碩士班,0,1,55.0,14.0,55.0,13.0,0.0,True,0.0,0.00032,-0.03,0.0,1.0
111,05399,其他物理、化學及地球科學細學類,碩士班,1,0,313.0,104.0,312.0,104.0,0.00319,True,0.0004,0.00182,-0.14,0.22,1.0
111,05411,數學細學類,碩士班,3,0,994.0,385.0,991.0,385.0,0.00302,True,0.00119,0.00577,-0.46,0.206,1.0
111,05421,統計細學類,碩士班,2,0,700.0,304.0,698.0,304.0,0.00286,True,0.00079,0.00406,-0.33,0.195,1.0
111,05499,其他數學及統計細學類,碩士班,0,0,57.0,21.0,57.0,21.0,0.0,True,0.0,0.00033,-0.03,0.0,1.0
111,06111,電腦運用細學類,碩士班,1,1,372.0,137.0,371.0,136.0,0.00269,True,0.0004,0.00216,-0.18,0.185,1.0
111,06121,資料庫、網路設計及管理細學類,碩士班,1,0,276.0,75.0,275.0,75.0,0.00362,True,0.0004,0.0016,-0.12,0.25,1.0
111,06131,資訊技術細學類,碩士班,50,6,11391.0,3693.0,11341.0,3687.0,0.00439,True,0.0198,0.06602,-4.62,0.3,1.0
111,06132,軟體開發細學類,碩士班,3,0,761.0,205.0,758.0,205.0,0.00394,True,0.00119,0.00441,-0.32,0.27,1.0
111,06133,系統設計細學類,碩士班,5,0,173.0,48.0,168.0,48.0,0.0289,True,0.00198,0.00098,0.1,2.02,1.0
111,06134,電算機應用細學類,碩士班,13,4,769.0,197.0,756.0,193.0,0.01691,True,0.00515,0.0044,0.07,1.17,1.0
111,06199,其他資訊通訊科技細學類,碩士班,0,0,110.0,18.0,110.0,18.0,0.0,True,0.0,0.00064,-0.06,0.0,1.0
111,07111,化學工程細學類,碩士班,4,1,3129.0,1245.0,3125.0,1244.0,0.00128,True,0.00158,0.01819,-1.66,0.087,1.0
111,07112,材料工程細學類,碩士班,9,2,2444.0,851.0,2435.0,849.0,0.00368,True,0.00356,0.01417,-1.06,0.251,1.0
111,07121,環境工程細學類,碩士班,6,4,1830.0,663.0,1824.0,659.0,0.00328,True,0.00238,0.01062,-0.82,0.224,1.0
111,07122,河海工程細學類,碩士班,0,0,346.0,137.0,346.0,137.0,0.0,True,0.0,0.00201,-0.2,0.0,1.0
111,07132,能源工程細學類,碩士班,5,1,565.0,216.0,560.0,215.0,0.00885,True,0.00198,0.00326,-0.13,0.607,1.0
111,07141,電機與電子工程細學類,碩士班,58,15,17160.0,5444.0,17102.0,5429.0,0.00338,True,0.02297,0.09956,-7.66,0.231,1.0
111,07151,機械工程細學類,碩士班,16,5,7155.0,2429.0,7139.0,2424.0,0.00224,True,0.00634,0.04156,-3.52,0.153,1.0
111,07161,車輛工程細學類,碩士班,4,0,267.0,88.0,263.0,88.0,0.01498,True,0.00158,0.00153,0.01,1.033,1.0
111,07162,航空工程細學類,碩士班,3,0,479.0,174.0,476.0,174.0,0.00626,True,0.00119,0.00277,-0.16,0.43,1.0
111,07163,造船工程細學類,碩士班,0,0,249.0,99.0,249.0,99.0,0.0,True,0.0,0.00145,-0.14,0.0,1.0
111,07191,工業工程細學類,碩士班,13,1,2848.0,997.0,2835.0,996.0,0.00456,True,0.00515,0.0165,-1.14,0.312,1.0
111,07192,紡織工程細學類,碩士班,0,0,60.0,29.0,60.0,29.0,0.0,True,0.0,0.00035,-0.03,0.0,1.0
111,07193,生醫工程細學類,碩士班,4,1,1158.0,405.0,1154.0,404.0,0.00345,True,0.00158,0.00672,-0.51,0.235,1.0
111,07194,綜合工程細學類,碩士班,1,1,296.0,109.0,295.0,108.0,0.00338,True,0.0004,0.00172,-0.13,0.233,1.0
111,07199,其他工程及工程業細學類,碩士班,2,1,838.0,126.0,836.0,125.0,0.00239,True,0.00079,0.00487,-0.41,0.162,1.0
111,07211,食品科學細學類,碩士班,4,3,1048.0,409.0,1044.0,406.0,0.00382,True,0.00158,0.00608,-0.45,0.26,1.0
111,07241,採礦及提煉細學類,碩士班,0,0,88.0,38.0,88.0,38.0,0.0,True,0.0,0.00051,-0.05,0.0,1.0
111,07311,建築細學類,碩士班,17,1,1539.0,373.0,1522.0,372.0,0.01105,True,0.00673,0.00886,-0.21,0.76,1.0
111,07312,景觀設計細學類,碩士班,3,1,250.0,52.0,247.0,51.0,0.012,True,0.00119,0.00144,-0.02,0.826,1.0
111,07313,都巿規劃細學類,碩士班,7,0,441.0,125.0,434.0,125.0,0.01587,True,0.00277,0.00253,0.02,1.095,1.0
111,07321,土木工程細學類,碩士班,42,7,3146.0,1153.0,3104.0,1146.0,0.01335,True,0.01663,0.01807,-0.14,0.92,1.0
111,07322,空間資訊及測繪細學類,碩士班,0,0,61.0,28.0,61.0,28.0,0.0,True,0.0,0.00036,-0.04,0.0,1.0
111,08111,農作物生產細學類,碩士班,4,0,370.0,90.0,366.0,90.0,0.01081,True,0.00158,0.00213,-0.05,0.742,1.0
111,08112,畜牧生產細學類,碩士班,0,0,219.0,65.0,219.0,65.0,0.0,True,0.0,0.00127,-0.13,0.0,1.0
111,08121,園藝細學類,碩士班,0,1,243.0,74.0,243.0,73.0,0.0,True,0.0,0.00141,-0.14,0.0,1.0
111,08192,農業生物技術細學類,碩士班,0,0,54.0,15.0,54.0,15.0,0.0,True,0.0,0.00031,-0.03,0.0,1.0
111,08193,農業經濟及推廣細學類,碩士班,2,1,456.0,157.0,454.0,156.0,0.00439,True,0.00079,0.00264,-0.18,0.299,1.0
111,08194,植物保護細學類,碩士班,2,0,186.0,65.0,184.0,65.0,0.01075,True,0.00079,0.00107,-0.03,0.738,1.0
111,08199,其他農業細學類,碩士班,1,0,84.0,22.0,83.0,22.0,0.0119,True,0.0004,0.00048,-0.01,0.833,1.0
111,08211,林業細學類,碩士班,8,3,335.0,89.0,327.0,86.0,0.02388,True,0.00317,0.0019,0.13,1.668,1.0
111,08311,漁業科學細學類,碩士班,1,0,116.0,53.0,115.0,53.0,0.00862,True,0.0004,0.00067,-0.03,0.597,1.0
111,08312,水產養殖細學類,碩士班,1,1,186.0,61.0,185.0,60.0,0.00538,True,0.0004,0.00108,-0.07,0.37,1.0
111,08411,獸醫細學類,碩士班,0,0,248.0,76.0,248.0,76.0,0.0,True,0.0,0.00144,-0.14,0.0,1.0
111,09111,牙醫細學類,碩士班,1,0,359.0,120.0,358.0,120.0,0.00279,True,0.0004,0.00208,-0.17,0.192,1.0
111,09121,醫學細學類,碩士班,9,0,1379.0,475.0,1370.0,475.0,0.00653,True,0.00356,0.00798,-0.44,0.446,1.0
111,09131,護理及助產細學類,碩士班,83,7,2377.0,510.0,2294.0,503.0,0.03492,True,0.03287,0.01335,1.95,2.462,1.0
111,09141,醫學技術及檢驗細學類,碩士班,5,3,666.0,247.0,661.0,244.0,0.00751,True,0.00198,0.00385,-0.19,0.514,1.0
111,09151,物理治療細學類,碩士班,4,0,204.0,86.0,200.0,86.0,0.01961,True,0.00158,0.00116,0.04,1.362,1.0
111,09152,職能治療細學類,碩士班,2,1,123.0,33.0,121.0,32.0,0.01626,True,0.00079,0.0007,0.01,1.129,1.0
111,09153,語言治療與聽力細學類,碩士班,0,0,117.0,28.0,117.0,28.0,0.0,True,0.0,0.00068,-0.07,0.0,1.0
111,09159,其他治療及復健細學類,碩士班,3,0,141.0,34.0,138.0,34.0,0.02128,True,0.00119,0.0008,0.04,1.488,1.0
111,09161,藥學細學類,碩士班,6,1,683.0,302.0,677.0,301.0,0.00878,True,0.00238,0.00394,-0.16,0.604,1.0
111,09171,傳統醫學、輔助醫學及治療細學類,碩士班,3,3,236.0,77.0,233.0,74.0,0.01271,True,0.00119,0.00136,-0.02,0.875,1.0
111,09191,公共衛生細學類,碩士班,8,6,1149.0,433.0,1141.0,427.0,0.00696,True,0.00317,0.00664,-0.35,0.477,1.0
111,09199,其他醫藥衛生細學類,碩士班,6,0,303.0,108.0,297.0,108.0,0.0198,True,0.00238,0.00173,0.07,1.376,1.0
111,09211,老年照顧服務細學類,碩士班,25,1,570.0,115.0,545.0,114.0,0.04386,True,0.0099,0.00317,0.67,3.123,1.0
111,09212,失能者照顧細學類,碩士班,1,0,83.0,18.0,82.0,18.0,0.01205,True,0.0004,0.00048,-0.01,0.833,1.0
111,09221,兒童及青少年照顧服務細學類,碩士班,11,3,525.0,112.0,514.0,109.0,0.02095,True,0.00436,0.00299,0.14,1.458,1.0
111,09231,社會工作細學類,碩士班,89,6,1172.0,187.0,1083.0,181.0,0.07594,True,0.03525,0.0063,2.89,5.595,1.0
111,09299,其他社會福利細學類,碩士班,22,3,112.0,20.0,90.0,17.0,0.19643,True,0.00871,0.00052,0.82,16.75,1.0
111,10111,家政服務細學類,碩士班,5,1,138.0,31.0,133.0,30.0,0.03623,True,0.00198,0.00077,0.12,2.571,1.0
111,10121,美髮美容服務細學類,碩士班,7,0,291.0,72.0,284.0,72.0,0.02405,True,0.00277,0.00165,0.11,1.679,1.0
111,10131,旅館及餐飲細學類,碩士班,6,2,393.0,151.0,387.0,149.0,0.01527,True,0.00238,0.00225,0.01,1.058,1.0
111,10141,競技運動細學類,碩士班,62,11,614.0,177.0,552.0,166.0,0.10098,True,0.02455,0.00321,2.13,7.648,1.0
111,10142,運動科技細學類,碩士班,13,0,336.0,104.0,323.0,104.0,0.03869,True,0.00515,0.00188,0.33,2.739,1.0
111,10151,旅遊觀光細學類,碩士班,58,9,1333.0,449.0,1275.0,440.0,0.04351,True,0.02297,0.00742,1.56,3.096,1.0
111,10152,遊憩、運動和休閒管理細學類,碩士班,74,8,1511.0,435.0,1437.0,427.0,0.04897,True,0.02931,0.00837,2.09,3.502,1.0
111,10199,其他餐旅及民生服務細學類,碩士班,15,4,139.0,77.0,124.0,73.0,0.10791,True,0.00594,0.00072,0.52,8.25,1.0
111,10221,職業衛生及安全細學類,碩士班,2,0,151.0,73.0,149.0,73.0,0.01325,True,0.00079,0.00087,-0.01,0.908,1.0
111,10321,警政細學類,碩士班,0,0,27.0,19.0,27.0,19.0,0.0,True,0.0,0.00016,-0.02,0.0,1.0
111,10411,運輸管理細學類,碩士班,2,0,458.0,168.0,456.0,168.0,0.00437,True,0.00079,0.00265,-0.19,0.298,1.0
111,10412,航運管理細學類,碩士班,1,0,345.0,120.0,344.0,120.0,0.0029,True,0.0004,0.002,-0.16,0.2,1.0
111,10413,空運管理細學類,碩士班,0,0,29.0,13.0,29.0,13.0,0.0,True,0.0,0.00017,-0.02,0.0,1.0
111,10414,航海細學類,碩士班,0,0,89.0,13.0,89.0,13.0,0.0,True,0.0,0.00052,-0.05,0.0,1.0
111,10499,其他運輸服務細學類,碩士班,0,0,,,,,,True,0.0,,,,1.0
111,99999,其他細學類,碩士班,2,0,267.0,83.0,265.0,83.0,0.00749,False,,,,,1.0
111,01111,綜合教育細學類,總計,387,53,8591.0,1853.0,8204.0,1800.0,0.04505,True,0.01441,0.00739,0.7,1.95,1.0
111,01112,成人教育細學類,總計,10,1,581.0,120.0,571.0,119.0,0.01721,True,0.00037,0.00051,-0.01,0.725,1.0
111,01113,特殊教育細學類,總計,90,25,3888.0,865.0,3798.0,840.0,0.02315,True,0.00335,0.00342,-0.01,0.98,1.0
111,01114,教育行政細學類,總計,84,8,1889.0,336.0,1805.0,328.0,0.04447,True,0.00313,0.00163,0.15,1.92,1.0
111,01115,課程與教學細學類,總計,23,2,731.0,146.0,708.0,144.0,0.03146,True,0.00086,0.00064,0.02,1.344,1.0
111,01116,教育科技細學類,總計,22,3,1307.0,294.0,1285.0,291.0,0.01683,True,0.00082,0.00116,-0.03,0.707,1.0
111,01118,技職教育細學類,總計,5,2,531.0,204.0,526.0,202.0,0.00942,True,0.00019,0.00047,-0.03,0.404,1.0
111,01121,幼兒師資教育細學類,總計,296,43,5131.0,1321.0,4835.0,1278.0,0.05769,True,0.01102,0.00436,0.67,2.528,1.0
111,01131,普通科目師資教育細學類,總計,90,24,4264.0,915.0,4174.0,891.0,0.02111,True,0.00335,0.00376,-0.04,0.891,1.0
111,01141,專業科目師資教育細學類,總計,540,78,7512.0,1676.0,6972.0,1598.0,0.07188,True,0.0201,0.00628,1.38,3.201,1.0
111,01199,其他教育細學類,總計,14,3,1022.0,181.0,1008.0,178.0,0.0137,True,0.00052,0.00091,-0.04,0.571,1.0
111,02111,視覺藝術細學類,總計,121,27,6475.0,1327.0,6354.0,1300.0,0.01869,True,0.0045,0.00572,-0.12,0.787,1.0
111,02112,視覺傳達設計細學類,總計,416,84,23138.0,5866.0,22722.0,5782.0,0.01798,True,0.01549,0.02047,-0.5,0.757,1.0
111,02121,應用藝術細學類,總計,30,11,1804.0,525.0,1774.0,514.0,0.01663,True,0.00112,0.0016,-0.05,0.7,1.0
111,02122,綜合設計細學類,總計,351,86,12938.0,3508.0,12587.0,3422.0,0.02713,True,0.01307,0.01134,0.17,1.153,1.0
111,02123,產品設計細學類,總計,157,23,8739.0,2290.0,8582.0,2267.0,0.01797,True,0.00585,0.00773,-0.19,0.757,1.0
111,02124,空間設計細學類,總計,97,18,5464.0,1352.0,5367.0,1334.0,0.01775,True,0.00361,0.00483,-0.12,0.747,1.0
111,02125,時尚設計與管理細學類,總計,81,11,4235.0,954.0,4154.0,943.0,0.01913,True,0.00302,0.00374,-0.07,0.807,1.0
111,02131,純藝術細學類,總計,86,16,6532.0,1423.0,6446.0,1407.0,0.01317,True,0.0032,0.00581,-0.26,0.551,1.0
111,02132,雕塑細學類,總計,3,0,196.0,39.0,193.0,39.0,0.01531,True,0.00011,0.00017,-0.01,0.647,1.0
111,02141,美術工藝細學類,總計,141,13,1060.0,246.0,919.0,233.0,0.13302,True,0.00525,0.00083,0.44,6.325,1.0
111,02151,音樂細學類,總計,366,49,9051.0,1890.0,8685.0,1841.0,0.04044,True,0.01363,0.00782,0.58,1.743,1.0
111,02152,表演藝術細學類,總計,443,60,7430.0,1313.0,6987.0,1253.0,0.05962,True,0.01649,0.00629,1.02,2.622,1.0
111,02191,綜合藝術細學類,總計,48,8,1939.0,356.0,1891.0,348.0,0.02476,True,0.00179,0.0017,0.01,1.053,1.0
111,02192,藝術行政細學類,總計,13,1,871.0,154.0,858.0,153.0,0.01493,True,0.00048,0.00077,-0.03,0.623,1.0
111,02199,其他藝術細學類,總計,102,13,1375.0,266.0,1273.0,253.0,0.07418,True,0.0038,0.00115,0.26,3.304,1.0
111,02211,宗教細學類,總計,50,8,1377.0,266.0,1327.0,258.0,0.03631,True,0.00186,0.0012,0.07,1.55,1.0
111,02221,歷史細學類,總計,79,10,5232.0,1100.0,5153.0,1090.0,0.0151,True,0.00294,0.00464,-0.17,0.634,1.0
111,02222,人類學及民族學細學類,總計,165,24,810.0,128.0,645.0,104.0,0.2037,True,0.00614,0.00058,0.56,10.586,1.0
111,02231,哲學細學類,總計,23,3,2294.0,406.0,2271.0,403.0,0.01003,True,0.00086,0.00205,-0.12,0.42,1.0
111,02299,其他人文細學類,總計,244,47,4205.0,789.0,3961.0,742.0,0.05803,True,0.00908,0.00357,0.55,2.543,1.0
111,02311,外國語文細學類,總計,935,168,55079.0,13525.0,54144.0,13357.0,0.01698,True,0.03481,0.04877,-1.4,0.714,1.0
111,02312,翻譯細學類,總計,4,4,751.0,200.0,747.0,196.0,0.00533,True,0.00015,0.00067,-0.05,0.224,1.0
111,02313,華語文為第二語言細學類,總計,4,1,840.0,179.0,836.0,178.0,0.00476,True,0.00015,0.00075,-0.06,0.2,1.0
111,02321,臺灣語文細學類,總計,300,16,2073.0,323.0,1773.0,307.0,0.14472,True,0.01117,0.0016,0.96,6.981,1.0
111,02322,中國語文細學類,總計,135,35,12878.0,2716.0,12743.0,2681.0,0.01048,True,0.00503,0.01148,-0.65,0.438,1.0
111,02323,華語文細學類,總計,32,6,2359.0,545.0,2327.0,539.0,0.01357,True,0.00119,0.0021,-0.09,0.567,1.0
111,02399,其他語文細學類,總計,13,0,360.0,76.0,347.0,76.0,0.03611,True,0.00048,0.00031,0.02,1.548,1.0
111,03111,經濟學細學類,總計,104,10,10537.0,2615.0,10433.0,2605.0,0.00987,True,0.00387,0.0094,-0.55,0.412,1.0
111,03121,政治學細學類,總計,54,8,3940.0,807.0,3886.0,799.0,0.01371,True,0.00201,0.0035,-0.15,0.574,1.0
111,03122,國際關係細學類,總計,23,1,1921.0,373.0,1898.0,372.0,0.01197,True,0.00086,0.00171,-0.08,0.503,1.0
111,03131,心理學細學類,總計,235,45,11014.0,2337.0,10779.0,2292.0,0.02134,True,0.00875,0.00971,-0.1,0.901,1.0
111,03141,社會學細學類,總計,395,60,5086.0,1088.0,4691.0,1028.0,0.07766,True,0.01471,0.00423,1.05,3.478,1.0
111,03142,地理學細學類,總計,42,7,1417.0,321.0,1375.0,314.0,0.02964,True,0.00156,0.00124,0.03,1.258,1.0
111,03143,區域研究細學類,總計,74,0,2783.0,560.0,2709.0,560.0,0.02659,True,0.00276,0.00244,0.03,1.131,1.0
111,03191,發展研究細學類,總計,27,6,1574.0,301.0,1547.0,295.0,0.01715,True,0.00101,0.00139,-0.04,0.727,1.0
111,03199,其他社會及行為科學細學類,總計,146,48,1946.0,449.0,1800.0,401.0,0.07503,True,0.00544,0.00162,0.38,3.358,1.0
111,03211,大眾傳播細學類,總計,274,39,6484.0,1402.0,6210.0,1363.0,0.04226,True,0.0102,0.00559,0.46,1.825,1.0
111,03212,新聞細學類,總計,35,9,1706.0,448.0,1671.0,439.0,0.02052,True,0.0013,0.00151,-0.02,0.861,1.0
111,03213,電子媒體細學類,總計,41,9,1913.0,481.0,1872.0,472.0,0.02143,True,0.00153,0.00169,-0.02,0.905,1.0
111,03214,傳播細學類,總計,83,17,4482.0,1143.0,4399.0,1126.0,0.01852,True,0.00309,0.00396,-0.09,0.78,1.0
111,03222,圖書資訊檔案細學類,總計,2,0,1385.0,326.0,1383.0,326.0,0.00144,True,7e-05,0.00125,-0.12,0.056,1.0
111,04111,會計及稅務細學類,總計,172,28,17662.0,4734.0,17490.0,4706.0,0.00974,True,0.0064,0.01575,-0.94,0.406,1.0
111,04121,財務金融細學類,總計,349,69,29539.0,7620.0,29190.0,7551.0,0.01181,True,0.01299,0.02629,-1.33,0.494,1.0
111,04122,財政細學類,總計,70,11,3416.0,952.0,3346.0,941.0,0.02049,True,0.00261,0.00301,-0.04,0.867,1.0
111,04123,保險及風險管理細學類,總計,47,6,4372.0,1100.0,4325.0,1094.0,0.01075,True,0.00175,0.0039,-0.22,0.449,1.0
111,04131,企業管理細學類,總計,1275,368,67485.0,19686.0,66210.0,19318.0,0.01889,True,0.04747,0.05964,-1.22,0.796,1.0
111,04132,流通及供應鏈細學類,總計,251,124,10750.0,3270.0,10499.0,3146.0,0.02335,True,0.00934,0.00946,-0.01,0.987,1.0
111,04133,醫療管理細學類,總計,154,42,6106.0,1713.0,5952.0,1671.0,0.02522,True,0.00573,0.00536,0.04,1.069,1.0
111,04134,公共行政細學類,總計,299,105,7621.0,1954.0,7322.0,1849.0,0.03923,True,0.01113,0.0066,0.45,1.686,1.0
111,04141,國際貿易細學類,總計,124,19,12587.0,3185.0,12463.0,3166.0,0.00985,True,0.00462,0.01123,-0.66,0.411,1.0
111,04142,公共關係細學類,總計,1,2,75.0,23.0,74.0,21.0,0.01333,True,4e-05,7e-05,-0.0,0.571,1.0
111,04143,行銷及廣告細學類,總計,238,73,10377.0,3158.0,10139.0,3085.0,0.02294,True,0.00886,0.00913,-0.03,0.97,1.0
111,04161,批發及零售細學類,總計,1,0,121.0,26.0,120.0,26.0,0.00826,True,4e-05,0.00011,-0.01,0.364,1.0
111,04191,一般商業細學類,總計,172,122,3445.0,1159.0,3273.0,1037.0,0.04993,True,0.0064,0.00295,0.34,2.169,1.0
111,04199,其他商業及管理細學類,總計,294,57,18050.0,5281.0,17756.0,5224.0,0.01629,True,0.01095,0.01599,-0.5,0.685,1.0
111,04211,一般法律細學類,總計,453,51,13201.0,2716.0,12748.0,2665.0,0.03432,True,0.01687,0.01148,0.54,1.47,1.0
111,04212,專業法律細學類,總計,105,10,6787.0,1479.0,6682.0,1469.0,0.01547,True,0.00391,0.00602,-0.21,0.65,1.0
111,05111,生物學細學類,總計,36,8,4821.0,1035.0,4785.0,1027.0,0.00747,True,0.00134,0.00431,-0.3,0.311,1.0
111,05121,生物科技細學類,總計,69,29,8776.0,2202.0,8707.0,2173.0,0.00786,True,0.00257,0.00784,-0.53,0.328,1.0
111,05122,微生物細學類,總計,2,0,353.0,99.0,351.0,99.0,0.00567,True,7e-05,0.00032,-0.02,0.219,1.0
111,05123,生物化學細學類,總計,1,0,800.0,206.0,799.0,206.0,0.00125,True,4e-05,0.00072,-0.07,0.056,1.0
111,05124,生物訊息及遺傳細學類,總計,2,0,222.0,94.0,220.0,94.0,0.00901,True,7e-05,0.0002,-0.01,0.35,1.0
111,05191,營養細學類,總計,106,24,6919.0,1865.0,6813.0,1841.0,0.01532,True,0.00395,0.00614,-0.22,0.643,1.0
111,05199,其他生命科學細學類,總計,2,0,494.0,91.0,492.0,91.0,0.00405,True,7e-05,0.00044,-0.04,0.159,1.0
111,05211,環境資源細學類,總計,26,8,1463.0,356.0,1437.0,348.0,0.01777,True,0.00097,0.00129,-0.03,0.752,1.0
111,05212,生態細學類,總計,12,1,464.0,90.0,452.0,89.0,0.02586,True,0.00045,0.00041,0.0,1.098,1.0
111,05291,環境防災細學類,總計,1,0,17.0,12.0,16.0,12.0,0.05882,True,4e-05,1e-05,0.0,4.0,1.0
111,05292,水土保持細學類,總計,5,1,594.0,154.0,589.0,153.0,0.00842,True,0.00019,0.00053,-0.03,0.358,1.0
111,05311,化學細學類,總計,45,8,9205.0,2292.0,9160.0,2284.0,0.00489,True,0.00168,0.00825,-0.66,0.204,1.0
111,05321,地球科學及環境細學類,總計,8,2,1827.0,379.0,1819.0,377.0,0.00438,True,0.0003,0.00164,-0.13,0.183,1.0
111,05322,大氣及太空科學細學類,總計,9,0,770.0,180.0,761.0,180.0,0.01169,True,0.00034,0.00069,-0.03,0.493,1.0
111,05323,海洋科學細學類,總計,1,1,889.0,202.0,888.0,201.0,0.00112,True,4e-05,0.0008,-0.08,0.05,1.0
111,05331,物理及應用物理細學類,總計,22,2,7164.0,1586.0,7142.0,1584.0,0.00307,True,0.00082,0.00643,-0.56,0.128,1.0
111,05332,天文細學類,總計,0,1,92.0,20.0,92.0,19.0,0.0,True,0.0,8e-05,-0.01,0.0,1.0
111,05399,其他物理、化學及地球科學細學類,總計,13,0,1722.0,379.0,1709.0,379.0,0.00755,True,0.00048,0.00154,-0.11,0.312,1.0
111,05411,數學細學類,總計,46,3,7823.0,1762.0,7777.0,1759.0,0.00588,True,0.00171,0.00701,-0.53,0.244,1.0
111,05421,統計細學類,總計,13,0,3930.0,1027.0,3917.0,1027.0,0.00331,True,0.00048,0.00353,-0.3,0.136,1.0
111,05499,其他數學及統計細學類,總計,3,0,850.0,207.0,847.0,207.0,0.00353,True,0.00011,0.00076,-0.06,0.145,1.0
111,06111,電腦運用細學類,總計,26,5,2351.0,591.0,2325.0,586.0,0.01106,True,0.00097,0.00209,-0.11,0.464,1.0
111,06121,資料庫、網路設計及管理細學類,總計,23,8,1837.0,575.0,1814.0,567.0,0.01252,True,0.00086,0.00163,-0.08,0.528,1.0
111,06131,資訊技術細學類,總計,614,109,65684.0,16209.0,65070.0,16100.0,0.00935,True,0.02286,0.05861,-3.58,0.39,1.0
111,06132,軟體開發細學類,總計,57,5,5316.0,1099.0,5259.0,1094.0,0.01072,True,0.00212,0.00474,-0.26,0.447,1.0
111,06133,系統設計細學類,總計,29,1,2320.0,492.0,2291.0,491.0,0.0125,True,0.00108,0.00206,-0.1,0.524,1.0
111,06134,電算機應用細學類,總計,36,8,4406.0,1128.0,4370.0,1120.0,0.00817,True,0.00134,0.00394,-0.26,0.34,1.0
111,06199,其他資訊通訊科技細學類,總計,14,1,1169.0,276.0,1155.0,275.0,0.01198,True,0.00052,0.00104,-0.05,0.5,1.0
111,07111,化學工程細學類,總計,56,11,14564.0,3972.0,14508.0,3961.0,0.00385,True,0.00208,0.01307,-1.1,0.159,1.0
111,07112,材料工程細學類,總計,39,8,9174.0,2242.0,9135.0,2234.0,0.00425,True,0.00145,0.00823,-0.68,0.176,1.0
111,07121,環境工程細學類,總計,92,18,9172.0,2295.0,9080.0,2277.0,0.01003,True,0.00343,0.00818,-0.48,0.419,1.0
111,07122,河海工程細學類,總計,18,1,1997.0,483.0,1979.0,482.0,0.00901,True,0.00067,0.00178,-0.11,0.376,1.0
111,07132,能源工程細學類,總計,30,4,2845.0,818.0,2815.0,814.0,0.01054,True,0.00112,0.00254,-0.14,0.441,1.0
111,07141,電機與電子工程細學類,總計,615,93,81898.0,20026.0,81283.0,19933.0,0.00751,True,0.0229,0.07322,-5.03,0.313,1.0
111,07151,機械工程細學類,總計,482,90,47208.0,11959.0,46726.0,11869.0,0.01021,True,0.01794,0.04209,-2.42,0.426,1.0
111,07161,車輛工程細學類,總計,84,11,3222.0,580.0,3138.0,569.0,0.02607,True,0.00313,0.00283,0.03,1.106,1.0
111,07162,航空工程細學類,總計,61,14,4181.0,1069.0,4120.0,1055.0,0.01459,True,0.00227,0.00371,-0.14,0.612,1.0
111,07163,造船工程細學類,總計,19,6,2114.0,543.0,2095.0,537.0,0.00899,True,0.00071,0.00189,-0.12,0.376,1.0
111,07191,工業工程細學類,總計,105,43,13116.0,3909.0,13011.0,3866.0,0.00801,True,0.00391,0.01172,-0.78,0.334,1.0
111,07192,紡織工程細學類,總計,4,1,812.0,265.0,808.0,264.0,0.00493,True,0.00015,0.00073,-0.06,0.205,1.0
111,07193,生醫工程細學類,總計,29,4,4182.0,1013.0,4153.0,1009.0,0.00693,True,0.00108,0.00374,-0.27,0.289,1.0
111,07194,綜合工程細學類,總計,5,2,1648.0,321.0,1643.0,319.0,0.00303,True,0.00019,0.00148,-0.13,0.128,1.0
111,07199,其他工程及工程業細學類,總計,8,1,2732.0,222.0,2724.0,221.0,0.00293,True,0.0003,0.00245,-0.22,0.122,1.0
111,07211,食品科學細學類,總計,103,34,8093.0,2254.0,7990.0,2220.0,0.01273,True,0.00383,0.0072,-0.34,0.532,1.0
111,07241,採礦及提煉細學類,總計,1,0,321.0,84.0,320.0,84.0,0.00312,True,4e-05,0.00029,-0.02,0.138,1.0
111,07311,建築細學類,總計,114,24,8919.0,1743.0,8805.0,1719.0,0.01278,True,0.00424,0.00793,-0.37,0.535,1.0
111,07312,景觀設計細學類,總計,33,8,2306.0,569.0,2273.0,561.0,0.01431,True,0.00123,0.00205,-0.08,0.6,1.0
111,07313,都巿規劃細學類,總計,18,0,1802.0,413.0,1784.0,413.0,0.00999,True,0.00067,0.00161,-0.09,0.416,1.0
111,07321,土木工程細學類,總計,430,84,16335.0,4079.0,15905.0,3995.0,0.02632,True,0.01601,0.01433,0.17,1.117,1.0
111,07322,空間資訊及測繪細學類,總計,5,0,388.0,107.0,383.0,107.0,0.01289,True,0.00019,0.00035,-0.02,0.543,1.0
111,08111,農作物生產細學類,總計,32,4,1849.0,399.0,1817.0,395.0,0.01731,True,0.00119,0.00164,-0.04,0.726,1.0
111,08112,畜牧生產細學類,總計,24,2,2220.0,511.0,2196.0,509.0,0.01081,True,0.00089,0.00198,-0.11,0.449,1.0
111,08121,園藝細學類,總計,29,14,1591.0,389.0,1562.0,375.0,0.01823,True,0.00108,0.00141,-0.03,0.766,1.0
111,08192,農業生物技術細學類,總計,0,3,205.0,87.0,205.0,84.0,0.0,True,0.0,0.00018,-0.02,0.0,1.0
111,08193,農業經濟及推廣細學類,總計,32,4,1579.0,380.0,1547.0,376.0,0.02027,True,0.00119,0.00139,-0.02,0.856,1.0
111,08194,植物保護細學類,總計,8,3,889.0,213.0,881.0,210.0,0.009,True,0.0003,0.00079,-0.05,0.38,1.0
111,08199,其他農業細學類,總計,93,9,1374.0,258.0,1281.0,249.0,0.06769,True,0.00346,0.00115,0.23,3.009,1.0
111,08211,林業細學類,總計,48,9,2274.0,463.0,2226.0,454.0,0.02111,True,0.00179,0.00201,-0.02,0.891,1.0
111,08311,漁業科學細學類,總計,3,2,645.0,168.0,642.0,166.0,0.00465,True,0.00011,0.00058,-0.05,0.19,1.0
111,08312,水產養殖細學類,總計,21,1,1756.0,379.0,1735.0,378.0,0.01196,True,0.00078,0.00156,-0.08,0.5,1.0
111,08411,獸醫細學類,總計,28,7,2091.0,472.0,2063.0,465.0,0.01339,True,0.00104,0.00186,-0.08,0.559,1.0
111,09111,牙醫細學類,總計,163,16,6105.0,1169.0,5942.0,1153.0,0.0267,True,0.00607,0.00535,0.07,1.135,1.0
111,09121,醫學細學類,總計,174,17,12950.0,2352.0,12776.0,2335.0,0.01344,True,0.00648,0.01151,-0.5,0.563,1.0
111,09131,護理及助產細學類,總計,3297,604,57675.0,14632.0,54378.0,14028.0,0.05717,True,0.12275,0.04898,7.38,2.506,1.0
111,09141,醫學技術及檢驗細學類,總計,302,55,13515.0,3362.0,13213.0,3307.0,0.02235,True,0.01124,0.0119,-0.07,0.945,1.0
111,09151,物理治療細學類,總計,182,26,5115.0,1060.0,4933.0,1034.0,0.03558,True,0.00678,0.00444,0.23,1.527,1.0
111,09152,職能治療細學類,總計,66,14,2268.0,514.0,2202.0,500.0,0.0291,True,0.00246,0.00198,0.05,1.242,1.0
111,09153,語言治療與聽力細學類,總計,18,3,1476.0,319.0,1458.0,316.0,0.0122,True,0.00067,0.00131,-0.06,0.511,1.0
111,09159,其他治療及復健細學類,總計,51,3,1659.0,318.0,1608.0,315.0,0.03074,True,0.0019,0.00145,0.05,1.31,1.0
111,09161,藥學細學類,總計,111,17,7739.0,1425.0,7628.0,1408.0,0.01434,True,0.00413,0.00687,-0.27,0.601,1.0
111,09171,傳統醫學、輔助醫學及治療細學類,總計,9,7,1177.0,378.0,1168.0,371.0,0.00765,True,0.00034,0.00105,-0.07,0.324,1.0
111,09191,公共衛生細學類,總計,163,39,4699.0,1131.0,4536.0,1092.0,0.03469,True,0.00607,0.00409,0.2,1.484,1.0
111,09199,其他醫藥衛生細學類,總計,32,4,2225.0,456.0,2193.0,452.0,0.01438,True,0.00119,0.00198,-0.08,0.601,1.0
111,09211,老年照顧服務細學類,總計,330,51,5915.0,1580.0,5585.0,1529.0,0.05579,True,0.01229,0.00503,0.73,2.443,1.0
111,09212,失能者照顧細學類,總計,1,1,167.0,42.0,166.0,41.0,0.00599,True,4e-05,0.00015,-0.01,0.267,1.0
111,09221,兒童及青少年照顧服務細學類,總計,715,139,12513.0,3658.0,11798.0,3519.0,0.05714,True,0.02662,0.01063,1.6,2.504,1.0
111,09231,社會工作細學類,總計,1149,276,11008.0,2717.0,9859.0,2441.0,0.10438,True,0.04278,0.00888,3.39,4.818,1.0
111,09299,其他社會福利細學類,總計,61,6,872.0,174.0,811.0,168.0,0.06995,True,0.00227,0.00073,0.15,3.11,1.0
111,10111,家政服務細學類,總計,15,3,890.0,224.0,875.0,221.0,0.01685,True,0.00056,0.00079,-0.02,0.709,1.0
111,10121,美髮美容服務細學類,總計,437,96,13463.0,3486.0,13026.0,3390.0,0.03246,True,0.01627,0.01173,0.45,1.387,1.0
111,10131,旅館及餐飲細學類,總計,902,193,34429.0,9741.0,33527.0,9548.0,0.0262,True,0.03358,0.0302,0.34,1.112,1.0
111,10141,競技運動細學類,總計,962,168,6118.0,1248.0,5156.0,1080.0,0.15724,True,0.03582,0.00464,3.12,7.72,1.0
111,10142,運動科技細學類,總計,59,6,1450.0,316.0,1391.0,310.0,0.04069,True,0.0022,0.00125,0.1,1.76,1.0
111,10151,旅遊觀光細學類,總計,751,165,23817.0,6956.0,23066.0,6791.0,0.03153,True,0.02796,0.02078,0.72,1.346,1.0
111,10152,遊憩、運動和休閒管理細學類,總計,1094,245,17495.0,4757.0,16401.0,4512.0,0.06253,True,0.04073,0.01477,2.6,2.758,1.0
111,10199,其他餐旅及民生服務細學類,總計,148,56,2885.0,578.0,2737.0,522.0,0.0513,True,0.00551,0.00247,0.3,2.231,1.0
111,10221,職業衛生及安全細學類,總計,45,6,1572.0,462.0,1527.0,456.0,0.02863,True,0.00168,0.00138,0.03,1.217,1.0
111,10321,警政細學類,總計,36,14,1006.0,363.0,970.0,349.0,0.03579,True,0.00134,0.00087,0.05,1.54,1.0
111,10411,運輸管理細學類,總計,14,3,2381.0,660.0,2367.0,657.0,0.00588,True,0.00052,0.00213,-0.16,0.244,1.0
111,10412,航運管理細學類,總計,56,7,2626.0,662.0,2570.0,655.0,0.02133,True,0.00208,0.00232,-0.02,0.897,1.0
111,10413,空運管理細學類,總計,33,7,1185.0,386.0,1152.0,379.0,0.02785,True,0.00123,0.00104,0.02,1.183,1.0
111,10414,航海細學類,總計,47,11,1657.0,362.0,1610.0,351.0,0.02836,True,0.00175,0.00145,0.03,1.207,1.0
111,10499,其他運輸服務細學類,總計,7,3,430.0,142.0,423.0,139.0,0.01628,True,0.00026,0.00038,-0.01,0.684,1.0
111,99999,其他細學類,總計,993,0,2230.0,177.0,1237.0,177.0,0.44529,False,,,,,1.0
112,01111,綜合教育細學類,二專,0,0,,,,,,True,0.0,,,,1.0
112,01112,成人教育細學類,二專,0,0,,,,,,True,0.0,,,,1.0
112,01113,特殊教育細學類,二專,0,0,,,,,,True,0.0,,,,1.0
112,01114,教育行政細學類,二專,0,0,,,,,,True,0.0,,,,1.0
112,01115,課程與教學細學類,二專,0,0,,,,,,True,0.0,,,,1.0
112,01116,教育科技細學類,二專,0,0,,,,,,True,0.0,,,,1.0
112,01118,技職教育細學類,二專,0,0,,,,,,True,0.0,,,,1.0
112,01121,幼兒師資教育細學類,二專,2,0,67.0,27.0,65.0,27.0,0.02985,True,0.00294,0.01006,-0.71,0.292,1.0
112,01131,普通科目師資教育細學類,二專,0,0,,,,,,True,0.0,,,,1.0
112,01141,專業科目師資教育細學類,二專,0,0,,,,,,True,0.0,,,,1.0
112,01199,其他教育細學類,二專,0,0,,,,,,True,0.0,,,,1.0
112,02111,視覺藝術細學類,二專,0,0,,,,,,True,0.0,,,,1.0
112,02112,視覺傳達設計細學類,二專,0,0,,,,,,True,0.0,,,,1.0
112,02121,應用藝術細學類,二專,0,0,0.0,1.0,0.0,1.0,,True,0.0,0.0,0.0,,1.0
112,02122,綜合設計細學類,二專,1,0,75.0,30.0,74.0,30.0,0.01333,True,0.00147,0.01145,-1.0,0.128,1.0
112,02123,產品設計細學類,二專,0,0,,,,,,True,0.0,,,,1.0
112,02124,空間設計細學類,二專,1,0,26.0,11.0,25.0,11.0,0.03846,True,0.00147,0.00387,-0.24,0.38,1.0
112,02125,時尚設計與管理細學類,二專,0,0,,,,,,True,0.0,,,,1.0
112,02131,純藝術細學類,二專,0,0,,,,,,True,0.0,,,,1.0
112,02132,雕塑細學類,二專,0,0,,,,,,True,0.0,,,,1.0
112,02141,美術工藝細學類,二專,5,2,49.0,25.0,44.0,23.0,0.10204,True,0.00735,0.00681,0.05,1.079,1.0
112,02151,音樂細學類,二專,0,0,,,,,,True,0.0,,,,1.0
112,02152,表演藝術細學類,二專,0,0,,,,,,True,0.0,,,,1.0
112,02191,綜合藝術細學類,二專,0,0,,,,,,True,0.0,,,,1.0
112,02192,藝術行政細學類,二專,0,0,,,,,,True,0.0,,,,1.0
112,02199,其他藝術細學類,二專,0,0,,,,,,True,0.0,,,,1.0
112,02211,宗教細學類,二專,0,0,,,,,,True,0.0,,,,1.0
112,02221,歷史細學類,二專,0,0,,,,,,True,0.0,,,,1.0
112,02222,人類學及民族學細學類,二專,0,0,,,,,,True,0.0,,,,1.0
112,02231,哲學細學類,二專,0,0,,,,,,True,0.0,,,,1.0
112,02299,其他人文細學類,二專,0,0,,,,,,True,0.0,,,,1.0
112,02311,外國語文細學類,二專,13,3,265.0,130.0,252.0,127.0,0.04906,True,0.01912,0.03899,-1.99,0.49,1.0
112,02312,翻譯細學類,二專,0,0,,,,,,True,0.0,,,,1.0
112,02313,華語文為第二語言細學類,二專,0,0,,,,,,True,0.0,,,,1.0
112,02321,臺灣語文細學類,二專,0,0,,,,,,True,0.0,,,,1.0
112,02322,中國語文細學類,二專,0,0,,,,,,True,0.0,,,,1.0
112,02323,華語文細學類,二專,0,0,,,,,,True,0.0,,,,1.0
112,02399,其他語文細學類,二專,0,0,,,,,,True,0.0,,,,1.0
112,03111,經濟學細學類,二專,0,0,,,,,,True,0.0,,,,1.0
112,03121,政治學細學類,二專,0,0,,,,,,True,0.0,,,,1.0
112,03122,國際關係細學類,二專,0,0,,,,,,True,0.0,,,,1.0
112,03131,心理學細學類,二專,0,0,,,,,,True,0.0,,,,1.0
112,03141,社會學細學類,二專,0,0,,,,,,True,0.0,,,,1.0
112,03142,地理學細學類,二專,0,0,,,,,,True,0.0,,,,1.0
112,03143,區域研究細學類,二專,0,0,,,,,,True,0.0,,,,1.0
112,03191,發展研究細學類,二專,0,0,,,,,,True,0.0,,,,1.0
112,03199,其他社會及行為科學細學類,二專,0,0,,,,,,True,0.0,,,,1.0
112,03211,大眾傳播細學類,二專,0,0,,,,,,True,0.0,,,,1.0
112,03212,新聞細學類,二專,0,0,,,,,,True,0.0,,,,1.0
112,03213,電子媒體細學類,二專,0,0,,,,,,True,0.0,,,,1.0
112,03214,傳播細學類,二專,0,0,,,,,,True,0.0,,,,1.0
112,03222,圖書資訊檔案細學類,二專,0,0,,,,,,True,0.0,,,,1.0
112,04111,會計及稅務細學類,二專,0,0,,,,,,True,0.0,,,,1.0
112,04121,財務金融細學類,二專,3,0,48.0,14.0,45.0,14.0,0.0625,True,0.00441,0.00696,-0.26,0.634,1.0
112,04122,財政細學類,二專,0,0,,,,,,True,0.0,,,,1.0
112,04123,保險及風險管理細學類,二專,0,0,,,,,,True,0.0,,,,1.0
112,04131,企業管理細學類,二專,95,59,872.0,589.0,777.0,530.0,0.10894,True,0.13971,0.12022,1.95,1.162,1.0
112,04132,流通及供應鏈細學類,二專,2,0,74.0,60.0,72.0,60.0,0.02703,True,0.00294,0.01114,-0.82,0.264,1.0
112,04133,醫療管理細學類,二專,0,3,0.0,11.0,0.0,8.0,,True,0.0,0.0,0.0,,1.0
112,04134,公共行政細學類,二專,29,30,,,,,,True,0.04265,,,,1.0
112,04141,國際貿易細學類,二專,0,0,13.0,2.0,13.0,2.0,0.0,True,0.0,0.00201,-0.2,0.0,1.0
112,04143,行銷及廣告細學類,二專,6,2,195.0,96.0,189.0,94.0,0.03077,True,0.00882,0.02924,-2.04,0.302,1.0
112,04161,批發及零售細學類,二專,0,0,,,,,,True,0.0,,,,1.0
112,04191,一般商業細學類,二專,8,4,326.0,186.0,318.0,182.0,0.02454,True,0.01176,0.0492,-3.74,0.239,1.0
112,04199,其他商業及管理細學類,二專,0,1,35.0,15.0,35.0,14.0,0.0,True,0.0,0.00542,-0.54,0.0,1.0
112,04211,一般法律細學類,二專,0,0,,,,,,True,0.0,,,,1.0
112,04212,專業法律細學類,二專,0,0,,,,,,True,0.0,,,,1.0
112,05111,生物學細學類,二專,0,0,,,,,,True,0.0,,,,1.0
112,05121,生物科技細學類,二專,8,0,36.0,11.0,28.0,11.0,0.22222,True,0.01176,0.00433,0.74,2.716,1.0
112,05122,微生物細學類,二專,0,0,,,,,,True,0.0,,,,1.0
112,05123,生物化學細學類,二專,0,0,,,,,,True,0.0,,,,1.0
112,05124,生物訊息及遺傳細學類,二專,0,0,,,,,,True,0.0,,,,1.0
112,05191,營養細學類,二專,0,0,,,,,,True,0.0,,,,1.0
112,05199,其他生命科學細學類,二專,0,0,,,,,,True,0.0,,,,1.0
112,05211,環境資源細學類,二專,0,0,,,,,,True,0.0,,,,1.0
112,05212,生態細學類,二專,0,0,,,,,,True,0.0,,,,1.0
112,05221,自然環境及野生動物細學類,二專,0,0,,,,,,True,0.0,,,,1.0
112,05291,環境防災細學類,二專,0,0,,,,,,True,0.0,,,,1.0
112,05292,水土保持細學類,二專,0,0,,,,,,True,0.0,,,,1.0
112,05311,化學細學類,二專,0,0,,,,,,True,0.0,,,,1.0
112,05321,地球科學及環境細學類,二專,0,0,,,,,,True,0.0,,,,1.0
112,05322,大氣及太空科學細學類,二專,0,0,,,,,,True,0.0,,,,1.0
112,05323,海洋科學細學類,二專,0,0,,,,,,True,0.0,,,,1.0
112,05331,物理及應用物理細學類,二專,0,0,,,,,,True,0.0,,,,1.0
112,05399,其他物理、化學及地球科學細學類,二專,0,0,,,,,,True,0.0,,,,1.0
112,05411,數學細學類,二專,0,0,,,,,,True,0.0,,,,1.0
112,05421,統計細學類,二專,0,0,,,,,,True,0.0,,,,1.0
112,05499,其他數學及統計細學類,二專,0,0,,,,,,True,0.0,,,,1.0
112,06111,電腦運用細學類,二專,0,1,1.0,1.0,1.0,0.0,0.0,True,0.0,0.00015,-0.02,0.0,1.0
112,06121,資料庫、網路設計及管理細學類,二專,0,0,,,,,,True,0.0,,,,1.0
112,06131,資訊技術細學類,二專,16,1,383.0,131.0,367.0,130.0,0.04178,True,0.02353,0.05678,-3.32,0.414,1.0
112,06132,軟體開發細學類,二專,0,0,,,,,,True,0.0,,,,1.0
112,06133,系統設計細學類,二專,0,0,,,,,,True,0.0,,,,1.0
112,06134,電算機應用細學類,二專,0,0,,,,,,True,0.0,,,,1.0
112,06199,其他資訊通訊科技細學類,二專,0,0,,,,,,True,0.0,,,,1.0
112,07111,化學工程細學類,二專,0,0,,,,,,True,0.0,,,,1.0
112,07112,材料工程細學類,二專,0,0,,,,,,True,0.0,,,,1.0
112,07121,環境工程細學類,二專,0,0,,,,,,True,0.0,,,,1.0
112,07122,河海工程細學類,二專,0,0,,,,,,True,0.0,,,,1.0
112,07132,能源工程細學類,二專,0,0,,,,,,True,0.0,,,,1.0
112,07141,電機與電子工程細學類,二專,11,1,411.0,145.0,400.0,144.0,0.02676,True,0.01618,0.06189,-4.57,0.261,1.0
112,07151,機械工程細學類,二專,7,1,192.0,59.0,185.0,58.0,0.03646,True,0.01029,0.02862,-1.83,0.36,1.0
112,07161,車輛工程細學類,二專,11,2,93.0,35.0,82.0,33.0,0.11828,True,0.01618,0.01269,0.35,1.275,1.0
112,07162,航空工程細學類,二專,0,0,,,,,,True,0.0,,,,1.0
112,07163,造船工程細學類,二專,2,4,66.0,28.0,64.0,24.0,0.0303,True,0.00294,0.0099,-0.7,0.297,1.0
112,07191,工業工程細學類,二專,3,0,111.0,54.0,108.0,54.0,0.02703,True,0.00441,0.01671,-1.23,0.264,1.0
112,07192,紡織工程細學類,二專,0,0,,,,,,True,0.0,,,,1.0
112,07193,生醫工程細學類,二專,0,0,,,,,,True,0.0,,,,1.0
112,07194,綜合工程細學類,二專,0,0,,,,,,True,0.0,,,,1.0
112,07199,其他工程及工程業細學類,二專,0,0,,,,,,True,0.0,,,,1.0
112,07211,食品科學細學類,二專,9,5,52.0,22.0,43.0,17.0,0.17308,True,0.01324,0.00665,0.66,1.991,1.0
112,07241,採礦及提煉細學類,二專,0,0,,,,,,True,0.0,,,,1.0
112,07311,建築細學類,二專,3,0,68.0,36.0,65.0,36.0,0.04412,True,0.00441,0.01006,-0.56,0.438,1.0
112,07312,景觀設計細學類,二專,1,0,42.0,19.0,41.0,19.0,0.02381,True,0.00147,0.00634,-0.49,0.232,1.0
112,07313,都巿規劃細學類,二專,0,0,,,,,,True,0.0,,,,1.0
112,07321,土木工程細學類,二專,3,5,31.0,12.0,28.0,7.0,0.09677,True,0.00441,0.00433,0.01,1.018,1.0
112,07322,空間資訊及測繪細學類,二專,0,0,,,,,,True,0.0,,,,1.0
112,08111,農作物生產細學類,二專,0,0,,,,,,True,0.0,,,,1.0
112,08112,畜牧生產細學類,二專,0,0,,,,,,True,0.0,,,,1.0
112,08121,園藝細學類,二專,8,4,93.0,46.0,85.0,42.0,0.08602,True,0.01176,0.01315,-0.14,0.894,1.0
112,08193,農業經濟及推廣細學類,二專,0,0,,,,,,True,0.0,,,,1.0
112,08194,植物保護細學類,二專,0,0,,,,,,True,0.0,,,,1.0
112,08199,其他農業細學類,二專,0,0,,,,,,True,0.0,,,,1.0
112,08211,林業細學類,二專,0,0,,,,,,True,0.0,,,,1.0
112,08311,漁業科學細學類,二專,0,0,,,,,,True,0.0,,,,1.0
112,08312,水產養殖細學類,二專,0,0,,,,,,True,0.0,,,,1.0
112,08411,獸醫細學類,二專,0,0,,,,,,True,0.0,,,,1.0
112,09111,牙醫細學類,二專,6,5,271.0,113.0,265.0,108.0,0.02214,True,0.00882,0.041,-3.22,0.215,1.0
112,09121,醫學細學類,二專,0,0,,,,,,True,0.0,,,,1.0
112,09131,護理及助產細學類,二專,1,3,2.0,9.0,1.0,6.0,0.5,True,0.00147,0.00015,0.13,9.8,1.0
112,09141,醫學技術及檢驗細學類,二專,7,2,435.0,63.0,428.0,61.0,0.01609,True,0.01029,0.06622,-5.59,0.155,1.0
112,09151,物理治療細學類,二專,3,0,298.0,62.0,295.0,62.0,0.01007,True,0.00441,0.04564,-4.12,0.097,1.0
112,09152,職能治療細學類,二專,0,0,,,,,,True,0.0,,,,1.0
112,09153,語言治療與聽力細學類,二專,0,0,,,,,,True,0.0,,,,1.0
112,09159,其他治療及復健細學類,二專,0,0,,,,,,True,0.0,,,,1.0
112,09161,藥學細學類,二專,0,0,,,,,,True,0.0,,,,1.0
112,09171,傳統醫學、輔助醫學及治療細學類,二專,4,1,221.0,135.0,217.0,134.0,0.0181,True,0.00588,0.03358,-2.77,0.175,1.0
112,09191,公共衛生細學類,二專,0,0,,,,,,True,0.0,,,,1.0
112,09199,其他醫藥衛生細學類,二專,0,0,,,,,,True,0.0,,,,1.0
112,09211,老年照顧服務細學類,二專,28,13,371.0,150.0,343.0,137.0,0.07547,True,0.04118,0.05307,-1.19,0.776,1.0
112,09212,失能者照顧細學類,二專,0,0,,,,,,True,0.0,,,,1.0
112,09221,兒童及青少年照顧服務細學類,二專,22,13,370.0,226.0,348.0,213.0,0.05946,True,0.03235,0.05384,-2.15,0.601,1.0
112,09231,社會工作細學類,二專,263,52,,,,,,True,0.38676,,,,1.0
112,09299,其他社會福利細學類,二專,2,1,36.0,31.0,34.0,30.0,0.05556,True,0.00294,0.00526,-0.23,0.559,1.0
112,10111,家政服務細學類,二專,0,0,,,,,,True,0.0,,,,1.0
112,10121,美髮美容服務細學類,二專,9,5,364.0,158.0,355.0,153.0,0.02473,True,0.01324,0.05493,-4.17,0.241,1.0
112,10131,旅館及餐飲細學類,二專,12,6,229.0,138.0,217.0,132.0,0.0524,True,0.01765,0.03358,-1.59,0.526,1.0
112,10141,競技運動細學類,二專,0,0,,,,,,True,0.0,,,,1.0
112,10142,運動科技細學類,二專,0,0,,,,,,True,0.0,,,,1.0
112,10151,旅遊觀光細學類,二專,17,9,196.0,89.0,179.0,80.0,0.08673,True,0.025,0.0277,-0.27,0.903,1.0
112,10152,遊憩、運動和休閒管理細學類,二專,42,18,302.0,149.0,260.0,131.0,0.13907,True,0.06176,0.04023,2.15,1.535,1.0
112,10199,其他餐旅及民生服務細學類,二專,13,1,39.0,25.0,26.0,24.0,0.33333,True,0.01912,0.00402,1.51,4.756,1.0
112,10221,職業衛生及安全細學類,二專,0,0,,,,,,True,0.0,,,,1.0
112,10321,警政細學類,二專,0,0,,,,,,True,0.0,,,,1.0
112,10411,運輸管理細學類,二專,0,0,,,,,,True,0.0,,,,1.0
112,10412,航運管理細學類,二專,0,0,,,,,,True,0.0,,,,1.0
112,10413,空運管理細學類,二專,0,0,,,,,,True,0.0,,,,1.0
112,10414,航海細學類,二專,4,2,93.0,22.0,89.0,20.0,0.04301,True,0.00588,0.01377,-0.79,0.427,1.0
112,10499,其他運輸服務細學類,二專,0,0,,,,,,True,0.0,,,,1.0
112,99999,其他細學類,二專,0,0,,,,,,False,,,,,1.0
112,01111,綜合教育細學類,五專,0,0,,,,,,True,0.0,,,,1.0
112,01112,成人教育細學類,五專,0,0,,,,,,True,0.0,,,,1.0
112,01113,特殊教育細學類,五專,0,0,,,,,,True,0.0,,,,1.0
112,01114,教育行政細學類,五專,0,0,,,,,,True,0.0,,,,1.0
112,01115,課程與教學細學類,五專,0,0,,,,,,True,0.0,,,,1.0
112,01116,教育科技細學類,五專,0,0,,,,,,True,0.0,,,,1.0
112,01118,技職教育細學類,五專,0,0,,,,,,True,0.0,,,,1.0
112,01121,幼兒師資教育細學類,五專,0,0,,,,,,True,0.0,,,,1.0
112,01131,普通科目師資教育細學類,五專,0,0,,,,,,True,0.0,,,,1.0
112,01141,專業科目師資教育細學類,五專,0,0,,,,,,True,0.0,,,,1.0
112,01199,其他教育細學類,五專,0,0,,,,,,True,0.0,,,,1.0
112,02111,視覺藝術細學類,五專,0,0,269.0,43.0,269.0,43.0,0.0,True,0.0,0.00406,-0.41,0.0,1.0
112,02112,視覺傳達設計細學類,五專,6,0,122.0,50.0,116.0,50.0,0.04918,True,0.00165,0.00175,-0.01,0.943,1.0
112,02121,應用藝術細學類,五專,0,0,,,,,,True,0.0,,,,1.0
112,02122,綜合設計細學類,五專,0,0,167.0,10.0,167.0,10.0,0.0,True,0.0,0.00252,-0.25,0.0,1.0
112,02123,產品設計細學類,五專,3,1,230.0,46.0,227.0,45.0,0.01304,True,0.00082,0.00343,-0.26,0.239,1.0
112,02124,空間設計細學類,五專,1,0,70.0,27.0,69.0,27.0,0.01429,True,0.00027,0.00104,-0.08,0.26,1.0
112,02125,時尚設計與管理細學類,五專,0,0,,,,,,True,0.0,,,,1.0
112,02131,純藝術細學類,五專,6,0,453.0,0.0,447.0,0.0,0.01325,True,0.00165,0.00675,-0.51,0.244,1.0
112,02132,雕塑細學類,五專,0,0,,,,,,True,0.0,,,,1.0
112,02141,美術工藝細學類,五專,1,1,40.0,10.0,39.0,9.0,0.025,True,0.00027,0.00059,-0.03,0.458,1.0
112,02151,音樂細學類,五專,6,0,382.0,0.0,376.0,0.0,0.01571,True,0.00165,0.00567,-0.4,0.291,1.0
112,02152,表演藝術細學類,五專,7,0,261.0,0.0,254.0,0.0,0.02682,True,0.00192,0.00383,-0.19,0.501,1.0
112,02191,綜合藝術細學類,五專,0,0,,,,,,True,0.0,,,,1.0
112,02192,藝術行政細學類,五專,0,0,,,,,,True,0.0,,,,1.0
112,02199,其他藝術細學類,五專,0,0,,,,,,True,0.0,,,,1.0
112,02211,宗教細學類,五專,0,0,,,,,,True,0.0,,,,1.0
112,02221,歷史細學類,五專,0,0,,,,,,True,0.0,,,,1.0
112,02222,人類學及民族學細學類,五專,0,0,,,,,,True,0.0,,,,1.0
112,02231,哲學細學類,五專,0,0,,,,,,True,0.0,,,,1.0
112,02299,其他人文細學類,五專,0,0,,,,,,True,0.0,,,,1.0
112,02311,外國語文細學類,五專,100,11,4717.0,670.0,4617.0,659.0,0.0212,True,0.02744,0.06968,-4.22,0.394,1.0
112,02312,翻譯細學類,五專,0,0,,,,,,True,0.0,,,,1.0
112,02313,華語文為第二語言細學類,五專,0,0,,,,,,True,0.0,,,,1.0
112,02321,臺灣語文細學類,五專,0,0,,,,,,True,0.0,,,,1.0
112,02322,中國語文細學類,五專,0,0,,,,,,True,0.0,,,,1.0
112,02323,華語文細學類,五專,0,0,,,,,,True,0.0,,,,1.0
112,02399,其他語文細學類,五專,0,0,,,,,,True,0.0,,,,1.0
112,03111,經濟學細學類,五專,0,0,,,,,,True,0.0,,,,1.0
112,03121,政治學細學類,五專,0,0,,,,,,True,0.0,,,,1.0
112,03122,國際關係細學類,五專,0,0,,,,,,True,0.0,,,,1.0
112,03131,心理學細學類,五專,0,0,,,,,,True,0.0,,,,1.0
112,03141,社會學細學類,五專,0,0,,,,,,True,0.0,,,,1.0
112,03142,地理學細學類,五專,0,0,,,,,,True,0.0,,,,1.0
112,03143,區域研究細學類,五專,0,0,,,,,,True,0.0,,,,1.0
112,03191,發展研究細學類,五專,0,0,,,,,,True,0.0,,,,1.0
112,03199,其他社會及行為科學細學類,五專,0,0,,,,,,True,0.0,,,,1.0
112,03211,大眾傳播細學類,五專,0,0,,,,,,True,0.0,,,,1.0
112,03212,新聞細學類,五專,0,0,,,,,,True,0.0,,,,1.0
112,03213,電子媒體細學類,五專,0,0,,,,,,True,0.0,,,,1.0
112,03214,傳播細學類,五專,0,0,,,,,,True,0.0,,,,1.0
112,03222,圖書資訊檔案細學類,五專,0,0,,,,,,True,0.0,,,,1.0
112,04111,會計及稅務細學類,五專,10,2,865.0,146.0,855.0,144.0,0.01156,True,0.00274,0.0129,-1.02,0.212,1.0
112,04121,財務金融細學類,五專,10,1,533.0,80.0,523.0,79.0,0.01876,True,0.00274,0.00789,-0.52,0.347,1.0
112,04122,財政細學類,五專,7,0,247.0,32.0,240.0,32.0,0.02834,True,0.00192,0.00362,-0.17,0.53,1.0
112,04123,保險及風險管理細學類,五專,5,0,429.0,65.0,424.0,65.0,0.01166,True,0.00137,0.0064,-0.5,0.214,1.0
112,04131,企業管理細學類,五專,16,2,1184.0,160.0,1168.0,158.0,0.01351,True,0.00439,0.01763,-1.32,0.249,1.0
112,04132,流通及供應鏈細學類,五專,0,0,,,,,,True,0.0,,,,1.0
112,04133,醫療管理細學類,五專,29,4,624.0,79.0,595.0,75.0,0.04647,True,0.00796,0.00898,-0.1,0.886,1.0
112,04134,公共行政細學類,五專,0,0,,,,,,True,0.0,,,,1.0
112,04141,國際貿易細學類,五專,11,0,769.0,125.0,758.0,125.0,0.0143,True,0.00302,0.01144,-0.84,0.264,1.0
112,04143,行銷及廣告細學類,五專,1,0,60.0,16.0,59.0,16.0,0.01667,True,0.00027,0.00089,-0.06,0.303,1.0
112,04161,批發及零售細學類,五專,0,0,,,,,,True,0.0,,,,1.0
112,04191,一般商業細學類,五專,2,0,137.0,35.0,135.0,35.0,0.0146,True,0.00055,0.00204,-0.15,0.27,1.0
112,04199,其他商業及管理細學類,五專,1,0,12.0,11.0,11.0,11.0,0.08333,True,0.00027,0.00017,0.01,1.588,1.0
112,04211,一般法律細學類,五專,0,0,,,,,,True,0.0,,,,1.0
112,04212,專業法律細學類,五專,0,0,,,,,,True,0.0,,,,1.0
112,05111,生物學細學類,五專,0,0,,,,,,True,0.0,,,,1.0
112,05121,生物科技細學類,五專,0,0,,,,,,True,0.0,,,,1.0
112,05122,微生物細學類,五專,0,0,,,,,,True,0.0,,,,1.0
112,05123,生物化學細學類,五專,0,0,,,,,,True,0.0,,,,1.0
112,05124,生物訊息及遺傳細學類,五專,0,0,,,,,,True,0.0,,,,1.0
112,05191,營養細學類,五專,8,2,491.0,70.0,483.0,68.0,0.01629,True,0.0022,0.00729,-0.51,0.302,1.0
112,05199,其他生命科學細學類,五專,0,0,,,,,,True,0.0,,,,1.0
112,05211,環境資源細學類,五專,0,0,8.0,0.0,8.0,0.0,0.0,True,0.0,0.00012,-0.01,0.0,1.0
112,05212,生態細學類,五專,0,0,,,,,,True,0.0,,,,1.0
112,05221,自然環境及野生動物細學類,五專,0,0,,,,,,True,0.0,,,,1.0
112,05291,環境防災細學類,五專,0,0,,,,,,True,0.0,,,,1.0
112,05292,水土保持細學類,五專,0,0,,,,,,True,0.0,,,,1.0
112,05311,化學細學類,五專,0,0,,,,,,True,0.0,,,,1.0
112,05321,地球科學及環境細學類,五專,0,0,,,,,,True,0.0,,,,1.0
112,05322,大氣及太空科學細學類,五專,0,0,,,,,,True,0.0,,,,1.0
112,05323,海洋科學細學類,五專,0,0,,,,,,True,0.0,,,,1.0
112,05331,物理及應用物理細學類,五專,0,0,,,,,,True,0.0,,,,1.0
112,05399,其他物理、化學及地球科學細學類,五專,0,0,,,,,,True,0.0,,,,1.0
112,05411,數學細學類,五專,0,0,,,,,,True,0.0,,,,1.0
112,05421,統計細學類,五專,0,0,,,,,,True,0.0,,,,1.0
112,05499,其他數學及統計細學類,五專,0,0,,,,,,True,0.0,,,,1.0
112,06111,電腦運用細學類,五專,0,0,,,,,,True,0.0,,,,1.0
112,06121,資料庫、網路設計及管理細學類,五專,0,0,10.0,9.0,10.0,9.0,0.0,True,0.0,0.00015,-0.02,0.0,1.0
112,06131,資訊技術細學類,五專,18,3,2059.0,241.0,2041.0,238.0,0.00874,True,0.00494,0.0308,-2.59,0.16,1.0
112,06132,軟體開發細學類,五專,5,1,148.0,35.0,143.0,34.0,0.03378,True,0.00137,0.00216,-0.08,0.634,1.0
112,06133,系統設計細學類,五專,0,0,,,,,,True,0.0,,,,1.0
112,06134,電算機應用細學類,五專,0,0,1.0,0.0,1.0,0.0,0.0,True,0.0,2e-05,-0.0,0.0,1.0
112,06199,其他資訊通訊科技細學類,五專,5,0,172.0,0.0,167.0,0.0,0.02907,True,0.00137,0.00252,-0.12,0.544,1.0
112,07111,化學工程細學類,五專,1,0,38.0,18.0,37.0,18.0,0.02632,True,0.00027,0.00056,-0.03,0.482,1.0
112,07112,材料工程細學類,五專,0,0,,,,,,True,0.0,,,,1.0
112,07121,環境工程細學類,五專,0,0,39.0,0.0,39.0,0.0,0.0,True,0.0,0.00059,-0.06,0.0,1.0
112,07122,河海工程細學類,五專,0,0,,,,,,True,0.0,,,,1.0
112,07132,能源工程細學類,五專,0,0,,,,,,True,0.0,,,,1.0
112,07141,電機與電子工程細學類,五專,19,2,2100.0,249.0,2081.0,247.0,0.00905,True,0.00521,0.03141,-2.62,0.166,1.0
112,07151,機械工程細學類,五專,17,2,1213.0,195.0,1196.0,193.0,0.01401,True,0.00467,0.01805,-1.34,0.259,1.0
112,07161,車輛工程細學類,五專,7,0,51.0,12.0,44.0,12.0,0.13725,True,0.00192,0.00066,0.13,2.909,1.0
112,07162,航空工程細學類,五專,0,0,,,,,,True,0.0,,,,1.0
112,07163,造船工程細學類,五專,0,0,,,,,,True,0.0,,,,1.0
112,07191,工業工程細學類,五專,0,0,6.0,6.0,6.0,6.0,0.0,True,0.0,9e-05,-0.01,0.0,1.0
112,07192,紡織工程細學類,五專,0,0,,,,,,True,0.0,,,,1.0
112,07193,生醫工程細學類,五專,0,0,,,,,,True,0.0,,,,1.0
112,07194,綜合工程細學類,五專,0,0,,,,,,True,0.0,,,,1.0
112,07199,其他工程及工程業細學類,五專,3,0,211.0,11.0,208.0,11.0,0.01422,True,0.00082,0.00314,-0.23,0.261,1.0
112,07211,食品科學細學類,五專,18,2,140.0,11.0,122.0,9.0,0.12857,True,0.00494,0.00184,0.31,2.685,1.0
112,07241,採礦及提煉細學類,五專,0,0,,,,,,True,0.0,,,,1.0
112,07311,建築細學類,五專,4,0,421.0,39.0,417.0,39.0,0.0095,True,0.0011,0.00629,-0.52,0.175,1.0
112,07312,景觀設計細學類,五專,0,0,,,,,,True,0.0,,,,1.0
112,07313,都巿規劃細學類,五專,0,0,,,,,,True,0.0,,,,1.0
112,07321,土木工程細學類,五專,8,0,430.0,53.0,422.0,53.0,0.0186,True,0.0022,0.00637,-0.42,0.345,1.0
112,07322,空間資訊及測繪細學類,五專,0,0,,,,,,True,0.0,,,,1.0
112,08111,農作物生產細學類,五專,0,0,,,,,,True,0.0,,,,1.0
112,08112,畜牧生產細學類,五專,0,0,,,,,,True,0.0,,,,1.0
112,08121,園藝細學類,五專,4,0,14.0,7.0,10.0,7.0,0.28571,True,0.0011,0.00015,0.1,7.333,1.0
112,08193,農業經濟及推廣細學類,五專,0,0,,,,,,True,0.0,,,,1.0
112,08194,植物保護細學類,五專,0,0,,,,,,True,0.0,,,,1.0
112,08199,其他農業細學類,五專,0,0,,,,,,True,0.0,,,,1.0
112,08211,林業細學類,五專,0,0,,,,,,True,0.0,,,,1.0
112,08311,漁業科學細學類,五專,2,0,99.0,14.0,97.0,14.0,0.0202,True,0.00055,0.00146,-0.09,0.377,1.0
112,08312,水產養殖細學類,五專,0,0,,,,,,True,0.0,,,,1.0
112,08411,獸醫細學類,五專,0,0,,,,,,True,0.0,,,,1.0
112,09111,牙醫細學類,五專,75,6,1976.0,295.0,1901.0,289.0,0.03796,True,0.02058,0.02869,-0.81,0.717,1.0
112,09121,醫學細學類,五專,0,0,,,,,,True,0.0,,,,1.0
112,09131,護理及助產細學類,五專,2154,347,28591.0,5249.0,26437.0,4902.0,0.07534,True,0.59111,0.39898,19.21,1.482,1.0
112,09141,醫學技術及檢驗細學類,五專,116,14,4570.0,713.0,4454.0,699.0,0.02538,True,0.03183,0.06722,-3.54,0.474,1.0
112,09151,物理治療細學類,五專,91,10,1320.0,256.0,1229.0,246.0,0.06894,True,0.02497,0.01855,0.64,1.346,1.0
112,09152,職能治療細學類,五專,24,4,490.0,75.0,466.0,71.0,0.04898,True,0.00659,0.00703,-0.04,0.937,1.0
112,09153,語言治療與聽力細學類,五專,0,0,,,,,,True,0.0,,,,1.0
112,09159,其他治療及復健細學類,五專,26,3,948.0,170.0,922.0,167.0,0.02743,True,0.00714,0.01391,-0.68,0.513,1.0
112,09161,藥學細學類,五專,0,0,179.0,0.0,179.0,0.0,0.0,True,0.0,0.0027,-0.27,0.0,1.0
112,09171,傳統醫學、輔助醫學及治療細學類,五專,0,0,67.0,10.0,67.0,10.0,0.0,True,0.0,0.00101,-0.1,0.0,1.0
112,09191,公共衛生細學類,五專,5,0,154.0,23.0,149.0,23.0,0.03247,True,0.00137,0.00225,-0.09,0.609,1.0
112,09199,其他醫藥衛生細學類,五專,3,0,221.0,15.0,218.0,15.0,0.01357,True,0.00082,0.00329,-0.25,0.249,1.0
112,09211,老年照顧服務細學類,五專,118,3,1326.0,222.0,1208.0,219.0,0.08899,True,0.03238,0.01823,1.42,1.776,1.0
112,09212,失能者照顧細學類,五專,0,0,,,,,,True,0.0,,,,1.0
112,09221,兒童及青少年照顧服務細學類,五專,296,34,2602.0,383.0,2306.0,349.0,0.11376,True,0.08123,0.0348,4.64,2.334,1.0
112,09231,社會工作細學類,五專,0,0,,,,,,True,0.0,,,,1.0
112,09299,其他社會福利細學類,五專,23,2,295.0,27.0,272.0,25.0,0.07797,True,0.00631,0.0041,0.22,1.539,1.0
112,10111,家政服務細學類,五專,0,0,,,,,,True,0.0,,,,1.0
112,10121,美髮美容服務細學類,五專,180,8,3394.0,559.0,3214.0,551.0,0.05303,True,0.0494,0.0485,0.09,1.019,1.0
112,10131,旅館及餐飲細學類,五專,129,22,2697.0,424.0,2568.0,402.0,0.04783,True,0.0354,0.03876,-0.34,0.913,1.0
112,10141,競技運動細學類,五專,0,0,,,,,,True,0.0,,,,1.0
112,10142,運動科技細學類,五專,0,0,,,,,,True,0.0,,,,1.0
112,10151,旅遊觀光細學類,五專,10,1,213.0,49.0,203.0,48.0,0.04695,True,0.00274,0.00306,-0.03,0.895,1.0
112,10152,遊憩、運動和休閒管理細學類,五專,30,4,366.0,68.0,336.0,64.0,0.08197,True,0.00823,0.00507,0.32,1.623,1.0
112,10199,其他餐旅及民生服務細學類,五專,15,1,675.0,65.0,660.0,64.0,0.02222,True,0.00412,0.00996,-0.58,0.414,1.0
112,10221,職業衛生及安全細學類,五專,0,0,282.0,26.0,282.0,26.0,0.0,True,0.0,0.00426,-0.43,0.0,1.0
112,10321,警政細學類,五專,0,0,,,,,,True,0.0,,,,1.0
112,10411,運輸管理細學類,五專,0,0,,,,,,True,0.0,,,,1.0
112,10412,航運管理細學類,五專,4,0,70.0,8.0,66.0,8.0,0.05714,True,0.0011,0.001,0.01,1.1,1.0
112,10413,空運管理細學類,五專,0,0,,,,,,True,0.0,,,,1.0
112,10414,航海細學類,五專,4,0,248.0,45.0,244.0,45.0,0.01613,True,0.0011,0.00368,-0.26,0.299,1.0
112,10499,其他運輸服務細學類,五專,0,0,,,,,,True,0.0,,,,1.0
112,99999,其他細學類,五專,12,0,158.0,0.0,146.0,0.0,0.07595,False,,,,,1.0
112,01111,綜合教育細學類,博士班,36,0,1037.0,130.0,1001.0,130.0,0.03472,True,0.15721,0.03586,12.13,4.384,1.0
112,01112,成人教育細學類,博士班,1,1,102.0,12.0,101.0,11.0,0.0098,True,0.00437,0.00362,0.07,1.207,1.0
112,01113,特殊教育細學類,博士班,0,0,110.0,7.0,110.0,7.0,0.0,True,0.0,0.00394,-0.39,0.0,1.0
112,01114,教育行政細學類,博士班,14,1,285.0,31.0,271.0,30.0,0.04912,True,0.06114,0.00971,5.14,6.297,1.0
112,01115,課程與教學細學類,博士班,1,0,130.0,9.0,129.0,9.0,0.00769,True,0.00437,0.00462,-0.03,0.946,1.0
112,01116,教育科技細學類,博士班,1,0,71.0,4.0,70.0,4.0,0.01408,True,0.00437,0.00251,0.19,1.741,1.0
112,01118,技職教育細學類,博士班,0,0,123.0,15.0,123.0,15.0,0.0,True,0.0,0.00441,-0.44,0.0,1.0
112,01121,幼兒師資教育細學類,博士班,0,0,,,,,,True,0.0,,,,1.0
112,01131,普通科目師資教育細學類,博士班,3,0,139.0,22.0,136.0,22.0,0.02158,True,0.0131,0.00487,0.82,2.69,1.0
112,01141,專業科目師資教育細學類,博士班,6,0,467.0,66.0,461.0,66.0,0.01285,True,0.0262,0.01652,0.97,1.586,1.0
112,01199,其他教育細學類,博士班,1,0,71.0,4.0,70.0,4.0,0.01408,True,0.00437,0.00251,0.19,1.741,1.0
112,02111,視覺藝術細學類,博士班,0,0,16.0,0.0,16.0,0.0,0.0,True,0.0,0.00057,-0.06,0.0,1.0
112,02112,視覺傳達設計細學類,博士班,1,0,77.0,9.0,76.0,9.0,0.01299,True,0.00437,0.00272,0.16,1.607,1.0
112,02121,應用藝術細學類,博士班,0,0,22.0,0.0,22.0,0.0,0.0,True,0.0,0.00079,-0.08,0.0,1.0
112,02122,綜合設計細學類,博士班,1,0,487.0,48.0,486.0,48.0,0.00205,True,0.00437,0.01741,-1.3,0.251,1.0
112,02123,產品設計細學類,博士班,2,0,76.0,2.0,74.0,2.0,0.02632,True,0.00873,0.00265,0.61,3.294,1.0
112,02124,空間設計細學類,博士班,0,0,,,,,,True,0.0,,,,1.0
112,02125,時尚設計與管理細學類,博士班,0,0,,,,,,True,0.0,,,,1.0
112,02131,純藝術細學類,博士班,3,0,220.0,21.0,217.0,21.0,0.01364,True,0.0131,0.00777,0.53,1.686,1.0
112,02132,雕塑細學類,博士班,0,0,,,,,,True,0.0,,,,1.0
112,02141,美術工藝細學類,博士班,0,0,,,,,,True,0.0,,,,1.0
112,02151,音樂細學類,博士班,0,0,126.0,7.0,126.0,7.0,0.0,True,0.0,0.00451,-0.45,0.0,1.0
112,02152,表演藝術細學類,博士班,2,0,51.0,1.0,49.0,1.0,0.03922,True,0.00873,0.00176,0.7,4.96,1.0
112,02191,綜合藝術細學類,博士班,1,0,67.0,5.0,66.0,5.0,0.01493,True,0.00437,0.00236,0.2,1.852,1.0
112,02192,藝術行政細學類,博士班,1,0,37.0,1.0,36.0,1.0,0.02703,True,0.00437,0.00129,0.31,3.388,1.0
112,02199,其他藝術細學類,博士班,0,0,,,,,,True,0.0,,,,1.0
112,02211,宗教細學類,博士班,1,0,137.0,7.0,136.0,7.0,0.0073,True,0.00437,0.00487,-0.05,0.897,1.0
112,02221,歷史細學類,博士班,1,0,274.0,21.0,273.0,21.0,0.00365,True,0.00437,0.00978,-0.54,0.447,1.0
112,02222,人類學及民族學細學類,博士班,21,2,85.0,8.0,64.0,6.0,0.24706,True,0.0917,0.00229,8.94,40.044,1.0
112,02231,哲學細學類,博士班,1,0,182.0,11.0,181.0,11.0,0.00549,True,0.00437,0.00648,-0.21,0.674,1.0
112,02299,其他人文細學類,博士班,2,0,216.0,20.0,214.0,20.0,0.00926,True,0.00873,0.00767,0.11,1.138,1.0
112,02311,外國語文細學類,博士班,0,0,195.0,26.0,195.0,26.0,0.0,True,0.0,0.00699,-0.7,0.0,1.0
112,02312,翻譯細學類,博士班,0,0,35.0,5.0,35.0,5.0,0.0,True,0.0,0.00125,-0.12,0.0,1.0
112,02313,華語文為第二語言細學類,博士班,0,0,72.0,6.0,72.0,6.0,0.0,True,0.0,0.00258,-0.26,0.0,1.0
112,02321,臺灣語文細學類,博士班,11,0,147.0,13.0,136.0,13.0,0.07483,True,0.04803,0.00487,4.32,9.862,1.0
112,02322,中國語文細學類,博士班,5,0,728.0,94.0,723.0,94.0,0.00687,True,0.02183,0.0259,-0.41,0.843,1.0
112,02323,華語文細學類,博士班,0,0,20.0,2.0,20.0,2.0,0.0,True,0.0,0.00072,-0.07,0.0,1.0
112,02399,其他語文細學類,博士班,4,0,72.0,11.0,68.0,11.0,0.05556,True,0.01747,0.00244,1.5,7.16,1.0
112,03111,經濟學細學類,博士班,0,0,109.0,12.0,109.0,12.0,0.0,True,0.0,0.0039,-0.39,0.0,1.0
112,03121,政治學細學類,博士班,1,0,266.0,29.0,265.0,29.0,0.00376,True,0.00437,0.00949,-0.51,0.46,1.0
112,03122,國際關係細學類,博士班,0,0,85.0,15.0,85.0,15.0,0.0,True,0.0,0.00305,-0.3,0.0,1.0
112,03131,心理學細學類,博士班,1,0,315.0,31.0,314.0,31.0,0.00317,True,0.00437,0.01125,-0.69,0.388,1.0
112,03141,社會學細學類,博士班,6,0,93.0,4.0,87.0,4.0,0.06452,True,0.0262,0.00312,2.31,8.397,1.0
112,03142,地理學細學類,博士班,3,1,110.0,11.0,107.0,10.0,0.02727,True,0.0131,0.00383,0.93,3.42,1.0
112,03143,區域研究細學類,博士班,1,0,265.0,29.0,264.0,29.0,0.00377,True,0.00437,0.00946,-0.51,0.462,1.0
112,03191,發展研究細學類,博士班,1,0,98.0,8.0,97.0,8.0,0.0102,True,0.00437,0.00348,0.09,1.256,1.0
112,03199,其他社會及行為科學細學類,博士班,0,0,67.0,6.0,67.0,6.0,0.0,True,0.0,0.0024,-0.24,0.0,1.0
112,03211,大眾傳播細學類,博士班,0,0,48.0,4.0,48.0,4.0,0.0,True,0.0,0.00172,-0.17,0.0,1.0
112,03212,新聞細學類,博士班,0,0,,,,,,True,0.0,,,,1.0
112,03213,電子媒體細學類,博士班,0,0,,,,,,True,0.0,,,,1.0
112,03214,傳播細學類,博士班,2,0,51.0,10.0,49.0,10.0,0.03922,True,0.00873,0.00176,0.7,4.96,1.0
112,03222,圖書資訊檔案細學類,博士班,0,0,43.0,4.0,43.0,4.0,0.0,True,0.0,0.00154,-0.15,0.0,1.0
112,04111,會計及稅務細學類,博士班,0,0,63.0,7.0,63.0,7.0,0.0,True,0.0,0.00226,-0.23,0.0,1.0
112,04121,財務金融細學類,博士班,0,0,362.0,53.0,362.0,53.0,0.0,True,0.0,0.01297,-1.3,0.0,1.0
112,04122,財政細學類,博士班,0,0,4.0,1.0,4.0,1.0,0.0,True,0.0,0.00014,-0.01,0.0,1.0
112,04123,保險及風險管理細學類,博士班,0,0,13.0,1.0,13.0,1.0,0.0,True,0.0,0.00047,-0.05,0.0,1.0
112,04131,企業管理細學類,博士班,10,5,1695.0,169.0,1685.0,164.0,0.0059,True,0.04367,0.06037,-1.67,0.723,1.0
112,04132,流通及供應鏈細學類,博士班,0,0,,,,,,True,0.0,,,,1.0
112,04133,醫療管理細學類,博士班,0,0,7.0,0.0,7.0,0.0,0.0,True,0.0,0.00025,-0.02,0.0,1.0
112,04134,公共行政細學類,博士班,0,1,97.0,12.0,97.0,11.0,0.0,True,0.0,0.00348,-0.35,0.0,1.0
112,04141,國際貿易細學類,博士班,0,0,41.0,4.0,41.0,4.0,0.0,True,0.0,0.00147,-0.15,0.0,1.0
112,04143,行銷及廣告細學類,博士班,0,0,,,,,,True,0.0,,,,1.0
112,04161,批發及零售細學類,博士班,0,0,,,,,,True,0.0,,,,1.0
112,04191,一般商業細學類,博士班,0,0,326.0,57.0,326.0,57.0,0.0,True,0.0,0.01168,-1.17,0.0,1.0
112,04199,其他商業及管理細學類,博士班,4,0,396.0,51.0,392.0,51.0,0.0101,True,0.01747,0.01404,0.34,1.244,1.0
112,04211,一般法律細學類,博士班,1,0,273.0,18.0,272.0,18.0,0.00366,True,0.00437,0.00974,-0.54,0.449,1.0
112,04212,專業法律細學類,博士班,3,0,135.0,10.0,132.0,10.0,0.02222,True,0.0131,0.00473,0.84,2.77,1.0
112,05111,生物學細學類,博士班,0,1,302.0,35.0,302.0,34.0,0.0,True,0.0,0.01082,-1.08,0.0,1.0
112,05121,生物科技細學類,博士班,3,0,830.0,135.0,827.0,135.0,0.00361,True,0.0131,0.02963,-1.65,0.442,1.0
112,05122,微生物細學類,博士班,0,0,24.0,2.0,24.0,2.0,0.0,True,0.0,0.00086,-0.09,0.0,1.0
112,05123,生物化學細學類,博士班,0,0,141.0,12.0,141.0,12.0,0.0,True,0.0,0.00505,-0.5,0.0,1.0
112,05124,生物訊息及遺傳細學類,博士班,0,0,82.0,11.0,82.0,11.0,0.0,True,0.0,0.00294,-0.29,0.0,1.0
112,05191,營養細學類,博士班,2,0,110.0,10.0,108.0,10.0,0.01818,True,0.00873,0.00387,0.49,2.256,1.0
112,05199,其他生命科學細學類,博士班,0,0,72.0,11.0,72.0,11.0,0.0,True,0.0,0.00258,-0.26,0.0,1.0
112,05211,環境資源細學類,博士班,1,0,87.0,10.0,86.0,10.0,0.01149,True,0.00437,0.00308,0.13,1.419,1.0
112,05212,生態細學類,博士班,0,0,18.0,1.0,18.0,1.0,0.0,True,0.0,0.00064,-0.06,0.0,1.0
112,05221,自然環境及野生動物細學類,博士班,0,0,,,,,,True,0.0,,,,1.0
112,05291,環境防災細學類,博士班,0,0,,,,,,True,0.0,,,,1.0
112,05292,水土保持細學類,博士班,0,0,28.0,5.0,28.0,5.0,0.0,True,0.0,0.001,-0.1,0.0,1.0
112,05311,化學細學類,博士班,0,0,492.0,83.0,492.0,83.0,0.0,True,0.0,0.01763,-1.76,0.0,1.0
112,05321,地球科學及環境細學類,博士班,0,0,200.0,21.0,200.0,21.0,0.0,True,0.0,0.00717,-0.72,0.0,1.0
112,05322,大氣及太空科學細學類,博士班,1,0,73.0,11.0,72.0,11.0,0.0137,True,0.00437,0.00258,0.18,1.694,1.0
112,05323,海洋科學細學類,博士班,0,0,92.0,16.0,92.0,16.0,0.0,True,0.0,0.0033,-0.33,0.0,1.0
112,05331,物理及應用物理細學類,博士班,0,1,582.0,81.0,582.0,80.0,0.0,True,0.0,0.02085,-2.08,0.0,1.0
112,05399,其他物理、化學及地球科學細學類,博士班,1,1,206.0,20.0,205.0,19.0,0.00485,True,0.00437,0.00734,-0.3,0.595,1.0
112,05411,數學細學類,博士班,1,0,145.0,12.0,144.0,12.0,0.0069,True,0.00437,0.00516,-0.08,0.847,1.0
112,05421,統計細學類,博士班,0,0,58.0,4.0,58.0,4.0,0.0,True,0.0,0.00208,-0.21,0.0,1.0
112,05499,其他數學及統計細學類,博士班,0,0,,,,,,True,0.0,,,,1.0
112,06111,電腦運用細學類,博士班,0,0,44.0,2.0,44.0,2.0,0.0,True,0.0,0.00158,-0.16,0.0,1.0
112,06121,資料庫、網路設計及管理細學類,博士班,0,0,1.0,0.0,1.0,0.0,0.0,True,0.0,4e-05,-0.0,0.0,1.0
112,06131,資訊技術細學類,博士班,3,1,1350.0,130.0,1347.0,129.0,0.00222,True,0.0131,0.04826,-3.52,0.271,1.0
112,06132,軟體開發細學類,博士班,0,0,35.0,3.0,35.0,3.0,0.0,True,0.0,0.00125,-0.12,0.0,1.0
112,06133,系統設計細學類,博士班,0,0,,,,,,True,0.0,,,,1.0
112,06134,電算機應用細學類,博士班,0,0,68.0,13.0,68.0,13.0,0.0,True,0.0,0.00244,-0.24,0.0,1.0
112,06199,其他資訊通訊科技細學類,博士班,0,0,17.0,0.0,17.0,0.0,0.0,True,0.0,0.00061,-0.06,0.0,1.0
112,07111,化學工程細學類,博士班,2,1,546.0,99.0,544.0,98.0,0.00366,True,0.00873,0.01949,-1.08,0.448,1.0
112,07112,材料工程細學類,博士班,3,0,726.0,117.0,723.0,117.0,0.00413,True,0.0131,0.0259,-1.28,0.506,1.0
112,07121,環境工程細學類,博士班,1,0,233.0,30.0,232.0,30.0,0.00429,True,0.00437,0.00831,-0.39,0.526,1.0
112,07122,河海工程細學類,博士班,1,0,97.0,17.0,96.0,17.0,0.01031,True,0.00437,0.00344,0.09,1.27,1.0
112,07132,能源工程細學類,博士班,0,0,84.0,9.0,84.0,9.0,0.0,True,0.0,0.00301,-0.3,0.0,1.0
112,07141,電機與電子工程細學類,博士班,5,0,2355.0,298.0,2350.0,298.0,0.00212,True,0.02183,0.08419,-6.24,0.259,1.0
112,07151,機械工程細學類,博士班,3,0,1088.0,171.0,1085.0,171.0,0.00276,True,0.0131,0.03887,-2.58,0.337,1.0
112,07161,車輛工程細學類,博士班,0,0,,,,,,True,0.0,,,,1.0
112,07162,航空工程細學類,博士班,0,0,38.0,4.0,38.0,4.0,0.0,True,0.0,0.00136,-0.14,0.0,1.0
112,07163,造船工程細學類,博士班,2,0,47.0,8.0,45.0,8.0,0.04255,True,0.00873,0.00161,0.71,5.422,1.0
112,07191,工業工程細學類,博士班,3,0,360.0,48.0,357.0,48.0,0.00833,True,0.0131,0.01279,0.03,1.024,1.0
112,07192,紡織工程細學類,博士班,0,0,14.0,2.0,14.0,2.0,0.0,True,0.0,0.0005,-0.05,0.0,1.0
112,07193,生醫工程細學類,博士班,2,1,543.0,50.0,541.0,49.0,0.00368,True,0.00873,0.01938,-1.07,0.45,1.0
112,07194,綜合工程細學類,博士班,0,0,314.0,38.0,314.0,38.0,0.0,True,0.0,0.01125,-1.12,0.0,1.0
112,07199,其他工程及工程業細學類,博士班,1,0,144.0,16.0,143.0,16.0,0.00694,True,0.00437,0.00512,-0.08,0.854,1.0
112,07211,食品科學細學類,博士班,1,0,120.0,11.0,119.0,11.0,0.00833,True,0.00437,0.00426,0.01,1.026,1.0
112,07241,採礦及提煉細學類,博士班,0,0,33.0,7.0,33.0,7.0,0.0,True,0.0,0.00118,-0.12,0.0,1.0
112,07311,建築細學類,博士班,0,0,126.0,16.0,126.0,16.0,0.0,True,0.0,0.00451,-0.45,0.0,1.0
112,07312,景觀設計細學類,博士班,0,0,,,,,,True,0.0,,,,1.0
112,07313,都巿規劃細學類,博士班,5,0,54.0,5.0,49.0,5.0,0.09259,True,0.02183,0.00176,2.01,12.403,1.0
112,07321,土木工程細學類,博士班,1,1,602.0,74.0,601.0,73.0,0.00166,True,0.00437,0.02153,-1.72,0.203,1.0
112,07322,空間資訊及測繪細學類,博士班,0,0,38.0,1.0,38.0,1.0,0.0,True,0.0,0.00136,-0.14,0.0,1.0
112,08111,農作物生產細學類,博士班,2,0,100.0,7.0,98.0,7.0,0.02,True,0.00873,0.00351,0.52,2.487,1.0
112,08112,畜牧生產細學類,博士班,1,0,69.0,7.0,68.0,7.0,0.01449,True,0.00437,0.00244,0.19,1.791,1.0
112,08121,園藝細學類,博士班,1,0,66.0,2.0,65.0,2.0,0.01515,True,0.00437,0.00233,0.2,1.876,1.0
112,08193,農業經濟及推廣細學類,博士班,0,0,27.0,1.0,27.0,1.0,0.0,True,0.0,0.00097,-0.1,0.0,1.0
112,08194,植物保護細學類,博士班,0,0,20.0,10.0,20.0,10.0,0.0,True,0.0,0.00072,-0.07,0.0,1.0
112,08199,其他農業細學類,博士班,1,0,84.0,11.0,83.0,11.0,0.0119,True,0.00437,0.00297,0.14,1.471,1.0
112,08211,林業細學類,博士班,0,0,55.0,4.0,55.0,4.0,0.0,True,0.0,0.00197,-0.2,0.0,1.0
112,08311,漁業科學細學類,博士班,0,0,50.0,10.0,50.0,10.0,0.0,True,0.0,0.00179,-0.18,0.0,1.0
112,08312,水產養殖細學類,博士班,0,0,59.0,1.0,59.0,1.0,0.0,True,0.0,0.00211,-0.21,0.0,1.0
112,08411,獸醫細學類,博士班,1,0,84.0,10.0,83.0,10.0,0.0119,True,0.00437,0.00297,0.14,1.471,1.0
112,09111,牙醫細學類,博士班,0,0,133.0,17.0,133.0,17.0,0.0,True,0.0,0.00476,-0.48,0.0,1.0
112,09121,醫學細學類,博士班,11,1,1746.0,253.0,1735.0,252.0,0.0063,True,0.04803,0.06216,-1.41,0.773,1.0
112,09131,護理及助產細學類,博士班,3,0,450.0,62.0,447.0,62.0,0.00667,True,0.0131,0.01601,-0.29,0.818,1.0
112,09141,醫學技術及檢驗細學類,博士班,2,0,149.0,20.0,147.0,20.0,0.01342,True,0.00873,0.00527,0.35,1.657,1.0
112,09151,物理治療細學類,博士班,0,0,58.0,2.0,58.0,2.0,0.0,True,0.0,0.00208,-0.21,0.0,1.0
112,09152,職能治療細學類,博士班,0,0,17.0,2.0,17.0,2.0,0.0,True,0.0,0.00061,-0.06,0.0,1.0
112,09153,語言治療與聽力細學類,博士班,0,0,,,,,,True,0.0,,,,1.0
112,09159,其他治療及復健細學類,博士班,1,0,37.0,7.0,36.0,7.0,0.02703,True,0.00437,0.00129,0.31,3.388,1.0
112,09161,藥學細學類,博士班,2,0,314.0,43.0,312.0,43.0,0.00637,True,0.00873,0.01118,-0.25,0.781,1.0
112,09171,傳統醫學、輔助醫學及治療細學類,博士班,0,0,61.0,5.0,61.0,5.0,0.0,True,0.0,0.00219,-0.22,0.0,1.0
112,09191,公共衛生細學類,博士班,0,0,566.0,79.0,566.0,79.0,0.0,True,0.0,0.02028,-2.03,0.0,1.0
112,09199,其他醫藥衛生細學類,博士班,1,0,76.0,5.0,75.0,5.0,0.01316,True,0.00437,0.00269,0.17,1.625,1.0
112,09211,老年照顧服務細學類,博士班,0,0,5.0,0.0,5.0,0.0,0.0,True,0.0,0.00018,-0.02,0.0,1.0
112,09212,失能者照顧細學類,博士班,0,0,,,,,,True,0.0,,,,1.0
112,09221,兒童及青少年照顧服務細學類,博士班,0,0,,,,,,True,0.0,,,,1.0
112,09231,社會工作細學類,博士班,2,0,124.0,14.0,122.0,14.0,0.01613,True,0.00873,0.00437,0.44,1.998,1.0
112,09299,其他社會福利細學類,博士班,0,0,,,,,,True,0.0,,,,1.0
112,10111,家政服務細學類,博士班,0,0,,,,,,True,0.0,,,,1.0
112,10121,美髮美容服務細學類,博士班,0,0,,,,,,True,0.0,,,,1.0
112,10131,旅館及餐飲細學類,博士班,0,0,,,,,,True,0.0,,,,1.0
112,10141,競技運動細學類,博士班,4,0,114.0,15.0,110.0,15.0,0.03509,True,0.01747,0.00394,1.35,4.434,1.0
112,10142,運動科技細學類,博士班,0,0,18.0,1.0,18.0,1.0,0.0,True,0.0,0.00064,-0.06,0.0,1.0
112,10151,旅遊觀光細學類,博士班,0,0,57.0,6.0,57.0,6.0,0.0,True,0.0,0.00204,-0.2,0.0,1.0
112,10152,遊憩、運動和休閒管理細學類,博士班,1,0,50.0,2.0,49.0,2.0,0.02,True,0.00437,0.00176,0.26,2.483,1.0
112,10199,其他餐旅及民生服務細學類,博士班,0,0,,,,,,True,0.0,,,,1.0
112,10221,職業衛生及安全細學類,博士班,0,0,,,,,,True,0.0,,,,1.0
112,10321,警政細學類,博士班,0,0,,,,,,True,0.0,,,,1.0
112,10411,運輸管理細學類,博士班,0,0,36.0,0.0,36.0,0.0,0.0,True,0.0,0.00129,-0.13,0.0,1.0
112,10412,航運管理細學類,博士班,1,0,59.0,3.0,58.0,3.0,0.01695,True,0.00437,0.00208,0.23,2.101,1.0
112,10413,空運管理細學類,博士班,0,0,,,,,,True,0.0,,,,1.0
112,10414,航海細學類,博士班,0,0,,,,,,True,0.0,,,,1.0
112,10499,其他運輸服務細學類,博士班,0,0,,,,,,True,0.0,,,,1.0
112,99999,其他細學類,博士班,1,0,158.0,12.0,157.0,12.0,0.00633,False,,,,,1.0
112,01111,綜合教育細學類,學士班,148,24,3416.0,786.0,3268.0,762.0,0.04333,True,0.00782,0.00413,0.37,1.893,1.0
112,01112,成人教育細學類,學士班,0,0,105.0,25.0,105.0,25.0,0.0,True,0.0,0.00013,-0.01,0.0,1.0
112,01113,特殊教育細學類,學士班,78,15,2516.0,597.0,2438.0,582.0,0.031,True,0.00412,0.00308,0.1,1.338,1.0
112,01114,教育行政細學類,學士班,8,5,653.0,152.0,645.0,147.0,0.01225,True,0.00042,0.00081,-0.04,0.519,1.0
112,01115,課程與教學細學類,學士班,0,0,,,,,,True,0.0,,,,1.0
112,01116,教育科技細學類,學士班,19,3,850.0,196.0,831.0,193.0,0.02235,True,0.001,0.00105,-0.0,0.952,1.0
112,01118,技職教育細學類,學士班,0,0,,,,,,True,0.0,,,,1.0
112,01121,幼兒師資教育細學類,學士班,265,50,3828.0,1088.0,3563.0,1038.0,0.06923,True,0.014,0.0045,0.95,3.111,1.0
112,01131,普通科目師資教育細學類,學士班,66,15,2731.0,635.0,2665.0,620.0,0.02417,True,0.00349,0.00337,0.01,1.036,1.0
112,01141,專業科目師資教育細學類,學士班,446,65,4638.0,1016.0,4192.0,951.0,0.09616,True,0.02356,0.0053,1.83,4.445,1.0
112,01199,其他教育細學類,學士班,2,2,431.0,58.0,429.0,56.0,0.00464,True,0.00011,0.00054,-0.04,0.204,1.0
112,02111,視覺藝術細學類,學士班,111,16,4934.0,1060.0,4823.0,1044.0,0.0225,True,0.00586,0.00609,-0.02,0.962,1.0
112,02112,視覺傳達設計細學類,學士班,366,81,20368.0,5188.0,20002.0,5107.0,0.01797,True,0.01934,0.02527,-0.59,0.765,1.0
112,02121,應用藝術細學類,學士班,25,4,1257.0,338.0,1232.0,334.0,0.01989,True,0.00132,0.00156,-0.02,0.846,1.0
112,02122,綜合設計細學類,學士班,345,43,10588.0,2740.0,10243.0,2697.0,0.03258,True,0.01823,0.01294,0.53,1.409,1.0
112,02123,產品設計細學類,學士班,134,25,6716.0,1861.0,6582.0,1836.0,0.01995,True,0.00708,0.00832,-0.12,0.851,1.0
112,02124,空間設計細學類,學士班,88,16,4464.0,1119.0,4376.0,1103.0,0.01971,True,0.00465,0.00553,-0.09,0.841,1.0
112,02125,時尚設計與管理細學類,學士班,66,15,3546.0,809.0,3480.0,794.0,0.01861,True,0.00349,0.0044,-0.09,0.793,1.0
112,02131,純藝術細學類,學士班,52,13,4157.0,993.0,4105.0,980.0,0.01251,True,0.00275,0.00519,-0.24,0.53,1.0
112,02132,雕塑細學類,學士班,5,0,161.0,42.0,156.0,42.0,0.03106,True,0.00026,0.0002,0.01,1.3,1.0
112,02141,美術工藝細學類,學士班,133,24,762.0,169.0,629.0,145.0,0.17454,True,0.00703,0.00079,0.62,8.899,1.0
112,02151,音樂細學類,學士班,272,52,6064.0,1325.0,5792.0,1273.0,0.04485,True,0.01437,0.00732,0.7,1.963,1.0
112,02152,表演藝術細學類,學士班,395,54,5986.0,1233.0,5591.0,1179.0,0.06599,True,0.02087,0.00706,1.38,2.956,1.0
112,02191,綜合藝術細學類,學士班,24,4,1073.0,220.0,1049.0,216.0,0.02237,True,0.00127,0.00133,-0.01,0.955,1.0
112,02192,藝術行政細學類,學士班,12,2,391.0,109.0,379.0,107.0,0.03069,True,0.00063,0.00048,0.02,1.312,1.0
112,02199,其他藝術細學類,學士班,78,12,1048.0,211.0,970.0,199.0,0.07443,True,0.00412,0.00123,0.29,3.35,1.0
112,02211,宗教細學類,學士班,12,2,574.0,110.0,562.0,108.0,0.02091,True,0.00063,0.00071,-0.01,0.887,1.0
112,02221,歷史細學類,學士班,92,10,3957.0,819.0,3865.0,809.0,0.02325,True,0.00486,0.00488,-0.0,0.996,1.0
112,02222,人類學及民族學細學類,學士班,101,28,525.0,105.0,424.0,77.0,0.19238,True,0.00534,0.00054,0.48,9.889,1.0
112,02231,哲學細學類,學士班,23,1,1642.0,313.0,1619.0,312.0,0.01401,True,0.00122,0.00205,-0.08,0.595,1.0
112,02299,其他人文細學類,學士班,207,15,2700.0,617.0,2493.0,602.0,0.07667,True,0.01094,0.00315,0.78,3.473,1.0
112,02311,外國語文細學類,學士班,747,175,42711.0,11297.0,41964.0,11122.0,0.01749,True,0.03947,0.05301,-1.35,0.745,1.0
112,02312,翻譯細學類,學士班,6,1,370.0,119.0,364.0,118.0,0.01622,True,0.00032,0.00046,-0.01,0.696,1.0
112,02313,華語文為第二語言細學類,學士班,2,1,444.0,90.0,442.0,89.0,0.0045,True,0.00011,0.00056,-0.04,0.196,1.0
112,02321,臺灣語文細學類,學士班,242,23,1263.0,223.0,1021.0,200.0,0.19161,True,0.01279,0.00129,1.15,9.915,1.0
112,02322,中國語文細學類,學士班,140,20,9287.0,2138.0,9147.0,2118.0,0.01507,True,0.0074,0.01156,-0.42,0.64,1.0
112,02323,華語文細學類,學士班,30,5,1933.0,513.0,1903.0,508.0,0.01552,True,0.00159,0.0024,-0.08,0.663,1.0
112,02399,其他語文細學類,學士班,0,0,,,,,,True,0.0,,,,1.0
112,03111,經濟學細學類,學士班,94,14,8992.0,2100.0,8898.0,2086.0,0.01045,True,0.00497,0.01124,-0.63,0.442,1.0
112,03121,政治學細學類,學士班,48,8,2775.0,629.0,2727.0,621.0,0.0173,True,0.00254,0.00345,-0.09,0.736,1.0
112,03122,國際關係細學類,學士班,13,3,1077.0,262.0,1064.0,259.0,0.01207,True,0.00069,0.00134,-0.06,0.515,1.0
112,03131,心理學細學類,學士班,202,38,6877.0,1553.0,6675.0,1515.0,0.02937,True,0.01067,0.00843,0.22,1.266,1.0
112,03141,社會學細學類,學士班,289,64,3964.0,922.0,3675.0,858.0,0.07291,True,0.01527,0.00464,1.06,3.291,1.0
112,03142,地理學細學類,學士班,33,3,993.0,214.0,960.0,211.0,0.03323,True,0.00174,0.00121,0.05,1.438,1.0
112,03143,區域研究細學類,學士班,21,7,1261.0,275.0,1240.0,268.0,0.01665,True,0.00111,0.00157,-0.05,0.707,1.0
112,03191,發展研究細學類,學士班,16,3,742.0,155.0,726.0,152.0,0.02156,True,0.00085,0.00092,-0.01,0.924,1.0
112,03199,其他社會及行為科學細學類,學士班,92,37,992.0,247.0,900.0,210.0,0.09274,True,0.00486,0.00114,0.37,4.263,1.0
112,03211,大眾傳播細學類,學士班,267,68,5172.0,1292.0,4905.0,1224.0,0.05162,True,0.01411,0.0062,0.79,2.276,1.0
112,03212,新聞細學類,學士班,36,11,1462.0,375.0,1426.0,364.0,0.02462,True,0.0019,0.0018,0.01,1.056,1.0
112,03213,電子媒體細學類,學士班,44,16,1720.0,442.0,1676.0,426.0,0.02558,True,0.00232,0.00212,0.02,1.094,1.0
112,03214,傳播細學類,學士班,60,15,3081.0,962.0,3021.0,947.0,0.01947,True,0.00317,0.00382,-0.06,0.83,1.0
112,03222,圖書資訊檔案細學類,學士班,4,0,878.0,237.0,874.0,237.0,0.00456,True,0.00021,0.0011,-0.09,0.191,1.0
112,04111,會計及稅務細學類,學士班,129,37,13897.0,3751.0,13768.0,3714.0,0.00928,True,0.00682,0.01739,-1.06,0.392,1.0
112,04121,財務金融細學類,學士班,348,55,24037.0,6067.0,23689.0,6012.0,0.01448,True,0.01839,0.02993,-1.15,0.614,1.0
112,04122,財政細學類,學士班,58,14,2750.0,758.0,2692.0,744.0,0.02109,True,0.00306,0.0034,-0.03,0.9,1.0
112,04123,保險及風險管理細學類,學士班,32,5,3358.0,860.0,3326.0,855.0,0.00953,True,0.00169,0.0042,-0.25,0.402,1.0
112,04131,企業管理細學類,學士班,830,239,45858.0,12253.0,45028.0,12014.0,0.0181,True,0.04385,0.05689,-1.3,0.771,1.0
112,04132,流通及供應鏈細學類,學士班,193,53,9045.0,2566.0,8852.0,2513.0,0.02134,True,0.0102,0.01118,-0.1,0.912,1.0
112,04133,醫療管理細學類,學士班,81,29,4210.0,1222.0,4129.0,1193.0,0.01924,True,0.00428,0.00522,-0.09,0.82,1.0
112,04134,公共行政細學類,學士班,159,68,5048.0,1272.0,4889.0,1204.0,0.0315,True,0.0084,0.00618,0.22,1.359,1.0
112,04141,國際貿易細學類,學士班,112,15,9754.0,2856.0,9642.0,2841.0,0.01148,True,0.00592,0.01218,-0.63,0.486,1.0
112,04143,行銷及廣告細學類,學士班,228,37,9314.0,2546.0,9086.0,2509.0,0.02448,True,0.01205,0.01148,0.06,1.05,1.0
112,04161,批發及零售細學類,學士班,0,1,64.0,61.0,64.0,60.0,0.0,True,0.0,8e-05,-0.01,0.0,1.0
112,04191,一般商業細學類,學士班,108,65,1990.0,477.0,1882.0,412.0,0.05427,True,0.00571,0.00238,0.33,2.399,1.0
112,04199,其他商業及管理細學類,學士班,262,42,10738.0,2900.0,10476.0,2858.0,0.0244,True,0.01384,0.01323,0.06,1.046,1.0
112,04211,一般法律細學類,學士班,331,73,8622.0,2109.0,8291.0,2036.0,0.03839,True,0.01749,0.01047,0.7,1.67,1.0
112,04212,專業法律細學類,學士班,76,16,4038.0,921.0,3962.0,905.0,0.01882,True,0.00402,0.00501,-0.1,0.802,1.0
112,05111,生物學細學類,學士班,39,3,3701.0,789.0,3662.0,786.0,0.01054,True,0.00206,0.00463,-0.26,0.445,1.0
112,05121,生物科技細學類,學士班,49,8,5921.0,1475.0,5872.0,1467.0,0.00828,True,0.00259,0.00742,-0.48,0.349,1.0
112,05122,微生物細學類,學士班,2,0,213.0,42.0,211.0,42.0,0.00939,True,0.00011,0.00027,-0.02,0.407,1.0
112,05123,生物化學細學類,學士班,0,0,354.0,88.0,354.0,88.0,0.0,True,0.0,0.00045,-0.04,0.0,1.0
112,05124,生物訊息及遺傳細學類,學士班,0,1,3.0,16.0,3.0,15.0,0.0,True,0.0,0.0,0.0,,1.0
112,05191,營養細學類,學士班,85,15,5446.0,1601.0,5361.0,1586.0,0.01561,True,0.00449,0.00677,-0.23,0.663,1.0
112,05199,其他生命科學細學類,學士班,1,1,336.0,62.0,335.0,61.0,0.00298,True,5e-05,0.00042,-0.04,0.119,1.0
112,05211,環境資源細學類,學士班,7,3,830.0,190.0,823.0,187.0,0.00843,True,0.00037,0.00104,-0.07,0.356,1.0
112,05212,生態細學類,學士班,13,1,349.0,55.0,336.0,54.0,0.03725,True,0.00069,0.00042,0.03,1.643,1.0
112,05221,自然環境及野生動物細學類,學士班,0,0,,,,,,True,0.0,,,,1.0
112,05291,環境防災細學類,學士班,0,0,,,,,,True,0.0,,,,1.0
112,05292,水土保持細學類,學士班,5,0,432.0,95.0,427.0,95.0,0.01157,True,0.00026,0.00054,-0.03,0.481,1.0
112,05311,化學細學類,學士班,35,2,6622.0,1430.0,6587.0,1428.0,0.00529,True,0.00185,0.00832,-0.65,0.222,1.0
112,05321,地球科學及環境細學類,學士班,7,0,1180.0,249.0,1173.0,249.0,0.00593,True,0.00037,0.00148,-0.11,0.25,1.0
112,05322,大氣及太空科學細學類,學士班,7,2,532.0,114.0,525.0,112.0,0.01316,True,0.00037,0.00066,-0.03,0.561,1.0
112,05323,海洋科學細學類,學士班,0,0,437.0,95.0,437.0,95.0,0.0,True,0.0,0.00055,-0.06,0.0,1.0
112,05331,物理及應用物理細學類,學士班,22,1,5357.0,1041.0,5335.0,1040.0,0.00411,True,0.00116,0.00674,-0.56,0.172,1.0
112,05399,其他物理、化學及地球科學細學類,學士班,7,4,1200.0,255.0,1193.0,251.0,0.00583,True,0.00037,0.00151,-0.11,0.245,1.0
112,05411,數學細學類,學士班,44,6,6374.0,1384.0,6330.0,1378.0,0.0069,True,0.00232,0.008,-0.57,0.29,1.0
112,05421,統計細學類,學士班,15,0,3085.0,720.0,3070.0,720.0,0.00486,True,0.00079,0.00388,-0.31,0.204,1.0
112,05499,其他數學及統計細學類,學士班,2,0,856.0,172.0,854.0,172.0,0.00234,True,0.00011,0.00108,-0.1,0.102,1.0
112,06111,電腦運用細學類,學士班,21,7,2113.0,504.0,2092.0,497.0,0.00994,True,0.00111,0.00264,-0.15,0.42,1.0
112,06121,資料庫、網路設計及管理細學類,學士班,16,9,1295.0,399.0,1279.0,390.0,0.01236,True,0.00085,0.00162,-0.08,0.525,1.0
112,06131,資訊技術細學類,學士班,498,89,48954.0,11352.0,48456.0,11263.0,0.01017,True,0.02631,0.06122,-3.49,0.43,1.0
112,06132,軟體開發細學類,學士班,50,7,4480.0,870.0,4430.0,863.0,0.01116,True,0.00264,0.0056,-0.3,0.471,1.0
112,06133,系統設計細學類,學士班,25,4,1955.0,486.0,1930.0,482.0,0.01279,True,0.00132,0.00244,-0.11,0.541,1.0
112,06134,電算機應用細學類,學士班,30,2,3149.0,668.0,3119.0,666.0,0.00953,True,0.00159,0.00394,-0.23,0.404,1.0
112,06199,其他資訊通訊科技細學類,學士班,15,0,982.0,268.0,967.0,268.0,0.01527,True,0.00079,0.00122,-0.04,0.648,1.0
112,07111,化學工程細學類,學士班,58,6,10455.0,2420.0,10397.0,2414.0,0.00555,True,0.00306,0.01313,-1.01,0.233,1.0
112,07112,材料工程細學類,學士班,33,2,5976.0,1384.0,5943.0,1382.0,0.00552,True,0.00174,0.00751,-0.58,0.232,1.0
112,07121,環境工程細學類,學士班,67,13,6795.0,1595.0,6728.0,1582.0,0.00986,True,0.00354,0.0085,-0.5,0.416,1.0
112,07122,河海工程細學類,學士班,20,0,1507.0,342.0,1487.0,342.0,0.01327,True,0.00106,0.00188,-0.08,0.564,1.0
112,07132,能源工程細學類,學士班,25,3,2211.0,502.0,2186.0,499.0,0.01131,True,0.00132,0.00276,-0.14,0.478,1.0
112,07141,電機與電子工程細學類,學士班,525,81,59659.0,13547.0,59134.0,13466.0,0.0088,True,0.02774,0.07471,-4.7,0.371,1.0
112,07151,機械工程細學類,學士班,415,69,35012.0,8723.0,34597.0,8654.0,0.01185,True,0.02193,0.04371,-2.18,0.502,1.0
112,07161,車輛工程細學類,學士班,85,13,3278.0,648.0,3193.0,635.0,0.02593,True,0.00449,0.00403,0.05,1.114,1.0
112,07162,航空工程細學類,學士班,62,12,3551.0,905.0,3489.0,893.0,0.01746,True,0.00328,0.00441,-0.11,0.744,1.0
112,07163,造船工程細學類,學士班,17,3,1702.0,420.0,1685.0,417.0,0.00999,True,0.0009,0.00213,-0.12,0.423,1.0
112,07191,工業工程細學類,學士班,92,22,9583.0,2417.0,9491.0,2395.0,0.0096,True,0.00486,0.01199,-0.71,0.405,1.0
112,07192,紡織工程細學類,學士班,3,1,619.0,188.0,616.0,187.0,0.00485,True,0.00016,0.00078,-0.06,0.205,1.0
112,07193,生醫工程細學類,學士班,18,3,2571.0,540.0,2553.0,537.0,0.007,True,0.00095,0.00323,-0.23,0.294,1.0
112,07194,綜合工程細學類,學士班,6,0,1171.0,186.0,1165.0,186.0,0.00512,True,0.00032,0.00147,-0.12,0.218,1.0
112,07199,其他工程及工程業細學類,學士班,1,1,1556.0,441.0,1555.0,440.0,0.00064,True,5e-05,0.00196,-0.19,0.026,1.0
112,07211,食品科學細學類,學士班,52,20,6144.0,1712.0,6092.0,1692.0,0.00846,True,0.00275,0.0077,-0.5,0.357,1.0
112,07241,採礦及提煉細學類,學士班,1,0,188.0,44.0,187.0,44.0,0.00532,True,5e-05,0.00024,-0.02,0.208,1.0
112,07311,建築細學類,學士班,95,12,6489.0,1299.0,6394.0,1287.0,0.01464,True,0.00502,0.00808,-0.31,0.621,1.0
112,07312,景觀設計細學類,學士班,30,9,1836.0,462.0,1806.0,453.0,0.01634,True,0.00159,0.00228,-0.07,0.697,1.0
112,07313,都巿規劃細學類,學士班,11,1,1203.0,293.0,1192.0,292.0,0.00914,True,0.00058,0.00151,-0.09,0.384,1.0
112,07321,土木工程細學類,學士班,327,54,11791.0,2733.0,11464.0,2679.0,0.02773,True,0.01728,0.01448,0.28,1.193,1.0
112,07322,空間資訊及測繪細學類,學士班,4,0,297.0,60.0,293.0,60.0,0.01347,True,0.00021,0.00037,-0.02,0.568,1.0
112,08111,農作物生產細學類,學士班,23,6,1303.0,334.0,1280.0,328.0,0.01765,True,0.00122,0.00162,-0.04,0.753,1.0
112,08112,畜牧生產細學類,學士班,34,5,1919.0,410.0,1885.0,405.0,0.01772,True,0.0018,0.00238,-0.06,0.756,1.0
112,08121,園藝細學類,學士班,15,4,1099.0,248.0,1084.0,244.0,0.01365,True,0.00079,0.00137,-0.06,0.577,1.0
112,08193,農業經濟及推廣細學類,學士班,26,7,1075.0,230.0,1049.0,223.0,0.02419,True,0.00137,0.00133,0.0,1.03,1.0
112,08194,植物保護細學類,學士班,9,1,664.0,159.0,655.0,158.0,0.01355,True,0.00048,0.00083,-0.03,0.578,1.0
112,08199,其他農業細學類,學士班,99,11,1173.0,261.0,1074.0,250.0,0.0844,True,0.00523,0.00136,0.39,3.846,1.0
112,08211,林業細學類,學士班,38,9,1848.0,419.0,1810.0,410.0,0.02056,True,0.00201,0.00229,-0.03,0.878,1.0
112,08311,漁業科學細學類,學士班,0,0,396.0,68.0,396.0,68.0,0.0,True,0.0,0.0005,-0.05,0.0,1.0
112,08312,水產養殖細學類,學士班,15,2,1443.0,328.0,1428.0,326.0,0.0104,True,0.00079,0.0018,-0.1,0.439,1.0
112,08411,獸醫細學類,學士班,24,7,1723.0,364.0,1699.0,357.0,0.01393,True,0.00127,0.00215,-0.09,0.591,1.0
112,09111,牙醫細學類,學士班,88,8,3305.0,630.0,3217.0,622.0,0.02663,True,0.00465,0.00406,0.06,1.145,1.0
112,09121,醫學細學類,學士班,163,20,9847.0,1626.0,9684.0,1606.0,0.01655,True,0.00861,0.01223,-0.36,0.704,1.0
112,09131,護理及助產細學類,學士班,900,335,23829.0,8315.0,22929.0,7980.0,0.03777,True,0.04755,0.02897,1.86,1.641,1.0
112,09141,醫學技術及檢驗細學類,學士班,156,35,7432.0,2090.0,7276.0,2055.0,0.02099,True,0.00824,0.00919,-0.09,0.897,1.0
112,09151,物理治療細學類,學士班,89,11,3128.0,683.0,3039.0,672.0,0.02845,True,0.0047,0.00384,0.09,1.224,1.0
112,09152,職能治療細學類,學士班,41,8,1713.0,353.0,1672.0,345.0,0.02393,True,0.00217,0.00211,0.01,1.028,1.0
112,09153,語言治療與聽力細學類,學士班,23,3,1324.0,310.0,1301.0,307.0,0.01737,True,0.00122,0.00164,-0.04,0.744,1.0
112,09159,其他治療及復健細學類,學士班,17,0,401.0,89.0,384.0,89.0,0.04239,True,0.0009,0.00049,0.04,1.837,1.0
112,09161,藥學細學類,學士班,123,11,6812.0,1251.0,6689.0,1240.0,0.01806,True,0.0065,0.00845,-0.19,0.769,1.0
112,09171,傳統醫學、輔助醫學及治療細學類,學士班,6,0,560.0,117.0,554.0,117.0,0.01071,True,0.00032,0.0007,-0.04,0.457,1.0
112,09191,公共衛生細學類,學士班,141,26,2323.0,518.0,2182.0,492.0,0.0607,True,0.00745,0.00276,0.47,2.699,1.0
112,09199,其他醫藥衛生細學類,學士班,9,1,1427.0,306.0,1418.0,305.0,0.00631,True,0.00048,0.00179,-0.13,0.268,1.0
112,09211,老年照顧服務細學類,學士班,237,41,4550.0,1338.0,4313.0,1297.0,0.05209,True,0.01252,0.00545,0.71,2.297,1.0
112,09212,失能者照顧細學類,學士班,0,0,78.0,18.0,78.0,18.0,0.0,True,0.0,0.0001,-0.01,0.0,1.0
112,09221,兒童及青少年照顧服務細學類,學士班,340,107,8256.0,2981.0,7916.0,2874.0,0.04118,True,0.01796,0.01,0.8,1.796,1.0
112,09231,社會工作細學類,學士班,795,196,9383.0,2665.0,8588.0,2469.0,0.08473,True,0.042,0.01085,3.12,3.871,1.0
112,09299,其他社會福利細學類,學士班,11,3,333.0,95.0,322.0,92.0,0.03303,True,0.00058,0.00041,0.02,1.415,1.0
112,10111,家政服務細學類,學士班,8,1,438.0,198.0,430.0,197.0,0.01826,True,0.00042,0.00054,-0.01,0.778,1.0
112,10121,美髮美容服務細學類,學士班,239,45,7970.0,2457.0,7731.0,2412.0,0.02999,True,0.01263,0.00977,0.29,1.293,1.0
112,10131,旅館及餐飲細學類,學士班,625,153,26988.0,7973.0,26363.0,7820.0,0.02316,True,0.03302,0.03331,-0.03,0.991,1.0
112,10141,競技運動細學類,學士班,940,112,5381.0,994.0,4441.0,882.0,0.17469,True,0.04966,0.00561,4.4,8.852,1.0
112,10142,運動科技細學類,學士班,52,6,1141.0,225.0,1089.0,219.0,0.04557,True,0.00275,0.00138,0.14,1.993,1.0
112,10151,旅遊觀光細學類,學士班,593,120,18710.0,5880.0,18117.0,5760.0,0.03169,True,0.03133,0.02289,0.84,1.369,1.0
112,10152,遊憩、運動和休閒管理細學類,學士班,889,204,13234.0,3752.0,12345.0,3548.0,0.06718,True,0.04697,0.0156,3.14,3.011,1.0
112,10199,其他餐旅及民生服務細學類,學士班,90,33,1868.0,436.0,1778.0,403.0,0.04818,True,0.00476,0.00225,0.25,2.116,1.0
112,10221,職業衛生及安全細學類,學士班,36,9,1430.0,436.0,1394.0,427.0,0.02517,True,0.0019,0.00176,0.01,1.08,1.0
112,10321,警政細學類,學士班,37,10,762.0,306.0,725.0,296.0,0.04856,True,0.00195,0.00092,0.1,2.12,1.0
112,10411,運輸管理細學類,學士班,27,2,1863.0,463.0,1836.0,461.0,0.01449,True,0.00143,0.00232,-0.09,0.616,1.0
112,10412,航運管理細學類,學士班,45,12,2061.0,511.0,2016.0,499.0,0.02183,True,0.00238,0.00255,-0.02,0.933,1.0
112,10413,空運管理細學類,學士班,32,6,1057.0,333.0,1025.0,327.0,0.03027,True,0.00169,0.00129,0.04,1.31,1.0
112,10414,航海細學類,學士班,37,8,1281.0,351.0,1244.0,343.0,0.02888,True,0.00195,0.00157,0.04,1.242,1.0
112,10499,其他運輸服務細學類,學士班,7,1,402.0,136.0,395.0,135.0,0.01741,True,0.00037,0.0005,-0.01,0.74,1.0
112,99999,其他細學類,學士班,864,0,1695.0,125.0,831.0,125.0,0.50973,False,,,,,1.0
112,01111,綜合教育細學類,碩士班,217,32,4289.0,820.0,4072.0,788.0,0.05059,True,0.08789,0.02346,6.44,3.746,1.0
112,01112,成人教育細學類,碩士班,7,0,378.0,79.0,371.0,79.0,0.01852,True,0.00284,0.00214,0.07,1.327,1.0
112,01113,特殊教育細學類,碩士班,17,3,1308.0,244.0,1291.0,241.0,0.013,True,0.00689,0.00744,-0.06,0.926,1.0
112,01114,教育行政細學類,碩士班,54,3,966.0,183.0,912.0,180.0,0.0559,True,0.02187,0.00526,1.66,4.158,1.0
112,01115,課程與教學細學類,碩士班,20,2,639.0,101.0,619.0,99.0,0.0313,True,0.0081,0.00357,0.45,2.269,1.0
112,01116,教育科技細學類,碩士班,4,0,388.0,107.0,384.0,107.0,0.01031,True,0.00162,0.00221,-0.06,0.733,1.0
112,01118,技職教育細學類,碩士班,4,1,389.0,116.0,385.0,115.0,0.01028,True,0.00162,0.00222,-0.06,0.73,1.0
112,01121,幼兒師資教育細學類,碩士班,48,5,1234.0,187.0,1186.0,182.0,0.0389,True,0.01944,0.00683,1.26,2.846,1.0
112,01131,普通科目師資教育細學類,碩士班,22,2,1309.0,263.0,1287.0,261.0,0.01681,True,0.00891,0.00742,0.15,1.201,1.0
112,01141,專業科目師資教育細學類,碩士班,110,14,2437.0,528.0,2327.0,514.0,0.04514,True,0.04455,0.01341,3.11,3.322,1.0
112,01199,其他教育細學類,碩士班,8,0,610.0,106.0,602.0,106.0,0.01311,True,0.00324,0.00347,-0.02,0.934,1.0
112,02111,視覺藝術細學類,碩士班,11,2,894.0,154.0,883.0,152.0,0.0123,True,0.00446,0.00509,-0.06,0.876,1.0
112,02112,視覺傳達設計細學類,碩士班,9,3,1223.0,339.0,1214.0,336.0,0.00736,True,0.00365,0.007,-0.34,0.521,1.0
112,02121,應用藝術細學類,碩士班,9,1,489.0,110.0,480.0,109.0,0.0184,True,0.00365,0.00277,0.09,1.318,1.0
112,02122,綜合設計細學類,碩士班,9,5,930.0,337.0,921.0,332.0,0.00968,True,0.00365,0.00531,-0.17,0.687,1.0
112,02123,產品設計細學類,碩士班,1,1,709.0,182.0,708.0,181.0,0.00141,True,0.00041,0.00408,-0.37,0.1,1.0
112,02124,空間設計細學類,碩士班,2,0,266.0,99.0,264.0,99.0,0.00752,True,0.00081,0.00152,-0.07,0.533,1.0
112,02125,時尚設計與管理細學類,碩士班,6,0,262.0,58.0,256.0,58.0,0.0229,True,0.00243,0.00148,0.09,1.642,1.0
112,02131,純藝術細學類,碩士班,16,4,1938.0,326.0,1922.0,322.0,0.00826,True,0.00648,0.01108,-0.46,0.585,1.0
112,02132,雕塑細學類,碩士班,0,0,32.0,6.0,32.0,6.0,0.0,True,0.0,0.00018,-0.02,0.0,1.0
112,02141,美術工藝細學類,碩士班,1,0,140.0,28.0,139.0,28.0,0.00714,True,0.00041,0.0008,-0.04,0.512,1.0
112,02151,音樂細學類,碩士班,48,14,2174.0,499.0,2126.0,485.0,0.02208,True,0.01944,0.01225,0.72,1.587,1.0
112,02152,表演藝術細學類,碩士班,16,1,653.0,125.0,637.0,124.0,0.0245,True,0.00648,0.00367,0.28,1.766,1.0
112,02191,綜合藝術細學類,碩士班,23,8,783.0,163.0,760.0,155.0,0.02937,True,0.00932,0.00438,0.49,2.128,1.0
112,02192,藝術行政細學類,碩士班,3,0,427.0,75.0,424.0,75.0,0.00703,True,0.00122,0.00244,-0.12,0.5,1.0
112,02199,其他藝術細學類,碩士班,5,1,243.0,48.0,238.0,47.0,0.02058,True,0.00203,0.00137,0.07,1.482,1.0
112,02211,宗教細學類,碩士班,41,10,632.0,97.0,591.0,87.0,0.06487,True,0.01661,0.00341,1.32,4.871,1.0
112,02221,歷史細學類,碩士班,4,0,935.0,147.0,931.0,147.0,0.00428,True,0.00162,0.00536,-0.37,0.302,1.0
112,02222,人類學及民族學細學類,碩士班,33,8,201.0,34.0,168.0,26.0,0.16418,True,0.01337,0.00097,1.24,13.784,1.0
112,02231,哲學細學類,碩士班,2,0,417.0,51.0,415.0,51.0,0.0048,True,0.00081,0.00239,-0.16,0.339,1.0
112,02299,其他人文細學類,碩士班,51,7,1145.0,182.0,1094.0,175.0,0.04454,True,0.02066,0.0063,1.44,3.279,1.0
112,02311,外國語文細學類,碩士班,25,3,2656.0,493.0,2631.0,490.0,0.00941,True,0.01013,0.01516,-0.5,0.668,1.0
112,02312,翻譯細學類,碩士班,4,0,284.0,72.0,280.0,72.0,0.01408,True,0.00162,0.00161,0.0,1.006,1.0
112,02313,華語文為第二語言細學類,碩士班,2,0,382.0,67.0,380.0,67.0,0.00524,True,0.00081,0.00219,-0.14,0.37,1.0
112,02321,臺灣語文細學類,碩士班,53,7,682.0,94.0,629.0,87.0,0.07771,True,0.02147,0.00362,1.78,5.931,1.0
112,02322,中國語文細學類,碩士班,10,1,2031.0,358.0,2021.0,357.0,0.00492,True,0.00405,0.01165,-0.76,0.348,1.0
112,02323,華語文細學類,碩士班,5,0,343.0,63.0,338.0,63.0,0.01458,True,0.00203,0.00195,0.01,1.041,1.0
112,02399,其他語文細學類,碩士班,6,3,282.0,69.0,276.0,66.0,0.02128,True,0.00243,0.00159,0.08,1.528,1.0
112,03111,經濟學細學類,碩士班,9,1,1279.0,445.0,1270.0,444.0,0.00704,True,0.00365,0.00732,-0.37,0.499,1.0
112,03121,政治學細學類,碩士班,1,0,753.0,160.0,752.0,160.0,0.00133,True,0.00041,0.00433,-0.39,0.095,1.0
112,03122,國際關係細學類,碩士班,3,4,633.0,161.0,630.0,157.0,0.00474,True,0.00122,0.00363,-0.24,0.336,1.0
112,03131,心理學細學類,碩士班,45,3,3983.0,779.0,3938.0,776.0,0.0113,True,0.01823,0.02269,-0.45,0.803,1.0
112,03141,社會學細學類,碩士班,85,10,973.0,214.0,888.0,204.0,0.08736,True,0.03443,0.00512,2.93,6.725,1.0
112,03142,地理學細學類,碩士班,2,1,316.0,70.0,314.0,69.0,0.00633,True,0.00081,0.00181,-0.1,0.448,1.0
112,03143,區域研究細學類,碩士班,49,6,1217.0,245.0,1168.0,239.0,0.04026,True,0.01985,0.00673,1.31,2.949,1.0
112,03191,發展研究細學類,碩士班,6,1,720.0,174.0,714.0,173.0,0.00833,True,0.00243,0.00411,-0.17,0.591,1.0
112,03199,其他社會及行為科學細學類,碩士班,60,9,813.0,171.0,753.0,162.0,0.0738,True,0.0243,0.00434,2.0,5.599,1.0
112,03211,大眾傳播細學類,碩士班,4,4,849.0,221.0,845.0,217.0,0.00471,True,0.00162,0.00487,-0.32,0.333,1.0
112,03212,新聞細學類,碩士班,0,0,153.0,37.0,153.0,37.0,0.0,True,0.0,0.00088,-0.09,0.0,1.0
112,03213,電子媒體細學類,碩士班,1,0,145.0,47.0,144.0,47.0,0.0069,True,0.00041,0.00083,-0.04,0.494,1.0
112,03214,傳播細學類,碩士班,3,0,404.0,76.0,401.0,76.0,0.00743,True,0.00122,0.00231,-0.11,0.528,1.0
112,03222,圖書資訊檔案細學類,碩士班,0,1,453.0,80.0,453.0,79.0,0.0,True,0.0,0.00261,-0.26,0.0,1.0
112,04111,會計及稅務細學類,碩士班,4,3,1689.0,780.0,1685.0,777.0,0.00237,True,0.00162,0.00971,-0.81,0.167,1.0
112,04121,財務金融細學類,碩士班,15,5,3353.0,1407.0,3338.0,1402.0,0.00447,True,0.00608,0.01923,-1.32,0.316,1.0
112,04122,財政細學類,碩士班,0,0,287.0,121.0,287.0,121.0,0.0,True,0.0,0.00165,-0.16,0.0,1.0
112,04123,保險及風險管理細學類,碩士班,0,0,312.0,138.0,312.0,138.0,0.0,True,0.0,0.0018,-0.18,0.0,1.0
112,04131,企業管理細學類,碩士班,171,36,14917.0,5756.0,14746.0,5720.0,0.01146,True,0.06926,0.08497,-1.57,0.815,1.0
112,04132,流通及供應鏈細學類,碩士班,16,3,723.0,257.0,707.0,254.0,0.02213,True,0.00648,0.00407,0.24,1.592,1.0
112,04133,醫療管理細學類,碩士班,2,3,784.0,323.0,782.0,320.0,0.00255,True,0.00081,0.00451,-0.37,0.18,1.0
112,04134,公共行政細學類,碩士班,58,15,2097.0,539.0,2039.0,524.0,0.02766,True,0.02349,0.01175,1.17,1.999,1.0
112,04141,國際貿易細學類,碩士班,2,0,565.0,237.0,563.0,237.0,0.00354,True,0.00081,0.00324,-0.24,0.25,1.0
112,04143,行銷及廣告細學類,碩士班,7,2,501.0,147.0,494.0,145.0,0.01397,True,0.00284,0.00285,-0.0,0.996,1.0
112,04161,批發及零售細學類,碩士班,0,0,,,,,,True,0.0,,,,1.0
112,04191,一般商業細學類,碩士班,2,3,446.0,158.0,444.0,155.0,0.00448,True,0.00081,0.00256,-0.18,0.316,1.0
112,04199,其他商業及管理細學類,碩士班,30,4,5248.0,1878.0,5218.0,1874.0,0.00572,True,0.01215,0.03007,-1.79,0.404,1.0
112,04211,一般法律細學類,碩士班,85,8,4157.0,602.0,4072.0,594.0,0.02045,True,0.03443,0.02346,1.1,1.468,1.0
112,04212,專業法律細學類,碩士班,25,5,2452.0,514.0,2427.0,509.0,0.0102,True,0.01013,0.01399,-0.39,0.724,1.0
112,05111,生物學細學類,碩士班,4,1,774.0,228.0,770.0,227.0,0.00517,True,0.00162,0.00444,-0.28,0.365,1.0
112,05121,生物科技細學類,碩士班,15,1,1800.0,592.0,1785.0,591.0,0.00833,True,0.00608,0.01029,-0.42,0.591,1.0
112,05122,微生物細學類,碩士班,0,0,123.0,52.0,123.0,52.0,0.0,True,0.0,0.00071,-0.07,0.0,1.0
112,05123,生物化學細學類,碩士班,0,1,298.0,119.0,298.0,118.0,0.0,True,0.0,0.00172,-0.17,0.0,1.0
112,05124,生物訊息及遺傳細學類,碩士班,1,0,126.0,36.0,125.0,36.0,0.00794,True,0.00041,0.00072,-0.03,0.569,1.0
112,05191,營養細學類,碩士班,5,0,306.0,123.0,301.0,123.0,0.01634,True,0.00203,0.00173,0.03,1.173,1.0
112,05199,其他生命科學細學類,碩士班,1,0,73.0,20.0,72.0,20.0,0.0137,True,0.00041,0.00041,0.0,1.0,1.0
112,05211,環境資源細學類,碩士班,12,5,524.0,128.0,512.0,123.0,0.0229,True,0.00486,0.00295,0.19,1.647,1.0
112,05212,生態細學類,碩士班,0,0,98.0,24.0,98.0,24.0,0.0,True,0.0,0.00056,-0.06,0.0,1.0
112,05221,自然環境及野生動物細學類,碩士班,1,0,57.0,13.0,56.0,13.0,0.01754,True,0.00041,0.00032,0.01,1.281,1.0
112,05291,環境防災細學類,碩士班,2,0,26.0,5.0,24.0,5.0,0.07692,True,0.00081,0.00014,0.07,5.786,1.0
112,05292,水土保持細學類,碩士班,2,0,145.0,50.0,143.0,50.0,0.01379,True,0.00081,0.00082,-0.0,0.988,1.0
112,05311,化學細學類,碩士班,6,4,2150.0,766.0,2144.0,762.0,0.00279,True,0.00243,0.01235,-0.99,0.197,1.0
112,05321,地球科學及環境細學類,碩士班,0,2,393.0,135.0,393.0,133.0,0.0,True,0.0,0.00226,-0.23,0.0,1.0
112,05322,大氣及太空科學細學類,碩士班,2,0,147.0,58.0,145.0,58.0,0.01361,True,0.00081,0.00084,-0.0,0.964,1.0
112,05323,海洋科學細學類,碩士班,2,0,357.0,114.0,355.0,114.0,0.0056,True,0.00081,0.00205,-0.12,0.395,1.0
112,05331,物理及應用物理細學類,碩士班,2,1,1405.0,415.0,1403.0,414.0,0.00142,True,0.00081,0.00808,-0.73,0.1,1.0
112,05399,其他物理、化學及地球科學細學類,碩士班,2,0,304.0,105.0,302.0,105.0,0.00658,True,0.00081,0.00174,-0.09,0.466,1.0
112,05411,數學細學類,碩士班,2,1,1029.0,335.0,1027.0,334.0,0.00194,True,0.00081,0.00592,-0.51,0.137,1.0
112,05421,統計細學類,碩士班,0,2,748.0,284.0,748.0,282.0,0.0,True,0.0,0.00431,-0.43,0.0,1.0
112,05499,其他數學及統計細學類,碩士班,0,0,47.0,16.0,47.0,16.0,0.0,True,0.0,0.00027,-0.03,0.0,1.0
112,06111,電腦運用細學類,碩士班,1,1,390.0,133.0,389.0,132.0,0.00256,True,0.00041,0.00224,-0.18,0.183,1.0
112,06121,資料庫、網路設計及管理細學類,碩士班,1,0,246.0,79.0,245.0,79.0,0.00407,True,0.00041,0.00141,-0.1,0.291,1.0
112,06131,資訊技術細學類,碩士班,56,17,11924.0,3771.0,11868.0,3754.0,0.0047,True,0.02268,0.06839,-4.57,0.332,1.0
112,06132,軟體開發細學類,碩士班,4,2,905.0,251.0,901.0,249.0,0.00442,True,0.00162,0.00519,-0.36,0.312,1.0
112,06133,系統設計細學類,碩士班,2,2,191.0,57.0,189.0,55.0,0.01047,True,0.00081,0.00109,-0.03,0.743,1.0
112,06134,電算機應用細學類,碩士班,13,1,772.0,206.0,759.0,205.0,0.01684,True,0.00527,0.00437,0.09,1.206,1.0
112,06199,其他資訊通訊科技細學類,碩士班,0,0,186.0,31.0,186.0,31.0,0.0,True,0.0,0.00107,-0.11,0.0,1.0
112,07111,化學工程細學類,碩士班,9,1,3219.0,1308.0,3210.0,1307.0,0.0028,True,0.00365,0.0185,-1.48,0.197,1.0
112,07112,材料工程細學類,碩士班,8,1,2486.0,924.0,2478.0,923.0,0.00322,True,0.00324,0.01428,-1.1,0.227,1.0
112,07121,環境工程細學類,碩士班,6,1,1885.0,592.0,1879.0,591.0,0.00318,True,0.00243,0.01083,-0.84,0.224,1.0
112,07122,河海工程細學類,碩士班,0,0,331.0,128.0,331.0,128.0,0.0,True,0.0,0.00191,-0.19,0.0,1.0
112,07132,能源工程細學類,碩士班,7,0,596.0,204.0,589.0,204.0,0.01174,True,0.00284,0.00339,-0.05,0.838,1.0
112,07141,電機與電子工程細學類,碩士班,53,16,17897.0,5620.0,17844.0,5604.0,0.00296,True,0.02147,0.10282,-8.14,0.209,1.0
112,07151,機械工程細學類,碩士班,23,6,7376.0,2522.0,7353.0,2516.0,0.00312,True,0.00932,0.04237,-3.3,0.22,1.0
112,07161,車輛工程細學類,碩士班,2,2,295.0,102.0,293.0,100.0,0.00678,True,0.00081,0.00169,-0.09,0.479,1.0
112,07162,航空工程細學類,碩士班,2,1,480.0,196.0,478.0,195.0,0.00417,True,0.00081,0.00275,-0.19,0.295,1.0
112,07163,造船工程細學類,碩士班,0,0,269.0,76.0,269.0,76.0,0.0,True,0.0,0.00155,-0.16,0.0,1.0
112,07191,工業工程細學類,碩士班,10,2,2989.0,1008.0,2979.0,1006.0,0.00335,True,0.00405,0.01717,-1.31,0.236,1.0
112,07192,紡織工程細學類,碩士班,2,0,63.0,32.0,61.0,32.0,0.03175,True,0.00081,0.00035,0.05,2.314,1.0
112,07193,生醫工程細學類,碩士班,5,1,1255.0,386.0,1250.0,385.0,0.00398,True,0.00203,0.0072,-0.52,0.282,1.0
112,07194,綜合工程細學類,碩士班,1,0,314.0,90.0,313.0,90.0,0.00318,True,0.00041,0.0018,-0.14,0.228,1.0
112,07199,其他工程及工程業細學類,碩士班,2,0,843.0,164.0,841.0,164.0,0.00237,True,0.00081,0.00485,-0.4,0.167,1.0
112,07211,食品科學細學類,碩士班,4,1,973.0,389.0,969.0,388.0,0.00411,True,0.00162,0.00558,-0.4,0.29,1.0
112,07241,採礦及提煉細學類,碩士班,0,0,88.0,36.0,88.0,36.0,0.0,True,0.0,0.00051,-0.05,0.0,1.0
112,07311,建築細學類,碩士班,18,2,1465.0,419.0,1447.0,417.0,0.01229,True,0.00729,0.00834,-0.11,0.874,1.0
112,07312,景觀設計細學類,碩士班,4,0,265.0,66.0,261.0,66.0,0.01509,True,0.00162,0.0015,0.01,1.08,1.0
112,07313,都巿規劃細學類,碩士班,4,1,441.0,120.0,437.0,119.0,0.00907,True,0.00162,0.00252,-0.09,0.643,1.0
112,07321,土木工程細學類,碩士班,33,12,3143.0,1182.0,3110.0,1170.0,0.0105,True,0.01337,0.01792,-0.45,0.746,1.0
112,07322,空間資訊及測繪細學類,碩士班,0,0,63.0,22.0,63.0,22.0,0.0,True,0.0,0.00036,-0.04,0.0,1.0
112,08111,農作物生產細學類,碩士班,3,0,353.0,86.0,350.0,86.0,0.0085,True,0.00122,0.00202,-0.08,0.604,1.0
112,08112,畜牧生產細學類,碩士班,1,0,223.0,70.0,222.0,70.0,0.00448,True,0.00041,0.00128,-0.09,0.32,1.0
112,08121,園藝細學類,碩士班,0,0,249.0,76.0,249.0,76.0,0.0,True,0.0,0.00143,-0.14,0.0,1.0
112,08193,農業經濟及推廣細學類,碩士班,8,0,436.0,157.0,428.0,157.0,0.01835,True,0.00324,0.00247,0.08,1.312,1.0
112,08194,植物保護細學類,碩士班,1,0,203.0,47.0,202.0,47.0,0.00493,True,0.00041,0.00116,-0.08,0.353,1.0
112,08199,其他農業細學類,碩士班,1,0,73.0,33.0,72.0,33.0,0.0137,True,0.00041,0.00041,0.0,1.0,1.0
112,08211,林業細學類,碩士班,3,3,314.0,106.0,311.0,103.0,0.00955,True,0.00122,0.00179,-0.06,0.682,1.0
112,08311,漁業科學細學類,碩士班,1,0,115.0,37.0,114.0,37.0,0.0087,True,0.00041,0.00066,-0.02,0.621,1.0
112,08312,水產養殖細學類,碩士班,1,0,166.0,78.0,165.0,78.0,0.00602,True,0.00041,0.00095,-0.05,0.432,1.0
112,08411,獸醫細學類,碩士班,1,0,241.0,95.0,240.0,95.0,0.00415,True,0.00041,0.00138,-0.1,0.297,1.0
112,09111,牙醫細學類,碩士班,2,0,382.0,94.0,380.0,94.0,0.00524,True,0.00081,0.00219,-0.14,0.37,1.0
112,09121,醫學細學類,碩士班,10,1,1349.0,481.0,1339.0,480.0,0.00741,True,0.00405,0.00772,-0.37,0.525,1.0
112,09131,護理及助產細學類,碩士班,111,8,2413.0,502.0,2302.0,494.0,0.046,True,0.04496,0.01327,3.17,3.388,1.0
112,09141,醫學技術及檢驗細學類,碩士班,1,3,682.0,281.0,681.0,278.0,0.00147,True,0.00041,0.00392,-0.35,0.105,1.0
112,09151,物理治療細學類,碩士班,5,1,204.0,71.0,199.0,70.0,0.02451,True,0.00203,0.00115,0.09,1.765,1.0
112,09152,職能治療細學類,碩士班,1,0,128.0,38.0,127.0,38.0,0.00781,True,0.00041,0.00073,-0.03,0.562,1.0
112,09153,語言治療與聽力細學類,碩士班,0,0,135.0,21.0,135.0,21.0,0.0,True,0.0,0.00078,-0.08,0.0,1.0
112,09159,其他治療及復健細學類,碩士班,4,0,139.0,40.0,135.0,40.0,0.02878,True,0.00162,0.00078,0.08,2.077,1.0
112,09161,藥學細學類,碩士班,3,3,679.0,275.0,676.0,272.0,0.00442,True,0.00122,0.0039,-0.27,0.313,1.0
112,09171,傳統醫學、輔助醫學及治療細學類,碩士班,4,1,244.0,85.0,240.0,84.0,0.01639,True,0.00162,0.00138,0.02,1.174,1.0
112,09191,公共衛生細學類,碩士班,8,4,1083.0,390.0,1075.0,386.0,0.00739,True,0.00324,0.00619,-0.3,0.523,1.0
112,09199,其他醫藥衛生細學類,碩士班,6,1,281.0,106.0,275.0,105.0,0.02135,True,0.00243,0.00158,0.08,1.538,1.0
112,09211,老年照顧服務細學類,碩士班,33,1,664.0,138.0,631.0,137.0,0.0497,True,0.01337,0.00364,0.97,3.673,1.0
112,09212,失能者照顧細學類,碩士班,1,0,70.0,20.0,69.0,20.0,0.01429,True,0.00041,0.0004,0.0,1.025,1.0
112,09221,兒童及青少年照顧服務細學類,碩士班,8,1,544.0,114.0,536.0,113.0,0.01471,True,0.00324,0.00309,0.01,1.049,1.0
112,09231,社會工作細學類,碩士班,87,4,1117.0,218.0,1030.0,214.0,0.07789,True,0.03524,0.00594,2.93,5.933,1.0
112,09299,其他社會福利細學類,碩士班,26,5,128.0,20.0,102.0,15.0,0.20312,True,0.01053,0.00059,0.99,17.847,1.0
112,10111,家政服務細學類,碩士班,3,0,141.0,27.0,138.0,27.0,0.02128,True,0.00122,0.0008,0.04,1.525,1.0
112,10121,美髮美容服務細學類,碩士班,5,3,273.0,81.0,268.0,78.0,0.01832,True,0.00203,0.00154,0.05,1.318,1.0
112,10131,旅館及餐飲細學類,碩士班,4,1,366.0,134.0,362.0,133.0,0.01093,True,0.00162,0.00209,-0.05,0.775,1.0
112,10141,競技運動細學類,碩士班,55,8,650.0,158.0,595.0,150.0,0.08462,True,0.02228,0.00343,1.89,6.496,1.0
112,10142,運動科技細學類,碩士班,10,2,337.0,117.0,327.0,115.0,0.02967,True,0.00405,0.00188,0.22,2.154,1.0
112,10151,旅遊觀光細學類,碩士班,54,10,1240.0,412.0,1186.0,402.0,0.04355,True,0.02187,0.00683,1.5,3.202,1.0
112,10152,遊憩、運動和休閒管理細學類,碩士班,61,14,1452.0,428.0,1391.0,414.0,0.04201,True,0.02471,0.00802,1.67,3.081,1.0
112,10199,其他餐旅及民生服務細學類,碩士班,21,9,187.0,56.0,166.0,47.0,0.1123,True,0.00851,0.00096,0.76,8.865,1.0
112,10221,職業衛生及安全細學類,碩士班,3,0,192.0,73.0,189.0,73.0,0.01562,True,0.00122,0.00109,0.01,1.119,1.0
112,10321,警政細學類,碩士班,0,0,23.0,18.0,23.0,18.0,0.0,True,0.0,0.00013,-0.01,0.0,1.0
112,10411,運輸管理細學類,碩士班,2,0,450.0,169.0,448.0,169.0,0.00444,True,0.00081,0.00258,-0.18,0.314,1.0
112,10412,航運管理細學類,碩士班,1,0,361.0,123.0,360.0,123.0,0.00277,True,0.00041,0.00207,-0.17,0.198,1.0
112,10413,空運管理細學類,碩士班,0,0,35.0,6.0,35.0,6.0,0.0,True,0.0,0.0002,-0.02,0.0,1.0
112,10414,航海細學類,碩士班,0,0,83.0,21.0,83.0,21.0,0.0,True,0.0,0.00048,-0.05,0.0,1.0
112,10499,其他運輸服務細學類,碩士班,0,0,,,,,,True,0.0,,,,1.0
112,99999,其他細學類,碩士班,4,0,288.0,68.0,284.0,68.0,0.01389,False,,,,,1.0
112,01111,綜合教育細學類,總計,401,56,8742.0,1736.0,8341.0,1680.0,0.04587,True,0.01545,0.00783,0.76,1.973,1.0
112,01112,成人教育細學類,總計,8,1,585.0,116.0,577.0,115.0,0.01368,True,0.00031,0.00054,-0.02,0.574,1.0
112,01113,特殊教育細學類,總計,95,18,3934.0,848.0,3839.0,830.0,0.02415,True,0.00366,0.0036,0.01,1.017,1.0
112,01114,教育行政細學類,總計,76,9,1904.0,366.0,1828.0,357.0,0.03992,True,0.00293,0.00172,0.12,1.703,1.0
112,01115,課程與教學細學類,總計,21,2,769.0,110.0,748.0,108.0,0.02731,True,0.00081,0.0007,0.01,1.157,1.0
112,01116,教育科技細學類,總計,24,3,1309.0,307.0,1285.0,304.0,0.01833,True,0.00092,0.00121,-0.03,0.76,1.0
112,01118,技職教育細學類,總計,4,1,512.0,131.0,508.0,130.0,0.00781,True,0.00015,0.00048,-0.03,0.312,1.0
112,01121,幼兒師資教育細學類,總計,315,55,5129.0,1302.0,4814.0,1247.0,0.06142,True,0.01214,0.00452,0.76,2.686,1.0
112,01131,普通科目師資教育細學類,總計,91,17,4179.0,920.0,4088.0,903.0,0.02178,True,0.00351,0.00384,-0.03,0.914,1.0
112,01141,專業科目師資教育細學類,總計,562,79,7542.0,1610.0,6980.0,1531.0,0.07452,True,0.02166,0.00655,1.51,3.307,1.0
112,01199,其他教育細學類,總計,11,2,1112.0,168.0,1101.0,166.0,0.00989,True,0.00042,0.00103,-0.06,0.408,1.0
112,02111,視覺藝術細學類,總計,122,18,6113.0,1257.0,5991.0,1239.0,0.01996,True,0.0047,0.00562,-0.09,0.836,1.0
112,02112,視覺傳達設計細學類,總計,382,84,21790.0,5586.0,21408.0,5502.0,0.01753,True,0.01472,0.02009,-0.54,0.733,1.0
112,02121,應用藝術細學類,總計,34,5,1768.0,449.0,1734.0,444.0,0.01923,True,0.00131,0.00163,-0.03,0.804,1.0
112,02122,綜合設計細學類,總計,356,48,12247.0,3165.0,11891.0,3117.0,0.02907,True,0.01372,0.01116,0.26,1.229,1.0
112,02123,產品設計細學類,總計,140,27,7731.0,2091.0,7591.0,2064.0,0.01811,True,0.0054,0.00712,-0.17,0.758,1.0
112,02124,空間設計細學類,總計,92,16,4826.0,1256.0,4734.0,1240.0,0.01906,True,0.00355,0.00444,-0.09,0.8,1.0
112,02125,時尚設計與管理細學類,總計,72,15,3808.0,867.0,3736.0,852.0,0.01891,True,0.00277,0.00351,-0.07,0.789,1.0
112,02131,純藝術細學類,總計,77,17,6768.0,1340.0,6691.0,1323.0,0.01138,True,0.00297,0.00628,-0.33,0.473,1.0
112,02132,雕塑細學類,總計,5,0,193.0,48.0,188.0,48.0,0.02591,True,0.00019,0.00018,0.0,1.056,1.0
112,02141,美術工藝細學類,總計,140,27,991.0,232.0,851.0,205.0,0.14127,True,0.0054,0.0008,0.46,6.75,1.0
112,02151,音樂細學類,總計,326,66,8746.0,1831.0,8420.0,1765.0,0.03727,True,0.01256,0.0079,0.47,1.59,1.0
112,02152,表演藝術細學類,總計,420,55,6951.0,1359.0,6531.0,1304.0,0.06042,True,0.01619,0.00613,1.01,2.641,1.0
112,02191,綜合藝術細學類,總計,48,12,1923.0,388.0,1875.0,376.0,0.02496,True,0.00185,0.00176,0.01,1.051,1.0
112,02192,藝術行政細學類,總計,16,2,855.0,185.0,839.0,183.0,0.01871,True,0.00062,0.00079,-0.02,0.785,1.0
112,02199,其他藝術細學類,總計,83,13,1291.0,259.0,1208.0,246.0,0.06429,True,0.0032,0.00113,0.21,2.832,1.0
112,02211,宗教細學類,總計,54,12,1343.0,214.0,1289.0,202.0,0.04021,True,0.00208,0.00121,0.09,1.719,1.0
112,02221,歷史細學類,總計,97,10,5166.0,987.0,5069.0,977.0,0.01878,True,0.00374,0.00476,-0.1,0.786,1.0
112,02222,人類學及民族學細學類,總計,155,38,811.0,147.0,656.0,109.0,0.19112,True,0.00597,0.00062,0.53,9.629,1.0
112,02231,哲學細學類,總計,26,1,2241.0,375.0,2215.0,374.0,0.0116,True,0.001,0.00208,-0.11,0.481,1.0
112,02299,其他人文細學類,總計,260,22,4061.0,819.0,3801.0,797.0,0.06402,True,0.01002,0.00357,0.64,2.807,1.0
112,02311,外國語文細學類,總計,885,192,50544.0,12616.0,49659.0,12424.0,0.01751,True,0.03411,0.04661,-1.25,0.732,1.0
112,02312,翻譯細學類,總計,10,1,689.0,196.0,679.0,195.0,0.01451,True,0.00039,0.00064,-0.03,0.609,1.0
112,02313,華語文為第二語言細學類,總計,4,1,898.0,163.0,894.0,162.0,0.00445,True,0.00015,0.00084,-0.07,0.179,1.0
112,02321,臺灣語文細學類,總計,306,30,2092.0,330.0,1786.0,300.0,0.14627,True,0.01179,0.00168,1.01,7.018,1.0
112,02322,中國語文細學類,總計,155,21,12046.0,2590.0,11891.0,2569.0,0.01287,True,0.00597,0.01116,-0.52,0.535,1.0
112,02323,華語文細學類,總計,35,5,2296.0,578.0,2261.0,573.0,0.01524,True,0.00135,0.00212,-0.08,0.637,1.0
112,02399,其他語文細學類,總計,10,3,354.0,80.0,344.0,77.0,0.02825,True,0.00039,0.00032,0.01,1.219,1.0
112,03111,經濟學細學類,總計,103,15,10380.0,2557.0,10277.0,2542.0,0.00992,True,0.00397,0.00965,-0.57,0.411,1.0
112,03121,政治學細學類,總計,50,8,3794.0,818.0,3744.0,810.0,0.01318,True,0.00193,0.00351,-0.16,0.55,1.0
112,03122,國際關係細學類,總計,16,7,1795.0,438.0,1779.0,431.0,0.00891,True,0.00062,0.00167,-0.11,0.371,1.0
112,03131,心理學細學類,總計,248,41,11175.0,2363.0,10927.0,2322.0,0.02219,True,0.00956,0.01026,-0.07,0.932,1.0
112,03141,社會學細學類,總計,380,74,5030.0,1140.0,4650.0,1066.0,0.07555,True,0.01464,0.00436,1.03,3.358,1.0
112,03142,地理學細學類,總計,38,5,1419.0,295.0,1381.0,290.0,0.02678,True,0.00146,0.0013,0.02,1.123,1.0
112,03143,區域研究細學類,總計,71,13,2743.0,549.0,2672.0,536.0,0.02588,True,0.00274,0.00251,0.02,1.092,1.0
112,03191,發展研究細學類,總計,23,4,1560.0,337.0,1537.0,333.0,0.01474,True,0.00089,0.00144,-0.06,0.618,1.0
112,03199,其他社會及行為科學細學類,總計,152,46,1872.0,424.0,1720.0,378.0,0.0812,True,0.00586,0.00161,0.42,3.64,1.0
112,03211,大眾傳播細學類,總計,271,72,6069.0,1517.0,5798.0,1445.0,0.04465,True,0.01044,0.00544,0.5,1.919,1.0
112,03212,新聞細學類,總計,36,11,1615.0,412.0,1579.0,401.0,0.02229,True,0.00139,0.00148,-0.01,0.939,1.0
112,03213,電子媒體細學類,總計,45,16,1865.0,489.0,1820.0,473.0,0.02413,True,0.00173,0.00171,0.0,1.012,1.0
112,03214,傳播細學類,總計,65,15,3536.0,1048.0,3471.0,1033.0,0.01838,True,0.0025,0.00326,-0.08,0.767,1.0
112,03222,圖書資訊檔案細學類,總計,4,1,1374.0,321.0,1370.0,320.0,0.00291,True,0.00015,0.00129,-0.11,0.116,1.0
112,04111,會計及稅務細學類,總計,143,42,16514.0,4684.0,16371.0,4642.0,0.00866,True,0.00551,0.01537,-0.99,0.358,1.0
112,04121,財務金融細學類,總計,376,61,28333.0,7621.0,27957.0,7560.0,0.01327,True,0.01449,0.02624,-1.18,0.552,1.0
112,04122,財政細學類,總計,65,14,3288.0,912.0,3223.0,898.0,0.01977,True,0.0025,0.00303,-0.05,0.825,1.0
112,04123,保險及風險管理細學類,總計,37,5,4112.0,1064.0,4075.0,1059.0,0.009,True,0.00143,0.00382,-0.24,0.374,1.0
112,04131,企業管理細學類,總計,1122,341,64526.0,18927.0,63404.0,18586.0,0.01739,True,0.04324,0.05951,-1.63,0.727,1.0
112,04132,流通及供應鏈細學類,總計,211,56,9842.0,2883.0,9631.0,2827.0,0.02144,True,0.00813,0.00904,-0.09,0.899,1.0
112,04133,醫療管理細學類,總計,112,39,5625.0,1635.0,5513.0,1596.0,0.01991,True,0.00432,0.00517,-0.08,0.836,1.0
112,04134,公共行政細學類,總計,246,114,7242.0,1823.0,6996.0,1709.0,0.03397,True,0.00948,0.00657,0.29,1.443,1.0
112,04141,國際貿易細學類,總計,125,15,11142.0,3224.0,11017.0,3209.0,0.01122,True,0.00482,0.01034,-0.55,0.466,1.0
112,04143,行銷及廣告細學類,總計,242,41,10070.0,2805.0,9828.0,2764.0,0.02403,True,0.00933,0.00922,0.01,1.012,1.0
112,04161,批發及零售細學類,總計,0,1,64.0,61.0,64.0,60.0,0.0,True,0.0,6e-05,-0.01,0.0,1.0
112,04191,一般商業細學類,總計,120,72,3225.0,913.0,3105.0,841.0,0.03721,True,0.00462,0.00291,0.17,1.588,1.0
112,04199,其他商業及管理細學類,總計,297,47,16429.0,4855.0,16132.0,4808.0,0.01808,True,0.01145,0.01514,-0.37,0.756,1.0
112,04211,一般法律細學類,總計,417,81,13052.0,2729.0,12635.0,2648.0,0.03195,True,0.01607,0.01186,0.42,1.355,1.0
112,04212,專業法律細學類,總計,104,21,6625.0,1445.0,6521.0,1424.0,0.0157,True,0.00401,0.00612,-0.21,0.655,1.0
112,05111,生物學細學類,總計,43,5,4777.0,1052.0,4734.0,1047.0,0.009,True,0.00166,0.00444,-0.28,0.374,1.0
112,05121,生物科技細學類,總計,75,9,8587.0,2213.0,8512.0,2204.0,0.00873,True,0.00289,0.00799,-0.51,0.362,1.0
112,05122,微生物細學類,總計,2,0,360.0,96.0,358.0,96.0,0.00556,True,8e-05,0.00034,-0.03,0.235,1.0
112,05123,生物化學細學類,總計,0,1,793.0,219.0,793.0,218.0,0.0,True,0.0,0.00074,-0.07,0.0,1.0
112,05124,生物訊息及遺傳細學類,總計,1,1,211.0,63.0,210.0,62.0,0.00474,True,4e-05,0.0002,-0.02,0.2,1.0
112,05191,營養細學類,總計,100,17,6353.0,1804.0,6253.0,1787.0,0.01574,True,0.00385,0.00587,-0.2,0.656,1.0
112,05199,其他生命科學細學類,總計,2,1,481.0,93.0,479.0,92.0,0.00416,True,8e-05,0.00045,-0.04,0.178,1.0
112,05211,環境資源細學類,總計,20,8,1449.0,328.0,1429.0,320.0,0.0138,True,0.00077,0.00134,-0.06,0.575,1.0
112,05212,生態細學類,總計,13,1,465.0,80.0,452.0,79.0,0.02796,True,0.0005,0.00042,0.01,1.19,1.0
112,05221,自然環境及野生動物細學類,總計,1,0,57.0,13.0,56.0,13.0,0.01754,True,4e-05,5e-05,-0.0,0.8,1.0
112,05291,環境防災細學類,總計,2,0,26.0,5.0,24.0,5.0,0.07692,True,8e-05,2e-05,0.01,4.0,1.0
112,05292,水土保持細學類,總計,7,0,605.0,150.0,598.0,150.0,0.01157,True,0.00027,0.00056,-0.03,0.482,1.0
112,05311,化學細學類,總計,41,6,9264.0,2279.0,9223.0,2273.0,0.00443,True,0.00158,0.00866,-0.71,0.182,1.0
112,05321,地球科學及環境細學類,總計,7,2,1773.0,405.0,1766.0,403.0,0.00395,True,0.00027,0.00166,-0.14,0.163,1.0
112,05322,大氣及太空科學細學類,總計,10,2,752.0,183.0,742.0,181.0,0.0133,True,0.00039,0.0007,-0.03,0.557,1.0
112,05323,海洋科學細學類,總計,2,0,886.0,225.0,884.0,225.0,0.00226,True,8e-05,0.00083,-0.08,0.096,1.0
112,05331,物理及應用物理細學類,總計,24,3,7344.0,1537.0,7320.0,1534.0,0.00327,True,0.00092,0.00687,-0.6,0.134,1.0
112,05399,其他物理、化學及地球科學細學類,總計,10,5,1710.0,380.0,1700.0,375.0,0.00585,True,0.00039,0.0016,-0.12,0.244,1.0
112,05411,數學細學類,總計,47,7,7548.0,1731.0,7501.0,1724.0,0.00623,True,0.00181,0.00704,-0.52,0.257,1.0
112,05421,統計細學類,總計,15,2,3891.0,1008.0,3876.0,1006.0,0.00386,True,0.00058,0.00364,-0.31,0.159,1.0
112,05499,其他數學及統計細學類,總計,2,0,903.0,188.0,901.0,188.0,0.00221,True,8e-05,0.00085,-0.08,0.094,1.0
112,06111,電腦運用細學類,總計,22,9,2548.0,640.0,2526.0,631.0,0.00863,True,0.00085,0.00237,-0.15,0.359,1.0
112,06121,資料庫、網路設計及管理細學類,總計,17,9,1552.0,487.0,1535.0,478.0,0.01095,True,0.00066,0.00144,-0.08,0.458,1.0
112,06131,資訊技術細學類,總計,591,111,64670.0,15625.0,64079.0,15514.0,0.00914,True,0.02278,0.06014,-3.74,0.379,1.0
112,06132,軟體開發細學類,總計,59,10,5568.0,1159.0,5509.0,1149.0,0.0106,True,0.00227,0.00517,-0.29,0.439,1.0
112,06133,系統設計細學類,總計,27,6,2146.0,543.0,2119.0,537.0,0.01258,True,0.00104,0.00199,-0.1,0.523,1.0
112,06134,電算機應用細學類,總計,43,3,3990.0,887.0,3947.0,884.0,0.01078,True,0.00166,0.0037,-0.2,0.449,1.0
112,06199,其他資訊通訊科技細學類,總計,20,0,1357.0,299.0,1337.0,299.0,0.01474,True,0.00077,0.00125,-0.05,0.616,1.0
112,07111,化學工程細學類,總計,70,8,14258.0,3845.0,14188.0,3837.0,0.00491,True,0.0027,0.01332,-1.06,0.203,1.0
112,07112,材料工程細學類,總計,44,3,9188.0,2425.0,9144.0,2422.0,0.00479,True,0.0017,0.00858,-0.69,0.198,1.0
112,07121,環境工程細學類,總計,74,14,8952.0,2217.0,8878.0,2203.0,0.00827,True,0.00285,0.00833,-0.55,0.342,1.0
112,07122,河海工程細學類,總計,21,0,1935.0,487.0,1914.0,487.0,0.01085,True,0.00081,0.0018,-0.1,0.45,1.0
112,07132,能源工程細學類,總計,32,3,2891.0,715.0,2859.0,712.0,0.01107,True,0.00123,0.00268,-0.15,0.459,1.0
112,07141,電機與電子工程細學類,總計,613,100,82422.0,19859.0,81809.0,19759.0,0.00744,True,0.02362,0.07678,-5.32,0.308,1.0
112,07151,機械工程細學類,總計,465,78,44881.0,11670.0,44416.0,11592.0,0.01036,True,0.01792,0.04169,-2.38,0.43,1.0
112,07161,車輛工程細學類,總計,105,17,3717.0,797.0,3612.0,780.0,0.02825,True,0.00405,0.00339,0.07,1.195,1.0
112,07162,航空工程細學類,總計,64,13,4069.0,1105.0,4005.0,1092.0,0.01573,True,0.00247,0.00376,-0.13,0.657,1.0
112,07163,造船工程細學類,總計,21,7,2084.0,532.0,2063.0,525.0,0.01008,True,0.00081,0.00194,-0.11,0.418,1.0
112,07191,工業工程細學類,總計,108,24,13049.0,3533.0,12941.0,3509.0,0.00828,True,0.00416,0.01215,-0.8,0.342,1.0
112,07192,紡織工程細學類,總計,5,1,696.0,222.0,691.0,221.0,0.00718,True,0.00019,0.00065,-0.05,0.292,1.0
112,07193,生醫工程細學類,總計,25,5,4369.0,976.0,4344.0,971.0,0.00572,True,0.00096,0.00408,-0.31,0.235,1.0
112,07194,綜合工程細學類,總計,7,0,1799.0,314.0,1792.0,314.0,0.00389,True,0.00027,0.00168,-0.14,0.161,1.0
112,07199,其他工程及工程業細學類,總計,7,1,2754.0,632.0,2747.0,631.0,0.00254,True,0.00027,0.00258,-0.23,0.105,1.0
112,07211,食品科學細學類,總計,84,28,7429.0,2145.0,7345.0,2117.0,0.01131,True,0.00324,0.00689,-0.37,0.47,1.0
112,07241,採礦及提煉細學類,總計,1,0,309.0,87.0,308.0,87.0,0.00324,True,4e-05,0.00029,-0.02,0.138,1.0
112,07311,建築細學類,總計,120,14,8569.0,1809.0,8449.0,1795.0,0.014,True,0.00462,0.00793,-0.33,0.583,1.0
112,07312,景觀設計細學類,總計,35,9,2143.0,547.0,2108.0,538.0,0.01633,True,0.00135,0.00198,-0.06,0.682,1.0
112,07313,都巿規劃細學類,總計,20,2,1698.0,418.0,1678.0,416.0,0.01178,True,0.00077,0.00157,-0.08,0.49,1.0
112,07321,土木工程細學類,總計,372,72,15997.0,4054.0,15625.0,3982.0,0.02325,True,0.01434,0.01467,-0.03,0.978,1.0
112,07322,空間資訊及測繪細學類,總計,4,0,398.0,83.0,394.0,83.0,0.01005,True,0.00015,0.00037,-0.02,0.405,1.0
112,08111,農作物生產細學類,總計,28,6,1756.0,427.0,1728.0,421.0,0.01595,True,0.00108,0.00162,-0.05,0.667,1.0
112,08112,畜牧生產細學類,總計,36,5,2211.0,487.0,2175.0,482.0,0.01628,True,0.00139,0.00204,-0.07,0.681,1.0
112,08121,園藝細學類,總計,28,8,1521.0,379.0,1493.0,371.0,0.01841,True,0.00108,0.0014,-0.03,0.771,1.0
112,08193,農業經濟及推廣細學類,總計,34,7,1538.0,388.0,1504.0,381.0,0.02211,True,0.00131,0.00141,-0.01,0.929,1.0
112,08194,植物保護細學類,總計,10,1,887.0,216.0,877.0,215.0,0.01127,True,0.00039,0.00082,-0.04,0.476,1.0
112,08199,其他農業細學類,總計,101,11,1330.0,305.0,1229.0,294.0,0.07594,True,0.00389,0.00115,0.27,3.383,1.0
112,08211,林業細學類,總計,41,12,2217.0,529.0,2176.0,517.0,0.01849,True,0.00158,0.00204,-0.05,0.775,1.0
112,08311,漁業科學細學類,總計,3,0,660.0,129.0,657.0,129.0,0.00455,True,0.00012,0.00062,-0.05,0.194,1.0
112,08312,水產養殖細學類,總計,16,2,1668.0,407.0,1652.0,405.0,0.00959,True,0.00062,0.00155,-0.09,0.4,1.0
112,08411,獸醫細學類,總計,26,7,2048.0,469.0,2022.0,462.0,0.0127,True,0.001,0.0019,-0.09,0.526,1.0
112,09111,牙醫細學類,總計,171,19,6067.0,1149.0,5896.0,1130.0,0.02819,True,0.00659,0.00553,0.11,1.192,1.0
112,09121,醫學細學類,總計,184,22,12942.0,2360.0,12758.0,2338.0,0.01422,True,0.00709,0.01197,-0.49,0.592,1.0
112,09131,護理及助產細學類,總計,3169,693,55285.0,14137.0,52116.0,13444.0,0.05732,True,0.12212,0.04892,7.32,2.496,1.0
112,09141,醫學技術及檢驗細學類,總計,282,54,13268.0,3167.0,12986.0,3113.0,0.02125,True,0.01087,0.01219,-0.13,0.892,1.0
112,09151,物理治療細學類,總計,188,22,5008.0,1074.0,4820.0,1052.0,0.03754,True,0.00724,0.00452,0.27,1.602,1.0
112,09152,職能治療細學類,總計,66,12,2348.0,468.0,2282.0,456.0,0.02811,True,0.00254,0.00214,0.04,1.187,1.0
112,09153,語言治療與聽力細學類,總計,23,3,1459.0,331.0,1436.0,328.0,0.01576,True,0.00089,0.00135,-0.05,0.659,1.0
112,09159,其他治療及復健細學類,總計,48,3,1525.0,306.0,1477.0,303.0,0.03148,True,0.00185,0.00139,0.05,1.331,1.0
112,09161,藥學細學類,總計,128,14,7984.0,1569.0,7856.0,1555.0,0.01603,True,0.00493,0.00737,-0.24,0.669,1.0
112,09171,傳統醫學、輔助醫學及治療細學類,總計,14,2,1153.0,352.0,1139.0,350.0,0.01214,True,0.00054,0.00107,-0.05,0.505,1.0
112,09191,公共衛生細學類,總計,154,30,4126.0,1010.0,3972.0,980.0,0.03732,True,0.00593,0.00373,0.22,1.59,1.0
112,09199,其他醫藥衛生細學類,總計,19,2,2005.0,432.0,1986.0,430.0,0.00948,True,0.00073,0.00186,-0.11,0.392,1.0
112,09211,老年照顧服務細學類,總計,416,58,6916.0,1848.0,6500.0,1790.0,0.06015,True,0.01603,0.0061,0.99,2.628,1.0
112,09212,失能者照顧細學類,總計,1,0,148.0,38.0,147.0,38.0,0.00676,True,4e-05,0.00014,-0.01,0.286,1.0
112,09221,兒童及青少年照顧服務細學類,總計,666,155,11772.0,3704.0,11106.0,3549.0,0.05657,True,0.02567,0.01042,1.52,2.464,1.0
112,09231,社會工作細學類,總計,1147,252,10624.0,2897.0,9477.0,2645.0,0.10796,True,0.0442,0.00889,3.53,4.972,1.0
112,09299,其他社會福利細學類,總計,62,11,792.0,173.0,730.0,162.0,0.07828,True,0.00239,0.00069,0.17,3.464,1.0
112,10111,家政服務細學類,總計,11,1,579.0,225.0,568.0,224.0,0.019,True,0.00042,0.00053,-0.01,0.792,1.0
112,10121,美髮美容服務細學類,總計,433,61,12001.0,3255.0,11568.0,3194.0,0.03608,True,0.01669,0.01086,0.58,1.537,1.0
112,10131,旅館及餐飲細學類,總計,770,182,30280.0,8669.0,29510.0,8487.0,0.02543,True,0.02967,0.0277,0.2,1.071,1.0
112,10141,競技運動細學類,總計,999,120,6145.0,1167.0,5146.0,1047.0,0.16257,True,0.0385,0.00483,3.37,7.971,1.0
112,10142,運動科技細學類,總計,62,8,1496.0,343.0,1434.0,335.0,0.04144,True,0.00239,0.00135,0.1,1.77,1.0
112,10151,旅遊觀光細學類,總計,674,140,20416.0,6436.0,19742.0,6296.0,0.03301,True,0.02597,0.01853,0.74,1.402,1.0
112,10152,遊憩、運動和休閒管理細學類,總計,1023,240,15404.0,4399.0,14381.0,4159.0,0.06641,True,0.03942,0.0135,2.59,2.92,1.0
112,10199,其他餐旅及民生服務細學類,總計,139,44,2769.0,582.0,2630.0,538.0,0.0502,True,0.00536,0.00247,0.29,2.17,1.0
112,10221,職業衛生及安全細學類,總計,39,9,1904.0,535.0,1865.0,526.0,0.02048,True,0.0015,0.00175,-0.02,0.857,1.0
112,10321,警政細學類,總計,37,10,785.0,324.0,748.0,314.0,0.04713,True,0.00143,0.0007,0.07,2.043,1.0
112,10411,運輸管理細學類,總計,29,2,2349.0,632.0,2320.0,630.0,0.01235,True,0.00112,0.00218,-0.11,0.514,1.0
112,10412,航運管理細學類,總計,51,12,2551.0,645.0,2500.0,633.0,0.01999,True,0.00197,0.00235,-0.04,0.838,1.0
112,10413,空運管理細學類,總計,32,6,1092.0,339.0,1060.0,333.0,0.0293,True,0.00123,0.00099,0.02,1.242,1.0
112,10414,航海細學類,總計,45,10,1705.0,439.0,1660.0,429.0,0.02639,True,0.00173,0.00156,0.02,1.109,1.0
112,10499,其他運輸服務細學類,總計,7,1,402.0,136.0,395.0,135.0,0.01741,True,0.00027,0.00037,-0.01,0.73,1.0
112,99999,其他細學類,總計,881,0,2299.0,205.0,1418.0,205.0,0.38321,False,,,,,1.0
113,01111,綜合教育細學類,二專,0,0,,,,,,True,0.0,,,,1.0
113,01112,成人教育細學類,二專,0,0,,,,,,True,0.0,,,,1.0
113,01113,特殊教育細學類,二專,0,0,,,,,,True,0.0,,,,1.0
113,01114,教育行政細學類,二專,0,0,,,,,,True,0.0,,,,1.0
113,01115,課程與教學細學類,二專,0,0,,,,,,True,0.0,,,,1.0
113,01116,教育科技細學類,二專,0,0,,,,,,True,0.0,,,,1.0
113,01118,技職教育細學類,二專,0,0,,,,,,True,0.0,,,,1.0
113,01121,幼兒師資教育細學類,二專,0,2,71.0,28.0,71.0,26.0,0.0,True,0.0,0.01239,-1.24,0.0,1.0
113,01131,普通科目師資教育細學類,二專,0,0,,,,,,True,0.0,,,,1.0
113,01141,專業科目師資教育細學類,二專,0,0,,,,,,True,0.0,,,,1.0
113,01199,其他教育細學類,二專,0,0,,,,,,True,0.0,,,,1.0
113,02111,視覺藝術細學類,二專,0,0,,,,,,True,0.0,,,,1.0
113,02112,視覺傳達設計細學類,二專,0,0,,,,,,True,0.0,,,,1.0
113,02121,應用藝術細學類,二專,0,0,,,,,,True,0.0,,,,1.0
113,02122,綜合設計細學類,二專,2,1,79.0,40.0,77.0,39.0,0.02532,True,0.00251,0.01343,-1.09,0.187,1.0
113,02123,產品設計細學類,二專,0,0,,,,,,True,0.0,,,,1.0
113,02124,空間設計細學類,二專,1,0,21.0,7.0,20.0,7.0,0.04762,True,0.00125,0.00349,-0.22,0.358,1.0
113,02125,時尚設計與管理細學類,二專,0,0,,,,,,True,0.0,,,,1.0
113,02131,純藝術細學類,二專,0,0,,,,,,True,0.0,,,,1.0
113,02132,雕塑細學類,二專,0,0,,,,,,True,0.0,,,,1.0
113,02141,美術工藝細學類,二專,4,1,39.0,17.0,35.0,16.0,0.10256,True,0.00502,0.00611,-0.11,0.822,1.0
113,02151,音樂細學類,二專,0,0,,,,,,True,0.0,,,,1.0
113,02152,表演藝術細學類,二專,0,0,,,,,,True,0.0,,,,1.0
113,02191,綜合藝術細學類,二專,0,0,,,,,,True,0.0,,,,1.0
113,02192,藝術行政細學類,二專,0,0,,,,,,True,0.0,,,,1.0
113,02199,其他藝術細學類,二專,0,0,,,,,,True,0.0,,,,1.0
113,02211,宗教細學類,二專,0,0,,,,,,True,0.0,,,,1.0
113,02221,歷史細學類,二專,0,0,,,,,,True,0.0,,,,1.0
113,02222,人類學及民族學細學類,二專,0,0,,,,,,True,0.0,,,,1.0
113,02231,哲學細學類,二專,0,0,,,,,,True,0.0,,,,1.0
113,02299,其他人文細學類,二專,0,0,,,,,,True,0.0,,,,1.0
113,02311,外國語文細學類,二專,8,2,212.0,91.0,204.0,89.0,0.03774,True,0.01004,0.03559,-2.55,0.282,1.0
113,02312,翻譯細學類,二專,0,0,,,,,,True,0.0,,,,1.0
113,02313,華語文為第二語言細學類,二專,0,0,,,,,,True,0.0,,,,1.0
113,02321,臺灣語文細學類,二專,0,0,,,,,,True,0.0,,,,1.0
113,02322,中國語文細學類,二專,0,0,,,,,,True,0.0,,,,1.0
113,02323,華語文細學類,二專,0,0,,,,,,True,0.0,,,,1.0
113,02399,其他語文細學類,二專,0,0,,,,,,True,0.0,,,,1.0
113,03111,經濟學細學類,二專,0,0,,,,,,True,0.0,,,,1.0
113,03121,政治學細學類,二專,0,0,,,,,,True,0.0,,,,1.0
113,03122,國際關係細學類,二專,0,0,,,,,,True,0.0,,,,1.0
113,03131,心理學細學類,二專,0,0,,,,,,True,0.0,,,,1.0
113,03141,社會學細學類,二專,0,0,,,,,,True,0.0,,,,1.0
113,03142,地理學細學類,二專,0,0,,,,,,True,0.0,,,,1.0
113,03143,區域研究細學類,二專,0,0,,,,,,True,0.0,,,,1.0
113,03191,發展研究細學類,二專,0,0,,,,,,True,0.0,,,,1.0
113,03199,其他社會及行為科學細學類,二專,0,0,,,,,,True,0.0,,,,1.0
113,03211,大眾傳播細學類,二專,0,0,,,,,,True,0.0,,,,1.0
113,03212,新聞細學類,二專,0,0,,,,,,True,0.0,,,,1.0
113,03213,電子媒體細學類,二專,0,0,,,,,,True,0.0,,,,1.0
113,03214,傳播細學類,二專,0,0,,,,,,True,0.0,,,,1.0
113,03222,圖書資訊檔案細學類,二專,0,0,,,,,,True,0.0,,,,1.0
113,04111,會計及稅務細學類,二專,0,0,,,,,,True,0.0,,,,1.0
113,04121,財務金融細學類,二專,2,4,66.0,20.0,64.0,16.0,0.0303,True,0.00251,0.01117,-0.87,0.225,1.0
113,04122,財政細學類,二專,0,0,,,,,,True,0.0,,,,1.0
113,04123,保險及風險管理細學類,二專,0,0,,,,,,True,0.0,,,,1.0
113,04131,企業管理細學類,二專,139,38,689.0,374.0,550.0,336.0,0.20174,True,0.1744,0.09595,7.85,1.818,1.0
113,04132,流通及供應鏈細學類,二專,2,1,66.0,32.0,64.0,31.0,0.0303,True,0.00251,0.01117,-0.87,0.225,1.0
113,04133,醫療管理細學類,二專,0,0,,,,,,True,0.0,,,,1.0
113,04134,公共行政細學類,二專,36,10,,,,,,True,0.04517,,,,1.0
113,04141,國際貿易細學類,二專,0,0,0.0,13.0,0.0,13.0,,True,0.0,0.0,0.0,,1.0
113,04143,行銷及廣告細學類,二專,7,2,175.0,78.0,168.0,76.0,0.04,True,0.00878,0.02931,-2.05,0.3,1.0
113,04191,一般商業細學類,二專,6,2,184.0,159.0,178.0,157.0,0.03261,True,0.00753,0.03105,-2.35,0.243,1.0
113,04199,其他商業及管理細學類,二專,2,0,30.0,17.0,28.0,17.0,0.06667,True,0.00251,0.00488,-0.24,0.514,1.0
113,04211,一般法律細學類,二專,0,0,,,,,,True,0.0,,,,1.0
113,04212,專業法律細學類,二專,0,0,,,,,,True,0.0,,,,1.0
113,05111,生物學細學類,二專,0,0,,,,,,True,0.0,,,,1.0
113,05121,生物科技細學類,二專,5,2,32.0,11.0,27.0,9.0,0.15625,True,0.00627,0.00471,0.16,1.331,1.0
113,05122,微生物細學類,二專,0,0,,,,,,True,0.0,,,,1.0
113,05123,生物化學細學類,二專,0,0,,,,,,True,0.0,,,,1.0
113,05124,生物訊息及遺傳細學類,二專,0,0,,,,,,True,0.0,,,,1.0
113,05191,營養細學類,二專,0,0,,,,,,True,0.0,,,,1.0
113,05199,其他生命科學細學類,二專,0,0,,,,,,True,0.0,,,,1.0
113,05211,環境資源細學類,二專,0,0,,,,,,True,0.0,,,,1.0
113,05212,生態細學類,二專,0,0,,,,,,True,0.0,,,,1.0
113,05221,自然環境及野生動物細學類,二專,0,0,,,,,,True,0.0,,,,1.0
113,05291,環境防災細學類,二專,0,0,,,,,,True,0.0,,,,1.0
113,05292,水土保持細學類,二專,0,0,,,,,,True,0.0,,,,1.0
113,05311,化學細學類,二專,0,0,,,,,,True,0.0,,,,1.0
113,05321,地球科學及環境細學類,二專,0,0,,,,,,True,0.0,,,,1.0
113,05322,大氣及太空科學細學類,二專,0,0,,,,,,True,0.0,,,,1.0
113,05323,海洋科學細學類,二專,0,0,,,,,,True,0.0,,,,1.0
113,05331,物理及應用物理細學類,二專,0,0,,,,,,True,0.0,,,,1.0
113,05399,其他物理、化學及地球科學細學類,二專,0,0,,,,,,True,0.0,,,,1.0
113,05411,數學細學類,二專,0,0,,,,,,True,0.0,,,,1.0
113,05421,統計細學類,二專,0,0,,,,,,True,0.0,,,,1.0
113,05499,其他數學及統計細學類,二專,0,0,,,,,,True,0.0,,,,1.0
113,06111,電腦運用細學類,二專,0,0,1.0,0.0,1.0,0.0,0.0,True,0.0,0.00017,-0.02,0.0,1.0
113,06121,資料庫、網路設計及管理細學類,二專,0,0,,,,,,True,0.0,,,,1.0
113,06131,資訊技術細學類,二專,12,6,283.0,139.0,271.0,133.0,0.0424,True,0.01506,0.04728,-3.22,0.319,1.0
113,06132,軟體開發細學類,二專,0,0,,,,,,True,0.0,,,,1.0
113,06133,系統設計細學類,二專,0,0,,,,,,True,0.0,,,,1.0
113,06134,電算機應用細學類,二專,0,0,,,,,,True,0.0,,,,1.0
113,06199,其他資訊通訊科技細學類,二專,0,0,,,,,,True,0.0,,,,1.0
113,07111,化學工程細學類,二專,0,0,,,,,,True,0.0,,,,1.0
113,07112,材料工程細學類,二專,0,0,,,,,,True,0.0,,,,1.0
113,07121,環境工程細學類,二專,0,0,,,,,,True,0.0,,,,1.0
113,07122,河海工程細學類,二專,0,0,,,,,,True,0.0,,,,1.0
113,07132,能源工程細學類,二專,0,0,,,,,,True,0.0,,,,1.0
113,07141,電機與電子工程細學類,二專,15,3,401.0,139.0,386.0,136.0,0.03741,True,0.01882,0.06734,-4.85,0.279,1.0
113,07151,機械工程細學類,二專,8,2,152.0,100.0,144.0,98.0,0.05263,True,0.01004,0.02512,-1.51,0.4,1.0
113,07161,車輛工程細學類,二專,15,2,87.0,30.0,72.0,28.0,0.17241,True,0.01882,0.01256,0.63,1.498,1.0
113,07162,航空工程細學類,二專,0,0,,,,,,True,0.0,,,,1.0
113,07163,造船工程細學類,二專,1,1,33.0,49.0,32.0,48.0,0.0303,True,0.00125,0.00558,-0.43,0.224,1.0
113,07191,工業工程細學類,二專,2,0,82.0,45.0,80.0,45.0,0.02439,True,0.00251,0.01396,-1.14,0.18,1.0
113,07192,紡織工程細學類,二專,0,0,,,,,,True,0.0,,,,1.0
113,07193,生醫工程細學類,二專,0,0,,,,,,True,0.0,,,,1.0
113,07194,綜合工程細學類,二專,0,0,,,,,,True,0.0,,,,1.0
113,07199,其他工程及工程業細學類,二專,0,0,,,,,,True,0.0,,,,1.0
113,07211,食品科學細學類,二專,8,5,66.0,11.0,58.0,6.0,0.12121,True,0.01004,0.01012,-0.01,0.992,1.0
113,07241,採礦及提煉細學類,二專,0,0,,,,,,True,0.0,,,,1.0
113,07311,建築細學類,二專,2,0,49.0,13.0,47.0,13.0,0.04082,True,0.00251,0.0082,-0.57,0.306,1.0
113,07312,景觀設計細學類,二專,0,1,38.0,18.0,38.0,17.0,0.0,True,0.0,0.00663,-0.66,0.0,1.0
113,07313,都巿規劃細學類,二專,0,0,,,,,,True,0.0,,,,1.0
113,07321,土木工程細學類,二專,3,2,42.0,9.0,39.0,7.0,0.07143,True,0.00376,0.0068,-0.3,0.553,1.0
113,07322,空間資訊及測繪細學類,二專,0,0,,,,,,True,0.0,,,,1.0
113,08111,農作物生產細學類,二專,0,0,,,,,,True,0.0,,,,1.0
113,08112,畜牧生產細學類,二專,0,0,,,,,,True,0.0,,,,1.0
113,08121,園藝細學類,二專,19,1,96.0,43.0,77.0,42.0,0.19792,True,0.02384,0.01343,1.04,1.775,1.0
113,08193,農業經濟及推廣細學類,二專,0,0,,,,,,True,0.0,,,,1.0
113,08194,植物保護細學類,二專,0,0,,,,,,True,0.0,,,,1.0
113,08199,其他農業細學類,二專,0,0,,,,,,True,0.0,,,,1.0
113,08211,林業細學類,二專,0,0,,,,,,True,0.0,,,,1.0
113,08311,漁業科學細學類,二專,0,0,,,,,,True,0.0,,,,1.0
113,08312,水產養殖細學類,二專,0,0,,,,,,True,0.0,,,,1.0
113,08411,獸醫細學類,二專,0,0,,,,,,True,0.0,,,,1.0
113,09111,牙醫細學類,二專,8,4,274.0,135.0,266.0,131.0,0.0292,True,0.01004,0.04641,-3.64,0.216,1.0
113,09121,醫學細學類,二專,0,0,,,,,,True,0.0,,,,1.0
113,09131,護理及助產細學類,二專,1,0,2.0,0.0,1.0,0.0,0.5,True,0.00125,0.00017,0.11,7.353,1.0
113,09141,醫學技術及檢驗細學類,二專,8,3,364.0,178.0,356.0,175.0,0.02198,True,0.01004,0.06211,-5.21,0.162,1.0
113,09151,物理治療細學類,二專,5,1,288.0,54.0,283.0,53.0,0.01736,True,0.00627,0.04937,-4.31,0.127,1.0
113,09152,職能治療細學類,二專,0,0,,,,,,True,0.0,,,,1.0
113,09153,語言治療與聽力細學類,二專,0,0,,,,,,True,0.0,,,,1.0
113,09159,其他治療及復健細學類,二專,0,0,,,,,,True,0.0,,,,1.0
113,09161,藥學細學類,二專,0,0,,,,,,True,0.0,,,,1.0
113,09171,傳統醫學、輔助醫學及治療細學類,二專,3,2,268.0,99.0,265.0,97.0,0.01119,True,0.00376,0.04623,-4.25,0.081,1.0
113,09191,公共衛生細學類,二專,0,0,,,,,,True,0.0,,,,1.0
113,09199,其他醫藥衛生細學類,二專,0,0,,,,,,True,0.0,,,,1.0
113,09211,老年照顧服務細學類,二專,37,12,479.0,163.0,442.0,151.0,0.07724,True,0.04642,0.07711,-3.07,0.602,1.0
113,09212,失能者照顧細學類,二專,0,0,,,,,,True,0.0,,,,1.0
113,09221,兒童及青少年照顧服務細學類,二專,43,10,479.0,157.0,436.0,147.0,0.08977,True,0.05395,0.07606,-2.21,0.709,1.0
113,09231,社會工作細學類,二專,314,65,,,,,,True,0.39398,,,,1.0
113,09299,其他社會福利細學類,二專,0,1,59.0,15.0,59.0,14.0,0.0,True,0.0,0.01029,-1.03,0.0,1.0
113,10111,家政服務細學類,二專,0,0,,,,,,True,0.0,,,,1.0
113,10121,美髮美容服務細學類,二專,6,3,231.0,141.0,225.0,138.0,0.02597,True,0.00753,0.03925,-3.17,0.192,1.0
113,10131,旅館及餐飲細學類,二專,15,5,192.0,87.0,177.0,82.0,0.07812,True,0.01882,0.03088,-1.21,0.609,1.0
113,10141,競技運動細學類,二專,0,0,,,,,,True,0.0,,,,1.0
113,10142,運動科技細學類,二專,0,0,,,,,,True,0.0,,,,1.0
113,10151,旅遊觀光細學類,二專,13,1,141.0,65.0,128.0,64.0,0.0922,True,0.01631,0.02233,-0.6,0.73,1.0
113,10152,遊憩、運動和休閒管理細學類,二專,33,12,299.0,131.0,266.0,119.0,0.11037,True,0.04141,0.04641,-0.5,0.892,1.0
113,10199,其他餐旅及民生服務細學類,二專,10,1,40.0,14.0,30.0,13.0,0.25,True,0.01255,0.00523,0.73,2.4,1.0
113,10221,職業衛生及安全細學類,二專,0,0,,,,,,True,0.0,,,,1.0
113,10321,警政細學類,二專,0,0,,,,,,True,0.0,,,,1.0
113,10411,運輸管理細學類,二專,0,0,,,,,,True,0.0,,,,1.0
113,10412,航運管理細學類,二專,0,0,,,,,,True,0.0,,,,1.0
113,10413,空運管理細學類,二專,0,0,,,,,,True,0.0,,,,1.0
113,10414,航海細學類,二專,2,2,69.0,32.0,67.0,30.0,0.02899,True,0.00251,0.01169,-0.92,0.215,1.0
113,99999,其他細學類,二專,0,0,,,,,,False,,,,,1.0
113,01111,綜合教育細學類,五專,0,0,,,,,,True,0.0,,,,1.0
113,01112,成人教育細學類,五專,0,0,,,,,,True,0.0,,,,1.0
113,01113,特殊教育細學類,五專,0,0,,,,,,True,0.0,,,,1.0
113,01114,教育行政細學類,五專,0,0,,,,,,True,0.0,,,,1.0
113,01115,課程與教學細學類,五專,0,0,,,,,,True,0.0,,,,1.0
113,01116,教育科技細學類,五專,0,0,,,,,,True,0.0,,,,1.0
113,01118,技職教育細學類,五專,0,0,,,,,,True,0.0,,,,1.0
113,01121,幼兒師資教育細學類,五專,0,0,,,,,,True,0.0,,,,1.0
113,01131,普通科目師資教育細學類,五專,0,0,,,,,,True,0.0,,,,1.0
113,01141,專業科目師資教育細學類,五專,0,0,,,,,,True,0.0,,,,1.0
113,01199,其他教育細學類,五專,0,0,,,,,,True,0.0,,,,1.0
113,02111,視覺藝術細學類,五專,1,0,262.0,44.0,261.0,44.0,0.00382,True,0.00028,0.00404,-0.38,0.069,1.0
113,02112,視覺傳達設計細學類,五專,7,0,127.0,24.0,120.0,24.0,0.05512,True,0.00198,0.00186,0.01,1.065,1.0
113,02121,應用藝術細學類,五專,0,0,,,,,,True,0.0,,,,1.0
113,02122,綜合設計細學類,五專,4,0,183.0,22.0,179.0,22.0,0.02186,True,0.00113,0.00277,-0.16,0.408,1.0
113,02123,產品設計細學類,五專,3,0,235.0,32.0,232.0,32.0,0.01277,True,0.00085,0.00359,-0.27,0.237,1.0
113,02124,空間設計細學類,五專,1,0,31.0,23.0,30.0,23.0,0.03226,True,0.00028,0.00046,-0.02,0.609,1.0
113,02125,時尚設計與管理細學類,五專,0,0,,,,,,True,0.0,,,,1.0
113,02131,純藝術細學類,五專,5,0,465.0,0.0,460.0,0.0,0.01075,True,0.00141,0.00713,-0.57,0.198,1.0
113,02132,雕塑細學類,五專,0,0,,,,,,True,0.0,,,,1.0
113,02141,美術工藝細學類,五專,0,0,0.0,16.0,0.0,16.0,,True,0.0,0.0,0.0,,1.0
113,02151,音樂細學類,五專,5,0,361.0,0.0,356.0,0.0,0.01385,True,0.00141,0.00552,-0.41,0.255,1.0
113,02152,表演藝術細學類,五專,6,0,253.0,0.0,247.0,0.0,0.02372,True,0.0017,0.00383,-0.21,0.444,1.0
113,02191,綜合藝術細學類,五專,0,0,,,,,,True,0.0,,,,1.0
113,02192,藝術行政細學類,五專,0,0,,,,,,True,0.0,,,,1.0
113,02199,其他藝術細學類,五專,0,0,,,,,,True,0.0,,,,1.0
113,02211,宗教細學類,五專,0,0,,,,,,True,0.0,,,,1.0
113,02221,歷史細學類,五專,0,0,,,,,,True,0.0,,,,1.0
113,02222,人類學及民族學細學類,五專,0,0,,,,,,True,0.0,,,,1.0
113,02231,哲學細學類,五專,0,0,,,,,,True,0.0,,,,1.0
113,02299,其他人文細學類,五專,0,0,,,,,,True,0.0,,,,1.0
113,02311,外國語文細學類,五專,99,18,4660.0,669.0,4561.0,651.0,0.02124,True,0.02798,0.07066,-4.27,0.396,1.0
113,02312,翻譯細學類,五專,0,0,,,,,,True,0.0,,,,1.0
113,02313,華語文為第二語言細學類,五專,0,0,,,,,,True,0.0,,,,1.0
113,02321,臺灣語文細學類,五專,0,0,,,,,,True,0.0,,,,1.0
113,02322,中國語文細學類,五專,0,0,,,,,,True,0.0,,,,1.0
113,02323,華語文細學類,五專,0,0,,,,,,True,0.0,,,,1.0
113,02399,其他語文細學類,五專,0,0,,,,,,True,0.0,,,,1.0
113,03111,經濟學細學類,五專,0,0,,,,,,True,0.0,,,,1.0
113,03121,政治學細學類,五專,0,0,,,,,,True,0.0,,,,1.0
113,03122,國際關係細學類,五專,0,0,,,,,,True,0.0,,,,1.0
113,03131,心理學細學類,五專,0,0,,,,,,True,0.0,,,,1.0
113,03141,社會學細學類,五專,0,0,,,,,,True,0.0,,,,1.0
113,03142,地理學細學類,五專,0,0,,,,,,True,0.0,,,,1.0
113,03143,區域研究細學類,五專,0,0,,,,,,True,0.0,,,,1.0
113,03191,發展研究細學類,五專,0,0,,,,,,True,0.0,,,,1.0
113,03199,其他社會及行為科學細學類,五專,0,0,,,,,,True,0.0,,,,1.0
113,03211,大眾傳播細學類,五專,0,0,,,,,,True,0.0,,,,1.0
113,03212,新聞細學類,五專,0,0,,,,,,True,0.0,,,,1.0
113,03213,電子媒體細學類,五專,0,0,,,,,,True,0.0,,,,1.0
113,03214,傳播細學類,五專,0,0,,,,,,True,0.0,,,,1.0
113,03222,圖書資訊檔案細學類,五專,0,0,,,,,,True,0.0,,,,1.0
113,04111,會計及稅務細學類,五專,10,1,876.0,97.0,866.0,96.0,0.01142,True,0.00283,0.01342,-1.06,0.211,1.0
113,04121,財務金融細學類,五專,9,1,522.0,75.0,513.0,74.0,0.01724,True,0.00254,0.00795,-0.54,0.319,1.0
113,04122,財政細學類,五專,8,0,252.0,34.0,244.0,34.0,0.03175,True,0.00226,0.00378,-0.15,0.598,1.0
113,04123,保險及風險管理細學類,五專,5,0,425.0,63.0,420.0,63.0,0.01176,True,0.00141,0.00651,-0.51,0.217,1.0
113,04131,企業管理細學類,五專,18,1,1220.0,145.0,1202.0,144.0,0.01475,True,0.00509,0.01862,-1.35,0.273,1.0
113,04132,流通及供應鏈細學類,五專,0,0,,,,,,True,0.0,,,,1.0
113,04133,醫療管理細學類,五專,31,3,603.0,95.0,572.0,92.0,0.05141,True,0.00876,0.00886,-0.01,0.989,1.0
113,04134,公共行政細學類,五專,0,0,,,,,,True,0.0,,,,1.0
113,04141,國際貿易細學類,五專,11,0,796.0,97.0,785.0,97.0,0.01382,True,0.00311,0.01216,-0.9,0.256,1.0
113,04143,行銷及廣告細學類,五專,0,0,31.0,18.0,31.0,18.0,0.0,True,0.0,0.00048,-0.05,0.0,1.0
113,04191,一般商業細學類,五專,1,0,128.0,26.0,127.0,26.0,0.00781,True,0.00028,0.00197,-0.17,0.142,1.0
113,04199,其他商業及管理細學類,五專,0,0,1.0,3.0,1.0,3.0,0.0,True,0.0,2e-05,-0.0,0.0,1.0
113,04211,一般法律細學類,五專,0,0,,,,,,True,0.0,,,,1.0
113,04212,專業法律細學類,五專,0,0,,,,,,True,0.0,,,,1.0
113,05111,生物學細學類,五專,0,0,,,,,,True,0.0,,,,1.0
113,05121,生物科技細學類,五專,0,0,,,,,,True,0.0,,,,1.0
113,05122,微生物細學類,五專,0,0,,,,,,True,0.0,,,,1.0
113,05123,生物化學細學類,五專,0,0,,,,,,True,0.0,,,,1.0
113,05124,生物訊息及遺傳細學類,五專,0,0,,,,,,True,0.0,,,,1.0
113,05191,營養細學類,五專,9,0,504.0,72.0,495.0,72.0,0.01786,True,0.00254,0.00767,-0.51,0.331,1.0
113,05199,其他生命科學細學類,五專,0,0,,,,,,True,0.0,,,,1.0
113,05211,環境資源細學類,五專,0,0,6.0,0.0,6.0,0.0,0.0,True,0.0,9e-05,-0.01,0.0,1.0
113,05212,生態細學類,五專,0,0,,,,,,True,0.0,,,,1.0
113,05221,自然環境及野生動物細學類,五專,0,0,,,,,,True,0.0,,,,1.0
113,05291,環境防災細學類,五專,0,0,,,,,,True,0.0,,,,1.0
113,05292,水土保持細學類,五專,0,0,,,,,,True,0.0,,,,1.0
113,05311,化學細學類,五專,0,0,,,,,,True,0.0,,,,1.0
113,05321,地球科學及環境細學類,五專,0,0,,,,,,True,0.0,,,,1.0
113,05322,大氣及太空科學細學類,五專,0,0,,,,,,True,0.0,,,,1.0
113,05323,海洋科學細學類,五專,0,0,,,,,,True,0.0,,,,1.0
113,05331,物理及應用物理細學類,五專,0,0,,,,,,True,0.0,,,,1.0
113,05399,其他物理、化學及地球科學細學類,五專,0,0,,,,,,True,0.0,,,,1.0
113,05411,數學細學類,五專,0,0,,,,,,True,0.0,,,,1.0
113,05421,統計細學類,五專,0,0,,,,,,True,0.0,,,,1.0
113,05499,其他數學及統計細學類,五專,0,0,,,,,,True,0.0,,,,1.0
113,06111,電腦運用細學類,五專,0,0,,,,,,True,0.0,,,,1.0
113,06121,資料庫、網路設計及管理細學類,五專,0,0,0.0,9.0,0.0,9.0,,True,0.0,0.0,0.0,,1.0
113,06131,資訊技術細學類,五專,23,3,2088.0,269.0,2065.0,266.0,0.01102,True,0.0065,0.03199,-2.55,0.203,1.0
113,06132,軟體開發細學類,五專,2,0,121.0,17.0,119.0,17.0,0.01653,True,0.00057,0.00184,-0.13,0.31,1.0
113,06133,系統設計細學類,五專,0,0,,,,,,True,0.0,,,,1.0
113,06134,電算機應用細學類,五專,0,0,1.0,0.0,1.0,0.0,0.0,True,0.0,2e-05,-0.0,0.0,1.0
113,06199,其他資訊通訊科技細學類,五專,7,0,218.0,0.0,211.0,0.0,0.03211,True,0.00198,0.00327,-0.13,0.606,1.0
113,07111,化學工程細學類,五專,0,0,74.0,0.0,74.0,0.0,0.0,True,0.0,0.00115,-0.12,0.0,1.0
113,07112,材料工程細學類,五專,0,0,,,,,,True,0.0,,,,1.0
113,07121,環境工程細學類,五專,1,0,58.0,0.0,57.0,0.0,0.01724,True,0.00028,0.00088,-0.06,0.318,1.0
113,07122,河海工程細學類,五專,0,0,,,,,,True,0.0,,,,1.0
113,07132,能源工程細學類,五專,0,0,,,,,,True,0.0,,,,1.0
113,07141,電機與電子工程細學類,五專,25,2,2152.0,291.0,2127.0,289.0,0.01162,True,0.00707,0.03295,-2.59,0.215,1.0
113,07151,機械工程細學類,五專,16,3,1200.0,178.0,1184.0,175.0,0.01333,True,0.00452,0.01834,-1.38,0.246,1.0
113,07161,車輛工程細學類,五專,1,4,25.0,12.0,24.0,8.0,0.04,True,0.00028,0.00037,-0.01,0.757,1.0
113,07162,航空工程細學類,五專,0,0,,,,,,True,0.0,,,,1.0
113,07163,造船工程細學類,五專,0,0,,,,,,True,0.0,,,,1.0
113,07191,工業工程細學類,五專,0,0,0.0,5.0,0.0,5.0,,True,0.0,0.0,0.0,,1.0
113,07192,紡織工程細學類,五專,0,0,,,,,,True,0.0,,,,1.0
113,07193,生醫工程細學類,五專,0,0,,,,,,True,0.0,,,,1.0
113,07194,綜合工程細學類,五專,0,0,,,,,,True,0.0,,,,1.0
113,07199,其他工程及工程業細學類,五專,3,0,206.0,28.0,203.0,28.0,0.01456,True,0.00085,0.00315,-0.23,0.27,1.0
113,07211,食品科學細學類,五專,21,2,171.0,16.0,150.0,14.0,0.12281,True,0.00594,0.00232,0.36,2.56,1.0
113,07241,採礦及提煉細學類,五專,0,0,,,,,,True,0.0,,,,1.0
113,07311,建築細學類,五專,5,0,400.0,46.0,395.0,46.0,0.0125,True,0.00141,0.00612,-0.47,0.23,1.0
113,07312,景觀設計細學類,五專,0,0,,,,,,True,0.0,,,,1.0
113,07313,都巿規劃細學類,五專,0,0,,,,,,True,0.0,,,,1.0
113,07321,土木工程細學類,五專,9,2,439.0,48.0,430.0,46.0,0.0205,True,0.00254,0.00666,-0.41,0.381,1.0
113,07322,空間資訊及測繪細學類,五專,0,0,,,,,,True,0.0,,,,1.0
113,08111,農作物生產細學類,五專,0,0,,,,,,True,0.0,,,,1.0
113,08112,畜牧生產細學類,五專,0,0,,,,,,True,0.0,,,,1.0
113,08121,園藝細學類,五專,0,2,7.0,3.0,7.0,1.0,0.0,True,0.0,0.00011,-0.01,0.0,1.0
113,08193,農業經濟及推廣細學類,五專,0,0,,,,,,True,0.0,,,,1.0
113,08194,植物保護細學類,五專,0,0,,,,,,True,0.0,,,,1.0
113,08199,其他農業細學類,五專,4,0,30.0,0.0,26.0,0.0,0.13333,True,0.00113,0.0004,0.07,2.825,1.0
113,08211,林業細學類,五專,0,0,,,,,,True,0.0,,,,1.0
113,08311,漁業科學細學類,五專,3,0,77.0,18.0,74.0,18.0,0.03896,True,0.00085,0.00115,-0.03,0.739,1.0
113,08312,水產養殖細學類,五專,0,0,,,,,,True,0.0,,,,1.0
113,08411,獸醫細學類,五專,0,0,,,,,,True,0.0,,,,1.0
113,09111,牙醫細學類,五專,79,13,1737.0,275.0,1658.0,262.0,0.04548,True,0.02233,0.02569,-0.34,0.869,1.0
113,09121,醫學細學類,五專,0,0,,,,,,True,0.0,,,,1.0
113,09131,護理及助產細學類,五專,2033,317,27233.0,4965.0,25200.0,4648.0,0.07465,True,0.57462,0.39043,18.42,1.472,1.0
113,09141,醫學技術及檢驗細學類,五專,134,16,4512.0,653.0,4378.0,637.0,0.0297,True,0.03787,0.06783,-3.0,0.558,1.0
113,09151,物理治療細學類,五專,86,10,1265.0,205.0,1179.0,195.0,0.06798,True,0.02431,0.01827,0.6,1.331,1.0
113,09152,職能治療細學類,五專,24,0,486.0,72.0,462.0,72.0,0.04938,True,0.00678,0.00716,-0.04,0.947,1.0
113,09153,語言治療與聽力細學類,五專,0,0,,,,,,True,0.0,,,,1.0
113,09159,其他治療及復健細學類,五專,22,2,897.0,160.0,875.0,158.0,0.02453,True,0.00622,0.01356,-0.73,0.459,1.0
113,09161,藥學細學類,五專,2,0,205.0,19.0,203.0,19.0,0.00976,True,0.00057,0.00315,-0.26,0.181,1.0
113,09171,傳統醫學、輔助醫學及治療細學類,五專,0,0,35.0,13.0,35.0,13.0,0.0,True,0.0,0.00054,-0.05,0.0,1.0
113,09191,公共衛生細學類,五專,2,2,146.0,23.0,144.0,21.0,0.0137,True,0.00057,0.00223,-0.17,0.256,1.0
113,09199,其他醫藥衛生細學類,五專,3,1,289.0,10.0,286.0,9.0,0.01038,True,0.00085,0.00443,-0.36,0.192,1.0
113,09211,老年照顧服務細學類,五專,140,9,1545.0,231.0,1405.0,222.0,0.09061,True,0.03957,0.02177,1.78,1.818,1.0
113,09212,失能者照顧細學類,五專,0,0,,,,,,True,0.0,,,,1.0
113,09221,兒童及青少年照顧服務細學類,五專,283,29,2550.0,385.0,2267.0,356.0,0.11098,True,0.07999,0.03512,4.49,2.278,1.0
113,09231,社會工作細學類,五專,0,0,,,,,,True,0.0,,,,1.0
113,09299,其他社會福利細學類,五專,26,1,321.0,20.0,295.0,19.0,0.081,True,0.00735,0.00457,0.28,1.608,1.0
113,10111,家政服務細學類,五專,0,0,,,,,,True,0.0,,,,1.0
113,10121,美髮美容服務細學類,五專,180,22,3347.0,484.0,3167.0,462.0,0.05378,True,0.05088,0.04907,0.18,1.037,1.0
113,10131,旅館及餐飲細學類,五專,120,18,2523.0,380.0,2403.0,362.0,0.04756,True,0.03392,0.03723,-0.33,0.911,1.0
113,10141,競技運動細學類,五專,0,0,,,,,,True,0.0,,,,1.0
113,10142,運動科技細學類,五專,0,0,,,,,,True,0.0,,,,1.0
113,10151,旅遊觀光細學類,五專,6,4,114.0,38.0,108.0,34.0,0.05263,True,0.0017,0.00167,0.0,1.018,1.0
113,10152,遊憩、運動和休閒管理細學類,五專,22,3,376.0,54.0,354.0,51.0,0.05851,True,0.00622,0.00548,0.07,1.135,1.0
113,10199,其他餐旅及民生服務細學類,五專,17,2,669.0,78.0,652.0,76.0,0.02541,True,0.0048,0.0101,-0.53,0.475,1.0
113,10221,職業衛生及安全細學類,五專,0,0,317.0,39.0,317.0,39.0,0.0,True,0.0,0.00491,-0.49,0.0,1.0
113,10321,警政細學類,五專,0,0,,,,,,True,0.0,,,,1.0
113,10411,運輸管理細學類,五專,0,0,,,,,,True,0.0,,,,1.0
113,10412,航運管理細學類,五專,2,1,44.0,15.0,42.0,14.0,0.04545,True,0.00057,0.00065,-0.01,0.877,1.0
113,10413,空運管理細學類,五專,0,0,,,,,,True,0.0,,,,1.0
113,10414,航海細學類,五專,4,0,263.0,36.0,259.0,36.0,0.01521,True,0.00113,0.00401,-0.29,0.282,1.0
113,99999,其他細學類,五專,23,0,185.0,0.0,162.0,0.0,0.12432,False,,,,,1.0
113,01111,綜合教育細學類,博士班,33,2,1021.0,115.0,988.0,113.0,0.03232,True,0.14667,0.03502,11.16,4.188,1.0
113,01112,成人教育細學類,博士班,1,0,118.0,3.0,117.0,3.0,0.00847,True,0.00444,0.00415,0.03,1.07,1.0
113,01113,特殊教育細學類,博士班,0,0,119.0,12.0,119.0,12.0,0.0,True,0.0,0.00422,-0.42,0.0,1.0
113,01114,教育行政細學類,博士班,12,1,296.0,29.0,284.0,28.0,0.04054,True,0.05333,0.01007,4.33,5.296,1.0
113,01115,課程與教學細學類,博士班,2,1,121.0,17.0,119.0,16.0,0.01653,True,0.00889,0.00422,0.47,2.107,1.0
113,01116,教育科技細學類,博士班,1,0,73.0,9.0,72.0,9.0,0.0137,True,0.00444,0.00255,0.19,1.741,1.0
113,01118,技職教育細學類,博士班,0,0,115.0,26.0,115.0,26.0,0.0,True,0.0,0.00408,-0.41,0.0,1.0
113,01121,幼兒師資教育細學類,博士班,0,0,,,,,,True,0.0,,,,1.0
113,01131,普通科目師資教育細學類,博士班,3,0,120.0,22.0,117.0,22.0,0.025,True,0.01333,0.00415,0.92,3.212,1.0
113,01141,專業科目師資教育細學類,博士班,7,2,454.0,78.0,447.0,76.0,0.01542,True,0.03111,0.01584,1.53,1.964,1.0
113,01199,其他教育細學類,博士班,1,0,72.0,5.0,71.0,5.0,0.01389,True,0.00444,0.00252,0.19,1.762,1.0
113,02111,視覺藝術細學類,博士班,0,0,16.0,0.0,16.0,0.0,0.0,True,0.0,0.00057,-0.06,0.0,1.0
113,02112,視覺傳達設計細學類,博士班,1,0,79.0,9.0,78.0,9.0,0.01266,True,0.00444,0.00276,0.17,1.609,1.0
113,02121,應用藝術細學類,博士班,0,0,21.0,0.0,21.0,0.0,0.0,True,0.0,0.00074,-0.07,0.0,1.0
113,02122,綜合設計細學類,博士班,0,0,441.0,67.0,441.0,67.0,0.0,True,0.0,0.01563,-1.56,0.0,1.0
113,02123,產品設計細學類,博士班,1,0,67.0,1.0,66.0,1.0,0.01493,True,0.00444,0.00234,0.21,1.897,1.0
113,02124,空間設計細學類,博士班,0,0,,,,,,True,0.0,,,,1.0
113,02125,時尚設計與管理細學類,博士班,0,0,,,,,,True,0.0,,,,1.0
113,02131,純藝術細學類,博士班,2,1,220.0,25.0,218.0,24.0,0.00909,True,0.00889,0.00773,0.12,1.15,1.0
113,02132,雕塑細學類,博士班,0,0,,,,,,True,0.0,,,,1.0
113,02141,美術工藝細學類,博士班,0,0,,,,,,True,0.0,,,,1.0
113,02151,音樂細學類,博士班,0,0,129.0,10.0,129.0,10.0,0.0,True,0.0,0.00457,-0.46,0.0,1.0
113,02152,表演藝術細學類,博士班,3,0,63.0,1.0,60.0,1.0,0.04762,True,0.01333,0.00213,1.12,6.258,1.0
113,02191,綜合藝術細學類,博士班,1,0,77.0,7.0,76.0,7.0,0.01299,True,0.00444,0.00269,0.18,1.651,1.0
113,02192,藝術行政細學類,博士班,1,0,33.0,4.0,32.0,4.0,0.0303,True,0.00444,0.00113,0.33,3.929,1.0
113,02199,其他藝術細學類,博士班,0,0,,,,,,True,0.0,,,,1.0
113,02211,宗教細學類,博士班,2,0,134.0,12.0,132.0,12.0,0.01493,True,0.00889,0.00468,0.42,1.9,1.0
113,02221,歷史細學類,博士班,1,0,275.0,27.0,274.0,27.0,0.00364,True,0.00444,0.00971,-0.53,0.457,1.0
113,02222,人類學及民族學細學類,博士班,21,1,94.0,4.0,73.0,3.0,0.2234,True,0.09333,0.00259,9.07,36.035,1.0
113,02231,哲學細學類,博士班,1,0,193.0,20.0,192.0,20.0,0.00518,True,0.00444,0.0068,-0.24,0.653,1.0
113,02299,其他人文細學類,博士班,1,1,183.0,38.0,182.0,37.0,0.00546,True,0.00444,0.00645,-0.2,0.688,1.0
113,02311,外國語文細學類,博士班,1,0,187.0,21.0,186.0,21.0,0.00535,True,0.00444,0.00659,-0.22,0.674,1.0
113,02312,翻譯細學類,博士班,0,0,27.0,9.0,27.0,9.0,0.0,True,0.0,0.00096,-0.1,0.0,1.0
113,02313,華語文為第二語言細學類,博士班,0,0,79.0,4.0,79.0,4.0,0.0,True,0.0,0.0028,-0.28,0.0,1.0
113,02321,臺灣語文細學類,博士班,10,0,147.0,10.0,137.0,10.0,0.06803,True,0.04444,0.00486,3.96,9.144,1.0
113,02322,中國語文細學類,博士班,5,0,719.0,76.0,714.0,76.0,0.00695,True,0.02222,0.02531,-0.31,0.878,1.0
113,02323,華語文細學類,博士班,0,0,20.0,1.0,20.0,1.0,0.0,True,0.0,0.00071,-0.07,0.0,1.0
113,02399,其他語文細學類,博士班,2,0,75.0,5.0,73.0,5.0,0.02667,True,0.00889,0.00259,0.63,3.432,1.0
113,03111,經濟學細學類,博士班,0,0,105.0,18.0,105.0,18.0,0.0,True,0.0,0.00372,-0.37,0.0,1.0
113,03121,政治學細學類,博士班,0,1,271.0,22.0,271.0,21.0,0.0,True,0.0,0.0096,-0.96,0.0,1.0
113,03122,國際關係細學類,博士班,0,0,92.0,9.0,92.0,9.0,0.0,True,0.0,0.00326,-0.33,0.0,1.0
113,03131,心理學細學類,博士班,0,0,330.0,29.0,330.0,29.0,0.0,True,0.0,0.0117,-1.17,0.0,1.0
113,03141,社會學細學類,博士班,7,0,98.0,7.0,91.0,7.0,0.07143,True,0.03111,0.00323,2.79,9.632,1.0
113,03142,地理學細學類,博士班,3,0,94.0,8.0,91.0,8.0,0.03191,True,0.01333,0.00323,1.01,4.127,1.0
113,03143,區域研究細學類,博士班,2,0,256.0,33.0,254.0,33.0,0.00781,True,0.00889,0.009,-0.01,0.988,1.0
113,03191,發展研究細學類,博士班,0,0,94.0,14.0,94.0,14.0,0.0,True,0.0,0.00333,-0.33,0.0,1.0
113,03199,其他社會及行為科學細學類,博士班,1,0,61.0,3.0,60.0,3.0,0.01639,True,0.00444,0.00213,0.23,2.085,1.0
113,03211,大眾傳播細學類,博士班,0,0,50.0,5.0,50.0,5.0,0.0,True,0.0,0.00177,-0.18,0.0,1.0
113,03212,新聞細學類,博士班,0,0,,,,,,True,0.0,,,,1.0
113,03213,電子媒體細學類,博士班,0,0,,,,,,True,0.0,,,,1.0
113,03214,傳播細學類,博士班,2,1,47.0,9.0,45.0,8.0,0.04255,True,0.00889,0.00159,0.73,5.591,1.0
113,03222,圖書資訊檔案細學類,博士班,0,0,40.0,4.0,40.0,4.0,0.0,True,0.0,0.00142,-0.14,0.0,1.0
113,04111,會計及稅務細學類,博士班,0,0,68.0,6.0,68.0,6.0,0.0,True,0.0,0.00241,-0.24,0.0,1.0
113,04121,財務金融細學類,博士班,0,0,362.0,65.0,362.0,65.0,0.0,True,0.0,0.01283,-1.28,0.0,1.0
113,04122,財政細學類,博士班,0,0,4.0,0.0,4.0,0.0,0.0,True,0.0,0.00014,-0.01,0.0,1.0
113,04123,保險及風險管理細學類,博士班,0,0,13.0,1.0,13.0,1.0,0.0,True,0.0,0.00046,-0.05,0.0,1.0
113,04131,企業管理細學類,博士班,10,0,1704.0,172.0,1694.0,172.0,0.00587,True,0.04444,0.06004,-1.56,0.74,1.0
113,04132,流通及供應鏈細學類,博士班,0,0,,,,,,True,0.0,,,,1.0
113,04133,醫療管理細學類,博士班,0,0,9.0,0.0,9.0,0.0,0.0,True,0.0,0.00032,-0.03,0.0,1.0
113,04134,公共行政細學類,博士班,1,0,101.0,11.0,100.0,11.0,0.0099,True,0.00444,0.00354,0.09,1.254,1.0
113,04141,國際貿易細學類,博士班,0,0,41.0,5.0,41.0,5.0,0.0,True,0.0,0.00145,-0.14,0.0,1.0
113,04143,行銷及廣告細學類,博士班,0,0,,,,,,True,0.0,,,,1.0
113,04191,一般商業細學類,博士班,0,0,311.0,50.0,311.0,50.0,0.0,True,0.0,0.01102,-1.1,0.0,1.0
113,04199,其他商業及管理細學類,博士班,5,0,373.0,50.0,368.0,50.0,0.0134,True,0.02222,0.01304,0.92,1.704,1.0
113,04211,一般法律細學類,博士班,2,0,284.0,15.0,282.0,15.0,0.00704,True,0.00889,0.00999,-0.11,0.89,1.0
113,04212,專業法律細學類,博士班,3,0,131.0,8.0,128.0,8.0,0.0229,True,0.01333,0.00454,0.88,2.936,1.0
113,05111,生物學細學類,博士班,0,0,238.0,40.0,238.0,40.0,0.0,True,0.0,0.00844,-0.84,0.0,1.0
113,05121,生物科技細學類,博士班,3,0,888.0,113.0,885.0,113.0,0.00338,True,0.01333,0.03137,-1.8,0.425,1.0
113,05122,微生物細學類,博士班,0,0,26.0,3.0,26.0,3.0,0.0,True,0.0,0.00092,-0.09,0.0,1.0
113,05123,生物化學細學類,博士班,0,0,133.0,24.0,133.0,24.0,0.0,True,0.0,0.00471,-0.47,0.0,1.0
113,05124,生物訊息及遺傳細學類,博士班,0,0,84.0,7.0,84.0,7.0,0.0,True,0.0,0.00298,-0.3,0.0,1.0
113,05191,營養細學類,博士班,0,1,111.0,15.0,111.0,14.0,0.0,True,0.0,0.00393,-0.39,0.0,1.0
113,05199,其他生命科學細學類,博士班,0,0,86.0,10.0,86.0,10.0,0.0,True,0.0,0.00305,-0.3,0.0,1.0
113,05211,環境資源細學類,博士班,2,0,108.0,14.0,106.0,14.0,0.01852,True,0.00889,0.00376,0.51,2.364,1.0
113,05212,生態細學類,博士班,0,0,16.0,3.0,16.0,3.0,0.0,True,0.0,0.00057,-0.06,0.0,1.0
113,05221,自然環境及野生動物細學類,博士班,0,0,,,,,,True,0.0,,,,1.0
113,05291,環境防災細學類,博士班,0,0,,,,,,True,0.0,,,,1.0
113,05292,水土保持細學類,博士班,0,0,27.0,2.0,27.0,2.0,0.0,True,0.0,0.00096,-0.1,0.0,1.0
113,05311,化學細學類,博士班,0,0,490.0,90.0,490.0,90.0,0.0,True,0.0,0.01737,-1.74,0.0,1.0
113,05321,地球科學及環境細學類,博士班,0,0,207.0,17.0,207.0,17.0,0.0,True,0.0,0.00734,-0.73,0.0,1.0
113,05322,大氣及太空科學細學類,博士班,1,0,68.0,11.0,67.0,11.0,0.01471,True,0.00444,0.00237,0.21,1.873,1.0
113,05323,海洋科學細學類,博士班,0,0,158.0,20.0,158.0,20.0,0.0,True,0.0,0.0056,-0.56,0.0,1.0
113,05331,物理及應用物理細學類,博士班,0,0,568.0,104.0,568.0,104.0,0.0,True,0.0,0.02013,-2.01,0.0,1.0
113,05399,其他物理、化學及地球科學細學類,博士班,0,0,44.0,4.0,44.0,4.0,0.0,True,0.0,0.00156,-0.16,0.0,1.0
113,05411,數學細學類,博士班,0,0,148.0,20.0,148.0,20.0,0.0,True,0.0,0.00525,-0.52,0.0,1.0
113,05421,統計細學類,博士班,0,0,60.0,7.0,60.0,7.0,0.0,True,0.0,0.00213,-0.21,0.0,1.0
113,05499,其他數學及統計細學類,博士班,0,0,,,,,,True,0.0,,,,1.0
113,06111,電腦運用細學類,博士班,0,0,41.0,1.0,41.0,1.0,0.0,True,0.0,0.00145,-0.14,0.0,1.0
113,06121,資料庫、網路設計及管理細學類,博士班,0,0,1.0,0.0,1.0,0.0,0.0,True,0.0,4e-05,-0.0,0.0,1.0
113,06131,資訊技術細學類,博士班,3,0,1332.0,160.0,1329.0,160.0,0.00225,True,0.01333,0.0471,-3.38,0.283,1.0
113,06132,軟體開發細學類,博士班,0,0,42.0,2.0,42.0,2.0,0.0,True,0.0,0.00149,-0.15,0.0,1.0
113,06133,系統設計細學類,博士班,0,0,,,,,,True,0.0,,,,1.0
113,06134,電算機應用細學類,博士班,0,0,69.0,3.0,69.0,3.0,0.0,True,0.0,0.00245,-0.24,0.0,1.0
113,06199,其他資訊通訊科技細學類,博士班,0,0,40.0,0.0,40.0,0.0,0.0,True,0.0,0.00142,-0.14,0.0,1.0
113,07111,化學工程細學類,博士班,2,0,562.0,95.0,560.0,95.0,0.00356,True,0.00889,0.01985,-1.1,0.448,1.0
113,07112,材料工程細學類,博士班,3,1,954.0,138.0,951.0,137.0,0.00314,True,0.01333,0.03371,-2.04,0.395,1.0
113,07121,環境工程細學類,博士班,3,1,239.0,36.0,236.0,35.0,0.01255,True,0.01333,0.00836,0.5,1.594,1.0
113,07122,河海工程細學類,博士班,1,0,93.0,8.0,92.0,8.0,0.01075,True,0.00444,0.00326,0.12,1.362,1.0
113,07132,能源工程細學類,博士班,0,0,97.0,8.0,97.0,8.0,0.0,True,0.0,0.00344,-0.34,0.0,1.0
113,07141,電機與電子工程細學類,博士班,5,2,2429.0,357.0,2424.0,355.0,0.00206,True,0.02222,0.08591,-6.37,0.259,1.0
113,07151,機械工程細學類,博士班,2,0,1100.0,129.0,1098.0,129.0,0.00182,True,0.00889,0.03892,-3.0,0.228,1.0
113,07161,車輛工程細學類,博士班,0,0,,,,,,True,0.0,,,,1.0
113,07162,航空工程細學類,博士班,0,0,45.0,6.0,45.0,6.0,0.0,True,0.0,0.00159,-0.16,0.0,1.0
113,07163,造船工程細學類,博士班,2,0,47.0,5.0,45.0,5.0,0.04255,True,0.00889,0.00159,0.73,5.591,1.0
113,07191,工業工程細學類,博士班,3,0,365.0,49.0,362.0,49.0,0.00822,True,0.01333,0.01283,0.05,1.039,1.0
113,07192,紡織工程細學類,博士班,0,0,13.0,1.0,13.0,1.0,0.0,True,0.0,0.00046,-0.05,0.0,1.0
113,07193,生醫工程細學類,博士班,3,0,589.0,59.0,586.0,59.0,0.00509,True,0.01333,0.02077,-0.74,0.642,1.0
113,07194,綜合工程細學類,博士班,1,0,323.0,43.0,322.0,43.0,0.0031,True,0.00444,0.01141,-0.7,0.389,1.0
113,07199,其他工程及工程業細學類,博士班,0,1,144.0,31.0,144.0,30.0,0.0,True,0.0,0.0051,-0.51,0.0,1.0
113,07211,食品科學細學類,博士班,1,0,133.0,7.0,132.0,7.0,0.00752,True,0.00444,0.00468,-0.02,0.949,1.0
113,07241,採礦及提煉細學類,博士班,0,0,31.0,5.0,31.0,5.0,0.0,True,0.0,0.0011,-0.11,0.0,1.0
113,07311,建築細學類,博士班,0,0,111.0,13.0,111.0,13.0,0.0,True,0.0,0.00393,-0.39,0.0,1.0
113,07312,景觀設計細學類,博士班,0,0,,,,,,True,0.0,,,,1.0
113,07313,都巿規劃細學類,博士班,4,0,64.0,3.0,60.0,3.0,0.0625,True,0.01778,0.00213,1.57,8.347,1.0
113,07321,土木工程細學類,博士班,2,0,578.0,83.0,576.0,83.0,0.00346,True,0.00889,0.02041,-1.15,0.436,1.0
113,07322,空間資訊及測繪細學類,博士班,0,0,40.0,4.0,40.0,4.0,0.0,True,0.0,0.00142,-0.14,0.0,1.0
113,08111,農作物生產細學類,博士班,2,0,122.0,9.0,120.0,9.0,0.01639,True,0.00889,0.00425,0.46,2.092,1.0
113,08112,畜牧生產細學類,博士班,1,0,65.0,9.0,64.0,9.0,0.01538,True,0.00444,0.00227,0.22,1.956,1.0
113,08121,園藝細學類,博士班,1,0,61.0,9.0,60.0,9.0,0.01639,True,0.00444,0.00213,0.23,2.085,1.0
113,08193,農業經濟及推廣細學類,博士班,0,0,38.0,2.0,38.0,2.0,0.0,True,0.0,0.00135,-0.14,0.0,1.0
113,08194,植物保護細學類,博士班,0,0,25.0,3.0,25.0,3.0,0.0,True,0.0,0.00089,-0.09,0.0,1.0
113,08199,其他農業細學類,博士班,1,0,89.0,8.0,88.0,8.0,0.01124,True,0.00444,0.00312,0.13,1.423,1.0
113,08211,林業細學類,博士班,0,0,50.0,9.0,50.0,9.0,0.0,True,0.0,0.00177,-0.18,0.0,1.0
113,08311,漁業科學細學類,博士班,0,0,46.0,7.0,46.0,7.0,0.0,True,0.0,0.00163,-0.16,0.0,1.0
113,08312,水產養殖細學類,博士班,0,0,64.0,6.0,64.0,6.0,0.0,True,0.0,0.00227,-0.23,0.0,1.0
113,08411,獸醫細學類,博士班,1,0,86.0,7.0,85.0,7.0,0.01163,True,0.00444,0.00301,0.14,1.475,1.0
113,09111,牙醫細學類,博士班,0,0,136.0,29.0,136.0,29.0,0.0,True,0.0,0.00482,-0.48,0.0,1.0
113,09121,醫學細學類,博士班,12,1,1753.0,247.0,1741.0,246.0,0.00685,True,0.05333,0.0617,-0.84,0.864,1.0
113,09131,護理及助產細學類,博士班,2,1,438.0,75.0,436.0,74.0,0.00457,True,0.00889,0.01545,-0.66,0.575,1.0
113,09141,醫學技術及檢驗細學類,博士班,2,0,160.0,20.0,158.0,20.0,0.0125,True,0.00889,0.0056,0.33,1.588,1.0
113,09151,物理治療細學類,博士班,0,0,60.0,5.0,60.0,5.0,0.0,True,0.0,0.00213,-0.21,0.0,1.0
113,09152,職能治療細學類,博士班,0,0,16.0,3.0,16.0,3.0,0.0,True,0.0,0.00057,-0.06,0.0,1.0
113,09153,語言治療與聽力細學類,博士班,0,0,,,,,,True,0.0,,,,1.0
113,09159,其他治療及復健細學類,博士班,1,0,39.0,4.0,38.0,4.0,0.02564,True,0.00444,0.00135,0.31,3.289,1.0
113,09161,藥學細學類,博士班,2,0,333.0,53.0,331.0,53.0,0.00601,True,0.00889,0.01173,-0.28,0.758,1.0
113,09171,傳統醫學、輔助醫學及治療細學類,博士班,0,0,64.0,6.0,64.0,6.0,0.0,True,0.0,0.00227,-0.23,0.0,1.0
113,09191,公共衛生細學類,博士班,2,0,574.0,68.0,572.0,68.0,0.00348,True,0.00889,0.02027,-1.14,0.439,1.0
113,09199,其他醫藥衛生細學類,博士班,0,0,81.0,8.0,81.0,8.0,0.0,True,0.0,0.00287,-0.29,0.0,1.0
113,09211,老年照顧服務細學類,博士班,0,0,7.0,0.0,7.0,0.0,0.0,True,0.0,0.00025,-0.02,0.0,1.0
113,09212,失能者照顧細學類,博士班,0,0,,,,,,True,0.0,,,,1.0
113,09221,兒童及青少年照顧服務細學類,博士班,0,0,,,,,,True,0.0,,,,1.0
113,09231,社會工作細學類,博士班,1,0,122.0,11.0,121.0,11.0,0.0082,True,0.00444,0.00429,0.01,1.035,1.0
113,09299,其他社會福利細學類,博士班,0,0,,,,,,True,0.0,,,,1.0
113,10111,家政服務細學類,博士班,0,0,,,,,,True,0.0,,,,1.0
113,10121,美髮美容服務細學類,博士班,0,0,,,,,,True,0.0,,,,1.0
113,10131,旅館及餐飲細學類,博士班,0,0,,,,,,True,0.0,,,,1.0
113,10141,競技運動細學類,博士班,5,0,112.0,13.0,107.0,13.0,0.04464,True,0.02222,0.00379,1.84,5.863,1.0
113,10142,運動科技細學類,博士班,0,0,18.0,1.0,18.0,1.0,0.0,True,0.0,0.00064,-0.06,0.0,1.0
113,10151,旅遊觀光細學類,博士班,0,0,59.0,5.0,59.0,5.0,0.0,True,0.0,0.00209,-0.21,0.0,1.0
113,10152,遊憩、運動和休閒管理細學類,博士班,1,0,55.0,4.0,54.0,4.0,0.01818,True,0.00444,0.00191,0.25,2.325,1.0
113,10199,其他餐旅及民生服務細學類,博士班,0,0,,,,,,True,0.0,,,,1.0
113,10221,職業衛生及安全細學類,博士班,0,0,,,,,,True,0.0,,,,1.0
113,10321,警政細學類,博士班,0,0,,,,,,True,0.0,,,,1.0
113,10411,運輸管理細學類,博士班,0,0,34.0,1.0,34.0,1.0,0.0,True,0.0,0.00121,-0.12,0.0,1.0
113,10412,航運管理細學類,博士班,1,0,64.0,8.0,63.0,8.0,0.01562,True,0.00444,0.00223,0.22,1.991,1.0
113,10413,空運管理細學類,博士班,0,0,,,,,,True,0.0,,,,1.0
113,10414,航海細學類,博士班,0,0,,,,,,True,0.0,,,,1.0
113,99999,其他細學類,博士班,1,0,165.0,8.0,164.0,8.0,0.00606,False,,,,,1.0
113,01111,綜合教育細學類,學士班,159,27,3410.0,769.0,3251.0,742.0,0.04663,True,0.00838,0.00421,0.42,1.99,1.0
113,01112,成人教育細學類,學士班,0,0,115.0,19.0,115.0,19.0,0.0,True,0.0,0.00015,-0.02,0.0,1.0
113,01113,特殊教育細學類,學士班,78,16,2466.0,585.0,2388.0,569.0,0.03163,True,0.00411,0.00309,0.1,1.33,1.0
113,01114,教育行政細學類,學士班,9,0,658.0,153.0,649.0,153.0,0.01368,True,0.00047,0.00084,-0.04,0.56,1.0
113,01115,課程與教學細學類,學士班,0,0,,,,,,True,0.0,,,,1.0
113,01116,教育科技細學類,學士班,13,5,829.0,214.0,816.0,209.0,0.01568,True,0.00069,0.00106,-0.04,0.651,1.0
113,01118,技職教育細學類,學士班,0,0,,,,,,True,0.0,,,,1.0
113,01121,幼兒師資教育細學類,學士班,263,54,3853.0,1025.0,3590.0,971.0,0.06826,True,0.01386,0.00465,0.92,2.981,1.0
113,01131,普通科目師資教育細學類,學士班,65,22,2698.0,620.0,2633.0,598.0,0.02409,True,0.00343,0.00341,0.0,1.006,1.0
113,01141,專業科目師資教育細學類,學士班,477,72,4734.0,919.0,4257.0,847.0,0.10076,True,0.02514,0.00551,1.96,4.563,1.0
113,01199,其他教育細學類,學士班,4,0,519.0,49.0,515.0,49.0,0.00771,True,0.00021,0.00067,-0.05,0.313,1.0
113,02111,視覺藝術細學類,學士班,118,22,5070.0,1001.0,4952.0,979.0,0.02327,True,0.00622,0.00641,-0.02,0.97,1.0
113,02112,視覺傳達設計細學類,學士班,352,56,18772.0,4722.0,18420.0,4666.0,0.01875,True,0.01855,0.02386,-0.53,0.777,1.0
113,02121,應用藝術細學類,學士班,22,5,1267.0,301.0,1245.0,296.0,0.01736,True,0.00116,0.00161,-0.05,0.72,1.0
113,02122,綜合設計細學類,學士班,320,52,9811.0,2359.0,9491.0,2307.0,0.03262,True,0.01686,0.01229,0.46,1.372,1.0
113,02123,產品設計細學類,學士班,128,20,6012.0,1610.0,5884.0,1590.0,0.02129,True,0.00675,0.00762,-0.09,0.886,1.0
113,02124,空間設計細學類,學士班,73,13,4206.0,941.0,4133.0,928.0,0.01736,True,0.00385,0.00535,-0.15,0.72,1.0
113,02125,時尚設計與管理細學類,學士班,60,12,3336.0,816.0,3276.0,804.0,0.01799,True,0.00316,0.00424,-0.11,0.745,1.0
113,02131,純藝術細學類,學士班,62,11,4085.0,958.0,4023.0,947.0,0.01518,True,0.00327,0.00521,-0.19,0.628,1.0
113,02132,雕塑細學類,學士班,5,0,168.0,22.0,163.0,22.0,0.02976,True,0.00026,0.00021,0.0,1.238,1.0
113,02141,美術工藝細學類,學士班,141,20,731.0,169.0,590.0,149.0,0.19289,True,0.00743,0.00076,0.67,9.776,1.0
113,02151,音樂細學類,學士班,269,41,5800.0,1213.0,5531.0,1172.0,0.04638,True,0.01418,0.00716,0.7,1.98,1.0
113,02152,表演藝術細學類,學士班,384,44,5692.0,1086.0,5308.0,1042.0,0.06746,True,0.02024,0.00688,1.34,2.942,1.0
113,02191,綜合藝術細學類,學士班,28,3,1020.0,215.0,992.0,212.0,0.02745,True,0.00148,0.00128,0.02,1.156,1.0
113,02192,藝術行政細學類,學士班,11,0,386.0,75.0,375.0,75.0,0.0285,True,0.00058,0.00049,0.01,1.184,1.0
113,02199,其他藝術細學類,學士班,80,11,999.0,196.0,919.0,185.0,0.08008,True,0.00422,0.00119,0.3,3.546,1.0
113,02211,宗教細學類,學士班,13,0,585.0,110.0,572.0,110.0,0.02222,True,0.00069,0.00074,-0.01,0.932,1.0
113,02221,歷史細學類,學士班,99,13,3853.0,844.0,3754.0,831.0,0.02569,True,0.00522,0.00486,0.04,1.074,1.0
113,02222,人類學及民族學細學類,學士班,94,17,504.0,94.0,410.0,77.0,0.18651,True,0.00495,0.00053,0.44,9.34,1.0
113,02231,哲學細學類,學士班,19,6,1589.0,326.0,1570.0,320.0,0.01196,True,0.001,0.00203,-0.1,0.493,1.0
113,02299,其他人文細學類,學士班,201,38,2615.0,608.0,2414.0,570.0,0.07686,True,0.01059,0.00313,0.75,3.383,1.0
113,02311,外國語文細學類,學士班,726,141,39453.0,10506.0,38727.0,10365.0,0.0184,True,0.03826,0.05016,-1.19,0.763,1.0
113,02312,翻譯細學類,學士班,7,0,345.0,85.0,338.0,85.0,0.02029,True,0.00037,0.00044,-0.01,0.841,1.0
113,02313,華語文為第二語言細學類,學士班,5,0,458.0,117.0,453.0,117.0,0.01092,True,0.00026,0.00059,-0.03,0.441,1.0
113,02321,臺灣語文細學類,學士班,233,43,1183.0,274.0,950.0,231.0,0.19696,True,0.01228,0.00123,1.1,9.984,1.0
113,02322,中國語文細學類,學士班,157,18,8822.0,2061.0,8665.0,2043.0,0.0178,True,0.00827,0.01122,-0.3,0.737,1.0
113,02323,華語文細學類,學士班,27,4,1804.0,465.0,1777.0,461.0,0.01497,True,0.00142,0.0023,-0.09,0.617,1.0
113,02399,其他語文細學類,學士班,0,0,,,,,,True,0.0,,,,1.0
113,03111,經濟學細學類,學士班,97,19,8817.0,2027.0,8720.0,2008.0,0.011,True,0.00511,0.0113,-0.62,0.452,1.0
113,03121,政治學細學類,學士班,60,7,2743.0,572.0,2683.0,565.0,0.02187,True,0.00316,0.00348,-0.03,0.908,1.0
113,03122,國際關係細學類,學士班,14,2,1036.0,252.0,1022.0,250.0,0.01351,True,0.00074,0.00132,-0.06,0.561,1.0
113,03131,心理學細學類,學士班,223,32,6914.0,1521.0,6691.0,1489.0,0.03225,True,0.01175,0.00867,0.31,1.355,1.0
113,03141,社會學細學類,學士班,286,57,3663.0,893.0,3377.0,836.0,0.07808,True,0.01507,0.00437,1.07,3.449,1.0
113,03142,地理學細學類,學士班,30,5,977.0,213.0,947.0,208.0,0.03071,True,0.00158,0.00123,0.04,1.285,1.0
113,03143,區域研究細學類,學士班,24,3,1254.0,242.0,1230.0,239.0,0.01914,True,0.00126,0.00159,-0.03,0.792,1.0
113,03191,發展研究細學類,學士班,82,2,850.0,182.0,768.0,180.0,0.09647,True,0.00432,0.00099,0.33,4.364,1.0
113,03199,其他社會及行為科學細學類,學士班,32,46,805.0,267.0,773.0,221.0,0.03975,True,0.00169,0.001,0.07,1.69,1.0
113,03211,大眾傳播細學類,學士班,310,67,5126.0,1164.0,4816.0,1097.0,0.06048,True,0.01634,0.00624,1.01,2.619,1.0
113,03212,新聞細學類,學士班,52,5,1338.0,374.0,1286.0,369.0,0.03886,True,0.00274,0.00167,0.11,1.641,1.0
113,03213,電子媒體細學類,學士班,45,4,1716.0,418.0,1671.0,414.0,0.02622,True,0.00237,0.00216,0.02,1.097,1.0
113,03214,傳播細學類,學士班,58,21,2907.0,743.0,2849.0,722.0,0.01995,True,0.00306,0.00369,-0.06,0.829,1.0
113,03222,圖書資訊檔案細學類,學士班,7,0,871.0,194.0,864.0,194.0,0.00804,True,0.00037,0.00112,-0.08,0.33,1.0
113,04111,會計及稅務細學類,學士班,128,21,13222.0,3412.0,13094.0,3391.0,0.00968,True,0.00675,0.01696,-1.02,0.398,1.0
113,04121,財務金融細學類,學士班,383,41,23269.0,5648.0,22886.0,5607.0,0.01646,True,0.02018,0.02965,-0.95,0.681,1.0
113,04122,財政細學類,學士班,50,14,2696.0,676.0,2646.0,662.0,0.01855,True,0.00264,0.00343,-0.08,0.77,1.0
113,04123,保險及風險管理細學類,學士班,34,6,3309.0,758.0,3275.0,752.0,0.01028,True,0.00179,0.00424,-0.24,0.422,1.0
113,04131,企業管理細學類,學士班,774,242,43682.0,11672.0,42908.0,11430.0,0.01772,True,0.04079,0.05558,-1.48,0.734,1.0
113,04132,流通及供應鏈細學類,學士班,180,43,9046.0,2246.0,8866.0,2203.0,0.0199,True,0.00949,0.01148,-0.2,0.827,1.0
113,04133,醫療管理細學類,學士班,78,17,3682.0,1060.0,3604.0,1043.0,0.02118,True,0.00411,0.00467,-0.06,0.88,1.0
113,04134,公共行政細學類,學士班,149,76,4745.0,1231.0,4596.0,1155.0,0.0314,True,0.00785,0.00595,0.19,1.319,1.0
113,04141,國際貿易細學類,學士班,100,22,8747.0,2518.0,8647.0,2496.0,0.01143,True,0.00527,0.0112,-0.59,0.471,1.0
113,04143,行銷及廣告細學類,學士班,229,50,9336.0,2264.0,9107.0,2214.0,0.02453,True,0.01207,0.0118,0.03,1.023,1.0
113,04191,一般商業細學類,學士班,151,62,2199.0,433.0,2048.0,371.0,0.06867,True,0.00796,0.00265,0.53,3.004,1.0
113,04199,其他商業及管理細學類,學士班,224,44,10066.0,2501.0,9842.0,2457.0,0.02225,True,0.01181,0.01275,-0.09,0.926,1.0
113,04211,一般法律細學類,學士班,334,73,8652.0,1963.0,8318.0,1890.0,0.0386,True,0.0176,0.01077,0.68,1.634,1.0
113,04212,專業法律細學類,學士班,69,18,3949.0,913.0,3880.0,895.0,0.01747,True,0.00364,0.00503,-0.14,0.724,1.0
113,05111,生物學細學類,學士班,46,6,3737.0,801.0,3691.0,795.0,0.01231,True,0.00242,0.00478,-0.24,0.506,1.0
113,05121,生物科技細學類,學士班,63,10,6058.0,1441.0,5995.0,1431.0,0.0104,True,0.00332,0.00777,-0.44,0.427,1.0
113,05122,微生物細學類,學士班,2,1,217.0,42.0,215.0,41.0,0.00922,True,0.00011,0.00028,-0.02,0.393,1.0
113,05123,生物化學細學類,學士班,1,0,342.0,77.0,341.0,77.0,0.00292,True,5e-05,0.00044,-0.04,0.114,1.0
113,05124,生物訊息及遺傳細學類,學士班,0,0,0.0,3.0,0.0,3.0,,True,0.0,0.0,0.0,,1.0
113,05191,營養細學類,學士班,87,18,5229.0,1496.0,5142.0,1478.0,0.01664,True,0.00458,0.00666,-0.21,0.688,1.0
113,05199,其他生命科學細學類,學士班,1,0,336.0,72.0,335.0,72.0,0.00298,True,5e-05,0.00043,-0.04,0.116,1.0
113,05211,環境資源細學類,學士班,5,3,819.0,200.0,814.0,197.0,0.00611,True,0.00026,0.00105,-0.08,0.248,1.0
113,05212,生態細學類,學士班,10,2,326.0,87.0,316.0,85.0,0.03067,True,0.00053,0.00041,0.01,1.293,1.0
113,05221,自然環境及野生動物細學類,學士班,0,0,,,,,,True,0.0,,,,1.0
113,05291,環境防災細學類,學士班,0,0,,,,,,True,0.0,,,,1.0
113,05292,水土保持細學類,學士班,4,2,412.0,98.0,408.0,96.0,0.00971,True,0.00021,0.00053,-0.03,0.396,1.0
113,05311,化學細學類,學士班,36,9,6641.0,1408.0,6605.0,1399.0,0.00542,True,0.0019,0.00856,-0.67,0.222,1.0
113,05321,地球科學及環境細學類,學士班,7,1,1131.0,258.0,1124.0,257.0,0.00619,True,0.00037,0.00146,-0.11,0.253,1.0
113,05322,大氣及太空科學細學類,學士班,5,1,533.0,118.0,528.0,117.0,0.00938,True,0.00026,0.00068,-0.04,0.382,1.0
113,05323,海洋科學細學類,學士班,1,0,286.0,65.0,285.0,65.0,0.0035,True,5e-05,0.00037,-0.03,0.135,1.0
113,05331,物理及應用物理細學類,學士班,26,5,5362.0,1081.0,5336.0,1076.0,0.00485,True,0.00137,0.00691,-0.55,0.198,1.0
113,05399,其他物理、化學及地球科學細學類,學士班,9,3,1134.0,271.0,1125.0,268.0,0.00794,True,0.00047,0.00146,-0.1,0.322,1.0
113,05411,數學細學類,學士班,34,12,6226.0,1370.0,6192.0,1358.0,0.00546,True,0.00179,0.00802,-0.62,0.223,1.0
113,05421,統計細學類,學士班,19,2,2963.0,725.0,2944.0,723.0,0.00641,True,0.001,0.00381,-0.28,0.262,1.0
113,05499,其他數學及統計細學類,學士班,4,1,864.0,187.0,860.0,186.0,0.00463,True,0.00021,0.00111,-0.09,0.189,1.0
113,06111,電腦運用細學類,學士班,18,8,2075.0,457.0,2057.0,449.0,0.00867,True,0.00095,0.00266,-0.17,0.357,1.0
113,06121,資料庫、網路設計及管理細學類,學士班,16,2,1042.0,261.0,1026.0,259.0,0.01536,True,0.00084,0.00133,-0.05,0.632,1.0
113,06131,資訊技術細學類,學士班,540,86,50058.0,11139.0,49518.0,11053.0,0.01079,True,0.02846,0.06414,-3.57,0.444,1.0
113,06132,軟體開發細學類,學士班,58,7,4595.0,837.0,4537.0,830.0,0.01262,True,0.00306,0.00588,-0.28,0.52,1.0
113,06133,系統設計細學類,學士班,25,5,2050.0,488.0,2025.0,483.0,0.0122,True,0.00132,0.00262,-0.13,0.504,1.0
113,06134,電算機應用細學類,學士班,26,5,3496.0,602.0,3470.0,597.0,0.00744,True,0.00137,0.00449,-0.31,0.305,1.0
113,06199,其他資訊通訊科技細學類,學士班,27,1,1452.0,203.0,1425.0,202.0,0.0186,True,0.00142,0.00185,-0.04,0.768,1.0
113,07111,化學工程細學類,學士班,58,9,10427.0,2233.0,10369.0,2224.0,0.00556,True,0.00306,0.01343,-1.04,0.228,1.0
113,07112,材料工程細學類,學士班,35,7,6013.0,1312.0,5978.0,1305.0,0.00582,True,0.00184,0.00774,-0.59,0.238,1.0
113,07121,環境工程細學類,學士班,71,23,6734.0,1571.0,6663.0,1548.0,0.01054,True,0.00374,0.00863,-0.49,0.433,1.0
113,07122,河海工程細學類,學士班,17,4,1475.0,328.0,1458.0,324.0,0.01153,True,0.0009,0.00189,-0.1,0.476,1.0
113,07132,能源工程細學類,學士班,27,4,2156.0,573.0,2129.0,569.0,0.01252,True,0.00142,0.00276,-0.13,0.514,1.0
113,07141,電機與電子工程細學類,學士班,573,89,59470.0,13203.0,58897.0,13114.0,0.00964,True,0.0302,0.07629,-4.61,0.396,1.0
113,07151,機械工程細學類,學士班,459,71,34470.0,7853.0,34011.0,7782.0,0.01332,True,0.02419,0.04406,-1.99,0.549,1.0
113,07161,車輛工程細學類,學士班,81,11,3485.0,606.0,3404.0,595.0,0.02324,True,0.00427,0.00441,-0.01,0.968,1.0
113,07162,航空工程細學類,學士班,65,13,3482.0,787.0,3417.0,774.0,0.01867,True,0.00343,0.00443,-0.1,0.774,1.0
113,07163,造船工程細學類,學士班,22,5,1660.0,460.0,1638.0,455.0,0.01325,True,0.00116,0.00212,-0.1,0.547,1.0
113,07191,工業工程細學類,學士班,112,13,10077.0,2253.0,9965.0,2240.0,0.01111,True,0.0059,0.01291,-0.7,0.457,1.0
113,07192,紡織工程細學類,學士班,2,1,551.0,161.0,549.0,160.0,0.00363,True,0.00011,0.00071,-0.06,0.155,1.0
113,07193,生醫工程細學類,學士班,19,3,2622.0,550.0,2603.0,547.0,0.00725,True,0.001,0.00337,-0.24,0.297,1.0
113,07194,綜合工程細學類,學士班,10,1,1301.0,203.0,1291.0,202.0,0.00769,True,0.00053,0.00167,-0.11,0.317,1.0
113,07199,其他工程及工程業細學類,學士班,3,0,1528.0,365.0,1525.0,365.0,0.00196,True,0.00016,0.00198,-0.18,0.081,1.0
113,07211,食品科學細學類,學士班,66,10,5758.0,1451.0,5692.0,1441.0,0.01146,True,0.00348,0.00737,-0.39,0.472,1.0
113,07241,採礦及提煉細學類,學士班,2,0,190.0,38.0,188.0,38.0,0.01053,True,0.00011,0.00024,-0.01,0.458,1.0
113,07311,建築細學類,學士班,101,20,6341.0,1298.0,6240.0,1278.0,0.01593,True,0.00532,0.00808,-0.28,0.658,1.0
113,07312,景觀設計細學類,學士班,26,6,1691.0,405.0,1665.0,399.0,0.01538,True,0.00137,0.00216,-0.08,0.634,1.0
113,07313,都巿規劃細學類,學士班,9,2,1155.0,291.0,1146.0,289.0,0.00779,True,0.00047,0.00148,-0.1,0.318,1.0
113,07321,土木工程細學類,學士班,322,87,11912.0,2746.0,11590.0,2659.0,0.02703,True,0.01697,0.01501,0.2,1.131,1.0
113,07322,空間資訊及測繪細學類,學士班,9,0,302.0,63.0,293.0,63.0,0.0298,True,0.00047,0.00038,0.01,1.237,1.0
113,08111,農作物生產細學類,學士班,29,4,1257.0,286.0,1228.0,282.0,0.02307,True,0.00153,0.00159,-0.01,0.962,1.0
113,08112,畜牧生產細學類,學士班,38,1,1853.0,436.0,1815.0,435.0,0.02051,True,0.002,0.00235,-0.04,0.851,1.0
113,08121,園藝細學類,學士班,16,4,1038.0,241.0,1022.0,237.0,0.01541,True,0.00084,0.00132,-0.05,0.636,1.0
113,08193,農業經濟及推廣細學類,學士班,28,4,1083.0,206.0,1055.0,202.0,0.02585,True,0.00148,0.00137,0.01,1.08,1.0
113,08194,植物保護細學類,學士班,9,1,660.0,154.0,651.0,153.0,0.01364,True,0.00047,0.00084,-0.04,0.56,1.0
113,08199,其他農業細學類,學士班,99,13,1117.0,274.0,1018.0,261.0,0.08863,True,0.00522,0.00132,0.39,3.955,1.0
113,08211,林業細學類,學士班,40,5,1766.0,394.0,1726.0,389.0,0.02265,True,0.00211,0.00224,-0.01,0.942,1.0
113,08311,漁業科學細學類,學士班,1,0,389.0,71.0,388.0,71.0,0.00257,True,5e-05,0.0005,-0.04,0.1,1.0
113,08312,水產養殖細學類,學士班,11,6,1392.0,324.0,1381.0,318.0,0.0079,True,0.00058,0.00179,-0.12,0.324,1.0
113,08411,獸醫細學類,學士班,23,5,1758.0,331.0,1735.0,326.0,0.01308,True,0.00121,0.00225,-0.1,0.538,1.0
113,09111,牙醫細學類,學士班,92,8,3334.0,579.0,3242.0,571.0,0.02759,True,0.00485,0.0042,0.07,1.155,1.0
113,09121,醫學細學類,學士班,170,16,9916.0,1630.0,9746.0,1614.0,0.01714,True,0.00896,0.01262,-0.37,0.71,1.0
113,09131,護理及助產細學類,學士班,824,297,22493.0,7932.0,21669.0,7635.0,0.03663,True,0.04343,0.02807,1.54,1.547,1.0
113,09141,醫學技術及檢驗細學類,學士班,167,32,7354.0,1918.0,7187.0,1886.0,0.02271,True,0.0088,0.00931,-0.05,0.945,1.0
113,09151,物理治療細學類,學士班,101,17,3133.0,672.0,3032.0,655.0,0.03224,True,0.00532,0.00393,0.14,1.354,1.0
113,09152,職能治療細學類,學士班,50,4,1818.0,361.0,1768.0,357.0,0.0275,True,0.00264,0.00229,0.04,1.153,1.0
113,09153,語言治療與聽力細學類,學士班,22,4,1365.0,280.0,1343.0,276.0,0.01612,True,0.00116,0.00174,-0.06,0.667,1.0
113,09159,其他治療及復健細學類,學士班,17,4,545.0,118.0,528.0,114.0,0.03119,True,0.0009,0.00068,0.02,1.324,1.0
113,09161,藥學細學類,學士班,156,13,6817.0,1339.0,6661.0,1326.0,0.02288,True,0.00822,0.00863,-0.04,0.952,1.0
113,09171,傳統醫學、輔助醫學及治療細學類,學士班,6,1,564.0,134.0,558.0,133.0,0.01064,True,0.00032,0.00072,-0.04,0.444,1.0
113,09191,公共衛生細學類,學士班,58,9,2088.0,523.0,2030.0,514.0,0.02778,True,0.00306,0.00263,0.04,1.163,1.0
113,09199,其他醫藥衛生細學類,學士班,4,1,1034.0,295.0,1030.0,294.0,0.00387,True,0.00021,0.00133,-0.11,0.158,1.0
113,09211,老年照顧服務細學類,學士班,383,64,5336.0,1433.0,4953.0,1369.0,0.07178,True,0.02018,0.00642,1.38,3.143,1.0
113,09212,失能者照顧細學類,學士班,0,0,,,,,,True,0.0,,,,1.0
113,09221,兒童及青少年照顧服務細學類,學士班,328,92,7975.0,2677.0,7647.0,2585.0,0.04113,True,0.01729,0.00991,0.74,1.745,1.0
113,09231,社會工作細學類,學士班,727,206,9040.0,2633.0,8313.0,2427.0,0.08042,True,0.03831,0.01077,2.75,3.557,1.0
113,09299,其他社會福利細學類,學士班,14,0,263.0,105.0,249.0,105.0,0.05323,True,0.00074,0.00032,0.04,2.312,1.0
113,10111,家政服務細學類,學士班,10,1,380.0,114.0,370.0,113.0,0.02632,True,0.00053,0.00048,0.0,1.104,1.0
113,10121,美髮美容服務細學類,學士班,237,52,7479.0,2002.0,7242.0,1950.0,0.03169,True,0.01249,0.00938,0.31,1.332,1.0
113,10131,旅館及餐飲細學類,學士班,607,124,26915.0,6541.0,26308.0,6417.0,0.02255,True,0.03199,0.03408,-0.21,0.939,1.0
113,10141,競技運動細學類,學士班,948,148,5047.0,1062.0,4099.0,914.0,0.18783,True,0.04996,0.00531,4.46,9.409,1.0
113,10142,運動科技細學類,學士班,74,10,1344.0,246.0,1270.0,236.0,0.05506,True,0.0039,0.00165,0.22,2.364,1.0
113,10151,旅遊觀光細學類,學士班,523,108,18088.0,4749.0,17565.0,4641.0,0.02891,True,0.02756,0.02275,0.48,1.211,1.0
113,10152,遊憩、運動和休閒管理細學類,學士班,864,169,12570.0,3088.0,11706.0,2919.0,0.06874,True,0.04553,0.01516,3.04,3.003,1.0
113,10199,其他餐旅及民生服務細學類,學士班,69,38,1866.0,370.0,1797.0,332.0,0.03698,True,0.00364,0.00233,0.13,1.562,1.0
113,10221,職業衛生及安全細學類,學士班,22,6,1309.0,382.0,1287.0,376.0,0.01681,True,0.00116,0.00167,-0.05,0.695,1.0
113,10321,警政細學類,學士班,11,4,516.0,166.0,505.0,162.0,0.02132,True,0.00058,0.00065,-0.01,0.892,1.0
113,10411,運輸管理細學類,學士班,15,2,1693.0,388.0,1678.0,386.0,0.00886,True,0.00079,0.00217,-0.14,0.364,1.0
113,10412,航運管理細學類,學士班,47,7,1957.0,522.0,1910.0,515.0,0.02402,True,0.00248,0.00247,0.0,1.004,1.0
113,10413,空運管理細學類,學士班,35,8,1506.0,373.0,1471.0,365.0,0.02324,True,0.00184,0.00191,-0.01,0.963,1.0
113,10414,航海細學類,學士班,36,15,1269.0,389.0,1233.0,374.0,0.02837,True,0.0019,0.0016,0.03,1.188,1.0
113,99999,其他細學類,學士班,866,3,1681.0,204.0,815.0,201.0,0.51517,False,,,,,1.0
113,01111,綜合教育細學類,碩士班,226,39,4384.0,865.0,4158.0,826.0,0.05155,True,0.09065,0.0238,6.68,3.809,1.0
113,01112,成人教育細學類,碩士班,3,2,384.0,80.0,381.0,78.0,0.00781,True,0.0012,0.00218,-0.1,0.55,1.0
113,01113,特殊教育細學類,碩士班,16,2,1271.0,265.0,1255.0,263.0,0.01259,True,0.00642,0.00718,-0.08,0.894,1.0
113,01114,教育行政細學類,碩士班,37,2,903.0,160.0,866.0,158.0,0.04097,True,0.01484,0.00496,0.99,2.992,1.0
113,01115,課程與教學細學類,碩士班,14,0,621.0,123.0,607.0,123.0,0.02254,True,0.00562,0.00347,0.22,1.62,1.0
113,01116,教育科技細學類,碩士班,6,0,390.0,118.0,384.0,118.0,0.01538,True,0.00241,0.0022,0.02,1.095,1.0
113,01118,技職教育細學類,碩士班,3,1,360.0,125.0,357.0,124.0,0.00833,True,0.0012,0.00204,-0.08,0.588,1.0
113,01121,幼兒師資教育細學類,碩士班,49,5,1222.0,213.0,1173.0,208.0,0.0401,True,0.01966,0.00671,1.3,2.93,1.0
113,01131,普通科目師資教育細學類,碩士班,22,2,1261.0,258.0,1239.0,256.0,0.01745,True,0.00882,0.00709,0.17,1.244,1.0
113,01141,專業科目師資教育細學類,碩士班,105,20,2448.0,590.0,2343.0,570.0,0.04289,True,0.04212,0.01341,2.87,3.141,1.0
113,01199,其他教育細學類,碩士班,12,1,580.0,162.0,568.0,161.0,0.02069,True,0.00481,0.00325,0.16,1.48,1.0
113,02111,視覺藝術細學類,碩士班,13,2,870.0,174.0,857.0,172.0,0.01494,True,0.00521,0.00491,0.03,1.061,1.0
113,02112,視覺傳達設計細學類,碩士班,9,1,1156.0,346.0,1147.0,345.0,0.00779,True,0.00361,0.00657,-0.3,0.549,1.0
113,02121,應用藝術細學類,碩士班,8,2,482.0,121.0,474.0,119.0,0.0166,True,0.00321,0.00271,0.05,1.185,1.0
113,02122,綜合設計細學類,碩士班,17,3,894.0,284.0,877.0,281.0,0.01902,True,0.00682,0.00502,0.18,1.359,1.0
113,02123,產品設計細學類,碩士班,1,0,654.0,201.0,653.0,201.0,0.00153,True,0.0004,0.00374,-0.33,0.107,1.0
113,02124,空間設計細學類,碩士班,2,0,260.0,75.0,258.0,75.0,0.00769,True,0.0008,0.00148,-0.07,0.541,1.0
113,02125,時尚設計與管理細學類,碩士班,9,1,243.0,63.0,234.0,62.0,0.03704,True,0.00361,0.00134,0.23,2.694,1.0
113,02131,純藝術細學類,碩士班,18,1,1949.0,390.0,1931.0,389.0,0.00924,True,0.00722,0.01105,-0.38,0.653,1.0
113,02132,雕塑細學類,碩士班,0,0,34.0,6.0,34.0,6.0,0.0,True,0.0,0.00019,-0.02,0.0,1.0
113,02141,美術工藝細學類,碩士班,1,0,129.0,39.0,128.0,39.0,0.00775,True,0.0004,0.00073,-0.03,0.548,1.0
113,02151,音樂細學類,碩士班,53,8,2171.0,528.0,2118.0,520.0,0.02441,True,0.02126,0.01212,0.91,1.754,1.0
113,02152,表演藝術細學類,碩士班,19,2,641.0,153.0,622.0,151.0,0.02964,True,0.00762,0.00356,0.41,2.14,1.0
113,02191,綜合藝術細學類,碩士班,24,0,756.0,144.0,732.0,144.0,0.03175,True,0.00963,0.00419,0.54,2.298,1.0
113,02192,藝術行政細學類,碩士班,8,1,418.0,96.0,410.0,95.0,0.01914,True,0.00321,0.00235,0.09,1.366,1.0
113,02199,其他藝術細學類,碩士班,4,1,237.0,57.0,233.0,56.0,0.01688,True,0.0016,0.00133,0.03,1.203,1.0
113,02211,宗教細學類,碩士班,40,12,613.0,112.0,573.0,100.0,0.06525,True,0.01604,0.00328,1.28,4.89,1.0
113,02221,歷史細學類,碩士班,5,1,912.0,181.0,907.0,180.0,0.00548,True,0.00201,0.00519,-0.32,0.387,1.0
113,02222,人類學及民族學細學類,碩士班,32,6,196.0,45.0,164.0,39.0,0.16327,True,0.01284,0.00094,1.19,13.66,1.0
113,02231,哲學細學類,碩士班,3,0,384.0,56.0,381.0,56.0,0.00781,True,0.0012,0.00218,-0.1,0.55,1.0
113,02299,其他人文細學類,碩士班,70,1,1153.0,227.0,1083.0,226.0,0.06071,True,0.02808,0.0062,2.19,4.529,1.0
113,02311,外國語文細學類,碩士班,22,3,2510.0,563.0,2488.0,560.0,0.00876,True,0.00882,0.01424,-0.54,0.619,1.0
113,02312,翻譯細學類,碩士班,4,0,296.0,71.0,292.0,71.0,0.01351,True,0.0016,0.00167,-0.01,0.958,1.0
113,02313,華語文為第二語言細學類,碩士班,1,1,412.0,80.0,411.0,79.0,0.00243,True,0.0004,0.00235,-0.2,0.17,1.0
113,02321,臺灣語文細學類,碩士班,50,5,637.0,114.0,587.0,109.0,0.07849,True,0.02006,0.00336,1.67,5.97,1.0
113,02322,中國語文細學類,碩士班,8,2,1912.0,351.0,1904.0,349.0,0.00418,True,0.00321,0.0109,-0.77,0.294,1.0
113,02323,華語文細學類,碩士班,8,1,359.0,71.0,351.0,70.0,0.02228,True,0.00321,0.00201,0.12,1.597,1.0
113,02399,其他語文細學類,碩士班,5,1,279.0,67.0,274.0,66.0,0.01792,True,0.00201,0.00157,0.04,1.28,1.0
113,03111,經濟學細學類,碩士班,6,3,1241.0,497.0,1235.0,494.0,0.00483,True,0.00241,0.00707,-0.47,0.341,1.0
113,03121,政治學細學類,碩士班,3,1,759.0,155.0,756.0,154.0,0.00395,True,0.0012,0.00433,-0.31,0.277,1.0
113,03122,國際關係細學類,碩士班,4,1,655.0,155.0,651.0,154.0,0.00611,True,0.0016,0.00373,-0.21,0.429,1.0
113,03131,心理學細學類,碩士班,47,4,3987.0,917.0,3940.0,913.0,0.01179,True,0.01885,0.02255,-0.37,0.836,1.0
113,03141,社會學細學類,碩士班,83,14,934.0,204.0,851.0,190.0,0.08887,True,0.03329,0.00487,2.84,6.836,1.0
113,03142,地理學細學類,碩士班,2,1,302.0,87.0,300.0,86.0,0.00662,True,0.0008,0.00172,-0.09,0.465,1.0
113,03143,區域研究細學類,碩士班,52,8,1137.0,293.0,1085.0,285.0,0.04573,True,0.02086,0.00621,1.46,3.359,1.0
113,03191,發展研究細學類,碩士班,24,0,781.0,149.0,757.0,149.0,0.03073,True,0.00963,0.00433,0.53,2.224,1.0
113,03199,其他社會及行為科學細學類,碩士班,41,10,819.0,170.0,778.0,160.0,0.05006,True,0.01645,0.00445,1.2,3.697,1.0
113,03211,大眾傳播細學類,碩士班,1,1,824.0,214.0,823.0,213.0,0.00121,True,0.0004,0.00471,-0.43,0.085,1.0
113,03212,新聞細學類,碩士班,0,0,155.0,30.0,155.0,30.0,0.0,True,0.0,0.00089,-0.09,0.0,1.0
113,03213,電子媒體細學類,碩士班,1,1,126.0,41.0,125.0,40.0,0.00794,True,0.0004,0.00072,-0.03,0.556,1.0
113,03214,傳播細學類,碩士班,3,0,408.0,104.0,405.0,104.0,0.00735,True,0.0012,0.00232,-0.11,0.517,1.0
113,03222,圖書資訊檔案細學類,碩士班,1,0,427.0,121.0,426.0,121.0,0.00234,True,0.0004,0.00244,-0.2,0.164,1.0
113,04111,會計及稅務細學類,碩士班,6,0,1568.0,711.0,1562.0,711.0,0.00383,True,0.00241,0.00894,-0.65,0.27,1.0
113,04121,財務金融細學類,碩士班,9,7,3703.0,1519.0,3694.0,1512.0,0.00243,True,0.00361,0.02114,-1.75,0.171,1.0
113,04122,財政細學類,碩士班,2,0,303.0,140.0,301.0,140.0,0.0066,True,0.0008,0.00172,-0.09,0.465,1.0
113,04123,保險及風險管理細學類,碩士班,1,0,304.0,127.0,303.0,127.0,0.00329,True,0.0004,0.00173,-0.13,0.231,1.0
113,04131,企業管理細學類,碩士班,174,47,14879.0,5809.0,14705.0,5762.0,0.01169,True,0.0698,0.08417,-1.44,0.829,1.0
113,04132,流通及供應鏈細學類,碩士班,9,11,660.0,295.0,651.0,284.0,0.01364,True,0.00361,0.00373,-0.01,0.968,1.0
113,04133,醫療管理細學類,碩士班,5,1,758.0,279.0,753.0,278.0,0.0066,True,0.00201,0.00431,-0.23,0.466,1.0
113,04134,公共行政細學類,碩士班,41,7,2023.0,605.0,1982.0,598.0,0.02027,True,0.01645,0.01134,0.51,1.451,1.0
113,04141,國際貿易細學類,碩士班,1,0,473.0,269.0,472.0,269.0,0.00211,True,0.0004,0.0027,-0.23,0.148,1.0
113,04143,行銷及廣告細學類,碩士班,4,4,446.0,162.0,442.0,158.0,0.00897,True,0.0016,0.00253,-0.09,0.632,1.0
113,04191,一般商業細學類,碩士班,2,1,438.0,178.0,436.0,177.0,0.00457,True,0.0008,0.0025,-0.17,0.32,1.0
113,04199,其他商業及管理細學類,碩士班,27,14,5172.0,2074.0,5145.0,2060.0,0.00522,True,0.01083,0.02945,-1.86,0.368,1.0
113,04211,一般法律細學類,碩士班,96,7,4130.0,685.0,4034.0,678.0,0.02324,True,0.03851,0.02309,1.54,1.668,1.0
113,04212,專業法律細學類,碩士班,50,2,2461.0,461.0,2411.0,459.0,0.02032,True,0.02006,0.0138,0.63,1.454,1.0
113,05111,生物學細學類,碩士班,3,0,735.0,244.0,732.0,244.0,0.00408,True,0.0012,0.00419,-0.3,0.286,1.0
113,05121,生物科技細學類,碩士班,14,8,1865.0,635.0,1851.0,627.0,0.00751,True,0.00562,0.0106,-0.5,0.53,1.0
113,05122,微生物細學類,碩士班,0,0,131.0,52.0,131.0,52.0,0.0,True,0.0,0.00075,-0.08,0.0,1.0
113,05123,生物化學細學類,碩士班,0,0,296.0,108.0,296.0,108.0,0.0,True,0.0,0.00169,-0.17,0.0,1.0
113,05124,生物訊息及遺傳細學類,碩士班,1,1,164.0,51.0,163.0,50.0,0.0061,True,0.0004,0.00093,-0.05,0.43,1.0
113,05191,營養細學類,碩士班,5,2,314.0,112.0,309.0,110.0,0.01592,True,0.00201,0.00177,0.02,1.136,1.0
113,05199,其他生命科學細學類,碩士班,1,0,77.0,20.0,76.0,20.0,0.01299,True,0.0004,0.00044,-0.0,0.909,1.0
113,05211,環境資源細學類,碩士班,7,0,493.0,136.0,486.0,136.0,0.0142,True,0.00281,0.00278,0.0,1.011,1.0
113,05212,生態細學類,碩士班,0,0,98.0,26.0,98.0,26.0,0.0,True,0.0,0.00056,-0.06,0.0,1.0
113,05221,自然環境及野生動物細學類,碩士班,1,0,58.0,13.0,57.0,13.0,0.01724,True,0.0004,0.00033,0.01,1.212,1.0
113,05291,環境防災細學類,碩士班,2,0,33.0,12.0,31.0,12.0,0.06061,True,0.0008,0.00018,0.06,4.444,1.0
113,05292,水土保持細學類,碩士班,2,0,147.0,59.0,145.0,59.0,0.01361,True,0.0008,0.00083,-0.0,0.964,1.0
113,05311,化學細學類,碩士班,6,5,2194.0,805.0,2188.0,800.0,0.00273,True,0.00241,0.01252,-1.01,0.192,1.0
113,05321,地球科學及環境細學類,碩士班,0,0,391.0,125.0,391.0,125.0,0.0,True,0.0,0.00224,-0.22,0.0,1.0
113,05322,大氣及太空科學細學類,碩士班,1,1,168.0,48.0,167.0,47.0,0.00595,True,0.0004,0.00096,-0.06,0.417,1.0
113,05323,海洋科學細學類,碩士班,3,0,275.0,91.0,272.0,91.0,0.01091,True,0.0012,0.00156,-0.04,0.769,1.0
113,05331,物理及應用物理細學類,碩士班,6,1,1467.0,461.0,1461.0,460.0,0.00409,True,0.00241,0.00836,-0.6,0.288,1.0
113,05399,其他物理、化學及地球科學細學類,碩士班,2,0,221.0,66.0,219.0,66.0,0.00905,True,0.0008,0.00125,-0.04,0.64,1.0
113,05411,數學細學類,碩士班,4,1,1013.0,355.0,1009.0,354.0,0.00395,True,0.0016,0.00578,-0.42,0.277,1.0
113,05421,統計細學類,碩士班,0,0,749.0,339.0,749.0,339.0,0.0,True,0.0,0.00429,-0.43,0.0,1.0
113,05499,其他數學及統計細學類,碩士班,0,0,43.0,28.0,43.0,28.0,0.0,True,0.0,0.00025,-0.02,0.0,1.0
113,06111,電腦運用細學類,碩士班,2,1,440.0,142.0,438.0,141.0,0.00455,True,0.0008,0.00251,-0.17,0.319,1.0
113,06121,資料庫、網路設計及管理細學類,碩士班,0,1,219.0,99.0,219.0,98.0,0.0,True,0.0,0.00125,-0.12,0.0,1.0
113,06131,資訊技術細學類,碩士班,54,13,12243.0,4194.0,12189.0,4181.0,0.00441,True,0.02166,0.06977,-4.81,0.31,1.0
113,06132,軟體開發細學類,碩士班,6,0,815.0,249.0,809.0,249.0,0.00736,True,0.00241,0.00463,-0.22,0.521,1.0
113,06133,系統設計細學類,碩士班,2,0,217.0,51.0,215.0,51.0,0.00922,True,0.0008,0.00123,-0.04,0.65,1.0
113,06134,電算機應用細學類,碩士班,10,3,750.0,222.0,740.0,219.0,0.01333,True,0.00401,0.00424,-0.02,0.946,1.0
113,06199,其他資訊通訊科技細學類,碩士班,1,0,319.0,81.0,318.0,81.0,0.00313,True,0.0004,0.00182,-0.14,0.22,1.0
113,07111,化學工程細學類,碩士班,6,2,3218.0,1352.0,3212.0,1350.0,0.00186,True,0.00241,0.01839,-1.6,0.131,1.0
113,07112,材料工程細學類,碩士班,8,6,2703.0,1051.0,2695.0,1045.0,0.00296,True,0.00321,0.01543,-1.22,0.208,1.0
113,07121,環境工程細學類,碩士班,7,3,1877.0,702.0,1870.0,699.0,0.00373,True,0.00281,0.0107,-0.79,0.263,1.0
113,07122,河海工程細學類,碩士班,1,0,340.0,129.0,339.0,129.0,0.00294,True,0.0004,0.00194,-0.15,0.206,1.0
113,07132,能源工程細學類,碩士班,6,2,633.0,221.0,627.0,219.0,0.00948,True,0.00241,0.00359,-0.12,0.671,1.0
113,07141,電機與電子工程細學類,碩士班,74,11,19757.0,6134.0,19683.0,6123.0,0.00375,True,0.02968,0.11266,-8.3,0.263,1.0
113,07151,機械工程細學類,碩士班,26,6,7542.0,2655.0,7516.0,2649.0,0.00345,True,0.01043,0.04302,-3.26,0.242,1.0
113,07161,車輛工程細學類,碩士班,1,1,302.0,93.0,301.0,92.0,0.00331,True,0.0004,0.00172,-0.13,0.233,1.0
113,07162,航空工程細學類,碩士班,1,2,529.0,180.0,528.0,178.0,0.00189,True,0.0004,0.00302,-0.26,0.132,1.0
113,07163,造船工程細學類,碩士班,0,0,245.0,112.0,245.0,112.0,0.0,True,0.0,0.0014,-0.14,0.0,1.0
113,07191,工業工程細學類,碩士班,12,2,2995.0,1143.0,2983.0,1141.0,0.00401,True,0.00481,0.01707,-1.23,0.282,1.0
113,07192,紡織工程細學類,碩士班,3,0,64.0,24.0,61.0,24.0,0.04688,True,0.0012,0.00035,0.08,3.429,1.0
113,07193,生醫工程細學類,碩士班,6,1,1318.0,412.0,1312.0,411.0,0.00455,True,0.00241,0.00751,-0.51,0.321,1.0
113,07194,綜合工程細學類,碩士班,1,0,342.0,118.0,341.0,118.0,0.00292,True,0.0004,0.00195,-0.16,0.205,1.0
113,07199,其他工程及工程業細學類,碩士班,5,0,793.0,223.0,788.0,223.0,0.00631,True,0.00201,0.00451,-0.25,0.446,1.0
113,07211,食品科學細學類,碩士班,2,2,938.0,371.0,936.0,369.0,0.00213,True,0.0008,0.00536,-0.46,0.149,1.0
113,07241,採礦及提煉細學類,碩士班,0,0,102.0,31.0,102.0,31.0,0.0,True,0.0,0.00058,-0.06,0.0,1.0
113,07311,建築細學類,碩士班,16,3,1438.0,367.0,1422.0,364.0,0.01113,True,0.00642,0.00814,-0.17,0.789,1.0
113,07312,景觀設計細學類,碩士班,4,0,260.0,65.0,256.0,65.0,0.01538,True,0.0016,0.00147,0.01,1.088,1.0
113,07313,都巿規劃細學類,碩士班,3,2,430.0,147.0,427.0,145.0,0.00698,True,0.0012,0.00244,-0.12,0.492,1.0
113,07321,土木工程細學類,碩士班,24,11,3096.0,1187.0,3072.0,1176.0,0.00775,True,0.00963,0.01758,-0.8,0.548,1.0
113,07322,空間資訊及測繪細學類,碩士班,0,0,65.0,27.0,65.0,27.0,0.0,True,0.0,0.00037,-0.04,0.0,1.0
113,08111,農作物生產細學類,碩士班,5,0,320.0,97.0,315.0,97.0,0.01562,True,0.00201,0.0018,0.02,1.117,1.0
113,08112,畜牧生產細學類,碩士班,1,0,205.0,83.0,204.0,83.0,0.00488,True,0.0004,0.00117,-0.08,0.342,1.0
113,08121,園藝細學類,碩士班,1,0,218.0,85.0,217.0,85.0,0.00459,True,0.0004,0.00124,-0.08,0.323,1.0
113,08193,農業經濟及推廣細學類,碩士班,5,2,429.0,149.0,424.0,147.0,0.01166,True,0.00201,0.00243,-0.04,0.827,1.0
113,08194,植物保護細學類,碩士班,1,0,205.0,75.0,204.0,75.0,0.00488,True,0.0004,0.00117,-0.08,0.342,1.0
113,08199,其他農業細學類,碩士班,1,0,80.0,23.0,79.0,23.0,0.0125,True,0.0004,0.00045,-0.0,0.889,1.0
113,08211,林業細學類,碩士班,2,2,305.0,93.0,303.0,91.0,0.00656,True,0.0008,0.00173,-0.09,0.462,1.0
113,08311,漁業科學細學類,碩士班,1,0,147.0,28.0,146.0,28.0,0.0068,True,0.0004,0.00084,-0.04,0.476,1.0
113,08312,水產養殖細學類,碩士班,1,1,151.0,69.0,150.0,68.0,0.00662,True,0.0004,0.00086,-0.05,0.465,1.0
113,08411,獸醫細學類,碩士班,1,0,235.0,85.0,234.0,85.0,0.00426,True,0.0004,0.00134,-0.09,0.299,1.0
113,09111,牙醫細學類,碩士班,0,1,372.0,133.0,372.0,132.0,0.0,True,0.0,0.00213,-0.21,0.0,1.0
113,09121,醫學細學類,碩士班,11,5,1321.0,526.0,1310.0,521.0,0.00833,True,0.00441,0.0075,-0.31,0.588,1.0
113,09131,護理及助產細學類,碩士班,101,14,2411.0,536.0,2310.0,522.0,0.04189,True,0.04051,0.01322,2.73,3.064,1.0
113,09141,醫學技術及檢驗細學類,碩士班,5,1,645.0,275.0,640.0,274.0,0.00775,True,0.00201,0.00366,-0.16,0.549,1.0
113,09151,物理治療細學類,碩士班,2,3,206.0,69.0,204.0,66.0,0.00971,True,0.0008,0.00117,-0.04,0.684,1.0
113,09152,職能治療細學類,碩士班,1,0,129.0,41.0,128.0,41.0,0.00775,True,0.0004,0.00073,-0.03,0.548,1.0
113,09153,語言治療與聽力細學類,碩士班,0,0,137.0,29.0,137.0,29.0,0.0,True,0.0,0.00078,-0.08,0.0,1.0
113,09159,其他治療及復健細學類,碩士班,6,0,139.0,33.0,133.0,33.0,0.04317,True,0.00241,0.00076,0.16,3.171,1.0
113,09161,藥學細學類,碩士班,1,1,666.0,283.0,665.0,282.0,0.0015,True,0.0004,0.00381,-0.34,0.105,1.0
113,09171,傳統醫學、輔助醫學及治療細學類,碩士班,8,1,237.0,85.0,229.0,84.0,0.03376,True,0.00321,0.00131,0.19,2.45,1.0
113,09191,公共衛生細學類,碩士班,10,3,1050.0,382.0,1040.0,379.0,0.00952,True,0.00401,0.00595,-0.19,0.674,1.0
113,09199,其他醫藥衛生細學類,碩士班,1,1,275.0,112.0,274.0,111.0,0.00364,True,0.0004,0.00157,-0.12,0.255,1.0
113,09211,老年照顧服務細學類,碩士班,38,6,922.0,193.0,884.0,187.0,0.04121,True,0.01524,0.00506,1.02,3.012,1.0
113,09212,失能者照顧細學類,碩士班,2,1,56.0,21.0,54.0,20.0,0.03571,True,0.0008,0.00031,0.05,2.581,1.0
113,09221,兒童及青少年照顧服務細學類,碩士班,9,3,452.0,140.0,443.0,137.0,0.01991,True,0.00361,0.00254,0.11,1.421,1.0
113,09231,社會工作細學類,碩士班,85,15,1187.0,206.0,1102.0,191.0,0.07161,True,0.0341,0.00631,2.78,5.404,1.0
113,09299,其他社會福利細學類,碩士班,26,4,75.0,12.0,49.0,8.0,0.34667,True,0.01043,0.00028,1.01,37.25,1.0
113,10111,家政服務細學類,碩士班,2,0,133.0,35.0,131.0,35.0,0.01504,True,0.0008,0.00075,0.01,1.067,1.0
113,10121,美髮美容服務細學類,碩士班,5,1,236.0,117.0,231.0,116.0,0.02119,True,0.00201,0.00132,0.07,1.523,1.0
113,10131,旅館及餐飲細學類,碩士班,9,1,362.0,119.0,353.0,118.0,0.02486,True,0.00361,0.00202,0.16,1.787,1.0
113,10141,競技運動細學類,碩士班,49,11,661.0,149.0,612.0,138.0,0.07413,True,0.01966,0.0035,1.62,5.617,1.0
113,10142,運動科技細學類,碩士班,15,2,336.0,115.0,321.0,113.0,0.04464,True,0.00602,0.00184,0.42,3.272,1.0
113,10151,旅遊觀光細學類,碩士班,51,15,1085.0,402.0,1034.0,387.0,0.047,True,0.02046,0.00592,1.45,3.456,1.0
113,10152,遊憩、運動和休閒管理細學類,碩士班,59,10,1389.0,426.0,1330.0,416.0,0.04248,True,0.02367,0.00761,1.61,3.11,1.0
113,10199,其他餐旅及民生服務細學類,碩士班,9,1,143.0,33.0,134.0,32.0,0.06294,True,0.00361,0.00077,0.28,4.688,1.0
113,10221,職業衛生及安全細學類,碩士班,3,0,200.0,68.0,197.0,68.0,0.015,True,0.0012,0.00113,0.01,1.062,1.0
113,10321,警政細學類,碩士班,0,0,25.0,12.0,25.0,12.0,0.0,True,0.0,0.00014,-0.01,0.0,1.0
113,10411,運輸管理細學類,碩士班,2,1,439.0,188.0,437.0,187.0,0.00456,True,0.0008,0.0025,-0.17,0.32,1.0
113,10412,航運管理細學類,碩士班,2,1,333.0,160.0,331.0,159.0,0.00601,True,0.0008,0.00189,-0.11,0.423,1.0
113,10413,空運管理細學類,碩士班,0,0,22.0,12.0,22.0,12.0,0.0,True,0.0,0.00013,-0.01,0.0,1.0
113,10414,航海細學類,碩士班,1,0,83.0,25.0,82.0,25.0,0.01205,True,0.0004,0.00047,-0.01,0.851,1.0
113,99999,其他細學類,碩士班,4,1,279.0,76.0,275.0,75.0,0.01434,False,,,,,1.0
113,01111,綜合教育細學類,總計,418,68,8815.0,1749.0,8397.0,1681.0,0.04742,True,0.01606,0.00804,0.8,1.998,1.0
113,01112,成人教育細學類,總計,4,2,617.0,102.0,613.0,100.0,0.00648,True,0.00015,0.00059,-0.04,0.254,1.0
113,01113,特殊教育細學類,總計,94,18,3856.0,862.0,3762.0,844.0,0.02438,True,0.00361,0.0036,0.0,1.003,1.0
113,01114,教育行政細學類,總計,58,3,1857.0,342.0,1799.0,339.0,0.03123,True,0.00223,0.00172,0.05,1.297,1.0
113,01115,課程與教學細學類,總計,16,1,742.0,140.0,726.0,139.0,0.02156,True,0.00061,0.00069,-0.01,0.884,1.0
113,01116,教育科技細學類,總計,20,5,1292.0,341.0,1272.0,336.0,0.01548,True,0.00077,0.00122,-0.04,0.631,1.0
113,01118,技職教育細學類,總計,3,1,475.0,151.0,472.0,150.0,0.00632,True,0.00012,0.00045,-0.03,0.267,1.0
113,01121,幼兒師資教育細學類,總計,312,61,5146.0,1266.0,4834.0,1205.0,0.06063,True,0.01199,0.00463,0.74,2.59,1.0
113,01131,普通科目師資教育細學類,總計,90,24,4079.0,900.0,3989.0,876.0,0.02206,True,0.00346,0.00382,-0.04,0.906,1.0
113,01141,專業科目師資教育細學類,總計,589,94,7636.0,1587.0,7047.0,1493.0,0.07713,True,0.02263,0.00674,1.59,3.358,1.0
113,01199,其他教育細學類,總計,17,1,1171.0,216.0,1154.0,215.0,0.01452,True,0.00065,0.0011,-0.05,0.591,1.0
113,02111,視覺藝術細學類,總計,132,24,6218.0,1219.0,6086.0,1195.0,0.02123,True,0.00507,0.00582,-0.07,0.871,1.0
113,02112,視覺傳達設計細學類,總計,369,57,20134.0,5101.0,19765.0,5044.0,0.01833,True,0.01418,0.01892,-0.47,0.749,1.0
113,02121,應用藝術細學類,總計,30,7,1770.0,422.0,1740.0,415.0,0.01695,True,0.00115,0.00167,-0.05,0.689,1.0
113,02122,綜合設計細學類,總計,343,56,11408.0,2772.0,11065.0,2716.0,0.03007,True,0.01318,0.01059,0.26,1.245,1.0
113,02123,產品設計細學類,總計,133,20,6968.0,1844.0,6835.0,1824.0,0.01909,True,0.00511,0.00654,-0.14,0.781,1.0
113,02124,空間設計細學類,總計,77,13,4518.0,1046.0,4441.0,1033.0,0.01704,True,0.00296,0.00425,-0.13,0.696,1.0
113,02125,時尚設計與管理細學類,總計,69,13,3579.0,879.0,3510.0,866.0,0.01928,True,0.00265,0.00336,-0.07,0.789,1.0
113,02131,純藝術細學類,總計,87,13,6719.0,1373.0,6632.0,1360.0,0.01295,True,0.00334,0.00635,-0.3,0.526,1.0
113,02132,雕塑細學類,總計,5,0,202.0,28.0,197.0,28.0,0.02475,True,0.00019,0.00019,0.0,1.0,1.0
113,02141,美術工藝細學類,總計,146,21,899.0,241.0,753.0,220.0,0.1624,True,0.00561,0.00072,0.49,7.792,1.0
113,02151,音樂細學類,總計,327,49,8461.0,1751.0,8134.0,1702.0,0.03865,True,0.01256,0.00778,0.48,1.614,1.0
113,02152,表演藝術細學類,總計,412,46,6649.0,1240.0,6237.0,1194.0,0.06196,True,0.01583,0.00597,0.99,2.652,1.0
113,02191,綜合藝術細學類,總計,53,3,1853.0,366.0,1800.0,363.0,0.0286,True,0.00204,0.00172,0.03,1.186,1.0
113,02192,藝術行政細學類,總計,20,1,837.0,175.0,817.0,174.0,0.02389,True,0.00077,0.00078,-0.0,0.987,1.0
113,02199,其他藝術細學類,總計,84,12,1236.0,253.0,1152.0,241.0,0.06796,True,0.00323,0.0011,0.21,2.936,1.0
113,02211,宗教細學類,總計,55,12,1332.0,234.0,1277.0,222.0,0.04129,True,0.00211,0.00122,0.09,1.73,1.0
113,02221,歷史細學類,總計,105,14,5040.0,1052.0,4935.0,1038.0,0.02083,True,0.00403,0.00472,-0.07,0.854,1.0
113,02222,人類學及民族學細學類,總計,147,24,794.0,143.0,647.0,119.0,0.18514,True,0.00565,0.00062,0.5,9.113,1.0
113,02231,哲學細學類,總計,23,6,2166.0,402.0,2143.0,396.0,0.01062,True,0.00088,0.00205,-0.12,0.429,1.0
113,02299,其他人文細學類,總計,272,40,3951.0,873.0,3679.0,833.0,0.06884,True,0.01045,0.00352,0.69,2.969,1.0
113,02311,外國語文細學類,總計,856,164,47022.0,11850.0,46166.0,11686.0,0.0182,True,0.03289,0.04418,-1.13,0.744,1.0
113,02312,翻譯細學類,總計,11,0,668.0,165.0,657.0,165.0,0.01647,True,0.00042,0.00063,-0.02,0.667,1.0
113,02313,華語文為第二語言細學類,總計,6,1,949.0,201.0,943.0,200.0,0.00632,True,0.00023,0.0009,-0.07,0.256,1.0
113,02321,臺灣語文細學類,總計,293,48,1967.0,398.0,1674.0,350.0,0.14896,True,0.01126,0.0016,0.97,7.037,1.0
113,02322,中國語文細學類,總計,170,20,11453.0,2488.0,11283.0,2468.0,0.01484,True,0.00653,0.0108,-0.43,0.605,1.0
113,02323,華語文細學類,總計,35,5,2183.0,537.0,2148.0,532.0,0.01603,True,0.00134,0.00206,-0.07,0.65,1.0
113,02399,其他語文細學類,總計,7,1,354.0,72.0,347.0,71.0,0.01977,True,0.00027,0.00033,-0.01,0.818,1.0
113,03111,經濟學細學類,總計,103,22,10163.0,2542.0,10060.0,2520.0,0.01013,True,0.00396,0.00963,-0.57,0.411,1.0
113,03121,政治學細學類,總計,63,9,3773.0,749.0,3710.0,740.0,0.0167,True,0.00242,0.00355,-0.11,0.682,1.0
113,03122,國際關係細學類,總計,18,3,1783.0,416.0,1765.0,413.0,0.0101,True,0.00069,0.00169,-0.1,0.408,1.0
113,03131,心理學細學類,總計,270,36,11231.0,2467.0,10961.0,2431.0,0.02404,True,0.01037,0.01049,-0.01,0.989,1.0
113,03141,社會學細學類,總計,376,71,4695.0,1104.0,4319.0,1033.0,0.08009,True,0.01445,0.00413,1.03,3.499,1.0
113,03142,地理學細學類,總計,35,6,1373.0,308.0,1338.0,302.0,0.02549,True,0.00134,0.00128,0.01,1.047,1.0
113,03143,區域研究細學類,總計,78,11,2647.0,568.0,2569.0,557.0,0.02947,True,0.003,0.00246,0.05,1.22,1.0
113,03191,發展研究細學類,總計,106,2,1725.0,345.0,1619.0,343.0,0.06145,True,0.00407,0.00155,0.25,2.626,1.0
113,03199,其他社會及行為科學細學類,總計,74,56,1685.0,440.0,1611.0,384.0,0.04392,True,0.00284,0.00154,0.13,1.844,1.0
113,03211,大眾傳播細學類,總計,311,68,6000.0,1383.0,5689.0,1315.0,0.05183,True,0.01195,0.00544,0.65,2.197,1.0
113,03212,新聞細學類,總計,52,5,1493.0,404.0,1441.0,399.0,0.03483,True,0.002,0.00138,0.06,1.449,1.0
113,03213,電子媒體細學類,總計,46,5,1842.0,459.0,1796.0,454.0,0.02497,True,0.00177,0.00172,0.01,1.029,1.0
113,03214,傳播細學類,總計,63,22,3362.0,856.0,3299.0,834.0,0.01874,True,0.00242,0.00316,-0.07,0.766,1.0
113,03222,圖書資訊檔案細學類,總計,8,0,1338.0,319.0,1330.0,319.0,0.00598,True,0.00031,0.00127,-0.1,0.244,1.0
113,04111,會計及稅務細學類,總計,144,22,15734.0,4226.0,15590.0,4204.0,0.00915,True,0.00553,0.01492,-0.94,0.371,1.0
113,04121,財務金融細學類,總計,403,53,27922.0,7327.0,27519.0,7274.0,0.01443,True,0.01548,0.02634,-1.09,0.588,1.0
113,04122,財政細學類,總計,60,14,3255.0,850.0,3195.0,836.0,0.01843,True,0.00231,0.00306,-0.07,0.755,1.0
113,04123,保險及風險管理細學類,總計,40,6,4051.0,949.0,4011.0,943.0,0.00987,True,0.00154,0.00384,-0.23,0.401,1.0
113,04131,企業管理細學類,總計,1115,328,62174.0,18172.0,61059.0,17844.0,0.01793,True,0.04284,0.05844,-1.56,0.733,1.0
113,04132,流通及供應鏈細學類,總計,191,55,9772.0,2573.0,9581.0,2518.0,0.01955,True,0.00734,0.00917,-0.18,0.8,1.0
113,04133,醫療管理細學類,總計,114,21,5052.0,1434.0,4938.0,1413.0,0.02257,True,0.00438,0.00473,-0.03,0.926,1.0
113,04134,公共行政細學類,總計,227,93,6869.0,1847.0,6642.0,1754.0,0.03305,True,0.00872,0.00636,0.24,1.371,1.0
113,04141,國際貿易細學類,總計,112,22,10057.0,2902.0,9945.0,2880.0,0.01114,True,0.0043,0.00952,-0.52,0.452,1.0
113,04143,行銷及廣告細學類,總計,240,56,9988.0,2522.0,9748.0,2466.0,0.02403,True,0.00922,0.00933,-0.01,0.988,1.0
113,04191,一般商業細學類,總計,160,65,3260.0,846.0,3100.0,781.0,0.04908,True,0.00615,0.00297,0.32,2.071,1.0
113,04199,其他商業及管理細學類,總計,258,58,15642.0,4645.0,15384.0,4587.0,0.01649,True,0.00991,0.01472,-0.48,0.673,1.0
113,04211,一般法律細學類,總計,432,80,13066.0,2663.0,12634.0,2583.0,0.03306,True,0.0166,0.01209,0.45,1.373,1.0
113,04212,專業法律細學類,總計,122,20,6541.0,1382.0,6419.0,1362.0,0.01865,True,0.00469,0.00614,-0.14,0.764,1.0
113,05111,生物學細學類,總計,49,6,4710.0,1085.0,4661.0,1079.0,0.0104,True,0.00188,0.00446,-0.26,0.422,1.0
113,05121,生物科技細學類,總計,85,20,8843.0,2200.0,8758.0,2180.0,0.00961,True,0.00327,0.00838,-0.51,0.39,1.0
113,05122,微生物細學類,總計,2,1,374.0,97.0,372.0,96.0,0.00535,True,8e-05,0.00036,-0.03,0.222,1.0
113,05123,生物化學細學類,總計,1,0,771.0,209.0,770.0,209.0,0.0013,True,4e-05,0.00074,-0.07,0.054,1.0
113,05124,生物訊息及遺傳細學類,總計,1,1,248.0,61.0,247.0,60.0,0.00403,True,4e-05,0.00024,-0.02,0.167,1.0
113,05191,營養細學類,總計,101,21,6158.0,1695.0,6057.0,1674.0,0.0164,True,0.00388,0.0058,-0.19,0.669,1.0
113,05199,其他生命科學細學類,總計,2,0,499.0,102.0,497.0,102.0,0.00401,True,8e-05,0.00048,-0.04,0.167,1.0
113,05211,環境資源細學類,總計,14,3,1426.0,350.0,1412.0,347.0,0.00982,True,0.00054,0.00135,-0.08,0.4,1.0
113,05212,生態細學類,總計,10,2,440.0,116.0,430.0,114.0,0.02273,True,0.00038,0.00041,-0.0,0.927,1.0
113,05221,自然環境及野生動物細學類,總計,1,0,58.0,13.0,57.0,13.0,0.01724,True,4e-05,5e-05,-0.0,0.8,1.0
113,05291,環境防災細學類,總計,2,0,33.0,12.0,31.0,12.0,0.06061,True,8e-05,3e-05,0.01,2.667,1.0
113,05292,水土保持細學類,總計,6,2,586.0,159.0,580.0,157.0,0.01024,True,0.00023,0.00056,-0.03,0.411,1.0
113,05311,化學細學類,總計,42,14,9325.0,2303.0,9283.0,2289.0,0.0045,True,0.00161,0.00888,-0.73,0.181,1.0
113,05321,地球科學及環境細學類,總計,7,1,1729.0,400.0,1722.0,399.0,0.00405,True,0.00027,0.00165,-0.14,0.164,1.0
113,05322,大氣及太空科學細學類,總計,7,2,769.0,177.0,762.0,175.0,0.0091,True,0.00027,0.00073,-0.05,0.37,1.0
113,05323,海洋科學細學類,總計,4,0,719.0,176.0,715.0,176.0,0.00556,True,0.00015,0.00068,-0.05,0.221,1.0
113,05331,物理及應用物理細學類,總計,32,6,7397.0,1646.0,7365.0,1640.0,0.00433,True,0.00123,0.00705,-0.58,0.174,1.0
113,05399,其他物理、化學及地球科學細學類,總計,11,3,1399.0,341.0,1388.0,338.0,0.00786,True,0.00042,0.00133,-0.09,0.316,1.0
113,05411,數學細學類,總計,38,13,7387.0,1745.0,7349.0,1732.0,0.00514,True,0.00146,0.00703,-0.56,0.208,1.0
113,05421,統計細學類,總計,19,2,3772.0,1071.0,3753.0,1069.0,0.00504,True,0.00073,0.00359,-0.29,0.203,1.0
113,05499,其他數學及統計細學類,總計,4,1,907.0,215.0,903.0,214.0,0.00441,True,0.00015,0.00086,-0.07,0.174,1.0
113,06111,電腦運用細學類,總計,20,9,2557.0,600.0,2537.0,591.0,0.00782,True,0.00077,0.00243,-0.17,0.317,1.0
113,06121,資料庫、網路設計及管理細學類,總計,16,3,1262.0,369.0,1246.0,366.0,0.01268,True,0.00061,0.00119,-0.06,0.513,1.0
113,06131,資訊技術細學類,總計,632,108,66004.0,15901.0,65372.0,15793.0,0.00958,True,0.02428,0.06257,-3.83,0.388,1.0
113,06132,軟體開發細學類,總計,66,7,5573.0,1105.0,5507.0,1098.0,0.01184,True,0.00254,0.00527,-0.27,0.482,1.0
113,06133,系統設計細學類,總計,27,5,2267.0,539.0,2240.0,534.0,0.01191,True,0.00104,0.00214,-0.11,0.486,1.0
113,06134,電算機應用細學類,總計,36,8,4316.0,827.0,4280.0,819.0,0.00834,True,0.00138,0.0041,-0.27,0.337,1.0
113,06199,其他資訊通訊科技細學類,總計,35,1,2029.0,284.0,1994.0,283.0,0.01725,True,0.00134,0.00191,-0.06,0.702,1.0
113,07111,化學工程細學類,總計,66,11,14281.0,3680.0,14215.0,3669.0,0.00462,True,0.00254,0.0136,-1.11,0.187,1.0
113,07112,材料工程細學類,總計,46,14,9670.0,2501.0,9624.0,2487.0,0.00476,True,0.00177,0.00921,-0.74,0.192,1.0
113,07121,環境工程細學類,總計,82,27,8908.0,2309.0,8826.0,2282.0,0.00921,True,0.00315,0.00845,-0.53,0.373,1.0
113,07122,河海工程細學類,總計,19,4,1908.0,465.0,1889.0,461.0,0.00996,True,0.00073,0.00181,-0.11,0.403,1.0
113,07132,能源工程細學類,總計,33,6,2886.0,802.0,2853.0,796.0,0.01143,True,0.00127,0.00273,-0.15,0.465,1.0
113,07141,電機與電子工程細學類,總計,692,107,84209.0,20124.0,83517.0,20017.0,0.00822,True,0.02659,0.07993,-5.33,0.333,1.0
113,07151,機械工程細學類,總計,511,82,44464.0,10915.0,43953.0,10833.0,0.01149,True,0.01963,0.04207,-2.24,0.467,1.0
113,07161,車輛工程細學類,總計,98,18,3899.0,741.0,3801.0,723.0,0.02513,True,0.00377,0.00364,0.01,1.036,1.0
113,07162,航空工程細學類,總計,66,15,4056.0,973.0,3990.0,958.0,0.01627,True,0.00254,0.00382,-0.13,0.665,1.0
113,07163,造船工程細學類,總計,25,6,1985.0,626.0,1960.0,620.0,0.01259,True,0.00096,0.00188,-0.09,0.511,1.0
113,07191,工業工程細學類,總計,129,15,13519.0,3495.0,13390.0,3480.0,0.00954,True,0.00496,0.01282,-0.79,0.387,1.0
113,07192,紡織工程細學類,總計,5,1,628.0,186.0,623.0,185.0,0.00796,True,0.00019,0.0006,-0.04,0.317,1.0
113,07193,生醫工程細學類,總計,28,4,4529.0,1021.0,4501.0,1017.0,0.00618,True,0.00108,0.00431,-0.32,0.251,1.0
113,07194,綜合工程細學類,總計,12,1,1966.0,364.0,1954.0,363.0,0.0061,True,0.00046,0.00187,-0.14,0.246,1.0
113,07199,其他工程及工程業細學類,總計,11,1,2671.0,647.0,2660.0,646.0,0.00412,True,0.00042,0.00255,-0.21,0.165,1.0
113,07211,食品科學細學類,總計,98,19,7066.0,1856.0,6968.0,1837.0,0.01387,True,0.00377,0.00667,-0.29,0.565,1.0
113,07241,採礦及提煉細學類,總計,2,0,323.0,74.0,321.0,74.0,0.00619,True,8e-05,0.00031,-0.02,0.258,1.0
113,07311,建築細學類,總計,124,23,8339.0,1737.0,8215.0,1714.0,0.01487,True,0.00476,0.00786,-0.31,0.606,1.0
113,07312,景觀設計細學類,總計,30,7,1989.0,488.0,1959.0,481.0,0.01508,True,0.00115,0.00187,-0.07,0.615,1.0
113,07313,都巿規劃細學類,總計,16,4,1649.0,441.0,1633.0,437.0,0.0097,True,0.00061,0.00156,-0.1,0.391,1.0
113,07321,土木工程細學類,總計,360,102,16067.0,4073.0,15707.0,3971.0,0.02241,True,0.01383,0.01503,-0.12,0.92,1.0
113,07322,空間資訊及測繪細學類,總計,9,0,407.0,94.0,398.0,94.0,0.02211,True,0.00035,0.00038,-0.0,0.921,1.0
113,08111,農作物生產細學類,總計,36,4,1699.0,392.0,1663.0,388.0,0.02119,True,0.00138,0.00159,-0.02,0.868,1.0
113,08112,畜牧生產細學類,總計,40,1,2123.0,528.0,2083.0,527.0,0.01884,True,0.00154,0.00199,-0.05,0.774,1.0
113,08121,園藝細學類,總計,37,7,1420.0,381.0,1383.0,374.0,0.02606,True,0.00142,0.00132,0.01,1.076,1.0
113,08193,農業經濟及推廣細學類,總計,33,6,1550.0,357.0,1517.0,351.0,0.02129,True,0.00127,0.00145,-0.02,0.876,1.0
113,08194,植物保護細學類,總計,10,1,890.0,232.0,880.0,231.0,0.01124,True,0.00038,0.00084,-0.05,0.452,1.0
113,08199,其他農業細學類,總計,105,13,1316.0,305.0,1211.0,292.0,0.07979,True,0.00403,0.00116,0.29,3.474,1.0
113,08211,林業細學類,總計,42,7,2121.0,496.0,2079.0,489.0,0.0198,True,0.00161,0.00199,-0.04,0.809,1.0
113,08311,漁業科學細學類,總計,5,0,659.0,124.0,654.0,124.0,0.00759,True,0.00019,0.00063,-0.04,0.302,1.0
113,08312,水產養殖細學類,總計,12,7,1607.0,399.0,1595.0,392.0,0.00747,True,0.00046,0.00153,-0.11,0.301,1.0
113,08411,獸醫細學類,總計,25,5,2079.0,423.0,2054.0,418.0,0.01203,True,0.00096,0.00197,-0.1,0.487,1.0
113,09111,牙醫細學類,總計,179,26,5853.0,1151.0,5674.0,1125.0,0.03058,True,0.00688,0.00543,0.14,1.267,1.0
113,09121,醫學細學類,總計,193,22,12990.0,2403.0,12797.0,2381.0,0.01486,True,0.00742,0.01225,-0.48,0.606,1.0
113,09131,護理及助產細學類,總計,2961,629,52577.0,13508.0,49616.0,12879.0,0.05632,True,0.11376,0.04749,6.63,2.395,1.0
113,09141,醫學技術及檢驗細學類,總計,316,52,13035.0,3044.0,12719.0,2992.0,0.02424,True,0.01214,0.01217,-0.0,0.998,1.0
113,09151,物理治療細學類,總計,194,31,4952.0,1005.0,4758.0,974.0,0.03918,True,0.00745,0.00455,0.29,1.637,1.0
113,09152,職能治療細學類,總計,75,4,2449.0,477.0,2374.0,473.0,0.03062,True,0.00288,0.00227,0.06,1.269,1.0
113,09153,語言治療與聽力細學類,總計,22,4,1502.0,309.0,1480.0,305.0,0.01465,True,0.00085,0.00142,-0.06,0.599,1.0
113,09159,其他治療及復健細學類,總計,46,6,1620.0,315.0,1574.0,309.0,0.0284,True,0.00177,0.00151,0.03,1.172,1.0
113,09161,藥學細學類,總計,161,14,8021.0,1694.0,7860.0,1680.0,0.02007,True,0.00619,0.00752,-0.13,0.823,1.0
113,09171,傳統醫學、輔助醫學及治療細學類,總計,17,4,1168.0,337.0,1151.0,333.0,0.01455,True,0.00065,0.0011,-0.05,0.591,1.0
113,09191,公共衛生細學類,總計,72,14,3858.0,996.0,3786.0,982.0,0.01866,True,0.00277,0.00362,-0.08,0.765,1.0
113,09199,其他醫藥衛生細學類,總計,8,3,1679.0,425.0,1671.0,422.0,0.00476,True,0.00031,0.0016,-0.13,0.194,1.0
113,09211,老年照顧服務細學類,總計,598,91,8289.0,2020.0,7691.0,1929.0,0.07214,True,0.02298,0.00736,1.56,3.122,1.0
113,09212,失能者照顧細學類,總計,2,1,56.0,21.0,54.0,20.0,0.03571,True,8e-05,5e-05,0.0,1.6,1.0
113,09221,兒童及青少年照顧服務細學類,總計,663,134,11456.0,3359.0,10793.0,3225.0,0.05787,True,0.02547,0.01033,1.51,2.466,1.0
113,09231,社會工作細學類,總計,1127,286,10349.0,2850.0,9222.0,2564.0,0.1089,True,0.0433,0.00883,3.45,4.904,1.0
113,09299,其他社會福利細學類,總計,66,6,718.0,152.0,652.0,146.0,0.09192,True,0.00254,0.00062,0.19,4.097,1.0
113,10111,家政服務細學類,總計,12,1,513.0,149.0,501.0,148.0,0.02339,True,0.00046,0.00048,-0.0,0.958,1.0
113,10121,美髮美容服務細學類,總計,428,78,11293.0,2744.0,10865.0,2666.0,0.0379,True,0.01644,0.0104,0.6,1.581,1.0
113,10131,旅館及餐飲細學類,總計,751,148,29992.0,7127.0,29241.0,6979.0,0.02504,True,0.02885,0.02799,0.09,1.031,1.0
113,10141,競技運動細學類,總計,1002,159,5820.0,1224.0,4818.0,1065.0,0.17216,True,0.0385,0.00461,3.39,8.351,1.0
113,10142,運動科技細學類,總計,89,12,1698.0,362.0,1609.0,350.0,0.05241,True,0.00342,0.00154,0.19,2.221,1.0
113,10151,旅遊觀光細學類,總計,593,128,19487.0,5259.0,18894.0,5131.0,0.03043,True,0.02278,0.01808,0.47,1.26,1.0
113,10152,遊憩、運動和休閒管理細學類,總計,979,194,14689.0,3703.0,13710.0,3509.0,0.06665,True,0.03761,0.01312,2.45,2.867,1.0
113,10199,其他餐旅及民生服務細學類,總計,105,42,2718.0,495.0,2613.0,453.0,0.03863,True,0.00403,0.0025,0.15,1.612,1.0
113,10221,職業衛生及安全細學類,總計,25,6,1826.0,489.0,1801.0,483.0,0.01369,True,0.00096,0.00172,-0.08,0.558,1.0
113,10321,警政細學類,總計,11,4,541.0,178.0,530.0,174.0,0.02033,True,0.00042,0.00051,-0.01,0.824,1.0
113,10411,運輸管理細學類,總計,17,3,2166.0,577.0,2149.0,574.0,0.00785,True,0.00065,0.00206,-0.14,0.316,1.0
113,10412,航運管理細學類,總計,52,9,2398.0,705.0,2346.0,696.0,0.02168,True,0.002,0.00225,-0.02,0.889,1.0
113,10413,空運管理細學類,總計,35,8,1528.0,385.0,1493.0,377.0,0.02291,True,0.00134,0.00143,-0.01,0.937,1.0
113,10414,航海細學類,總計,43,17,1684.0,482.0,1641.0,465.0,0.02553,True,0.00165,0.00157,0.01,1.051,1.0
113,99999,其他細學類,總計,894,4,2310.0,288.0,1416.0,284.0,0.38701,False,,,,,1.0
114,01111,綜合教育細學類,二專,0,0,,,,,,True,0.0,,,,1.0
114,01112,成人教育細學類,二專,0,0,,,,,,True,0.0,,,,1.0
114,01113,特殊教育細學類,二專,0,0,,,,,,True,0.0,,,,1.0
114,01114,教育行政細學類,二專,0,0,,,,,,True,0.0,,,,1.0
114,01115,課程與教學細學類,二專,0,0,,,,,,True,0.0,,,,1.0
114,01116,教育科技細學類,二專,0,0,,,,,,True,0.0,,,,1.0
114,01118,技職教育細學類,二專,0,0,,,,,,True,0.0,,,,1.0
114,01121,幼兒師資教育細學類,二專,0,0,71.0,28.0,71.0,28.0,0.0,True,0.0,0.01306,-1.31,0.0,1.0
114,01131,普通科目師資教育細學類,二專,0,0,,,,,,True,0.0,,,,1.0
114,01141,專業科目師資教育細學類,二專,0,0,,,,,,True,0.0,,,,1.0
114,01199,其他教育細學類,二專,0,0,,,,,,True,0.0,,,,1.0
114,02111,視覺藝術細學類,二專,0,0,,,,,,True,0.0,,,,1.0
114,02112,視覺傳達設計細學類,二專,0,0,,,,,,True,0.0,,,,1.0
114,02121,應用藝術細學類,二專,0,0,,,,,,True,0.0,,,,1.0
114,02122,綜合設計細學類,二專,2,0,94.0,27.0,92.0,27.0,0.02128,True,0.0025,0.01693,-1.44,0.148,1.0
114,02123,產品設計細學類,二專,0,0,,,,,,True,0.0,,,,1.0
114,02124,空間設計細學類,二專,0,1,28.0,5.0,28.0,4.0,0.0,True,0.0,0.00515,-0.52,0.0,1.0
114,02125,時尚設計與管理細學類,二專,0,0,,,,,,True,0.0,,,,1.0
114,02131,純藝術細學類,二專,0,0,,,,,,True,0.0,,,,1.0
114,02132,雕塑細學類,二專,0,0,,,,,,True,0.0,,,,1.0
114,02141,美術工藝細學類,二專,0,1,28.0,16.0,28.0,15.0,0.0,True,0.0,0.00515,-0.52,0.0,1.0
114,02151,音樂細學類,二專,0,0,,,,,,True,0.0,,,,1.0
114,02152,表演藝術細學類,二專,0,0,,,,,,True,0.0,,,,1.0
114,02191,綜合藝術細學類,二專,0,0,,,,,,True,0.0,,,,1.0
114,02192,藝術行政細學類,二專,0,0,,,,,,True,0.0,,,,1.0
114,02199,其他藝術細學類,二專,0,0,,,,,,True,0.0,,,,1.0
114,02211,宗教細學類,二專,0,0,,,,,,True,0.0,,,,1.0
114,02221,歷史細學類,二專,0,0,,,,,,True,0.0,,,,1.0
114,02222,人類學及民族學細學類,二專,0,0,,,,,,True,0.0,,,,1.0
114,02231,哲學細學類,二專,0,0,,,,,,True,0.0,,,,1.0
114,02299,其他人文細學類,二專,0,0,,,,,,True,0.0,,,,1.0
114,02311,外國語文細學類,二專,7,4,172.0,92.0,165.0,88.0,0.0407,True,0.00875,0.03036,-2.16,0.288,1.0
114,02312,翻譯細學類,二專,0,0,,,,,,True,0.0,,,,1.0
114,02313,華語文為第二語言細學類,二專,0,0,,,,,,True,0.0,,,,1.0
114,02321,臺灣語文細學類,二專,0,0,,,,,,True,0.0,,,,1.0
114,02322,中國語文細學類,二專,0,0,,,,,,True,0.0,,,,1.0
114,02323,華語文細學類,二專,0,0,,,,,,True,0.0,,,,1.0
114,02399,其他語文細學類,二專,0,0,,,,,,True,0.0,,,,1.0
114,03111,經濟學細學類,二專,0,0,,,,,,True,0.0,,,,1.0
114,03121,政治學細學類,二專,0,0,,,,,,True,0.0,,,,1.0
114,03122,國際關係細學類,二專,0,0,,,,,,True,0.0,,,,1.0
114,03131,心理學細學類,二專,0,0,,,,,,True,0.0,,,,1.0
114,03141,社會學細學類,二專,0,0,,,,,,True,0.0,,,,1.0
114,03142,地理學細學類,二專,0,0,,,,,,True,0.0,,,,1.0
114,03143,區域研究細學類,二專,0,0,,,,,,True,0.0,,,,1.0
114,03191,發展研究細學類,二專,0,0,,,,,,True,0.0,,,,1.0
114,03199,其他社會及行為科學細學類,二專,0,0,,,,,,True,0.0,,,,1.0
114,03211,大眾傳播細學類,二專,0,0,,,,,,True,0.0,,,,1.0
114,03212,新聞細學類,二專,0,0,,,,,,True,0.0,,,,1.0
114,03213,電子媒體細學類,二專,0,0,,,,,,True,0.0,,,,1.0
114,03214,傳播細學類,二專,0,0,,,,,,True,0.0,,,,1.0
114,03222,圖書資訊檔案細學類,二專,0,0,,,,,,True,0.0,,,,1.0
114,04111,會計及稅務細學類,二專,0,0,,,,,,True,0.0,,,,1.0
114,04121,財務金融細學類,二專,5,0,73.0,15.0,68.0,15.0,0.06849,True,0.00625,0.01251,-0.63,0.5,1.0
114,04122,財政細學類,二專,0,0,,,,,,True,0.0,,,,1.0
114,04123,保險及風險管理細學類,二專,0,0,,,,,,True,0.0,,,,1.0
114,04131,企業管理細學類,二專,158,43,588.0,244.0,430.0,201.0,0.26871,True,0.1975,0.07912,11.84,2.496,1.0
114,04132,流通及供應鏈細學類,二專,0,1,45.0,24.0,45.0,23.0,0.0,True,0.0,0.00828,-0.83,0.0,1.0
114,04133,醫療管理細學類,二專,0,0,,,,,,True,0.0,,,,1.0
114,04134,公共行政細學類,二專,37,6,,,,,,True,0.04625,,,,1.0
114,04141,國際貿易細學類,二專,0,0,,,,,,True,0.0,,,,1.0
114,04143,行銷及廣告細學類,二專,12,5,209.0,59.0,197.0,54.0,0.05742,True,0.015,0.03625,-2.12,0.414,1.0
114,04191,一般商業細學類,二專,14,2,139.0,66.0,125.0,64.0,0.10072,True,0.0175,0.023,-0.55,0.761,1.0
114,04199,其他商業及管理細學類,二專,2,1,21.0,13.0,19.0,12.0,0.09524,True,0.0025,0.0035,-0.1,0.714,1.0
114,04211,一般法律細學類,二專,0,0,,,,,,True,0.0,,,,1.0
114,04212,專業法律細學類,二專,0,0,,,,,,True,0.0,,,,1.0
114,05111,生物學細學類,二專,0,0,,,,,,True,0.0,,,,1.0
114,05121,生物科技細學類,二專,0,5,27.0,16.0,27.0,11.0,0.0,True,0.0,0.00497,-0.5,0.0,1.0
114,05122,微生物細學類,二專,0,0,,,,,,True,0.0,,,,1.0
114,05123,生物化學細學類,二專,0,0,,,,,,True,0.0,,,,1.0
114,05124,生物訊息及遺傳細學類,二專,0,0,,,,,,True,0.0,,,,1.0
114,05191,營養細學類,二專,0,0,,,,,,True,0.0,,,,1.0
114,05199,其他生命科學細學類,二專,0,0,,,,,,True,0.0,,,,1.0
114,05211,環境資源細學類,二專,0,0,,,,,,True,0.0,,,,1.0
114,05212,生態細學類,二專,0,0,,,,,,True,0.0,,,,1.0
114,05221,自然環境及野生動物細學類,二專,0,0,,,,,,True,0.0,,,,1.0
114,05291,環境防災細學類,二專,0,0,,,,,,True,0.0,,,,1.0
114,05292,水土保持細學類,二專,0,0,,,,,,True,0.0,,,,1.0
114,05311,化學細學類,二專,0,0,,,,,,True,0.0,,,,1.0
114,05321,地球科學及環境細學類,二專,0,0,,,,,,True,0.0,,,,1.0
114,05322,大氣及太空科學細學類,二專,0,0,,,,,,True,0.0,,,,1.0
114,05323,海洋科學細學類,二專,0,0,,,,,,True,0.0,,,,1.0
114,05331,物理及應用物理細學類,二專,0,0,,,,,,True,0.0,,,,1.0
114,05399,其他物理、化學及地球科學細學類,二專,0,0,,,,,,True,0.0,,,,1.0
114,05411,數學細學類,二專,0,0,,,,,,True,0.0,,,,1.0
114,05421,統計細學類,二專,0,0,,,,,,True,0.0,,,,1.0
114,05499,其他數學及統計細學類,二專,0,0,,,,,,True,0.0,,,,1.0
114,06111,電腦運用細學類,二專,0,0,,,,,,True,0.0,,,,1.0
114,06121,資料庫、網路設計及管理細學類,二專,0,0,,,,,,True,0.0,,,,1.0
114,06131,資訊技術細學類,二專,6,4,249.0,109.0,243.0,105.0,0.0241,True,0.0075,0.04471,-3.72,0.168,1.0
114,06132,軟體開發細學類,二專,0,0,,,,,,True,0.0,,,,1.0
114,06133,系統設計細學類,二專,0,0,,,,,,True,0.0,,,,1.0
114,06134,電算機應用細學類,二專,0,0,,,,,,True,0.0,,,,1.0
114,06199,其他資訊通訊科技細學類,二專,0,0,,,,,,True,0.0,,,,1.0
114,07111,化學工程細學類,二專,0,0,,,,,,True,0.0,,,,1.0
114,07112,材料工程細學類,二專,0,0,,,,,,True,0.0,,,,1.0
114,07121,環境工程細學類,二專,0,0,,,,,,True,0.0,,,,1.0
114,07122,河海工程細學類,二專,0,0,,,,,,True,0.0,,,,1.0
114,07131,核子工程細學類,二專,0,0,,,,,,True,0.0,,,,1.0
114,07132,能源工程細學類,二專,0,0,,,,,,True,0.0,,,,1.0
114,07141,電機與電子工程細學類,二專,6,6,330.0,152.0,324.0,146.0,0.01818,True,0.0075,0.05961,-5.21,0.126,1.0
114,07151,機械工程細學類,二專,4,3,167.0,48.0,163.0,45.0,0.02395,True,0.005,0.02999,-2.5,0.167,1.0
114,07161,車輛工程細學類,二專,11,4,75.0,35.0,64.0,31.0,0.14667,True,0.01375,0.01178,0.2,1.167,1.0
114,07162,航空工程細學類,二專,0,0,,,,,,True,0.0,,,,1.0
114,07163,造船工程細學類,二專,3,0,37.0,13.0,34.0,13.0,0.08108,True,0.00375,0.00626,-0.25,0.599,1.0
114,07191,工業工程細學類,二專,1,1,66.0,32.0,65.0,31.0,0.01515,True,0.00125,0.01196,-1.07,0.105,1.0
114,07192,紡織工程細學類,二專,0,0,,,,,,True,0.0,,,,1.0
114,07193,生醫工程細學類,二專,0,0,,,,,,True,0.0,,,,1.0
114,07194,綜合工程細學類,二專,0,0,,,,,,True,0.0,,,,1.0
114,07199,其他工程及工程業細學類,二專,0,0,,,,,,True,0.0,,,,1.0
114,07211,食品科學細學類,二專,8,2,58.0,28.0,50.0,26.0,0.13793,True,0.01,0.0092,0.08,1.087,1.0
114,07241,採礦及提煉細學類,二專,0,0,,,,,,True,0.0,,,,1.0
114,07311,建築細學類,二專,1,0,23.0,26.0,22.0,26.0,0.04348,True,0.00125,0.00405,-0.28,0.309,1.0
114,07312,景觀設計細學類,二專,0,0,35.0,9.0,35.0,9.0,0.0,True,0.0,0.00644,-0.64,0.0,1.0
114,07313,都巿規劃細學類,二專,0,0,,,,,,True,0.0,,,,1.0
114,07321,土木工程細學類,二專,1,2,46.0,17.0,45.0,15.0,0.02174,True,0.00125,0.00828,-0.7,0.151,1.0
114,07322,空間資訊及測繪細學類,二專,0,0,,,,,,True,0.0,,,,1.0
114,07399,其他建築及營建工程細學類,二專,0,0,,,,,,True,0.0,,,,1.0
114,08111,農作物生產細學類,二專,0,0,,,,,,True,0.0,,,,1.0
114,08112,畜牧生產細學類,二專,0,0,,,,,,True,0.0,,,,1.0
114,08121,園藝細學類,二專,15,5,83.0,45.0,68.0,40.0,0.18072,True,0.01875,0.01251,0.62,1.499,1.0
114,08193,農業經濟及推廣細學類,二專,0,0,,,,,,True,0.0,,,,1.0
114,08194,植物保護細學類,二專,0,0,,,,,,True,0.0,,,,1.0
114,08199,其他農業細學類,二專,0,0,,,,,,True,0.0,,,,1.0
114,08211,林業細學類,二專,0,0,,,,,,True,0.0,,,,1.0
114,08311,漁業科學細學類,二專,0,0,,,,,,True,0.0,,,,1.0
114,08312,水產養殖細學類,二專,0,0,,,,,,True,0.0,,,,1.0
114,08411,獸醫細學類,二專,0,0,,,,,,True,0.0,,,,1.0
114,09111,牙醫細學類,二專,8,2,255.0,108.0,247.0,106.0,0.03137,True,0.01,0.04545,-3.54,0.22,1.0
114,09121,醫學細學類,二專,0,0,,,,,,True,0.0,,,,1.0
114,09131,護理及助產細學類,二專,1,0,32.0,0.0,31.0,0.0,0.03125,True,0.00125,0.0057,-0.44,0.219,1.0
114,09141,醫學技術及檢驗細學類,二專,11,1,358.0,123.0,347.0,122.0,0.03073,True,0.01375,0.06385,-5.01,0.215,1.0
114,09151,物理治療細學類,二專,6,2,274.0,70.0,268.0,68.0,0.0219,True,0.0075,0.04931,-4.18,0.152,1.0
114,09152,職能治療細學類,二專,0,0,,,,,,True,0.0,,,,1.0
114,09153,語言治療與聽力細學類,二專,0,0,,,,,,True,0.0,,,,1.0
114,09159,其他治療及復健細學類,二專,0,1,68.0,24.0,68.0,23.0,0.0,True,0.0,0.01251,-1.25,0.0,1.0
114,09161,藥學細學類,二專,0,0,,,,,,True,0.0,,,,1.0
114,09171,傳統醫學、輔助醫學及治療細學類,二專,2,1,249.0,67.0,247.0,66.0,0.00803,True,0.0025,0.04545,-4.3,0.055,1.0
114,09191,公共衛生細學類,二專,0,0,,,,,,True,0.0,,,,1.0
114,09199,其他醫藥衛生細學類,二專,0,0,,,,,,True,0.0,,,,1.0
114,09211,老年照顧服務細學類,二專,40,14,579.0,170.0,539.0,156.0,0.06908,True,0.05,0.09917,-4.92,0.504,1.0
114,09212,失能者照顧細學類,二專,0,0,,,,,,True,0.0,,,,1.0
114,09221,兒童及青少年照顧服務細學類,二專,53,9,524.0,163.0,471.0,154.0,0.10115,True,0.06625,0.08666,-2.04,0.764,1.0
114,09231,社會工作細學類,二專,313,72,,,,,,True,0.39125,,,,1.0
114,09299,其他社會福利細學類,二專,2,0,50.0,35.0,48.0,35.0,0.04,True,0.0025,0.00883,-0.63,0.283,1.0
114,10111,家政服務細學類,二專,0,0,,,,,,True,0.0,,,,1.0
114,10121,美髮美容服務細學類,二專,5,2,193.0,91.0,188.0,89.0,0.02591,True,0.00625,0.03459,-2.83,0.181,1.0
114,10131,旅館及餐飲細學類,二專,12,4,151.0,58.0,139.0,54.0,0.07947,True,0.015,0.02557,-1.06,0.587,1.0
114,10141,競技運動細學類,二專,0,0,,,,,,True,0.0,,,,1.0
114,10142,運動科技細學類,二專,0,0,,,,,,True,0.0,,,,1.0
114,10151,旅遊觀光細學類,二專,24,5,126.0,44.0,102.0,39.0,0.19048,True,0.03,0.01877,1.12,1.598,1.0
114,10152,遊憩、運動和休閒管理細學類,二專,14,20,250.0,134.0,236.0,114.0,0.056,True,0.0175,0.04342,-2.59,0.403,1.0
114,10199,其他餐旅及民生服務細學類,二專,12,0,55.0,10.0,43.0,10.0,0.21818,True,0.015,0.00791,0.71,1.896,1.0
114,10221,職業衛生及安全細學類,二專,0,0,,,,,,True,0.0,,,,1.0
114,10321,警政細學類,二專,0,0,,,,,,True,0.0,,,,1.0
114,10411,運輸管理細學類,二專,0,0,,,,,,True,0.0,,,,1.0
114,10412,航運管理細學類,二專,0,0,,,,,,True,0.0,,,,1.0
114,10413,空運管理細學類,二專,0,0,,,,,,True,0.0,,,,1.0
114,10414,航海細學類,二專,4,1,57.0,38.0,53.0,37.0,0.07018,True,0.005,0.00975,-0.48,0.513,1.0
114,99999,其他細學類,二專,0,0,,,,,,False,,,,,1.0
114,01111,綜合教育細學類,五專,0,0,,,,,,True,0.0,,,,1.0
114,01112,成人教育細學類,五專,0,0,,,,,,True,0.0,,,,1.0
114,01113,特殊教育細學類,五專,0,0,,,,,,True,0.0,,,,1.0
114,01114,教育行政細學類,五專,0,0,,,,,,True,0.0,,,,1.0
114,01115,課程與教學細學類,五專,0,0,,,,,,True,0.0,,,,1.0
114,01116,教育科技細學類,五專,0,0,,,,,,True,0.0,,,,1.0
114,01118,技職教育細學類,五專,0,0,,,,,,True,0.0,,,,1.0
114,01121,幼兒師資教育細學類,五專,0,0,,,,,,True,0.0,,,,1.0
114,01131,普通科目師資教育細學類,五專,0,0,,,,,,True,0.0,,,,1.0
114,01141,專業科目師資教育細學類,五專,0,0,,,,,,True,0.0,,,,1.0
114,01199,其他教育細學類,五專,0,0,,,,,,True,0.0,,,,1.0
114,02111,視覺藝術細學類,五專,1,0,259.0,36.0,258.0,36.0,0.00386,True,0.00029,0.00419,-0.39,0.069,1.0
114,02112,視覺傳達設計細學類,五專,12,0,138.0,28.0,126.0,28.0,0.08696,True,0.00348,0.00205,0.14,1.698,1.0
114,02121,應用藝術細學類,五專,0,0,,,,,,True,0.0,,,,1.0
114,02122,綜合設計細學類,五專,1,0,170.0,12.0,169.0,12.0,0.00588,True,0.00029,0.00275,-0.25,0.105,1.0
114,02123,產品設計細學類,五專,4,0,235.0,45.0,231.0,45.0,0.01702,True,0.00116,0.00376,-0.26,0.309,1.0
114,02124,空間設計細學類,五專,1,0,41.0,9.0,40.0,9.0,0.02439,True,0.00029,0.00065,-0.04,0.446,1.0
114,02125,時尚設計與管理細學類,五專,0,0,,,,,,True,0.0,,,,1.0
114,02131,純藝術細學類,五專,6,0,461.0,2.0,455.0,2.0,0.01302,True,0.00174,0.0074,-0.57,0.235,1.0
114,02132,雕塑細學類,五專,0,0,,,,,,True,0.0,,,,1.0
114,02141,美術工藝細學類,五專,0,0,,,,,,True,0.0,,,,1.0
114,02151,音樂細學類,五專,6,0,353.0,0.0,347.0,0.0,0.017,True,0.00174,0.00564,-0.39,0.309,1.0
114,02152,表演藝術細學類,五專,6,0,260.0,0.0,254.0,0.0,0.02308,True,0.00174,0.00413,-0.24,0.421,1.0
114,02191,綜合藝術細學類,五專,0,0,,,,,,True,0.0,,,,1.0
114,02192,藝術行政細學類,五專,0,0,,,,,,True,0.0,,,,1.0
114,02199,其他藝術細學類,五專,0,0,,,,,,True,0.0,,,,1.0
114,02211,宗教細學類,五專,0,0,,,,,,True,0.0,,,,1.0
114,02221,歷史細學類,五專,0,0,,,,,,True,0.0,,,,1.0
114,02222,人類學及民族學細學類,五專,0,0,,,,,,True,0.0,,,,1.0
114,02231,哲學細學類,五專,0,0,,,,,,True,0.0,,,,1.0
114,02299,其他人文細學類,五專,0,0,,,,,,True,0.0,,,,1.0
114,02311,外國語文細學類,五專,109,12,4608.0,654.0,4499.0,642.0,0.02365,True,0.03162,0.07314,-4.15,0.432,1.0
114,02312,翻譯細學類,五專,0,0,,,,,,True,0.0,,,,1.0
114,02313,華語文為第二語言細學類,五專,0,0,,,,,,True,0.0,,,,1.0
114,02321,臺灣語文細學類,五專,0,0,,,,,,True,0.0,,,,1.0
114,02322,中國語文細學類,五專,0,0,,,,,,True,0.0,,,,1.0
114,02323,華語文細學類,五專,0,0,,,,,,True,0.0,,,,1.0
114,02399,其他語文細學類,五專,0,0,,,,,,True,0.0,,,,1.0
114,03111,經濟學細學類,五專,0,0,,,,,,True,0.0,,,,1.0
114,03121,政治學細學類,五專,0,0,,,,,,True,0.0,,,,1.0
114,03122,國際關係細學類,五專,0,0,,,,,,True,0.0,,,,1.0
114,03131,心理學細學類,五專,0,0,,,,,,True,0.0,,,,1.0
114,03141,社會學細學類,五專,0,0,,,,,,True,0.0,,,,1.0
114,03142,地理學細學類,五專,0,0,,,,,,True,0.0,,,,1.0
114,03143,區域研究細學類,五專,0,0,,,,,,True,0.0,,,,1.0
114,03191,發展研究細學類,五專,0,0,,,,,,True,0.0,,,,1.0
114,03199,其他社會及行為科學細學類,五專,0,0,,,,,,True,0.0,,,,1.0
114,03211,大眾傳播細學類,五專,0,0,,,,,,True,0.0,,,,1.0
114,03212,新聞細學類,五專,0,0,,,,,,True,0.0,,,,1.0
114,03213,電子媒體細學類,五專,0,0,,,,,,True,0.0,,,,1.0
114,03214,傳播細學類,五專,0,0,,,,,,True,0.0,,,,1.0
114,03222,圖書資訊檔案細學類,五專,0,0,,,,,,True,0.0,,,,1.0
114,04111,會計及稅務細學類,五專,12,0,854.0,131.0,842.0,131.0,0.01405,True,0.00348,0.01369,-1.02,0.254,1.0
114,04121,財務金融細學類,五專,13,1,552.0,64.0,539.0,63.0,0.02355,True,0.00377,0.00876,-0.5,0.43,1.0
114,04122,財政細學類,五專,5,0,252.0,36.0,247.0,36.0,0.01984,True,0.00145,0.00402,-0.26,0.361,1.0
114,04123,保險及風險管理細學類,五專,8,0,441.0,63.0,433.0,63.0,0.01814,True,0.00232,0.00704,-0.47,0.33,1.0
114,04131,企業管理細學類,五專,27,1,1178.0,155.0,1151.0,154.0,0.02292,True,0.00783,0.01871,-1.09,0.418,1.0
114,04132,流通及供應鏈細學類,五專,0,0,,,,,,True,0.0,,,,1.0
114,04133,醫療管理細學類,五專,26,8,552.0,92.0,526.0,84.0,0.0471,True,0.00754,0.00855,-0.1,0.882,1.0
114,04134,公共行政細學類,五專,0,0,,,,,,True,0.0,,,,1.0
114,04141,國際貿易細學類,五專,10,2,796.0,120.0,786.0,118.0,0.01256,True,0.0029,0.01278,-0.99,0.227,1.0
114,04143,行銷及廣告細學類,五專,0,0,15.0,5.0,15.0,5.0,0.0,True,0.0,0.00024,-0.02,0.0,1.0
114,04191,一般商業細學類,五專,0,1,122.0,32.0,122.0,31.0,0.0,True,0.0,0.00198,-0.2,0.0,1.0
114,04199,其他商業及管理細學類,五專,0,0,0.0,1.0,0.0,1.0,,True,0.0,0.0,0.0,,1.0
114,04211,一般法律細學類,五專,0,0,,,,,,True,0.0,,,,1.0
114,04212,專業法律細學類,五專,0,0,,,,,,True,0.0,,,,1.0
114,05111,生物學細學類,五專,0,0,,,,,,True,0.0,,,,1.0
114,05121,生物科技細學類,五專,0,0,,,,,,True,0.0,,,,1.0
114,05122,微生物細學類,五專,0,0,,,,,,True,0.0,,,,1.0
114,05123,生物化學細學類,五專,0,0,,,,,,True,0.0,,,,1.0
114,05124,生物訊息及遺傳細學類,五專,0,0,,,,,,True,0.0,,,,1.0
114,05191,營養細學類,五專,9,0,476.0,71.0,467.0,71.0,0.01891,True,0.00261,0.00759,-0.5,0.344,1.0
114,05199,其他生命科學細學類,五專,0,0,,,,,,True,0.0,,,,1.0
114,05211,環境資源細學類,五專,0,0,6.0,0.0,6.0,0.0,0.0,True,0.0,0.0001,-0.01,0.0,1.0
114,05212,生態細學類,五專,0,0,,,,,,True,0.0,,,,1.0
114,05221,自然環境及野生動物細學類,五專,0,0,,,,,,True,0.0,,,,1.0
114,05291,環境防災細學類,五專,0,0,,,,,,True,0.0,,,,1.0
114,05292,水土保持細學類,五專,0,0,,,,,,True,0.0,,,,1.0
114,05311,化學細學類,五專,0,0,,,,,,True,0.0,,,,1.0
114,05321,地球科學及環境細學類,五專,0,0,,,,,,True,0.0,,,,1.0
114,05322,大氣及太空科學細學類,五專,0,0,,,,,,True,0.0,,,,1.0
114,05323,海洋科學細學類,五專,0,0,,,,,,True,0.0,,,,1.0
114,05331,物理及應用物理細學類,五專,0,0,,,,,,True,0.0,,,,1.0
114,05399,其他物理、化學及地球科學細學類,五專,0,0,,,,,,True,0.0,,,,1.0
114,05411,數學細學類,五專,0,0,,,,,,True,0.0,,,,1.0
114,05421,統計細學類,五專,0,0,,,,,,True,0.0,,,,1.0
114,05499,其他數學及統計細學類,五專,0,0,,,,,,True,0.0,,,,1.0
114,06111,電腦運用細學類,五專,0,0,,,,,,True,0.0,,,,1.0
114,06121,資料庫、網路設計及管理細學類,五專,0,0,51.0,1.0,51.0,1.0,0.0,True,0.0,0.00083,-0.08,0.0,1.0
114,06131,資訊技術細學類,五專,29,1,2012.0,286.0,1983.0,285.0,0.01441,True,0.00841,0.03224,-2.38,0.261,1.0
114,06132,軟體開發細學類,五專,1,0,124.0,14.0,123.0,14.0,0.00806,True,0.00029,0.002,-0.17,0.145,1.0
114,06133,系統設計細學類,五專,0,0,,,,,,True,0.0,,,,1.0
114,06134,電算機應用細學類,五專,0,0,,,,,,True,0.0,,,,1.0
114,06199,其他資訊通訊科技細學類,五專,6,0,259.0,0.0,253.0,0.0,0.02317,True,0.00174,0.00411,-0.24,0.423,1.0
114,07111,化學工程細學類,五專,0,0,84.0,0.0,84.0,0.0,0.0,True,0.0,0.00137,-0.14,0.0,1.0
114,07112,材料工程細學類,五專,0,0,,,,,,True,0.0,,,,1.0
114,07121,環境工程細學類,五專,1,0,88.0,0.0,87.0,0.0,0.01136,True,0.00029,0.00141,-0.11,0.206,1.0
114,07122,河海工程細學類,五專,0,0,,,,,,True,0.0,,,,1.0
114,07131,核子工程細學類,五專,0,0,,,,,,True,0.0,,,,1.0
114,07132,能源工程細學類,五專,0,0,,,,,,True,0.0,,,,1.0
114,07141,電機與電子工程細學類,五專,29,2,2190.0,251.0,2161.0,249.0,0.01324,True,0.00841,0.03513,-2.67,0.239,1.0
114,07151,機械工程細學類,五專,17,1,1143.0,167.0,1126.0,166.0,0.01487,True,0.00493,0.01831,-1.34,0.269,1.0
114,07161,車輛工程細學類,五專,0,1,13.0,8.0,13.0,7.0,0.0,True,0.0,0.00021,-0.02,0.0,1.0
114,07162,航空工程細學類,五專,0,0,37.0,0.0,37.0,0.0,0.0,True,0.0,0.0006,-0.06,0.0,1.0
114,07163,造船工程細學類,五專,0,0,,,,,,True,0.0,,,,1.0
114,07191,工業工程細學類,五專,0,0,,,,,,True,0.0,,,,1.0
114,07192,紡織工程細學類,五專,0,0,,,,,,True,0.0,,,,1.0
114,07193,生醫工程細學類,五專,0,0,,,,,,True,0.0,,,,1.0
114,07194,綜合工程細學類,五專,0,0,,,,,,True,0.0,,,,1.0
114,07199,其他工程及工程業細學類,五專,3,1,203.0,25.0,200.0,24.0,0.01478,True,0.00087,0.00325,-0.24,0.268,1.0
114,07211,食品科學細學類,五專,21,0,196.0,6.0,175.0,6.0,0.10714,True,0.00609,0.00284,0.32,2.144,1.0
114,07241,採礦及提煉細學類,五專,0,0,,,,,,True,0.0,,,,1.0
114,07311,建築細學類,五專,5,0,342.0,39.0,337.0,39.0,0.01462,True,0.00145,0.00548,-0.4,0.265,1.0
114,07312,景觀設計細學類,五專,0,0,,,,,,True,0.0,,,,1.0
114,07313,都巿規劃細學類,五專,0,0,,,,,,True,0.0,,,,1.0
114,07321,土木工程細學類,五專,8,0,400.0,60.0,392.0,60.0,0.02,True,0.00232,0.00637,-0.4,0.364,1.0
114,07322,空間資訊及測繪細學類,五專,0,0,,,,,,True,0.0,,,,1.0
114,07399,其他建築及營建工程細學類,五專,5,0,9.0,0.0,4.0,0.0,0.55556,True,0.00145,7e-05,0.14,20.714,1.0
114,08111,農作物生產細學類,五專,0,0,,,,,,True,0.0,,,,1.0
114,08112,畜牧生產細學類,五專,0,0,,,,,,True,0.0,,,,1.0
114,08121,園藝細學類,五專,0,0,0.0,7.0,0.0,7.0,,True,0.0,0.0,0.0,,1.0
114,08193,農業經濟及推廣細學類,五專,0,0,,,,,,True,0.0,,,,1.0
114,08194,植物保護細學類,五專,0,0,,,,,,True,0.0,,,,1.0
114,08199,其他農業細學類,五專,5,0,67.0,0.0,62.0,0.0,0.07463,True,0.00145,0.00101,0.04,1.436,1.0
114,08211,林業細學類,五專,0,0,,,,,,True,0.0,,,,1.0
114,08311,漁業科學細學類,五專,4,0,72.0,11.0,68.0,11.0,0.05556,True,0.00116,0.00111,0.0,1.045,1.0
114,08312,水產養殖細學類,五專,0,0,,,,,,True,0.0,,,,1.0
114,08411,獸醫細學類,五專,0,0,,,,,,True,0.0,,,,1.0
114,09111,牙醫細學類,五專,76,5,1638.0,266.0,1562.0,261.0,0.0464,True,0.02205,0.02539,-0.33,0.868,1.0
114,09121,醫學細學類,五專,0,0,,,,,,True,0.0,,,,1.0
114,09131,護理及助產細學類,五專,1842,313,24972.0,5055.0,23130.0,4742.0,0.07376,True,0.53438,0.37602,15.84,1.421,1.0
114,09141,醫學技術及檢驗細學類,五專,138,19,4387.0,699.0,4249.0,680.0,0.03146,True,0.04003,0.06907,-2.9,0.58,1.0
114,09151,物理治療細學類,五專,106,7,1183.0,217.0,1077.0,210.0,0.0896,True,0.03075,0.01751,1.32,1.756,1.0
114,09152,職能治療細學類,五專,23,5,472.0,88.0,449.0,83.0,0.04873,True,0.00667,0.0073,-0.06,0.914,1.0
114,09153,語言治療與聽力細學類,五專,0,0,,,,,,True,0.0,,,,1.0
114,09159,其他治療及復健細學類,五專,31,0,894.0,105.0,863.0,105.0,0.03468,True,0.00899,0.01403,-0.5,0.641,1.0
114,09161,藥學細學類,五專,3,0,201.0,22.0,198.0,22.0,0.01493,True,0.00087,0.00322,-0.24,0.27,1.0
114,09171,傳統醫學、輔助醫學及治療細學類,五專,0,0,16.0,13.0,16.0,13.0,0.0,True,0.0,0.00026,-0.03,0.0,1.0
114,09191,公共衛生細學類,五專,3,0,130.0,30.0,127.0,30.0,0.02308,True,0.00087,0.00206,-0.12,0.422,1.0
114,09199,其他醫藥衛生細學類,五專,8,0,356.0,11.0,348.0,11.0,0.02247,True,0.00232,0.00566,-0.33,0.41,1.0
114,09211,老年照顧服務細學類,五專,148,4,1454.0,248.0,1306.0,244.0,0.10179,True,0.04294,0.02123,2.17,2.023,1.0
114,09212,失能者照顧細學類,五專,0,0,,,,,,True,0.0,,,,1.0
114,09221,兒童及青少年照顧服務細學類,五專,285,23,2437.0,388.0,2152.0,365.0,0.11695,True,0.08268,0.03498,4.77,2.364,1.0
114,09231,社會工作細學類,五專,0,0,,,,,,True,0.0,,,,1.0
114,09299,其他社會福利細學類,五專,27,0,345.0,19.0,318.0,19.0,0.07826,True,0.00783,0.00517,0.27,1.515,1.0
114,10111,家政服務細學類,五專,0,0,,,,,,True,0.0,,,,1.0
114,10121,美髮美容服務細學類,五專,196,20,3347.0,501.0,3151.0,481.0,0.05856,True,0.05686,0.05122,0.56,1.11,1.0
114,10131,旅館及餐飲細學類,五專,114,13,2380.0,344.0,2266.0,331.0,0.0479,True,0.03307,0.03684,-0.38,0.898,1.0
114,10141,競技運動細學類,五專,0,0,,,,,,True,0.0,,,,1.0
114,10142,運動科技細學類,五專,0,0,,,,,,True,0.0,,,,1.0
114,10151,旅遊觀光細學類,五專,6,0,75.0,33.0,69.0,33.0,0.08,True,0.00174,0.00112,0.06,1.554,1.0
114,10152,遊憩、運動和休閒管理細學類,五專,26,2,392.0,35.0,366.0,33.0,0.06633,True,0.00754,0.00595,0.16,1.267,1.0
114,10199,其他餐旅及民生服務細學類,五專,17,4,629.0,91.0,612.0,87.0,0.02703,True,0.00493,0.00995,-0.5,0.495,1.0
114,10221,職業衛生及安全細學類,五專,1,0,301.0,26.0,300.0,26.0,0.00332,True,0.00029,0.00488,-0.46,0.059,1.0
114,10321,警政細學類,五專,0,0,,,,,,True,0.0,,,,1.0
114,10411,運輸管理細學類,五專,0,0,,,,,,True,0.0,,,,1.0
114,10412,航運管理細學類,五專,0,0,,,,,,True,0.0,,,,1.0
114,10413,空運管理細學類,五專,0,0,,,,,,True,0.0,,,,1.0
114,10414,航海細學類,五專,7,1,292.0,48.0,285.0,47.0,0.02397,True,0.00203,0.00463,-0.26,0.438,1.0
114,99999,其他細學類,五專,20,0,204.0,10.0,184.0,10.0,0.09804,False,,,,,1.0
114,01111,綜合教育細學類,博士班,37,1,1052.0,123.0,1015.0,122.0,0.03517,True,0.14625,0.03529,11.1,4.144,1.0
114,01112,成人教育細學類,博士班,1,0,121.0,9.0,120.0,9.0,0.00826,True,0.00395,0.00417,-0.02,0.947,1.0
114,01113,特殊教育細學類,博士班,1,0,123.0,13.0,122.0,13.0,0.00813,True,0.00395,0.00424,-0.03,0.932,1.0
114,01114,教育行政細學類,博士班,13,2,289.0,28.0,276.0,26.0,0.04498,True,0.05138,0.0096,4.18,5.352,1.0
114,01115,課程與教學細學類,博士班,2,0,137.0,11.0,135.0,11.0,0.0146,True,0.00791,0.00469,0.32,1.687,1.0
114,01116,教育科技細學類,博士班,1,0,90.0,4.0,89.0,4.0,0.01111,True,0.00395,0.00309,0.09,1.278,1.0
114,01118,技職教育細學類,博士班,0,0,111.0,12.0,111.0,12.0,0.0,True,0.0,0.00386,-0.39,0.0,1.0
114,01121,幼兒師資教育細學類,博士班,0,0,,,,,,True,0.0,,,,1.0
114,01131,普通科目師資教育細學類,博士班,2,0,121.0,22.0,119.0,22.0,0.01653,True,0.00791,0.00414,0.38,1.911,1.0
114,01141,專業科目師資教育細學類,博士班,7,0,453.0,56.0,446.0,56.0,0.01545,True,0.02767,0.01551,1.22,1.784,1.0
114,01199,其他教育細學類,博士班,1,0,84.0,4.0,83.0,4.0,0.0119,True,0.00395,0.00289,0.11,1.367,1.0
114,02111,視覺藝術細學類,博士班,0,0,16.0,2.0,16.0,2.0,0.0,True,0.0,0.00056,-0.06,0.0,1.0
114,02112,視覺傳達設計細學類,博士班,0,1,76.0,13.0,76.0,12.0,0.0,True,0.0,0.00264,-0.26,0.0,1.0
114,02121,應用藝術細學類,博士班,0,0,16.0,0.0,16.0,0.0,0.0,True,0.0,0.00056,-0.06,0.0,1.0
114,02122,綜合設計細學類,博士班,0,0,412.0,47.0,412.0,47.0,0.0,True,0.0,0.01432,-1.43,0.0,1.0
114,02123,產品設計細學類,博士班,1,0,66.0,8.0,65.0,8.0,0.01515,True,0.00395,0.00226,0.17,1.748,1.0
114,02124,空間設計細學類,博士班,0,0,,,,,,True,0.0,,,,1.0
114,02125,時尚設計與管理細學類,博士班,0,0,,,,,,True,0.0,,,,1.0
114,02131,純藝術細學類,博士班,2,0,225.0,25.0,223.0,25.0,0.00889,True,0.00791,0.00775,0.02,1.021,1.0
114,02132,雕塑細學類,博士班,0,0,,,,,,True,0.0,,,,1.0
114,02141,美術工藝細學類,博士班,0,0,,,,,,True,0.0,,,,1.0
114,02151,音樂細學類,博士班,2,0,145.0,9.0,143.0,9.0,0.01379,True,0.00791,0.00497,0.29,1.592,1.0
114,02152,表演藝術細學類,博士班,2,0,54.0,5.0,52.0,5.0,0.03704,True,0.00791,0.00181,0.61,4.37,1.0
114,02191,綜合藝術細學類,博士班,1,0,77.0,3.0,76.0,3.0,0.01299,True,0.00395,0.00264,0.13,1.496,1.0
114,02192,藝術行政細學類,博士班,1,0,34.0,3.0,33.0,3.0,0.02941,True,0.00395,0.00115,0.28,3.435,1.0
114,02199,其他藝術細學類,博士班,0,0,,,,,,True,0.0,,,,1.0
114,02211,宗教細學類,博士班,1,0,128.0,16.0,127.0,16.0,0.00781,True,0.00395,0.00442,-0.05,0.894,1.0
114,02221,歷史細學類,博士班,1,0,284.0,23.0,283.0,23.0,0.00352,True,0.00395,0.00984,-0.59,0.401,1.0
114,02222,人類學及民族學細學類,博士班,18,2,99.0,9.0,81.0,7.0,0.18182,True,0.07115,0.00282,6.83,25.23,1.0
114,02231,哲學細學類,博士班,2,0,187.0,14.0,185.0,14.0,0.0107,True,0.00791,0.00643,0.15,1.23,1.0
114,02299,其他人文細學類,博士班,3,0,187.0,19.0,184.0,19.0,0.01604,True,0.01186,0.0064,0.55,1.853,1.0
114,02311,外國語文細學類,博士班,1,0,163.0,28.0,162.0,28.0,0.00613,True,0.00395,0.00563,-0.17,0.702,1.0
114,02312,翻譯細學類,博士班,0,0,32.0,2.0,32.0,2.0,0.0,True,0.0,0.00111,-0.11,0.0,1.0
114,02313,華語文為第二語言細學類,博士班,0,0,90.0,6.0,90.0,6.0,0.0,True,0.0,0.00313,-0.31,0.0,1.0
114,02321,臺灣語文細學類,博士班,9,0,154.0,12.0,145.0,12.0,0.05844,True,0.03557,0.00504,3.05,7.058,1.0
114,02322,中國語文細學類,博士班,2,1,657.0,94.0,655.0,93.0,0.00304,True,0.00791,0.02277,-1.49,0.347,1.0
114,02323,華語文細學類,博士班,0,0,22.0,3.0,22.0,3.0,0.0,True,0.0,0.00076,-0.08,0.0,1.0
114,02399,其他語文細學類,博士班,5,1,105.0,5.0,100.0,4.0,0.04762,True,0.01976,0.00348,1.63,5.678,1.0
114,03111,經濟學細學類,博士班,0,0,114.0,13.0,114.0,13.0,0.0,True,0.0,0.00396,-0.4,0.0,1.0
114,03121,政治學細學類,博士班,1,0,277.0,20.0,276.0,20.0,0.00361,True,0.00395,0.0096,-0.56,0.411,1.0
114,03122,國際關係細學類,博士班,1,0,100.0,13.0,99.0,13.0,0.01,True,0.00395,0.00344,0.05,1.148,1.0
114,03131,心理學細學類,博士班,1,0,349.0,32.0,348.0,32.0,0.00287,True,0.00395,0.0121,-0.82,0.326,1.0
114,03141,社會學細學類,博士班,12,1,102.0,12.0,90.0,11.0,0.11765,True,0.04743,0.00313,4.43,15.153,1.0
114,03142,地理學細學類,博士班,4,0,97.0,8.0,93.0,8.0,0.04124,True,0.01581,0.00323,1.26,4.895,1.0
114,03143,區域研究細學類,博士班,3,0,244.0,30.0,241.0,30.0,0.0123,True,0.01186,0.00838,0.35,1.415,1.0
114,03191,發展研究細學類,博士班,1,0,97.0,12.0,96.0,12.0,0.01031,True,0.00395,0.00334,0.06,1.183,1.0
114,03199,其他社會及行為科學細學類,博士班,1,0,65.0,4.0,64.0,4.0,0.01538,True,0.00395,0.00223,0.17,1.771,1.0
114,03211,大眾傳播細學類,博士班,0,0,46.0,6.0,46.0,6.0,0.0,True,0.0,0.0016,-0.16,0.0,1.0
114,03212,新聞細學類,博士班,0,0,,,,,,True,0.0,,,,1.0
114,03213,電子媒體細學類,博士班,0,0,,,,,,True,0.0,,,,1.0
114,03214,傳播細學類,博士班,1,0,47.0,8.0,46.0,8.0,0.02128,True,0.00395,0.0016,0.24,2.469,1.0
114,03222,圖書資訊檔案細學類,博士班,0,0,40.0,7.0,40.0,7.0,0.0,True,0.0,0.00139,-0.14,0.0,1.0
114,04111,會計及稅務細學類,博士班,0,0,54.0,19.0,54.0,19.0,0.0,True,0.0,0.00188,-0.19,0.0,1.0
114,04121,財務金融細學類,博士班,1,0,366.0,58.0,365.0,58.0,0.00273,True,0.00395,0.01269,-0.87,0.311,1.0
114,04122,財政細學類,博士班,0,0,4.0,0.0,4.0,0.0,0.0,True,0.0,0.00014,-0.01,0.0,1.0
114,04123,保險及風險管理細學類,博士班,0,0,12.0,4.0,12.0,4.0,0.0,True,0.0,0.00042,-0.04,0.0,1.0
114,04131,企業管理細學類,博士班,13,1,1697.0,202.0,1684.0,201.0,0.00766,True,0.05138,0.05855,-0.72,0.878,1.0
114,04132,流通及供應鏈細學類,博士班,0,0,,,,,,True,0.0,,,,1.0
114,04133,醫療管理細學類,博士班,0,0,10.0,1.0,10.0,1.0,0.0,True,0.0,0.00035,-0.03,0.0,1.0
114,04134,公共行政細學類,博士班,1,0,114.0,10.0,113.0,10.0,0.00877,True,0.00395,0.00393,0.0,1.005,1.0
114,04141,國際貿易細學類,博士班,0,0,37.0,6.0,37.0,6.0,0.0,True,0.0,0.00129,-0.13,0.0,1.0
114,04143,行銷及廣告細學類,博士班,0,0,,,,,,True,0.0,,,,1.0
114,04191,一般商業細學類,博士班,0,0,297.0,48.0,297.0,48.0,0.0,True,0.0,0.01033,-1.03,0.0,1.0
114,04199,其他商業及管理細學類,博士班,6,0,384.0,45.0,378.0,45.0,0.01562,True,0.02372,0.01314,1.06,1.805,1.0
114,04211,一般法律細學類,博士班,4,0,284.0,19.0,280.0,19.0,0.01408,True,0.01581,0.00974,0.61,1.623,1.0
114,04212,專業法律細學類,博士班,3,0,132.0,14.0,129.0,14.0,0.02273,True,0.01186,0.00449,0.74,2.641,1.0
114,05111,生物學細學類,博士班,0,0,251.0,34.0,251.0,34.0,0.0,True,0.0,0.00873,-0.87,0.0,1.0
114,05121,生物科技細學類,博士班,5,0,910.0,116.0,905.0,116.0,0.00549,True,0.01976,0.03147,-1.17,0.628,1.0
114,05122,微生物細學類,博士班,0,0,21.0,3.0,21.0,3.0,0.0,True,0.0,0.00073,-0.07,0.0,1.0
114,05123,生物化學細學類,博士班,0,0,135.0,19.0,135.0,19.0,0.0,True,0.0,0.00469,-0.47,0.0,1.0
114,05124,生物訊息及遺傳細學類,博士班,0,0,97.0,10.0,97.0,10.0,0.0,True,0.0,0.00337,-0.34,0.0,1.0
114,05191,營養細學類,博士班,0,0,111.0,14.0,111.0,14.0,0.0,True,0.0,0.00386,-0.39,0.0,1.0
114,05199,其他生命科學細學類,博士班,0,0,88.0,11.0,88.0,11.0,0.0,True,0.0,0.00306,-0.31,0.0,1.0
114,05211,環境資源細學類,博士班,2,0,127.0,6.0,125.0,6.0,0.01575,True,0.00791,0.00435,0.36,1.818,1.0
114,05212,生態細學類,博士班,0,0,20.0,0.0,20.0,0.0,0.0,True,0.0,0.0007,-0.07,0.0,1.0
114,05221,自然環境及野生動物細學類,博士班,0,0,,,,,,True,0.0,,,,1.0
114,05291,環境防災細學類,博士班,0,0,,,,,,True,0.0,,,,1.0
114,05292,水土保持細學類,博士班,0,0,23.0,4.0,23.0,4.0,0.0,True,0.0,0.0008,-0.08,0.0,1.0
114,05311,化學細學類,博士班,1,0,482.0,88.0,481.0,88.0,0.00207,True,0.00395,0.01672,-1.28,0.236,1.0
114,05321,地球科學及環境細學類,博士班,1,0,203.0,29.0,202.0,29.0,0.00493,True,0.00395,0.00702,-0.31,0.563,1.0
114,05322,大氣及太空科學細學類,博士班,0,1,59.0,13.0,59.0,12.0,0.0,True,0.0,0.00205,-0.2,0.0,1.0
114,05323,海洋科學細學類,博士班,0,0,162.0,34.0,162.0,34.0,0.0,True,0.0,0.00563,-0.56,0.0,1.0
114,05331,物理及應用物理細學類,博士班,2,0,572.0,81.0,570.0,81.0,0.0035,True,0.00791,0.01982,-1.19,0.399,1.0
114,05399,其他物理、化學及地球科學細學類,博士班,0,0,53.0,3.0,53.0,3.0,0.0,True,0.0,0.00184,-0.18,0.0,1.0
114,05411,數學細學類,博士班,0,0,158.0,20.0,158.0,20.0,0.0,True,0.0,0.00549,-0.55,0.0,1.0
114,05421,統計細學類,博士班,0,0,55.0,9.0,55.0,9.0,0.0,True,0.0,0.00191,-0.19,0.0,1.0
114,05499,其他數學及統計細學類,博士班,0,0,,,,,,True,0.0,,,,1.0
114,06111,電腦運用細學類,博士班,0,0,42.0,3.0,42.0,3.0,0.0,True,0.0,0.00146,-0.15,0.0,1.0
114,06121,資料庫、網路設計及管理細學類,博士班,0,0,0.0,1.0,0.0,1.0,,True,0.0,0.0,0.0,,1.0
114,06131,資訊技術細學類,博士班,3,1,1378.0,150.0,1375.0,149.0,0.00218,True,0.01186,0.04781,-3.6,0.248,1.0
114,06132,軟體開發細學類,博士班,0,0,49.0,3.0,49.0,3.0,0.0,True,0.0,0.0017,-0.17,0.0,1.0
114,06133,系統設計細學類,博士班,0,0,,,,,,True,0.0,,,,1.0
114,06134,電算機應用細學類,博士班,0,0,76.0,5.0,76.0,5.0,0.0,True,0.0,0.00264,-0.26,0.0,1.0
114,06199,其他資訊通訊科技細學類,博士班,0,0,57.0,0.0,57.0,0.0,0.0,True,0.0,0.00198,-0.2,0.0,1.0
114,07111,化學工程細學類,博士班,2,0,605.0,103.0,603.0,103.0,0.00331,True,0.00791,0.02097,-1.31,0.377,1.0
114,07112,材料工程細學類,博士班,2,0,967.0,147.0,965.0,147.0,0.00207,True,0.00791,0.03355,-2.56,0.236,1.0
114,07121,環境工程細學類,博士班,2,0,233.0,32.0,231.0,32.0,0.00858,True,0.00791,0.00803,-0.01,0.985,1.0
114,07122,河海工程細學類,博士班,1,0,97.0,13.0,96.0,13.0,0.01031,True,0.00395,0.00334,0.06,1.183,1.0
114,07131,核子工程細學類,博士班,0,0,22.0,1.0,22.0,1.0,0.0,True,0.0,0.00076,-0.08,0.0,1.0
114,07132,能源工程細學類,博士班,0,0,98.0,14.0,98.0,14.0,0.0,True,0.0,0.00341,-0.34,0.0,1.0
114,07141,電機與電子工程細學類,博士班,4,0,2581.0,329.0,2577.0,329.0,0.00155,True,0.01581,0.0896,-7.38,0.176,1.0
114,07151,機械工程細學類,博士班,4,0,1078.0,151.0,1074.0,151.0,0.00371,True,0.01581,0.03734,-2.15,0.423,1.0
114,07161,車輛工程細學類,博士班,0,0,,,,,,True,0.0,,,,1.0
114,07162,航空工程細學類,博士班,0,0,49.0,6.0,49.0,6.0,0.0,True,0.0,0.0017,-0.17,0.0,1.0
114,07163,造船工程細學類,博士班,1,0,53.0,8.0,52.0,8.0,0.01887,True,0.00395,0.00181,0.21,2.182,1.0
114,07191,工業工程細學類,博士班,3,0,348.0,54.0,345.0,54.0,0.00862,True,0.01186,0.012,-0.01,0.988,1.0
114,07192,紡織工程細學類,博士班,0,0,14.0,0.0,14.0,0.0,0.0,True,0.0,0.00049,-0.05,0.0,1.0
114,07193,生醫工程細學類,博士班,3,0,629.0,56.0,626.0,56.0,0.00477,True,0.01186,0.02177,-0.99,0.545,1.0
114,07194,綜合工程細學類,博士班,1,0,237.0,28.0,236.0,28.0,0.00422,True,0.00395,0.00821,-0.43,0.481,1.0
114,07199,其他工程及工程業細學類,博士班,1,0,140.0,31.0,139.0,31.0,0.00714,True,0.00395,0.00483,-0.09,0.818,1.0
114,07211,食品科學細學類,博士班,0,1,131.0,15.0,131.0,14.0,0.0,True,0.0,0.00455,-0.46,0.0,1.0
114,07241,採礦及提煉細學類,博士班,0,0,28.0,5.0,28.0,5.0,0.0,True,0.0,0.00097,-0.1,0.0,1.0
114,07311,建築細學類,博士班,1,0,112.0,20.0,111.0,20.0,0.00893,True,0.00395,0.00386,0.01,1.023,1.0
114,07312,景觀設計細學類,博士班,0,0,,,,,,True,0.0,,,,1.0
114,07313,都巿規劃細學類,博士班,3,1,75.0,6.0,72.0,5.0,0.04,True,0.01186,0.0025,0.94,4.744,1.0
114,07321,土木工程細學類,博士班,3,0,579.0,94.0,576.0,94.0,0.00518,True,0.01186,0.02003,-0.82,0.592,1.0
114,07322,空間資訊及測繪細學類,博士班,0,0,34.0,8.0,34.0,8.0,0.0,True,0.0,0.00118,-0.12,0.0,1.0
114,07399,其他建築及營建工程細學類,博士班,0,0,56.0,13.0,56.0,13.0,0.0,True,0.0,0.00195,-0.19,0.0,1.0
114,08111,農作物生產細學類,博士班,3,0,119.0,8.0,116.0,8.0,0.02521,True,0.01186,0.00403,0.78,2.943,1.0
114,08112,畜牧生產細學類,博士班,1,0,59.0,11.0,58.0,11.0,0.01695,True,0.00395,0.00202,0.19,1.955,1.0
114,08121,園藝細學類,博士班,1,0,52.0,12.0,51.0,12.0,0.01923,True,0.00395,0.00177,0.22,2.232,1.0
114,08193,農業經濟及推廣細學類,博士班,0,0,43.0,5.0,43.0,5.0,0.0,True,0.0,0.0015,-0.15,0.0,1.0
114,08194,植物保護細學類,博士班,0,0,28.0,2.0,28.0,2.0,0.0,True,0.0,0.00097,-0.1,0.0,1.0
114,08199,其他農業細學類,博士班,1,0,89.0,10.0,88.0,10.0,0.01124,True,0.00395,0.00306,0.09,1.291,1.0
114,08211,林業細學類,博士班,0,0,53.0,6.0,53.0,6.0,0.0,True,0.0,0.00184,-0.18,0.0,1.0
114,08311,漁業科學細學類,博士班,0,0,45.0,7.0,45.0,7.0,0.0,True,0.0,0.00156,-0.16,0.0,1.0
114,08312,水產養殖細學類,博士班,0,0,72.0,6.0,72.0,6.0,0.0,True,0.0,0.0025,-0.25,0.0,1.0
114,08411,獸醫細學類,博士班,1,0,85.0,9.0,84.0,9.0,0.01176,True,0.00395,0.00292,0.1,1.353,1.0
114,09111,牙醫細學類,博士班,0,0,153.0,17.0,153.0,17.0,0.0,True,0.0,0.00532,-0.53,0.0,1.0
114,09121,醫學細學類,博士班,15,0,1897.0,232.0,1882.0,232.0,0.00791,True,0.05929,0.06544,-0.61,0.906,1.0
114,09131,護理及助產細學類,博士班,4,0,443.0,70.0,439.0,70.0,0.00903,True,0.01581,0.01526,0.06,1.036,1.0
114,09141,醫學技術及檢驗細學類,博士班,2,0,169.0,23.0,167.0,23.0,0.01183,True,0.00791,0.00581,0.21,1.361,1.0
114,09151,物理治療細學類,博士班,0,0,59.0,10.0,59.0,10.0,0.0,True,0.0,0.00205,-0.2,0.0,1.0
114,09152,職能治療細學類,博士班,0,0,21.0,0.0,21.0,0.0,0.0,True,0.0,0.00073,-0.07,0.0,1.0
114,09153,語言治療與聽力細學類,博士班,0,0,,,,,,True,0.0,,,,1.0
114,09159,其他治療及復健細學類,博士班,1,0,44.0,3.0,43.0,3.0,0.02273,True,0.00395,0.0015,0.25,2.633,1.0
114,09161,藥學細學類,博士班,2,0,359.0,46.0,357.0,46.0,0.00557,True,0.00791,0.01241,-0.45,0.637,1.0
114,09171,傳統醫學、輔助醫學及治療細學類,博士班,0,0,61.0,12.0,61.0,12.0,0.0,True,0.0,0.00212,-0.21,0.0,1.0
114,09191,公共衛生細學類,博士班,1,0,546.0,85.0,545.0,85.0,0.00183,True,0.00395,0.01895,-1.5,0.208,1.0
114,09199,其他醫藥衛生細學類,博士班,1,0,90.0,13.0,89.0,13.0,0.01111,True,0.00395,0.00309,0.09,1.278,1.0
114,09211,老年照顧服務細學類,博士班,0,0,8.0,2.0,8.0,2.0,0.0,True,0.0,0.00028,-0.03,0.0,1.0
114,09212,失能者照顧細學類,博士班,0,0,,,,,,True,0.0,,,,1.0
114,09221,兒童及青少年照顧服務細學類,博士班,0,0,,,,,,True,0.0,,,,1.0
114,09231,社會工作細學類,博士班,1,0,119.0,8.0,118.0,8.0,0.0084,True,0.00395,0.0041,-0.01,0.963,1.0
114,09299,其他社會福利細學類,博士班,0,0,,,,,,True,0.0,,,,1.0
114,10111,家政服務細學類,博士班,0,0,,,,,,True,0.0,,,,1.0
114,10121,美髮美容服務細學類,博士班,0,0,,,,,,True,0.0,,,,1.0
114,10131,旅館及餐飲細學類,博士班,0,0,,,,,,True,0.0,,,,1.0
114,10141,競技運動細學類,博士班,3,2,100.0,23.0,97.0,21.0,0.03,True,0.01186,0.00337,0.85,3.519,1.0
114,10142,運動科技細學類,博士班,1,0,18.0,4.0,17.0,4.0,0.05556,True,0.00395,0.00059,0.34,6.695,1.0
114,10151,旅遊觀光細學類,博士班,1,0,62.0,7.0,61.0,7.0,0.01613,True,0.00395,0.00212,0.18,1.863,1.0
114,10152,遊憩、運動和休閒管理細學類,博士班,0,0,49.0,12.0,49.0,12.0,0.0,True,0.0,0.0017,-0.17,0.0,1.0
114,10199,其他餐旅及民生服務細學類,博士班,0,0,,,,,,True,0.0,,,,1.0
114,10221,職業衛生及安全細學類,博士班,0,0,,,,,,True,0.0,,,,1.0
114,10321,警政細學類,博士班,0,0,,,,,,True,0.0,,,,1.0
114,10411,運輸管理細學類,博士班,0,0,36.0,2.0,36.0,2.0,0.0,True,0.0,0.00125,-0.12,0.0,1.0
114,10412,航運管理細學類,博士班,0,0,61.0,6.0,61.0,6.0,0.0,True,0.0,0.00212,-0.21,0.0,1.0
114,10413,空運管理細學類,博士班,0,0,,,,,,True,0.0,,,,1.0
114,10414,航海細學類,博士班,0,0,,,,,,True,0.0,,,,1.0
114,99999,其他細學類,博士班,2,0,160.0,13.0,158.0,13.0,0.0125,False,,,,,1.0
114,01111,綜合教育細學類,學士班,181,38,3398.0,784.0,3217.0,746.0,0.05327,True,0.0094,0.00425,0.52,2.212,1.0
114,01112,成人教育細學類,學士班,1,0,115.0,29.0,114.0,29.0,0.0087,True,5e-05,0.00015,-0.01,0.333,1.0
114,01113,特殊教育細學類,學士班,74,16,2425.0,572.0,2351.0,556.0,0.03052,True,0.00384,0.00311,0.07,1.235,1.0
114,01114,教育行政細學類,學士班,14,1,640.0,149.0,626.0,148.0,0.02188,True,0.00073,0.00083,-0.01,0.88,1.0
114,01115,課程與教學細學類,學士班,0,0,,,,,,True,0.0,,,,1.0
114,01116,教育科技細學類,學士班,11,5,930.0,224.0,919.0,219.0,0.01183,True,0.00057,0.00122,-0.06,0.467,1.0
114,01118,技職教育細學類,學士班,0,0,,,,,,True,0.0,,,,1.0
114,01121,幼兒師資教育細學類,學士班,250,75,3750.0,1135.0,3500.0,1060.0,0.06667,True,0.01298,0.00463,0.84,2.803,1.0
114,01131,普通科目師資教育細學類,學士班,74,10,2652.0,616.0,2578.0,606.0,0.0279,True,0.00384,0.00341,0.04,1.126,1.0
114,01141,專業科目師資教育細學類,學士班,510,78,4690.0,960.0,4180.0,882.0,0.10874,True,0.02647,0.00553,2.09,4.787,1.0
114,01199,其他教育細學類,學士班,6,1,560.0,87.0,554.0,86.0,0.01071,True,0.00031,0.00073,-0.04,0.425,1.0
114,02111,視覺藝術細學類,學士班,137,15,5167.0,910.0,5030.0,895.0,0.02651,True,0.00711,0.00665,0.05,1.069,1.0
114,02112,視覺傳達設計細學類,學士班,374,66,18260.0,4253.0,17886.0,4187.0,0.02048,True,0.01941,0.02366,-0.43,0.82,1.0
114,02121,應用藝術細學類,學士班,20,4,1145.0,284.0,1125.0,280.0,0.01747,True,0.00104,0.00149,-0.05,0.698,1.0
114,02122,綜合設計細學類,學士班,326,54,8853.0,2321.0,8527.0,2267.0,0.03682,True,0.01692,0.01128,0.56,1.5,1.0
114,02123,產品設計細學類,學士班,137,23,5558.0,1487.0,5421.0,1464.0,0.02465,True,0.00711,0.00717,-0.01,0.992,1.0
114,02124,空間設計細學類,學士班,71,14,3962.0,924.0,3891.0,910.0,0.01792,True,0.00369,0.00515,-0.15,0.717,1.0
114,02125,時尚設計與管理細學類,學士班,57,10,3030.0,666.0,2973.0,656.0,0.01881,True,0.00296,0.00393,-0.1,0.753,1.0
114,02131,純藝術細學類,學士班,70,7,3987.0,928.0,3917.0,921.0,0.01756,True,0.00363,0.00518,-0.15,0.701,1.0
114,02132,雕塑細學類,學士班,4,1,170.0,35.0,166.0,34.0,0.02353,True,0.00021,0.00022,-0.0,0.955,1.0
114,02141,美術工藝細學類,學士班,127,17,688.0,153.0,561.0,136.0,0.18459,True,0.00659,0.00074,0.58,8.905,1.0
114,02151,音樂細學類,學士班,278,45,5639.0,1242.0,5361.0,1197.0,0.0493,True,0.01443,0.00709,0.73,2.035,1.0
114,02152,表演藝術細學類,學士班,376,52,5275.0,1109.0,4899.0,1057.0,0.07128,True,0.01952,0.00648,1.3,3.012,1.0
114,02191,綜合藝術細學類,學士班,24,1,1107.0,195.0,1083.0,194.0,0.02168,True,0.00125,0.00143,-0.02,0.874,1.0
114,02192,藝術行政細學類,學士班,16,0,390.0,89.0,374.0,89.0,0.04103,True,0.00083,0.00049,0.03,1.694,1.0
114,02199,其他藝術細學類,學士班,72,14,835.0,232.0,763.0,218.0,0.08623,True,0.00374,0.00101,0.27,3.703,1.0
114,02211,宗教細學類,學士班,13,2,587.0,107.0,574.0,105.0,0.02215,True,0.00067,0.00076,-0.01,0.882,1.0
114,02221,歷史細學類,學士班,106,14,3744.0,862.0,3638.0,848.0,0.02831,True,0.0055,0.00481,0.07,1.143,1.0
114,02222,人類學及民族學細學類,學士班,103,17,501.0,95.0,398.0,78.0,0.20559,True,0.00535,0.00053,0.48,10.094,1.0
114,02231,哲學細學類,學士班,19,1,1547.0,321.0,1528.0,320.0,0.01228,True,0.00099,0.00202,-0.1,0.49,1.0
114,02299,其他人文細學類,學士班,168,46,2514.0,603.0,2346.0,557.0,0.06683,True,0.00872,0.0031,0.56,2.813,1.0
114,02311,外國語文細學類,學士班,726,147,36523.0,9435.0,35797.0,9288.0,0.01988,True,0.03769,0.04734,-0.96,0.796,1.0
114,02312,翻譯細學類,學士班,4,2,295.0,87.0,291.0,85.0,0.01356,True,0.00021,0.00038,-0.02,0.553,1.0
114,02313,華語文為第二語言細學類,學士班,5,1,519.0,84.0,514.0,83.0,0.00963,True,0.00026,0.00068,-0.04,0.382,1.0
114,02321,臺灣語文細學類,學士班,220,35,1124.0,239.0,904.0,204.0,0.19573,True,0.01142,0.0012,1.02,9.517,1.0
114,02322,中國語文細學類,學士班,163,21,8405.0,2067.0,8242.0,2046.0,0.01939,True,0.00846,0.0109,-0.24,0.776,1.0
114,02323,華語文細學類,學士班,27,4,1890.0,432.0,1863.0,428.0,0.01429,True,0.0014,0.00246,-0.11,0.569,1.0
114,02399,其他語文細學類,學士班,5,0,156.0,0.0,151.0,0.0,0.03205,True,0.00026,0.0002,0.01,1.3,1.0
114,03111,經濟學細學類,學士班,92,18,8527.0,2066.0,8435.0,2048.0,0.01079,True,0.00478,0.01116,-0.64,0.428,1.0
114,03121,政治學細學類,學士班,60,13,2662.0,646.0,2602.0,633.0,0.02254,True,0.00311,0.00344,-0.03,0.904,1.0
114,03122,國際關係細學類,學士班,11,2,966.0,268.0,955.0,266.0,0.01139,True,0.00057,0.00126,-0.07,0.452,1.0
114,03131,心理學細學類,學士班,235,41,6918.0,1575.0,6683.0,1534.0,0.03397,True,0.0122,0.00884,0.34,1.38,1.0
114,03141,社會學細學類,學士班,277,66,3616.0,804.0,3339.0,738.0,0.0766,True,0.01438,0.00442,1.0,3.253,1.0
114,03142,地理學細學類,學士班,29,7,974.0,222.0,945.0,215.0,0.02977,True,0.00151,0.00125,0.03,1.208,1.0
114,03143,區域研究細學類,學士班,22,4,1249.0,281.0,1227.0,277.0,0.01761,True,0.00114,0.00162,-0.05,0.704,1.0
114,03191,發展研究細學類,學士班,83,19,848.0,181.0,765.0,162.0,0.09788,True,0.00431,0.00101,0.33,4.267,1.0
114,03199,其他社會及行為科學細學類,學士班,32,49,740.0,211.0,708.0,162.0,0.04324,True,0.00166,0.00094,0.07,1.766,1.0
114,03211,大眾傳播細學類,學士班,247,139,4728.0,1323.0,4481.0,1184.0,0.05224,True,0.01282,0.00593,0.69,2.162,1.0
114,03212,新聞細學類,學士班,57,5,1242.0,339.0,1185.0,334.0,0.04589,True,0.00296,0.00157,0.14,1.885,1.0
114,03213,電子媒體細學類,學士班,48,5,1692.0,417.0,1644.0,412.0,0.02837,True,0.00249,0.00217,0.03,1.147,1.0
114,03214,傳播細學類,學士班,55,14,2681.0,754.0,2626.0,740.0,0.02051,True,0.00286,0.00347,-0.06,0.824,1.0
114,03222,圖書資訊檔案細學類,學士班,11,0,876.0,184.0,865.0,184.0,0.01256,True,0.00057,0.00114,-0.06,0.5,1.0
114,04111,會計及稅務細學類,學士班,142,22,12670.0,3295.0,12528.0,3273.0,0.01121,True,0.00737,0.01657,-0.92,0.445,1.0
114,04121,財務金融細學類,學士班,414,44,22558.0,5596.0,22144.0,5552.0,0.01835,True,0.02149,0.02929,-0.78,0.734,1.0
114,04122,財政細學類,學士班,47,10,2619.0,638.0,2572.0,628.0,0.01795,True,0.00244,0.0034,-0.1,0.718,1.0
114,04123,保險及風險管理細學類,學士班,38,7,2881.0,775.0,2843.0,768.0,0.01319,True,0.00197,0.00376,-0.18,0.524,1.0
114,04131,企業管理細學類,學士班,774,216,41290.0,11317.0,40516.0,11101.0,0.01875,True,0.04018,0.05359,-1.34,0.75,1.0
114,04132,流通及供應鏈細學類,學士班,181,40,9036.0,2051.0,8855.0,2011.0,0.02003,True,0.0094,0.01171,-0.23,0.803,1.0
114,04133,醫療管理細學類,學士班,77,22,3449.0,996.0,3372.0,974.0,0.02233,True,0.004,0.00446,-0.05,0.897,1.0
114,04134,公共行政細學類,學士班,133,82,4596.0,1230.0,4463.0,1148.0,0.02894,True,0.0069,0.0059,0.1,1.169,1.0
114,04141,國際貿易細學類,學士班,96,20,8069.0,2163.0,7973.0,2143.0,0.0119,True,0.00498,0.01054,-0.56,0.472,1.0
114,04143,行銷及廣告細學類,學士班,236,58,8755.0,2260.0,8519.0,2202.0,0.02696,True,0.01225,0.01127,0.1,1.087,1.0
114,04191,一般商業細學類,學士班,189,73,2323.0,488.0,2134.0,415.0,0.08136,True,0.00981,0.00282,0.7,3.479,1.0
114,04199,其他商業及管理細學類,學士班,207,62,9084.0,2324.0,8877.0,2262.0,0.02279,True,0.01075,0.01174,-0.1,0.916,1.0
114,04211,一般法律細學類,學士班,354,63,8574.0,2003.0,8220.0,1940.0,0.04129,True,0.01838,0.01087,0.75,1.691,1.0
114,04212,專業法律細學類,學士班,79,12,3839.0,912.0,3760.0,900.0,0.02058,True,0.0041,0.00497,-0.09,0.825,1.0
114,05111,生物學細學類,學士班,39,7,3734.0,794.0,3695.0,787.0,0.01044,True,0.00202,0.00489,-0.29,0.413,1.0
114,05121,生物科技細學類,學士班,82,6,6128.0,1394.0,6046.0,1388.0,0.01338,True,0.00426,0.008,-0.37,0.532,1.0
114,05122,微生物細學類,學士班,4,0,210.0,46.0,206.0,46.0,0.01905,True,0.00021,0.00027,-0.01,0.778,1.0
114,05123,生物化學細學類,學士班,1,0,326.0,79.0,325.0,79.0,0.00307,True,5e-05,0.00043,-0.04,0.116,1.0
114,05124,生物訊息及遺傳細學類,學士班,0,0,,,,,,True,0.0,,,,1.0
114,05191,營養細學類,學士班,89,26,5163.0,1391.0,5074.0,1365.0,0.01724,True,0.00462,0.00671,-0.21,0.689,1.0
114,05199,其他生命科學細學類,學士班,3,0,351.0,63.0,348.0,63.0,0.00855,True,0.00016,0.00046,-0.03,0.348,1.0
114,05211,環境資源細學類,學士班,4,3,850.0,179.0,846.0,176.0,0.00471,True,0.00021,0.00112,-0.09,0.188,1.0
114,05212,生態細學類,學士班,6,5,300.0,82.0,294.0,77.0,0.02,True,0.00031,0.00039,-0.01,0.795,1.0
114,05221,自然環境及野生動物細學類,學士班,0,0,,,,,,True,0.0,,,,1.0
114,05291,環境防災細學類,學士班,0,0,,,,,,True,0.0,,,,1.0
114,05292,水土保持細學類,學士班,3,2,421.0,92.0,418.0,90.0,0.00713,True,0.00016,0.00055,-0.04,0.291,1.0
114,05311,化學細學類,學士班,53,1,6651.0,1497.0,6598.0,1496.0,0.00797,True,0.00275,0.00873,-0.6,0.315,1.0
114,05321,地球科學及環境細學類,學士班,6,0,898.0,199.0,892.0,199.0,0.00668,True,0.00031,0.00118,-0.09,0.263,1.0
114,05322,大氣及太空科學細學類,學士班,4,1,605.0,117.0,601.0,116.0,0.00661,True,0.00021,0.00079,-0.06,0.266,1.0
114,05323,海洋科學細學類,學士班,2,0,278.0,58.0,276.0,58.0,0.00719,True,0.0001,0.00037,-0.03,0.27,1.0
114,05331,物理及應用物理細學類,學士班,40,0,5360.0,1178.0,5320.0,1178.0,0.00746,True,0.00208,0.00704,-0.5,0.295,1.0
114,05399,其他物理、化學及地球科學細學類,學士班,10,0,1102.0,272.0,1092.0,272.0,0.00907,True,0.00052,0.00144,-0.09,0.361,1.0
114,05411,數學細學類,學士班,34,7,6218.0,1266.0,6184.0,1259.0,0.00547,True,0.00176,0.00818,-0.64,0.215,1.0
114,05421,統計細學類,學士班,19,3,2884.0,633.0,2865.0,630.0,0.00659,True,0.00099,0.00379,-0.28,0.261,1.0
114,05499,其他數學及統計細學類,學士班,5,0,867.0,190.0,862.0,190.0,0.00577,True,0.00026,0.00114,-0.09,0.228,1.0
114,06111,電腦運用細學類,學士班,30,2,2291.0,480.0,2261.0,478.0,0.01309,True,0.00156,0.00299,-0.14,0.522,1.0
114,06121,資料庫、網路設計及管理細學類,學士班,7,4,871.0,265.0,864.0,261.0,0.00804,True,0.00036,0.00114,-0.08,0.316,1.0
114,06131,資訊技術細學類,學士班,580,98,49705.0,11284.0,49125.0,11186.0,0.01167,True,0.03011,0.06497,-3.49,0.463,1.0
114,06132,軟體開發細學類,學士班,58,5,4837.0,920.0,4779.0,915.0,0.01199,True,0.00301,0.00632,-0.33,0.476,1.0
114,06133,系統設計細學類,學士班,28,5,1973.0,425.0,1945.0,420.0,0.01419,True,0.00145,0.00257,-0.11,0.564,1.0
114,06134,電算機應用細學類,學士班,25,6,3359.0,754.0,3334.0,748.0,0.00744,True,0.0013,0.00441,-0.31,0.295,1.0
114,06199,其他資訊通訊科技細學類,學士班,37,2,1721.0,246.0,1684.0,244.0,0.0215,True,0.00192,0.00223,-0.03,0.861,1.0
114,07111,化學工程細學類,學士班,62,6,10301.0,2305.0,10239.0,2299.0,0.00602,True,0.00322,0.01354,-1.03,0.238,1.0
114,07112,材料工程細學類,學士班,36,7,6129.0,1356.0,6093.0,1349.0,0.00587,True,0.00187,0.00806,-0.62,0.232,1.0
114,07121,環境工程細學類,學士班,85,17,6653.0,1518.0,6568.0,1501.0,0.01278,True,0.00441,0.00869,-0.43,0.507,1.0
114,07122,河海工程細學類,學士班,15,1,1413.0,335.0,1398.0,334.0,0.01062,True,0.00078,0.00185,-0.11,0.422,1.0
114,07131,核子工程細學類,學士班,0,0,,,,,,True,0.0,,,,1.0
114,07132,能源工程細學類,學士班,33,3,2375.0,401.0,2342.0,398.0,0.01389,True,0.00171,0.0031,-0.14,0.552,1.0
114,07141,電機與電子工程細學類,學士班,667,107,61007.0,13149.0,60340.0,13042.0,0.01093,True,0.03462,0.0798,-4.52,0.434,1.0
114,07151,機械工程細學類,學士班,443,83,34266.0,7586.0,33823.0,7503.0,0.01293,True,0.023,0.04473,-2.17,0.514,1.0
114,07161,車輛工程細學類,學士班,79,12,3551.0,686.0,3472.0,674.0,0.02225,True,0.0041,0.00459,-0.05,0.893,1.0
114,07162,航空工程細學類,學士班,66,10,3490.0,773.0,3424.0,763.0,0.01891,True,0.00343,0.00453,-0.11,0.757,1.0
114,07163,造船工程細學類,學士班,28,2,1715.0,367.0,1687.0,365.0,0.01633,True,0.00145,0.00223,-0.08,0.65,1.0
114,07191,工業工程細學類,學士班,124,38,10148.0,2463.0,10024.0,2425.0,0.01222,True,0.00644,0.01326,-0.68,0.486,1.0
114,07192,紡織工程細學類,學士班,5,0,533.0,143.0,528.0,143.0,0.00938,True,0.00026,0.0007,-0.04,0.371,1.0
114,07193,生醫工程細學類,學士班,26,1,2713.0,552.0,2687.0,551.0,0.00958,True,0.00135,0.00355,-0.22,0.38,1.0
114,07194,綜合工程細學類,學士班,6,0,968.0,111.0,962.0,111.0,0.0062,True,0.00031,0.00127,-0.1,0.244,1.0
114,07199,其他工程及工程業細學類,學士班,8,3,1486.0,366.0,1478.0,363.0,0.00538,True,0.00042,0.00195,-0.15,0.215,1.0
114,07211,食品科學細學類,學士班,64,12,5583.0,1403.0,5519.0,1391.0,0.01146,True,0.00332,0.0073,-0.4,0.455,1.0
114,07241,採礦及提煉細學類,學士班,3,0,190.0,45.0,187.0,45.0,0.01579,True,0.00016,0.00025,-0.01,0.64,1.0
114,07311,建築細學類,學士班,110,15,6171.0,1242.0,6061.0,1227.0,0.01783,True,0.00571,0.00802,-0.23,0.712,1.0
114,07312,景觀設計細學類,學士班,30,4,1622.0,365.0,1592.0,361.0,0.0185,True,0.00156,0.00211,-0.05,0.739,1.0
114,07313,都巿規劃細學類,學士班,10,3,1109.0,280.0,1099.0,277.0,0.00902,True,0.00052,0.00145,-0.09,0.359,1.0
114,07321,土木工程細學類,學士班,263,57,11805.0,2728.0,11542.0,2671.0,0.02228,True,0.01365,0.01527,-0.16,0.894,1.0
114,07322,空間資訊及測繪細學類,學士班,12,2,304.0,53.0,292.0,51.0,0.03947,True,0.00062,0.00039,0.02,1.59,1.0
114,07399,其他建築及營建工程細學類,學士班,23,7,121.0,51.0,98.0,44.0,0.19008,True,0.00119,0.00013,0.11,9.154,1.0
114,08111,農作物生產細學類,學士班,25,4,1267.0,263.0,1242.0,259.0,0.01973,True,0.0013,0.00164,-0.03,0.793,1.0
114,08112,畜牧生產細學類,學士班,39,7,1787.0,454.0,1748.0,447.0,0.02182,True,0.00202,0.00231,-0.03,0.874,1.0
114,08121,園藝細學類,學士班,16,2,1030.0,251.0,1014.0,249.0,0.01553,True,0.00083,0.00134,-0.05,0.619,1.0
114,08193,農業經濟及推廣細學類,學士班,24,8,1047.0,233.0,1023.0,225.0,0.02292,True,0.00125,0.00135,-0.01,0.926,1.0
114,08194,植物保護細學類,學士班,12,0,654.0,131.0,642.0,131.0,0.01835,True,0.00062,0.00085,-0.02,0.729,1.0
114,08199,其他農業細學類,學士班,104,17,1428.0,288.0,1324.0,271.0,0.07283,True,0.0054,0.00175,0.37,3.086,1.0
114,08211,林業細學類,學士班,45,9,1726.0,397.0,1681.0,388.0,0.02607,True,0.00234,0.00222,0.01,1.054,1.0
114,08311,漁業科學細學類,學士班,3,0,395.0,77.0,392.0,77.0,0.00759,True,0.00016,0.00052,-0.04,0.308,1.0
114,08312,水產養殖細學類,學士班,10,3,1344.0,284.0,1334.0,281.0,0.00744,True,0.00052,0.00176,-0.12,0.295,1.0
114,08411,獸醫細學類,學士班,25,4,1804.0,327.0,1779.0,323.0,0.01386,True,0.0013,0.00235,-0.11,0.553,1.0
114,09111,牙醫細學類,學士班,82,16,3307.0,602.0,3225.0,586.0,0.0248,True,0.00426,0.00427,-0.0,0.998,1.0
114,09121,醫學細學類,學士班,162,31,9890.0,1667.0,9728.0,1636.0,0.01638,True,0.00841,0.01287,-0.45,0.653,1.0
114,09131,護理及助產細學類,學士班,801,285,21456.0,7837.0,20655.0,7552.0,0.03733,True,0.04158,0.02732,1.43,1.522,1.0
114,09141,醫學技術及檢驗細學類,學士班,174,35,7412.0,1909.0,7238.0,1874.0,0.02348,True,0.00903,0.00957,-0.05,0.944,1.0
114,09151,物理治療細學類,學士班,117,15,3132.0,692.0,3015.0,677.0,0.03736,True,0.00607,0.00399,0.21,1.521,1.0
114,09152,職能治療細學類,學士班,53,9,1934.0,372.0,1881.0,363.0,0.0274,True,0.00275,0.00249,0.03,1.104,1.0
114,09153,語言治療與聽力細學類,學士班,24,3,1392.0,302.0,1368.0,299.0,0.01724,True,0.00125,0.00181,-0.06,0.691,1.0
114,09159,其他治療及復健細學類,學士班,21,4,715.0,196.0,694.0,192.0,0.02937,True,0.00109,0.00092,0.02,1.185,1.0
114,09161,藥學細學類,學士班,188,7,6894.0,1418.0,6706.0,1411.0,0.02727,True,0.00976,0.00887,0.09,1.1,1.0
114,09171,傳統醫學、輔助醫學及治療細學類,學士班,3,1,377.0,46.0,374.0,45.0,0.00796,True,0.00016,0.00049,-0.03,0.327,1.0
114,09191,公共衛生細學類,學士班,69,7,1833.0,454.0,1764.0,447.0,0.03764,True,0.00358,0.00233,0.12,1.536,1.0
114,09199,其他醫藥衛生細學類,學士班,2,1,973.0,240.0,971.0,239.0,0.00206,True,0.0001,0.00128,-0.12,0.078,1.0
114,09211,老年照顧服務細學類,學士班,419,73,5705.0,1563.0,5286.0,1490.0,0.07344,True,0.02175,0.00699,1.48,3.112,1.0
114,09212,失能者照顧細學類,學士班,0,0,,,,,,True,0.0,,,,1.0
114,09221,兒童及青少年照顧服務細學類,學士班,327,96,7787.0,2465.0,7460.0,2369.0,0.04199,True,0.01697,0.00987,0.71,1.719,1.0
114,09231,社會工作細學類,學士班,702,217,8820.0,2664.0,8118.0,2447.0,0.07959,True,0.03644,0.01074,2.57,3.393,1.0
114,09299,其他社會福利細學類,學士班,0,0,,,,,,True,0.0,,,,1.0
114,10111,家政服務細學類,學士班,9,1,347.0,106.0,338.0,105.0,0.02594,True,0.00047,0.00045,0.0,1.044,1.0
114,10121,美髮美容服務細學類,學士班,245,52,7342.0,1885.0,7097.0,1833.0,0.03337,True,0.01272,0.00939,0.33,1.355,1.0
114,10131,旅館及餐飲細學類,學士班,582,119,27001.0,5702.0,26419.0,5583.0,0.02155,True,0.03021,0.03494,-0.47,0.865,1.0
114,10141,競技運動細學類,學士班,950,131,4963.0,953.0,4013.0,822.0,0.19142,True,0.04931,0.00531,4.4,9.286,1.0
114,10142,運動科技細學類,學士班,90,5,1374.0,261.0,1284.0,256.0,0.0655,True,0.00467,0.0017,0.3,2.747,1.0
114,10151,旅遊觀光細學類,學士班,496,97,18788.0,3903.0,18292.0,3806.0,0.0264,True,0.02575,0.02419,0.16,1.064,1.0
114,10152,遊憩、運動和休閒管理細學類,學士班,858,198,12227.0,2958.0,11369.0,2760.0,0.07017,True,0.04454,0.01504,2.95,2.961,1.0
114,10199,其他餐旅及民生服務細學類,學士班,50,36,1813.0,350.0,1763.0,314.0,0.02758,True,0.0026,0.00233,0.03,1.116,1.0
114,10221,職業衛生及安全細學類,學士班,26,3,1280.0,382.0,1254.0,379.0,0.02031,True,0.00135,0.00166,-0.03,0.813,1.0
114,10321,警政細學類,學士班,8,2,432.0,165.0,424.0,163.0,0.01852,True,0.00042,0.00056,-0.01,0.75,1.0
114,10411,運輸管理細學類,學士班,17,1,1715.0,386.0,1698.0,385.0,0.00991,True,0.00088,0.00225,-0.14,0.391,1.0
114,10412,航運管理細學類,學士班,36,5,1687.0,369.0,1651.0,364.0,0.02134,True,0.00187,0.00218,-0.03,0.858,1.0
114,10413,空運管理細學類,學士班,41,1,1637.0,296.0,1596.0,295.0,0.02505,True,0.00213,0.00211,0.0,1.009,1.0
114,10414,航海細學類,學士班,47,6,1395.0,454.0,1348.0,448.0,0.03369,True,0.00244,0.00178,0.07,1.371,1.0
114,99999,其他細學類,學士班,942,1,1656.0,113.0,714.0,112.0,0.56884,False,,,,,1.0
114,01111,綜合教育細學類,碩士班,252,44,4464.0,918.0,4212.0,874.0,0.05645,True,0.09644,0.02398,7.25,4.022,1.0
114,01112,成人教育細學類,碩士班,4,0,364.0,109.0,360.0,109.0,0.01099,True,0.00153,0.00205,-0.05,0.746,1.0
114,01113,特殊教育細學類,碩士班,13,3,1255.0,265.0,1242.0,262.0,0.01036,True,0.00498,0.00707,-0.21,0.704,1.0
114,01114,教育行政細學類,碩士班,32,3,894.0,181.0,862.0,178.0,0.03579,True,0.01225,0.00491,0.73,2.495,1.0
114,01115,課程與教學細學類,碩士班,12,5,670.0,113.0,658.0,108.0,0.01791,True,0.00459,0.00375,0.08,1.224,1.0
114,01116,教育科技細學類,碩士班,6,2,403.0,123.0,397.0,121.0,0.01489,True,0.0023,0.00226,0.0,1.018,1.0
114,01118,技職教育細學類,碩士班,8,0,378.0,92.0,370.0,92.0,0.02116,True,0.00306,0.00211,0.09,1.45,1.0
114,01121,幼兒師資教育細學類,碩士班,52,2,1156.0,235.0,1104.0,233.0,0.04498,True,0.0199,0.00629,1.36,3.164,1.0
114,01131,普通科目師資教育細學類,碩士班,28,6,1255.0,335.0,1227.0,329.0,0.02231,True,0.01072,0.00699,0.37,1.534,1.0
114,01141,專業科目師資教育細學類,碩士班,101,24,2393.0,595.0,2292.0,571.0,0.04221,True,0.03865,0.01305,2.56,2.962,1.0
114,01199,其他教育細學類,碩士班,10,3,544.0,162.0,534.0,159.0,0.01838,True,0.00383,0.00304,0.08,1.26,1.0
114,02111,視覺藝術細學類,碩士班,11,1,912.0,214.0,901.0,213.0,0.01206,True,0.00421,0.00513,-0.09,0.821,1.0
114,02112,視覺傳達設計細學類,碩士班,15,0,1156.0,303.0,1141.0,303.0,0.01298,True,0.00574,0.0065,-0.08,0.883,1.0
114,02121,應用藝術細學類,碩士班,4,1,443.0,153.0,439.0,152.0,0.00903,True,0.00153,0.0025,-0.1,0.612,1.0
114,02122,綜合設計細學類,碩士班,14,3,899.0,247.0,885.0,244.0,0.01557,True,0.00536,0.00504,0.03,1.063,1.0
114,02123,產品設計細學類,碩士班,2,1,627.0,199.0,625.0,198.0,0.00319,True,0.00077,0.00356,-0.28,0.216,1.0
114,02124,空間設計細學類,碩士班,3,1,247.0,79.0,244.0,78.0,0.01215,True,0.00115,0.00139,-0.02,0.827,1.0
114,02125,時尚設計與管理細學類,碩士班,6,0,217.0,52.0,211.0,52.0,0.02765,True,0.0023,0.0012,0.11,1.917,1.0
114,02131,純藝術細學類,碩士班,21,0,1949.0,402.0,1928.0,402.0,0.01077,True,0.00804,0.01098,-0.29,0.732,1.0
114,02132,雕塑細學類,碩士班,0,0,28.0,10.0,28.0,10.0,0.0,True,0.0,0.00016,-0.02,0.0,1.0
114,02141,美術工藝細學類,碩士班,0,0,123.0,29.0,123.0,29.0,0.0,True,0.0,0.0007,-0.07,0.0,1.0
114,02151,音樂細學類,碩士班,65,7,2162.0,513.0,2097.0,506.0,0.03006,True,0.02488,0.01194,1.29,2.084,1.0
114,02152,表演藝術細學類,碩士班,18,4,618.0,137.0,600.0,133.0,0.02913,True,0.00689,0.00342,0.35,2.015,1.0
114,02191,綜合藝術細學類,碩士班,33,3,746.0,163.0,713.0,160.0,0.04424,True,0.01263,0.00406,0.86,3.111,1.0
114,02192,藝術行政細學類,碩士班,11,0,427.0,68.0,416.0,68.0,0.02576,True,0.00421,0.00237,0.18,1.776,1.0
114,02199,其他藝術細學類,碩士班,2,1,204.0,65.0,202.0,64.0,0.0098,True,0.00077,0.00115,-0.04,0.67,1.0
114,02211,宗教細學類,碩士班,40,9,627.0,107.0,587.0,98.0,0.0638,True,0.01531,0.00334,1.2,4.584,1.0
114,02221,歷史細學類,碩士班,7,0,866.0,179.0,859.0,179.0,0.00808,True,0.00268,0.00489,-0.22,0.548,1.0
114,02222,人類學及民族學細學類,碩士班,27,5,191.0,38.0,164.0,33.0,0.14136,True,0.01033,0.00093,0.94,11.108,1.0
114,02231,哲學細學類,碩士班,3,0,406.0,73.0,403.0,73.0,0.00739,True,0.00115,0.00229,-0.11,0.502,1.0
114,02299,其他人文細學類,碩士班,71,4,1162.0,236.0,1091.0,232.0,0.0611,True,0.02717,0.00621,2.1,4.375,1.0
114,02311,外國語文細學類,碩士班,21,5,2464.0,564.0,2443.0,559.0,0.00852,True,0.00804,0.01391,-0.59,0.578,1.0
114,02312,翻譯細學類,碩士班,5,0,298.0,75.0,293.0,75.0,0.01678,True,0.00191,0.00167,0.02,1.144,1.0
114,02313,華語文為第二語言細學類,碩士班,2,0,437.0,83.0,435.0,83.0,0.00458,True,0.00077,0.00248,-0.17,0.31,1.0
114,02321,臺灣語文細學類,碩士班,53,5,647.0,116.0,594.0,111.0,0.08192,True,0.02028,0.00338,1.69,6.0,1.0
114,02322,中國語文細學類,碩士班,11,3,1922.0,313.0,1911.0,310.0,0.00572,True,0.00421,0.01088,-0.67,0.387,1.0
114,02323,華語文細學類,碩士班,6,2,364.0,85.0,358.0,83.0,0.01648,True,0.0023,0.00204,0.03,1.127,1.0
114,02399,其他語文細學類,碩士班,5,0,304.0,69.0,299.0,69.0,0.01645,True,0.00191,0.0017,0.02,1.124,1.0
114,03111,經濟學細學類,碩士班,2,4,1203.0,511.0,1201.0,507.0,0.00166,True,0.00077,0.00684,-0.61,0.113,1.0
114,03121,政治學細學類,碩士班,7,0,792.0,188.0,785.0,188.0,0.00884,True,0.00268,0.00447,-0.18,0.6,1.0
114,03122,國際關係細學類,碩士班,7,1,640.0,198.0,633.0,197.0,0.01094,True,0.00268,0.0036,-0.09,0.744,1.0
114,03131,心理學細學類,碩士班,46,9,3975.0,962.0,3929.0,953.0,0.01157,True,0.0176,0.02237,-0.48,0.787,1.0
114,03141,社會學細學類,碩士班,83,15,924.0,235.0,841.0,220.0,0.08983,True,0.03176,0.00479,2.7,6.63,1.0
114,03142,地理學細學類,碩士班,3,0,280.0,88.0,277.0,88.0,0.01071,True,0.00115,0.00158,-0.04,0.728,1.0
114,03143,區域研究細學類,碩士班,58,10,1129.0,286.0,1071.0,276.0,0.05137,True,0.0222,0.0061,1.61,3.639,1.0
114,03191,發展研究細學類,碩士班,24,7,805.0,168.0,781.0,161.0,0.02981,True,0.00918,0.00445,0.47,2.063,1.0
114,03199,其他社會及行為科學細學類,碩士班,40,6,772.0,199.0,732.0,193.0,0.05181,True,0.01531,0.00417,1.11,3.671,1.0
114,03211,大眾傳播細學類,碩士班,1,0,772.0,237.0,771.0,237.0,0.0013,True,0.00038,0.00439,-0.4,0.087,1.0
114,03212,新聞細學類,碩士班,0,0,135.0,41.0,135.0,41.0,0.0,True,0.0,0.00077,-0.08,0.0,1.0
114,03213,電子媒體細學類,碩士班,0,0,137.0,38.0,137.0,38.0,0.0,True,0.0,0.00078,-0.08,0.0,1.0
114,03214,傳播細學類,碩士班,3,1,387.0,106.0,384.0,105.0,0.00775,True,0.00115,0.00219,-0.1,0.525,1.0
114,03222,圖書資訊檔案細學類,碩士班,1,0,423.0,110.0,422.0,110.0,0.00236,True,0.00038,0.0024,-0.2,0.158,1.0
114,04111,會計及稅務細學類,碩士班,4,3,1542.0,707.0,1538.0,704.0,0.00259,True,0.00153,0.00876,-0.72,0.175,1.0
114,04121,財務金融細學類,碩士班,9,1,3959.0,1577.0,3950.0,1576.0,0.00227,True,0.00344,0.02249,-1.9,0.153,1.0
114,04122,財政細學類,碩士班,3,0,305.0,135.0,302.0,135.0,0.00984,True,0.00115,0.00172,-0.06,0.669,1.0
114,04123,保險及風險管理細學類,碩士班,1,0,294.0,121.0,293.0,121.0,0.0034,True,0.00038,0.00167,-0.13,0.228,1.0
114,04131,企業管理細學類,碩士班,193,59,14728.0,6047.0,14535.0,5988.0,0.0131,True,0.07386,0.08276,-0.89,0.892,1.0
114,04132,流通及供應鏈細學類,碩士班,8,1,538.0,264.0,530.0,263.0,0.01487,True,0.00306,0.00302,0.0,1.013,1.0
114,04133,醫療管理細學類,碩士班,11,1,759.0,284.0,748.0,283.0,0.01449,True,0.00421,0.00426,-0.0,0.988,1.0
114,04134,公共行政細學類,碩士班,46,7,1976.0,583.0,1930.0,576.0,0.02328,True,0.0176,0.01099,0.66,1.601,1.0
114,04141,國際貿易細學類,碩士班,1,0,526.0,186.0,525.0,186.0,0.0019,True,0.00038,0.00299,-0.26,0.127,1.0
114,04143,行銷及廣告細學類,碩士班,4,1,406.0,152.0,402.0,151.0,0.00985,True,0.00153,0.00229,-0.08,0.668,1.0
114,04191,一般商業細學類,碩士班,2,0,511.0,176.0,509.0,176.0,0.00391,True,0.00077,0.0029,-0.21,0.266,1.0
114,04199,其他商業及管理細學類,碩士班,28,10,5111.0,1872.0,5083.0,1862.0,0.00548,True,0.01072,0.02894,-1.82,0.37,1.0
114,04211,一般法律細學類,碩士班,93,10,4067.0,659.0,3974.0,649.0,0.02287,True,0.03559,0.02263,1.3,1.573,1.0
114,04212,專業法律細學類,碩士班,62,3,2404.0,473.0,2342.0,470.0,0.02579,True,0.02373,0.01334,1.04,1.779,1.0
114,05111,生物學細學類,碩士班,1,2,710.0,216.0,709.0,214.0,0.00141,True,0.00038,0.00404,-0.37,0.094,1.0
114,05121,生物科技細學類,碩士班,19,2,1854.0,710.0,1835.0,708.0,0.01025,True,0.00727,0.01045,-0.32,0.696,1.0
114,05122,微生物細學類,碩士班,1,0,143.0,46.0,142.0,46.0,0.00699,True,0.00038,0.00081,-0.04,0.469,1.0
114,05123,生物化學細學類,碩士班,1,0,275.0,137.0,274.0,137.0,0.00364,True,0.00038,0.00156,-0.12,0.244,1.0
114,05124,生物訊息及遺傳細學類,碩士班,1,0,157.0,75.0,156.0,75.0,0.00637,True,0.00038,0.00089,-0.05,0.427,1.0
114,05191,營養細學類,碩士班,4,1,308.0,117.0,304.0,116.0,0.01299,True,0.00153,0.00173,-0.02,0.884,1.0
114,05199,其他生命科學細學類,碩士班,1,0,103.0,29.0,102.0,29.0,0.00971,True,0.00038,0.00058,-0.02,0.655,1.0
114,05211,環境資源細學類,碩士班,8,1,488.0,149.0,480.0,148.0,0.01639,True,0.00306,0.00273,0.03,1.121,1.0
114,05212,生態細學類,碩士班,1,0,92.0,28.0,91.0,28.0,0.01087,True,0.00038,0.00052,-0.01,0.731,1.0
114,05221,自然環境及野生動物細學類,碩士班,1,0,50.0,13.0,49.0,13.0,0.02,True,0.00038,0.00028,0.01,1.357,1.0
114,05291,環境防災細學類,碩士班,1,1,51.0,10.0,50.0,9.0,0.01961,True,0.00038,0.00028,0.01,1.357,1.0
114,05292,水土保持細學類,碩士班,2,0,139.0,61.0,137.0,61.0,0.01439,True,0.00077,0.00078,-0.0,0.987,1.0
114,05311,化學細學類,碩士班,7,0,2185.0,843.0,2178.0,843.0,0.0032,True,0.00268,0.0124,-0.97,0.216,1.0
114,05321,地球科學及環境細學類,碩士班,0,0,422.0,121.0,422.0,121.0,0.0,True,0.0,0.0024,-0.24,0.0,1.0
114,05322,大氣及太空科學細學類,碩士班,1,0,177.0,52.0,176.0,52.0,0.00565,True,0.00038,0.001,-0.06,0.38,1.0
114,05323,海洋科學細學類,碩士班,3,1,271.0,88.0,268.0,87.0,0.01107,True,0.00115,0.00153,-0.04,0.752,1.0
114,05331,物理及應用物理細學類,碩士班,4,1,1503.0,459.0,1499.0,458.0,0.00266,True,0.00153,0.00854,-0.7,0.179,1.0
114,05399,其他物理、化學及地球科學細學類,碩士班,1,0,237.0,49.0,236.0,49.0,0.00422,True,0.00038,0.00134,-0.1,0.284,1.0
114,05411,數學細學類,碩士班,5,1,1002.0,364.0,997.0,363.0,0.00499,True,0.00191,0.00568,-0.38,0.336,1.0
114,05421,統計細學類,碩士班,1,0,775.0,311.0,774.0,311.0,0.00129,True,0.00038,0.00441,-0.4,0.086,1.0
114,05499,其他數學及統計細學類,碩士班,0,0,44.0,22.0,44.0,22.0,0.0,True,0.0,0.00025,-0.02,0.0,1.0
114,06111,電腦運用細學類,碩士班,2,0,460.0,159.0,458.0,159.0,0.00435,True,0.00077,0.00261,-0.18,0.295,1.0
114,06121,資料庫、網路設計及管理細學類,碩士班,1,0,189.0,92.0,188.0,92.0,0.00529,True,0.00038,0.00107,-0.07,0.355,1.0
114,06131,資訊技術細學類,碩士班,61,18,12724.0,4432.0,12663.0,4414.0,0.00479,True,0.02334,0.0721,-4.88,0.324,1.0
114,06132,軟體開發細學類,碩士班,6,1,830.0,222.0,824.0,221.0,0.00723,True,0.0023,0.00469,-0.24,0.49,1.0
114,06133,系統設計細學類,碩士班,1,0,197.0,73.0,196.0,73.0,0.00508,True,0.00038,0.00112,-0.07,0.339,1.0
114,06134,電算機應用細學類,碩士班,6,4,865.0,267.0,859.0,263.0,0.00694,True,0.0023,0.00489,-0.26,0.47,1.0
114,06199,其他資訊通訊科技細學類,碩士班,2,0,334.0,115.0,332.0,115.0,0.00599,True,0.00077,0.00189,-0.11,0.407,1.0
114,07111,化學工程細學類,碩士班,6,3,3189.0,1402.0,3183.0,1399.0,0.00188,True,0.0023,0.01812,-1.58,0.127,1.0
114,07112,材料工程細學類,碩士班,11,2,2735.0,1095.0,2724.0,1093.0,0.00402,True,0.00421,0.01551,-1.13,0.271,1.0
114,07121,環境工程細學類,碩士班,11,0,1860.0,680.0,1849.0,680.0,0.00591,True,0.00421,0.01053,-0.63,0.4,1.0
114,07122,河海工程細學類,碩士班,1,0,341.0,150.0,340.0,150.0,0.00293,True,0.00038,0.00194,-0.16,0.196,1.0
114,07131,核子工程細學類,碩士班,1,0,52.0,22.0,51.0,22.0,0.01923,True,0.00038,0.00029,0.01,1.31,1.0
114,07132,能源工程細學類,碩士班,5,1,675.0,238.0,670.0,237.0,0.00741,True,0.00191,0.00382,-0.19,0.5,1.0
114,07141,電機與電子工程細學類,碩士班,77,16,20742.0,6789.0,20665.0,6773.0,0.00371,True,0.02947,0.11767,-8.82,0.25,1.0
114,07151,機械工程細學類,碩士班,30,6,7712.0,2838.0,7682.0,2832.0,0.00389,True,0.01148,0.04374,-3.23,0.262,1.0
114,07161,車輛工程細學類,碩士班,2,1,305.0,104.0,303.0,103.0,0.00656,True,0.00077,0.00173,-0.1,0.445,1.0
114,07162,航空工程細學類,碩士班,1,0,568.0,185.0,567.0,185.0,0.00176,True,0.00038,0.00323,-0.28,0.118,1.0
114,07163,造船工程細學類,碩士班,0,0,248.0,96.0,248.0,96.0,0.0,True,0.0,0.00141,-0.14,0.0,1.0
114,07191,工業工程細學類,碩士班,14,5,2988.0,1203.0,2974.0,1198.0,0.00469,True,0.00536,0.01693,-1.16,0.317,1.0
114,07192,紡織工程細學類,碩士班,2,0,65.0,25.0,63.0,25.0,0.03077,True,0.00077,0.00036,0.04,2.139,1.0
114,07193,生醫工程細學類,碩士班,5,2,1193.0,457.0,1188.0,455.0,0.00419,True,0.00191,0.00676,-0.48,0.283,1.0
114,07194,綜合工程細學類,碩士班,0,1,148.0,52.0,148.0,51.0,0.0,True,0.0,0.00084,-0.08,0.0,1.0
114,07199,其他工程及工程業細學類,碩士班,3,1,791.0,186.0,788.0,185.0,0.00379,True,0.00115,0.00449,-0.33,0.256,1.0
114,07211,食品科學細學類,碩士班,3,0,911.0,344.0,908.0,344.0,0.00329,True,0.00115,0.00517,-0.4,0.222,1.0
114,07241,採礦及提煉細學類,碩士班,0,0,91.0,44.0,91.0,44.0,0.0,True,0.0,0.00052,-0.05,0.0,1.0
114,07311,建築細學類,碩士班,14,3,1375.0,411.0,1361.0,408.0,0.01018,True,0.00536,0.00775,-0.24,0.692,1.0
114,07312,景觀設計細學類,碩士班,2,2,258.0,76.0,256.0,74.0,0.00775,True,0.00077,0.00146,-0.07,0.527,1.0
114,07313,都巿規劃細學類,碩士班,3,1,432.0,108.0,429.0,107.0,0.00694,True,0.00115,0.00244,-0.13,0.471,1.0
114,07321,土木工程細學類,碩士班,12,14,3150.0,1178.0,3138.0,1164.0,0.00381,True,0.00459,0.01787,-1.33,0.257,1.0
114,07322,空間資訊及測繪細學類,碩士班,0,0,66.0,21.0,66.0,21.0,0.0,True,0.0,0.00038,-0.04,0.0,1.0
114,07399,其他建築及營建工程細學類,碩士班,1,0,11.0,9.0,10.0,9.0,0.09091,True,0.00038,6e-05,0.03,6.333,1.0
114,08111,農作物生產細學類,碩士班,3,2,328.0,87.0,325.0,85.0,0.00915,True,0.00115,0.00185,-0.07,0.622,1.0
114,08112,畜牧生產細學類,碩士班,3,0,214.0,76.0,211.0,76.0,0.01402,True,0.00115,0.0012,-0.0,0.958,1.0
114,08121,園藝細學類,碩士班,0,0,205.0,73.0,205.0,73.0,0.0,True,0.0,0.00117,-0.12,0.0,1.0
114,08193,農業經濟及推廣細學類,碩士班,1,3,426.0,154.0,425.0,151.0,0.00235,True,0.00038,0.00242,-0.2,0.157,1.0
114,08194,植物保護細學類,碩士班,0,1,189.0,74.0,189.0,73.0,0.0,True,0.0,0.00108,-0.11,0.0,1.0
114,08199,其他農業細學類,碩士班,3,0,100.0,18.0,97.0,18.0,0.03,True,0.00115,0.00055,0.06,2.091,1.0
114,08211,林業細學類,碩士班,4,0,289.0,102.0,285.0,102.0,0.01384,True,0.00153,0.00162,-0.01,0.944,1.0
114,08311,漁業科學細學類,碩士班,0,1,156.0,42.0,156.0,41.0,0.0,True,0.0,0.00089,-0.09,0.0,1.0
114,08312,水產養殖細學類,碩士班,1,0,163.0,49.0,162.0,49.0,0.00613,True,0.00038,0.00092,-0.05,0.413,1.0
114,08411,獸醫細學類,碩士班,0,1,239.0,89.0,239.0,88.0,0.0,True,0.0,0.00136,-0.14,0.0,1.0
114,09111,牙醫細學類,碩士班,2,0,349.0,126.0,347.0,126.0,0.00573,True,0.00077,0.00198,-0.12,0.389,1.0
114,09121,醫學細學類,碩士班,5,6,1294.0,491.0,1289.0,485.0,0.00386,True,0.00191,0.00734,-0.54,0.26,1.0
114,09131,護理及助產細學類,碩士班,119,9,2465.0,552.0,2346.0,543.0,0.04828,True,0.04554,0.01336,3.22,3.409,1.0
114,09141,醫學技術及檢驗細學類,碩士班,7,2,651.0,261.0,644.0,259.0,0.01075,True,0.00268,0.00367,-0.1,0.73,1.0
114,09151,物理治療細學類,碩士班,2,1,211.0,64.0,209.0,63.0,0.00948,True,0.00077,0.00119,-0.04,0.647,1.0
114,09152,職能治療細學類,碩士班,0,1,111.0,49.0,111.0,48.0,0.0,True,0.0,0.00063,-0.06,0.0,1.0
114,09153,語言治療與聽力細學類,碩士班,0,0,143.0,33.0,143.0,33.0,0.0,True,0.0,0.00081,-0.08,0.0,1.0
114,09159,其他治療及復健細學類,碩士班,5,1,153.0,33.0,148.0,32.0,0.03268,True,0.00191,0.00084,0.11,2.274,1.0
114,09161,藥學細學類,碩士班,0,2,650.0,285.0,650.0,283.0,0.0,True,0.0,0.0037,-0.37,0.0,1.0
114,09171,傳統醫學、輔助醫學及治療細學類,碩士班,1,0,155.0,49.0,154.0,49.0,0.00645,True,0.00038,0.00088,-0.05,0.432,1.0
114,09191,公共衛生細學類,碩士班,10,3,1034.0,407.0,1024.0,404.0,0.00967,True,0.00383,0.00583,-0.2,0.657,1.0
114,09199,其他醫藥衛生細學類,碩士班,0,1,283.0,106.0,283.0,105.0,0.0,True,0.0,0.00161,-0.16,0.0,1.0
114,09211,老年照顧服務細學類,碩士班,42,18,1004.0,263.0,962.0,245.0,0.04183,True,0.01607,0.00548,1.06,2.932,1.0
114,09212,失能者照顧細學類,碩士班,2,0,58.0,17.0,56.0,17.0,0.03448,True,0.00077,0.00032,0.04,2.406,1.0
114,09221,兒童及青少年照顧服務細學類,碩士班,7,1,453.0,98.0,446.0,97.0,0.01545,True,0.00268,0.00254,0.01,1.055,1.0
114,09231,社會工作細學類,碩士班,97,12,1194.0,246.0,1097.0,234.0,0.08124,True,0.03712,0.00625,3.09,5.939,1.0
114,09299,其他社會福利細學類,碩士班,18,4,61.0,15.0,43.0,11.0,0.29508,True,0.00689,0.00024,0.66,28.708,1.0
114,10111,家政服務細學類,碩士班,2,0,112.0,39.0,110.0,39.0,0.01786,True,0.00077,0.00063,0.01,1.222,1.0
114,10121,美髮美容服務細學類,碩士班,6,0,258.0,71.0,252.0,71.0,0.02326,True,0.0023,0.00143,0.09,1.608,1.0
114,10131,旅館及餐飲細學類,碩士班,7,3,356.0,138.0,349.0,135.0,0.01966,True,0.00268,0.00199,0.07,1.347,1.0
114,10141,競技運動細學類,碩士班,50,6,637.0,173.0,587.0,167.0,0.07849,True,0.01914,0.00334,1.58,5.731,1.0
114,10142,運動科技細學類,碩士班,16,4,342.0,118.0,326.0,114.0,0.04678,True,0.00612,0.00186,0.43,3.29,1.0
114,10151,旅遊觀光細學類,碩士班,51,10,1055.0,341.0,1004.0,331.0,0.04834,True,0.01952,0.00572,1.38,3.413,1.0
114,10152,遊憩、運動和休閒管理細學類,碩士班,58,22,1403.0,462.0,1345.0,440.0,0.04134,True,0.0222,0.00766,1.45,2.898,1.0
114,10199,其他餐旅及民生服務細學類,碩士班,18,4,161.0,31.0,143.0,27.0,0.1118,True,0.00689,0.00081,0.61,8.506,1.0
114,10221,職業衛生及安全細學類,碩士班,7,1,197.0,84.0,190.0,83.0,0.03553,True,0.00268,0.00108,0.16,2.481,1.0
114,10321,警政細學類,碩士班,0,0,33.0,6.0,33.0,6.0,0.0,True,0.0,0.00019,-0.02,0.0,1.0
114,10411,運輸管理細學類,碩士班,2,1,480.0,148.0,478.0,147.0,0.00417,True,0.00077,0.00272,-0.2,0.283,1.0
114,10412,航運管理細學類,碩士班,1,0,248.0,126.0,247.0,126.0,0.00403,True,0.00038,0.00141,-0.1,0.27,1.0
114,10413,空運管理細學類,碩士班,1,0,23.0,4.0,22.0,4.0,0.04348,True,0.00038,0.00013,0.02,2.923,1.0
114,10414,航海細學類,碩士班,2,0,136.0,32.0,134.0,32.0,0.01471,True,0.00077,0.00076,0.0,1.013,1.0
114,99999,其他細學類,碩士班,6,2,273.0,80.0,267.0,78.0,0.02198,False,,,,,1.0
114,01111,綜合教育細學類,總計,470,83,8914.0,1825.0,8444.0,1742.0,0.05273,True,0.01782,0.00822,0.96,2.168,1.0
114,01112,成人教育細學類,總計,6,0,600.0,147.0,594.0,147.0,0.01,True,0.00023,0.00058,-0.03,0.397,1.0
114,01113,特殊教育細學類,總計,88,19,3803.0,850.0,3715.0,831.0,0.02314,True,0.00334,0.00362,-0.03,0.923,1.0
114,01114,教育行政細學類,總計,59,6,1823.0,358.0,1764.0,352.0,0.03236,True,0.00224,0.00172,0.05,1.302,1.0
114,01115,課程與教學細學類,總計,14,5,807.0,124.0,793.0,119.0,0.01735,True,0.00053,0.00077,-0.02,0.688,1.0
114,01116,教育科技細學類,總計,18,7,1423.0,351.0,1405.0,344.0,0.01265,True,0.00068,0.00137,-0.07,0.496,1.0
114,01118,技職教育細學類,總計,8,0,489.0,104.0,481.0,104.0,0.01636,True,0.0003,0.00047,-0.02,0.638,1.0
114,01121,幼兒師資教育細學類,總計,302,77,4977.0,1398.0,4675.0,1321.0,0.06068,True,0.01145,0.00455,0.69,2.516,1.0
114,01131,普通科目師資教育細學類,總計,104,16,4028.0,973.0,3924.0,957.0,0.02582,True,0.00394,0.00382,0.01,1.031,1.0
114,01141,專業科目師資教育細學類,總計,618,102,7536.0,1611.0,6918.0,1509.0,0.08201,True,0.02343,0.00674,1.67,3.476,1.0
114,01199,其他教育細學類,總計,17,4,1188.0,253.0,1171.0,249.0,0.01431,True,0.00064,0.00114,-0.05,0.561,1.0
114,02111,視覺藝術細學類,總計,149,16,6354.0,1162.0,6205.0,1146.0,0.02345,True,0.00565,0.00604,-0.04,0.935,1.0
114,02112,視覺傳達設計細學類,總計,401,67,19630.0,4597.0,19229.0,4530.0,0.02043,True,0.0152,0.01872,-0.35,0.812,1.0
114,02121,應用藝術細學類,總計,24,5,1604.0,437.0,1580.0,432.0,0.01496,True,0.00091,0.00154,-0.06,0.591,1.0
114,02122,綜合設計細學類,總計,343,57,10428.0,2654.0,10085.0,2597.0,0.03289,True,0.013,0.00982,0.32,1.324,1.0
114,02123,產品設計細學類,總計,144,24,6486.0,1739.0,6342.0,1715.0,0.0222,True,0.00546,0.00617,-0.07,0.885,1.0
114,02124,空間設計細學類,總計,75,16,4278.0,1017.0,4203.0,1001.0,0.01753,True,0.00284,0.00409,-0.12,0.694,1.0
114,02125,時尚設計與管理細學類,總計,63,10,3247.0,718.0,3184.0,708.0,0.0194,True,0.00239,0.0031,-0.07,0.771,1.0
114,02131,純藝術細學類,總計,99,7,6622.0,1357.0,6523.0,1350.0,0.01495,True,0.00375,0.00635,-0.26,0.591,1.0
114,02132,雕塑細學類,總計,4,1,198.0,45.0,194.0,44.0,0.0202,True,0.00015,0.00019,-0.0,0.789,1.0
114,02141,美術工藝細學類,總計,127,18,839.0,198.0,712.0,180.0,0.15137,True,0.00481,0.00069,0.41,6.971,1.0
114,02151,音樂細學類,總計,351,52,8299.0,1764.0,7948.0,1712.0,0.04229,True,0.01331,0.00774,0.56,1.72,1.0
114,02152,表演藝術細學類,總計,402,56,6207.0,1251.0,5805.0,1195.0,0.06477,True,0.01524,0.00565,0.96,2.697,1.0
114,02191,綜合藝術細學類,總計,58,4,1930.0,361.0,1872.0,357.0,0.03005,True,0.0022,0.00182,0.04,1.209,1.0
114,02192,藝術行政細學類,總計,28,0,851.0,160.0,823.0,160.0,0.0329,True,0.00106,0.0008,0.03,1.325,1.0
114,02199,其他藝術細學類,總計,74,15,1039.0,297.0,965.0,282.0,0.07122,True,0.00281,0.00094,0.19,2.989,1.0
114,02211,宗教細學類,總計,54,11,1342.0,230.0,1288.0,219.0,0.04024,True,0.00205,0.00125,0.08,1.64,1.0
114,02221,歷史細學類,總計,114,14,4894.0,1064.0,4780.0,1050.0,0.02329,True,0.00432,0.00465,-0.03,0.929,1.0
114,02222,人類學及民族學細學類,總計,148,24,791.0,142.0,643.0,118.0,0.1871,True,0.00561,0.00063,0.5,8.905,1.0
114,02231,哲學細學類,總計,24,1,2140.0,408.0,2116.0,407.0,0.01121,True,0.00091,0.00206,-0.12,0.442,1.0
114,02299,其他人文細學類,總計,242,50,3863.0,858.0,3621.0,808.0,0.06265,True,0.00917,0.00353,0.56,2.598,1.0
114,02311,外國語文細學類,總計,864,168,43930.0,10773.0,43066.0,10605.0,0.01967,True,0.03276,0.04193,-0.92,0.781,1.0
114,02312,翻譯細學類,總計,9,2,625.0,164.0,616.0,162.0,0.0144,True,0.00034,0.0006,-0.03,0.567,1.0
114,02313,華語文為第二語言細學類,總計,7,1,1046.0,173.0,1039.0,172.0,0.00669,True,0.00027,0.00101,-0.07,0.267,1.0
114,02321,臺灣語文細學類,總計,282,40,1925.0,367.0,1643.0,327.0,0.14649,True,0.01069,0.0016,0.91,6.681,1.0
114,02322,中國語文細學類,總計,176,25,10984.0,2474.0,10808.0,2449.0,0.01602,True,0.00667,0.01052,-0.38,0.634,1.0
114,02323,華語文細學類,總計,33,6,2276.0,520.0,2243.0,514.0,0.0145,True,0.00125,0.00218,-0.09,0.573,1.0
114,02399,其他語文細學類,總計,15,1,565.0,74.0,550.0,73.0,0.02655,True,0.00057,0.00054,0.0,1.056,1.0
114,03111,經濟學細學類,總計,94,22,9844.0,2590.0,9750.0,2568.0,0.00955,True,0.00356,0.00949,-0.59,0.375,1.0
114,03121,政治學細學類,總計,68,13,3731.0,854.0,3663.0,841.0,0.01823,True,0.00258,0.00357,-0.1,0.723,1.0
114,03122,國際關係細學類,總計,19,3,1706.0,479.0,1687.0,476.0,0.01114,True,0.00072,0.00164,-0.09,0.439,1.0
114,03131,心理學細學類,總計,282,50,11242.0,2569.0,10960.0,2519.0,0.02508,True,0.01069,0.01067,0.0,1.002,1.0
114,03141,社會學細學類,總計,372,82,4642.0,1051.0,4270.0,969.0,0.08014,True,0.0141,0.00416,0.99,3.389,1.0
114,03142,地理學細學類,總計,36,7,1351.0,318.0,1315.0,311.0,0.02665,True,0.00136,0.00128,0.01,1.062,1.0
114,03143,區域研究細學類,總計,83,14,2622.0,597.0,2539.0,583.0,0.03166,True,0.00315,0.00247,0.07,1.275,1.0
114,03191,發展研究細學類,總計,108,26,1750.0,361.0,1642.0,335.0,0.06171,True,0.00409,0.0016,0.25,2.556,1.0
114,03199,其他社會及行為科學細學類,總計,73,55,1577.0,414.0,1504.0,359.0,0.04629,True,0.00277,0.00146,0.13,1.897,1.0
114,03211,大眾傳播細學類,總計,248,139,5546.0,1566.0,5298.0,1427.0,0.04472,True,0.0094,0.00516,0.42,1.822,1.0
114,03212,新聞細學類,總計,57,5,1377.0,380.0,1320.0,375.0,0.04139,True,0.00216,0.00129,0.09,1.674,1.0
114,03213,電子媒體細學類,總計,48,5,1829.0,455.0,1781.0,450.0,0.02624,True,0.00182,0.00173,0.01,1.052,1.0
114,03214,傳播細學類,總計,59,15,3115.0,868.0,3056.0,853.0,0.01894,True,0.00224,0.00298,-0.07,0.752,1.0
114,03222,圖書資訊檔案細學類,總計,12,0,1339.0,301.0,1327.0,301.0,0.00896,True,0.00045,0.00129,-0.08,0.349,1.0
114,04111,會計及稅務細學類,總計,158,25,15120.0,4152.0,14962.0,4127.0,0.01045,True,0.00599,0.01457,-0.86,0.411,1.0
114,04121,財務金融細學類,總計,442,46,27508.0,7310.0,27066.0,7264.0,0.01607,True,0.01676,0.02635,-0.96,0.636,1.0
114,04122,財政細學類,總計,55,10,3180.0,809.0,3125.0,799.0,0.0173,True,0.00209,0.00304,-0.1,0.687,1.0
114,04123,保險及風險管理細學類,總計,47,7,3628.0,963.0,3581.0,956.0,0.01295,True,0.00178,0.00349,-0.17,0.51,1.0
114,04131,企業管理細學類,總計,1165,320,59481.0,17965.0,58316.0,17645.0,0.01959,True,0.04417,0.05678,-1.26,0.778,1.0
114,04132,流通及供應鏈細學類,總計,189,42,9619.0,2339.0,9430.0,2297.0,0.01965,True,0.00717,0.00918,-0.2,0.781,1.0
114,04133,醫療管理細學類,總計,114,31,4770.0,1373.0,4656.0,1342.0,0.0239,True,0.00432,0.00453,-0.02,0.954,1.0
114,04134,公共行政細學類,總計,217,95,6686.0,1823.0,6469.0,1728.0,0.03246,True,0.00823,0.0063,0.19,1.306,1.0
114,04141,國際貿易細學類,總計,107,22,9428.0,2475.0,9321.0,2453.0,0.01135,True,0.00406,0.00908,-0.5,0.447,1.0
114,04143,行銷及廣告細學類,總計,252,64,9385.0,2476.0,9133.0,2412.0,0.02685,True,0.00955,0.00889,0.07,1.074,1.0
114,04191,一般商業細學類,總計,205,76,3392.0,810.0,3187.0,734.0,0.06044,True,0.00777,0.0031,0.47,2.506,1.0
114,04199,其他商業及管理細學類,總計,243,73,14600.0,4255.0,14357.0,4182.0,0.01664,True,0.00921,0.01398,-0.48,0.659,1.0
114,04211,一般法律細學類,總計,451,73,12925.0,2681.0,12474.0,2608.0,0.03489,True,0.0171,0.01215,0.5,1.407,1.0
114,04212,專業法律細學類,總計,144,15,6375.0,1399.0,6231.0,1384.0,0.02259,True,0.00546,0.00607,-0.06,0.9,1.0
114,05111,生物學細學類,總計,40,9,4695.0,1044.0,4655.0,1035.0,0.00852,True,0.00152,0.00453,-0.3,0.336,1.0
114,05121,生物科技細學類,總計,106,13,8919.0,2236.0,8813.0,2223.0,0.01188,True,0.00402,0.00858,-0.46,0.469,1.0
114,05122,微生物細學類,總計,5,0,374.0,95.0,369.0,95.0,0.01337,True,0.00019,0.00036,-0.02,0.528,1.0
114,05123,生物化學細學類,總計,2,0,736.0,235.0,734.0,235.0,0.00272,True,8e-05,0.00071,-0.06,0.113,1.0
114,05124,生物訊息及遺傳細學類,總計,1,0,254.0,85.0,253.0,85.0,0.00394,True,4e-05,0.00025,-0.02,0.16,1.0
114,05191,營養細學類,總計,102,27,6058.0,1593.0,5956.0,1566.0,0.01684,True,0.00387,0.0058,-0.19,0.667,1.0
114,05199,其他生命科學細學類,總計,4,0,542.0,103.0,538.0,103.0,0.00738,True,0.00015,0.00052,-0.04,0.288,1.0
114,05211,環境資源細學類,總計,14,4,1471.0,334.0,1457.0,330.0,0.00952,True,0.00053,0.00142,-0.09,0.373,1.0
114,05212,生態細學類,總計,7,5,412.0,110.0,405.0,105.0,0.01699,True,0.00027,0.00039,-0.01,0.692,1.0
114,05221,自然環境及野生動物細學類,總計,1,0,50.0,13.0,49.0,13.0,0.02,True,4e-05,5e-05,-0.0,0.8,1.0
114,05291,環境防災細學類,總計,1,1,51.0,10.0,50.0,9.0,0.01961,True,4e-05,5e-05,-0.0,0.8,1.0
114,05292,水土保持細學類,總計,5,2,583.0,157.0,578.0,155.0,0.00858,True,0.00019,0.00056,-0.04,0.339,1.0
114,05311,化學細學類,總計,61,1,9318.0,2428.0,9257.0,2427.0,0.00655,True,0.00231,0.00901,-0.67,0.256,1.0
114,05321,地球科學及環境細學類,總計,7,0,1523.0,349.0,1516.0,349.0,0.0046,True,0.00027,0.00148,-0.12,0.182,1.0
114,05322,大氣及太空科學細學類,總計,5,2,841.0,182.0,836.0,180.0,0.00595,True,0.00019,0.00081,-0.06,0.235,1.0
114,05323,海洋科學細學類,總計,5,1,711.0,180.0,706.0,179.0,0.00703,True,0.00019,0.00069,-0.05,0.275,1.0
114,05331,物理及應用物理細學類,總計,46,1,7435.0,1718.0,7389.0,1717.0,0.00619,True,0.00174,0.00719,-0.55,0.242,1.0
114,05399,其他物理、化學及地球科學細學類,總計,11,0,1392.0,324.0,1381.0,324.0,0.0079,True,0.00042,0.00134,-0.09,0.313,1.0
114,05411,數學細學類,總計,39,8,7378.0,1650.0,7339.0,1642.0,0.00529,True,0.00148,0.00715,-0.57,0.207,1.0
114,05421,統計細學類,總計,20,3,3714.0,953.0,3694.0,950.0,0.00539,True,0.00076,0.0036,-0.28,0.211,1.0
114,05499,其他數學及統計細學類,總計,5,0,911.0,212.0,906.0,212.0,0.00549,True,0.00019,0.00088,-0.07,0.216,1.0
114,06111,電腦運用細學類,總計,32,2,2793.0,642.0,2761.0,640.0,0.01146,True,0.00121,0.00269,-0.15,0.45,1.0
114,06121,資料庫、網路設計及管理細學類,總計,8,4,1111.0,359.0,1103.0,355.0,0.0072,True,0.0003,0.00107,-0.08,0.28,1.0
114,06131,資訊技術細學類,總計,679,122,66068.0,16261.0,65389.0,16139.0,0.01028,True,0.02574,0.06367,-3.79,0.404,1.0
114,06132,軟體開發細學類,總計,65,6,5840.0,1159.0,5775.0,1153.0,0.01113,True,0.00246,0.00562,-0.32,0.438,1.0
114,06133,系統設計細學類,總計,29,5,2170.0,498.0,2141.0,493.0,0.01336,True,0.0011,0.00208,-0.1,0.529,1.0
114,06134,電算機應用細學類,總計,31,10,4300.0,1026.0,4269.0,1016.0,0.00721,True,0.00118,0.00416,-0.3,0.284,1.0
114,06199,其他資訊通訊科技細學類,總計,45,2,2371.0,361.0,2326.0,359.0,0.01898,True,0.00171,0.00226,-0.05,0.757,1.0
114,07111,化學工程細學類,總計,70,9,14179.0,3810.0,14109.0,3801.0,0.00494,True,0.00265,0.01374,-1.11,0.193,1.0
114,07112,材料工程細學類,總計,49,9,9831.0,2598.0,9782.0,2589.0,0.00498,True,0.00186,0.00952,-0.77,0.195,1.0
114,07121,環境工程細學類,總計,99,17,8834.0,2230.0,8735.0,2213.0,0.01121,True,0.00375,0.0085,-0.48,0.441,1.0
114,07122,河海工程細學類,總計,17,1,1851.0,498.0,1834.0,497.0,0.00918,True,0.00064,0.00179,-0.12,0.358,1.0
114,07131,核子工程細學類,總計,1,0,74.0,23.0,73.0,23.0,0.01351,True,4e-05,7e-05,-0.0,0.571,1.0
114,07132,能源工程細學類,總計,38,4,3148.0,653.0,3110.0,649.0,0.01207,True,0.00144,0.00303,-0.16,0.475,1.0
114,07141,電機與電子工程細學類,總計,783,131,86850.0,20670.0,86067.0,20539.0,0.00902,True,0.02968,0.0838,-5.41,0.354,1.0
114,07151,機械工程細學類,總計,498,93,44366.0,10790.0,43868.0,10697.0,0.01122,True,0.01888,0.04271,-2.38,0.442,1.0
114,07161,車輛工程細學類,總計,92,18,3944.0,833.0,3852.0,815.0,0.02333,True,0.00349,0.00375,-0.03,0.931,1.0
114,07162,航空工程細學類,總計,67,10,4144.0,964.0,4077.0,954.0,0.01617,True,0.00254,0.00397,-0.14,0.64,1.0
114,07163,造船工程細學類,總計,32,2,2053.0,484.0,2021.0,482.0,0.01559,True,0.00121,0.00197,-0.08,0.614,1.0
114,07191,工業工程細學類,總計,142,44,13550.0,3752.0,13408.0,3708.0,0.01048,True,0.00538,0.01305,-0.77,0.412,1.0
114,07192,紡織工程細學類,總計,7,0,612.0,168.0,605.0,168.0,0.01144,True,0.00027,0.00059,-0.03,0.458,1.0
114,07193,生醫工程細學類,總計,34,3,4535.0,1065.0,4501.0,1062.0,0.0075,True,0.00129,0.00438,-0.31,0.295,1.0
114,07194,綜合工程細學類,總計,7,1,1353.0,191.0,1346.0,190.0,0.00517,True,0.00027,0.00131,-0.1,0.206,1.0
114,07199,其他工程及工程業細學類,總計,15,5,2620.0,608.0,2605.0,603.0,0.00573,True,0.00057,0.00254,-0.2,0.224,1.0
114,07211,食品科學細學類,總計,96,15,6879.0,1796.0,6783.0,1781.0,0.01396,True,0.00364,0.0066,-0.3,0.552,1.0
114,07241,採礦及提煉細學類,總計,3,0,309.0,94.0,306.0,94.0,0.00971,True,0.00011,0.0003,-0.02,0.367,1.0
114,07311,建築細學類,總計,131,18,8023.0,1738.0,7892.0,1720.0,0.01633,True,0.00497,0.00768,-0.27,0.647,1.0
114,07312,景觀設計細學類,總計,32,6,1915.0,450.0,1883.0,444.0,0.01671,True,0.00121,0.00183,-0.06,0.661,1.0
114,07313,都巿規劃細學類,總計,16,5,1616.0,394.0,1600.0,389.0,0.0099,True,0.00061,0.00156,-0.1,0.391,1.0
114,07321,土木工程細學類,總計,287,73,15980.0,4077.0,15693.0,4004.0,0.01796,True,0.01088,0.01528,-0.44,0.712,1.0
114,07322,空間資訊及測繪細學類,總計,12,2,404.0,82.0,392.0,80.0,0.0297,True,0.00045,0.00038,0.01,1.184,1.0
114,07399,其他建築及營建工程細學類,總計,29,7,197.0,73.0,168.0,66.0,0.14721,True,0.0011,0.00016,0.09,6.875,1.0
114,08111,農作物生產細學類,總計,31,6,1714.0,358.0,1683.0,352.0,0.01809,True,0.00118,0.00164,-0.05,0.72,1.0
114,08112,畜牧生產細學類,總計,43,7,2060.0,541.0,2017.0,534.0,0.02087,True,0.00163,0.00196,-0.03,0.832,1.0
114,08121,園藝細學類,總計,32,7,1370.0,388.0,1338.0,381.0,0.02336,True,0.00121,0.0013,-0.01,0.931,1.0
114,08193,農業經濟及推廣細學類,總計,25,11,1516.0,392.0,1491.0,381.0,0.01649,True,0.00095,0.00145,-0.05,0.655,1.0
114,08194,植物保護細學類,總計,12,1,871.0,207.0,859.0,206.0,0.01378,True,0.00045,0.00084,-0.04,0.536,1.0
114,08199,其他農業細學類,總計,113,17,1684.0,316.0,1571.0,299.0,0.0671,True,0.00428,0.00153,0.27,2.797,1.0
114,08211,林業細學類,總計,49,9,2068.0,505.0,2019.0,496.0,0.02369,True,0.00186,0.00197,-0.01,0.944,1.0
114,08311,漁業科學細學類,總計,7,1,668.0,137.0,661.0,136.0,0.01048,True,0.00027,0.00064,-0.04,0.422,1.0
114,08312,水產養殖細學類,總計,11,3,1579.0,339.0,1568.0,336.0,0.00697,True,0.00042,0.00153,-0.11,0.275,1.0
114,08411,獸醫細學類,總計,26,5,2128.0,425.0,2102.0,420.0,0.01222,True,0.00099,0.00205,-0.11,0.483,1.0
114,09111,牙醫細學類,總計,168,23,5702.0,1119.0,5534.0,1096.0,0.02946,True,0.00637,0.00539,0.1,1.182,1.0
114,09121,醫學細學類,總計,182,37,13081.0,2390.0,12899.0,2353.0,0.01391,True,0.0069,0.01256,-0.57,0.549,1.0
114,09131,護理及助產細學類,總計,2767,607,49368.0,13514.0,46601.0,12907.0,0.05605,True,0.1049,0.04537,5.95,2.312,1.0
114,09141,醫學技術及檢驗細學類,總計,332,57,12977.0,3015.0,12645.0,2958.0,0.02558,True,0.01259,0.01231,0.03,1.023,1.0
114,09151,物理治療細學類,總計,231,25,4859.0,1053.0,4628.0,1028.0,0.04754,True,0.00876,0.00451,0.43,1.942,1.0
114,09152,職能治療細學類,總計,76,15,2538.0,509.0,2462.0,494.0,0.02994,True,0.00288,0.0024,0.05,1.2,1.0
114,09153,語言治療與聽力細學類,總計,24,3,1535.0,335.0,1511.0,332.0,0.01564,True,0.00091,0.00147,-0.06,0.619,1.0
114,09159,其他治療及復健細學類,總計,58,6,1874.0,361.0,1816.0,355.0,0.03095,True,0.0022,0.00177,0.04,1.243,1.0
114,09161,藥學細學類,總計,193,9,8104.0,1771.0,7911.0,1762.0,0.02382,True,0.00732,0.0077,-0.04,0.951,1.0
114,09171,傳統醫學、輔助醫學及治療細學類,總計,6,2,858.0,187.0,852.0,185.0,0.00699,True,0.00023,0.00083,-0.06,0.277,1.0
114,09191,公共衛生細學類,總計,83,10,3543.0,976.0,3460.0,966.0,0.02343,True,0.00315,0.00337,-0.02,0.935,1.0
114,09199,其他醫藥衛生細學類,總計,11,2,1702.0,370.0,1691.0,368.0,0.00646,True,0.00042,0.00165,-0.12,0.255,1.0
114,09211,老年照顧服務細學類,總計,649,109,8750.0,2246.0,8101.0,2137.0,0.07417,True,0.0246,0.00789,1.67,3.118,1.0
114,09212,失能者照顧細學類,總計,2,0,58.0,17.0,56.0,17.0,0.03448,True,8e-05,5e-05,0.0,1.6,1.0
114,09221,兒童及青少年照顧服務細學類,總計,672,129,11201.0,3114.0,10529.0,2985.0,0.05999,True,0.02548,0.01025,1.52,2.486,1.0
114,09231,社會工作細學類,總計,1113,301,10133.0,2918.0,9020.0,2617.0,0.10984,True,0.0422,0.00878,3.34,4.806,1.0
114,09299,其他社會福利細學類,總計,47,4,456.0,69.0,409.0,65.0,0.10307,True,0.00178,0.0004,0.14,4.45,1.0
114,10111,家政服務細學類,總計,11,1,459.0,145.0,448.0,144.0,0.02397,True,0.00042,0.00044,-0.0,0.955,1.0
114,10121,美髮美容服務細學類,總計,452,74,11140.0,2548.0,10688.0,2474.0,0.04057,True,0.01714,0.01041,0.67,1.646,1.0
114,10131,旅館及餐飲細學類,總計,715,139,29888.0,6242.0,29173.0,6103.0,0.02392,True,0.02711,0.0284,-0.13,0.955,1.0
114,10141,競技運動細學類,總計,1003,139,5700.0,1149.0,4697.0,1010.0,0.17596,True,0.03803,0.00457,3.35,8.322,1.0
114,10142,運動科技細學類,總計,107,9,1734.0,383.0,1627.0,374.0,0.06171,True,0.00406,0.00158,0.25,2.57,1.0
114,10151,旅遊觀光細學類,總計,578,112,20106.0,4328.0,19528.0,4216.0,0.02875,True,0.02191,0.01901,0.29,1.153,1.0
114,10152,遊憩、運動和休閒管理細學類,總計,956,242,14321.0,3601.0,13365.0,3359.0,0.06676,True,0.03624,0.01301,2.32,2.786,1.0
114,10199,其他餐旅及民生服務細學類,總計,97,44,2658.0,482.0,2561.0,438.0,0.03649,True,0.00368,0.00249,0.12,1.478,1.0
114,10221,職業衛生及安全細學類,總計,34,4,1778.0,492.0,1744.0,488.0,0.01912,True,0.00129,0.0017,-0.04,0.759,1.0
114,10321,警政細學類,總計,8,2,465.0,171.0,457.0,169.0,0.0172,True,0.0003,0.00044,-0.01,0.682,1.0
114,10411,運輸管理細學類,總計,19,2,2231.0,536.0,2212.0,534.0,0.00852,True,0.00072,0.00215,-0.14,0.335,1.0
114,10412,航運管理細學類,總計,37,5,1996.0,501.0,1959.0,496.0,0.01854,True,0.0014,0.00191,-0.05,0.733,1.0
114,10413,空運管理細學類,總計,42,1,1660.0,300.0,1618.0,299.0,0.0253,True,0.00159,0.00158,0.0,1.006,1.0
114,10414,航海細學類,總計,60,8,1880.0,572.0,1820.0,564.0,0.03191,True,0.00227,0.00177,0.05,1.282,1.0
114,99999,其他細學類,總計,970,3,2293.0,216.0,1323.0,213.0,0.42303,False,,,,,1.0
