學年度,代碼,名稱,等級別,原民在學數,原民畢業數,全體在學數,全體畢業數,一般生在學數,一般生畢業數,原民佔比,可比,原民結構占比,一般生結構占比,結構差距_百分點,相對倍數,分母完整度
106,011,教育學門,二專,0,0,,,,,,True,0.0,,,,1.0
106,021,藝術學門,二專,22,24,73.0,54.0,51.0,30.0,0.30137,True,0.01986,0.0103,0.96,1.928,1.0
106,022,人文學門,二專,14,2,,,,,,True,0.01264,,,,1.0
106,023,語文學門,二專,14,1,41.0,0.0,27.0,-1.0,0.34146,True,0.01264,0.00545,0.72,2.319,1.0
106,031,社會及行為科學學門,二專,0,0,,,,,,True,0.0,,,,1.0
106,032,新聞學及圖書資訊學門,二專,0,0,,,,,,True,0.0,,,,1.0
106,041,商業及管理學門,二專,386,136,921.0,608.0,535.0,472.0,0.41911,True,0.34838,0.10808,24.03,3.223,1.0
106,042,法律學門,二專,0,0,,,,,,True,0.0,,,,1.0
106,051,生命科學學門,二專,2,1,15.0,0.0,13.0,-1.0,0.13333,True,0.00181,0.00263,-0.08,0.688,1.0
106,052,環境學門,二專,0,0,,,,,,True,0.0,,,,1.0
106,053,物理、化學及地球科學學門,二專,0,0,,,,,,True,0.0,,,,1.0
106,054,數學及統計學門,二專,0,0,,,,,,True,0.0,,,,1.0
106,061,資訊通訊科技學門,二專,63,11,456.0,286.0,393.0,275.0,0.13816,True,0.05686,0.07939,-2.25,0.716,1.0
106,071,工程及工程業學門,二專,83,39,579.0,362.0,496.0,323.0,0.14335,True,0.07491,0.1002,-2.53,0.748,1.0
106,072,製造及加工學門,二專,6,4,27.0,13.0,21.0,9.0,0.22222,True,0.00542,0.00424,0.12,1.278,1.0
106,073,建築及營建工程學門,二專,18,3,173.0,72.0,155.0,69.0,0.10405,True,0.01625,0.03131,-1.51,0.519,1.0
106,081,農業學門,二專,19,6,137.0,65.0,118.0,59.0,0.13869,True,0.01715,0.02384,-0.67,0.719,1.0
106,082,林業學門,二專,0,0,,,,,,True,0.0,,,,1.0
106,083,漁業學門,二專,0,0,,,,,,True,0.0,,,,1.0
106,084,獸醫學門,二專,0,0,,,,,,True,0.0,,,,1.0
106,091,醫藥衛生學門,二專,38,10,1321.0,495.0,1283.0,485.0,0.02877,True,0.0343,0.25919,-22.49,0.132,1.0
106,092,社會福利學門,二專,190,52,881.0,623.0,691.0,571.0,0.21566,True,0.17148,0.1396,3.19,1.228,1.0
106,101,餐旅及民生服務學門,二專,249,94,1332.0,637.0,1083.0,543.0,0.18694,True,0.22473,0.21879,0.59,1.027,1.0
106,102,衛生及職業衛生服務學門,二專,0,0,,,,,,True,0.0,,,,1.0
106,103,安全服務學門,二專,0,0,,,,,,True,0.0,,,,1.0
106,104,運輸服務學門,二專,4,2,88.0,36.0,84.0,34.0,0.04545,True,0.00361,0.01697,-1.34,0.213,1.0
106,999,其他學門,二專,0,0,17.0,0.0,17.0,0.0,0.0,False,,,,,1.0
106,011,教育學門,五專,0,0,,,,,,True,0.0,,,,1.0
106,021,藝術學門,五專,105,16,4397.0,465.0,4292.0,449.0,0.02388,True,0.02461,0.05331,-2.87,0.462,1.0
106,022,人文學門,五專,0,0,,,,,,True,0.0,,,,1.0
106,023,語文學門,五專,163,24,5867.0,1032.0,5704.0,1008.0,0.02778,True,0.03821,0.07085,-3.26,0.539,1.0
106,031,社會及行為科學學門,五專,0,0,,,,,,True,0.0,,,,1.0
106,032,新聞學及圖書資訊學門,五專,0,0,,,,,,True,0.0,,,,1.0
106,041,商業及管理學門,五專,102,8,5886.0,1075.0,5784.0,1067.0,0.01733,True,0.02391,0.07184,-4.79,0.333,1.0
106,042,法律學門,五專,0,0,,,,,,True,0.0,,,,1.0
106,051,生命科學學門,五專,8,1,723.0,59.0,715.0,58.0,0.01107,True,0.00188,0.00888,-0.7,0.212,1.0
106,052,環境學門,五專,0,0,,,,,,True,0.0,,,,1.0
106,053,物理、化學及地球科學學門,五專,0,0,,,,,,True,0.0,,,,1.0
106,054,數學及統計學門,五專,0,0,,,,,,True,0.0,,,,1.0
106,061,資訊通訊科技學門,五專,33,7,2479.0,488.0,2446.0,481.0,0.01331,True,0.00774,0.03038,-2.26,0.255,1.0
106,071,工程及工程業學門,五專,87,3,3552.0,573.0,3465.0,570.0,0.02449,True,0.02039,0.04304,-2.27,0.474,1.0
106,072,製造及加工學門,五專,38,2,154.0,22.0,116.0,20.0,0.24675,True,0.00891,0.00144,0.75,6.187,1.0
106,073,建築及營建工程學門,五專,10,2,420.0,67.0,410.0,65.0,0.02381,True,0.00234,0.00509,-0.27,0.46,1.0
106,081,農業學門,五專,14,0,86.0,11.0,72.0,11.0,0.16279,True,0.00328,0.00089,0.24,3.685,1.0
106,082,林業學門,五專,0,0,,,,,,True,0.0,,,,1.0
106,083,漁業學門,五專,0,0,,,,,,True,0.0,,,,1.0
106,084,獸醫學門,五專,0,0,,,,,,True,0.0,,,,1.0
106,091,醫藥衛生學門,五專,2689,438,42868.0,7538.0,40179.0,7100.0,0.06273,True,0.63033,0.49905,13.13,1.263,1.0
106,092,社會福利學門,五專,402,46,4156.0,544.0,3754.0,498.0,0.09673,True,0.09423,0.04663,4.76,2.021,1.0
106,101,餐旅及民生服務學門,五專,602,65,13737.0,2221.0,13135.0,2156.0,0.04382,True,0.14112,0.16315,-2.2,0.865,1.0
106,102,衛生及職業衛生服務學門,五專,0,0,,,,,,True,0.0,,,,1.0
106,103,安全服務學門,五專,0,0,,,,,,True,0.0,,,,1.0
106,104,運輸服務學門,五專,13,0,452.0,57.0,439.0,57.0,0.02876,True,0.00305,0.00545,-0.24,0.56,1.0
106,999,其他學門,五專,0,0,,,,,,False,,,,,1.0
106,011,教育學門,博士班,45,1,2713.0,278.0,2668.0,277.0,0.01659,True,0.32609,0.09478,23.13,3.44,1.0
106,021,藝術學門,博士班,5,0,998.0,91.0,993.0,91.0,0.00501,True,0.03623,0.03528,0.09,1.027,1.0
106,022,人文學門,博士班,14,0,799.0,94.0,785.0,94.0,0.01752,True,0.10145,0.02789,7.36,3.638,1.0
106,023,語文學門,博士班,18,1,1481.0,199.0,1463.0,198.0,0.01215,True,0.13043,0.05197,7.85,2.51,1.0
106,031,社會及行為科學學門,博士班,7,0,1487.0,132.0,1480.0,132.0,0.00471,True,0.05072,0.05258,-0.19,0.965,1.0
106,032,新聞學及圖書資訊學門,博士班,3,0,126.0,10.0,123.0,10.0,0.02381,True,0.02174,0.00437,1.74,4.975,1.0
106,041,商業及管理學門,博士班,11,0,2992.0,304.0,2981.0,304.0,0.00368,True,0.07971,0.1059,-2.62,0.753,1.0
106,042,法律學門,博士班,1,0,394.0,13.0,393.0,13.0,0.00254,True,0.00725,0.01396,-0.67,0.519,1.0
106,051,生命科學學門,博士班,5,0,1671.0,277.0,1666.0,277.0,0.00299,True,0.03623,0.05918,-2.3,0.612,1.0
106,052,環境學門,博士班,1,0,104.0,13.0,103.0,13.0,0.00962,True,0.00725,0.00366,0.36,1.981,1.0
106,053,物理、化學及地球科學學門,博士班,1,1,1724.0,287.0,1723.0,286.0,0.00058,True,0.00725,0.06121,-5.4,0.118,1.0
106,054,數學及統計學門,博士班,0,0,210.0,26.0,210.0,26.0,0.0,True,0.0,0.00746,-0.75,0.0,1.0
106,061,資訊通訊科技學門,博士班,2,0,1198.0,151.0,1196.0,151.0,0.00167,True,0.01449,0.04249,-2.8,0.341,1.0
106,071,工程及工程業學門,博士班,9,0,7010.0,979.0,7001.0,979.0,0.00128,True,0.06522,0.2487,-18.35,0.262,1.0
106,072,製造及加工學門,博士班,1,0,192.0,27.0,191.0,27.0,0.00521,True,0.00725,0.00679,0.05,1.068,1.0
106,073,建築及營建工程學門,博士班,2,1,896.0,103.0,894.0,102.0,0.00223,True,0.01449,0.03176,-1.73,0.456,1.0
106,081,農業學門,博士班,3,0,381.0,42.0,378.0,42.0,0.00787,True,0.02174,0.01343,0.83,1.619,1.0
106,082,林業學門,博士班,1,0,49.0,10.0,48.0,10.0,0.02041,True,0.00725,0.00171,0.55,4.24,1.0
106,083,漁業學門,博士班,0,0,74.0,3.0,74.0,3.0,0.0,True,0.0,0.00263,-0.26,0.0,1.0
106,084,獸醫學門,博士班,0,0,107.0,13.0,107.0,13.0,0.0,True,0.0,0.0038,-0.38,0.0,1.0
106,091,醫藥衛生學門,博士班,6,0,3272.0,413.0,3266.0,413.0,0.00183,True,0.04348,0.11602,-7.25,0.375,1.0
106,092,社會福利學門,博士班,1,0,148.0,14.0,147.0,14.0,0.00676,True,0.00725,0.00522,0.2,1.389,1.0
106,101,餐旅及民生服務學門,博士班,2,0,193.0,20.0,191.0,20.0,0.01036,True,0.01449,0.00679,0.77,2.134,1.0
106,102,衛生及職業衛生服務學門,博士班,0,0,,,,,,True,0.0,,,,1.0
106,103,安全服務學門,博士班,0,0,,,,,,True,0.0,,,,1.0
106,104,運輸服務學門,博士班,0,0,69.0,13.0,69.0,13.0,0.0,True,0.0,0.00245,-0.24,0.0,1.0
106,999,其他學門,博士班,0,0,58.0,0.0,58.0,0.0,0.0,False,,,,,1.0
106,011,教育學門,學士班,724,130,20132.0,4490.0,19408.0,4360.0,0.03596,True,0.03716,0.0201,1.71,1.849,1.0
106,021,藝術學門,學士班,1987,301,88731.0,18404.0,86744.0,18103.0,0.02239,True,0.10198,0.08985,1.21,1.135,1.0
106,022,人文學門,學士班,486,108,11217.0,2344.0,10731.0,2236.0,0.04333,True,0.02494,0.01112,1.38,2.243,1.0
106,023,語文學門,學士班,1198,247,75913.0,17180.0,74715.0,16933.0,0.01578,True,0.06148,0.07739,-1.59,0.794,1.0
106,031,社會及行為科學學門,學士班,668,119,28137.0,6343.0,27469.0,6224.0,0.02374,True,0.03428,0.02845,0.58,1.205,1.0
106,032,新聞學及圖書資訊學門,學士班,413,86,17019.0,3791.0,16606.0,3705.0,0.02427,True,0.0212,0.0172,0.4,1.233,1.0
106,041,商業及管理學門,學士班,3047,693,179221.0,44307.0,176174.0,43614.0,0.017,True,0.15638,0.18248,-2.61,0.857,1.0
106,042,法律學門,學士班,265,47,13585.0,3115.0,13320.0,3068.0,0.01951,True,0.0136,0.0138,-0.02,0.986,1.0
106,051,生命科學學門,學士班,184,35,20299.0,5002.0,20115.0,4967.0,0.00906,True,0.00944,0.02083,-1.14,0.453,1.0
106,052,環境學門,學士班,29,7,2344.0,576.0,2315.0,569.0,0.01237,True,0.00149,0.0024,-0.09,0.621,1.0
106,053,物理、化學及地球科學學門,學士班,63,9,14903.0,3297.0,14840.0,3288.0,0.00423,True,0.00323,0.01537,-1.21,0.21,1.0
106,054,數學及統計學門,學士班,47,7,11435.0,2489.0,11388.0,2482.0,0.00411,True,0.00241,0.0118,-0.94,0.204,1.0
106,061,資訊通訊科技學門,學士班,701,135,65957.0,16025.0,65256.0,15890.0,0.01063,True,0.03598,0.06759,-3.16,0.532,1.0
106,071,工程及工程業學門,學士班,1412,301,161926.0,37740.0,160514.0,37439.0,0.00872,True,0.07247,0.16626,-9.38,0.436,1.0
106,072,製造及加工學門,學士班,92,19,8275.0,1883.0,8183.0,1864.0,0.01112,True,0.00472,0.00848,-0.38,0.557,1.0
106,073,建築及營建工程學門,學士班,461,83,24943.0,5530.0,24482.0,5447.0,0.01848,True,0.02366,0.02536,-0.17,0.933,1.0
106,081,農業學門,學士班,121,25,7393.0,1619.0,7272.0,1594.0,0.01637,True,0.00621,0.00753,-0.13,0.825,1.0
106,082,林業學門,學士班,61,8,2030.0,449.0,1969.0,441.0,0.03005,True,0.00313,0.00204,0.11,1.534,1.0
106,083,漁業學門,學士班,20,5,1958.0,441.0,1938.0,436.0,0.01021,True,0.00103,0.00201,-0.1,0.512,1.0
106,084,獸醫學門,學士班,20,1,1617.0,263.0,1597.0,262.0,0.01237,True,0.00103,0.00165,-0.06,0.624,1.0
106,091,醫藥衛生學門,學士班,1546,402,65487.0,16139.0,63941.0,15737.0,0.02361,True,0.07934,0.06623,1.31,1.198,1.0
106,092,社會福利學門,學士班,1190,303,23909.0,6407.0,22719.0,6104.0,0.04977,True,0.06107,0.02353,3.75,2.595,1.0
106,101,餐旅及民生服務學門,學士班,4561,844,127623.0,28612.0,123062.0,27768.0,0.03574,True,0.23408,0.12747,10.66,1.836,1.0
106,102,衛生及職業衛生服務學門,學士班,16,4,1078.0,235.0,1062.0,231.0,0.01484,True,0.00082,0.0011,-0.03,0.745,1.0
106,103,安全服務學門,學士班,43,2,1542.0,163.0,1499.0,161.0,0.02789,True,0.00221,0.00155,0.07,1.426,1.0
106,104,運輸服務學門,學士班,130,29,8256.0,1945.0,8126.0,1916.0,0.01575,True,0.00667,0.00842,-0.18,0.792,1.0
106,999,其他學門,學士班,400,0,997.0,4.0,597.0,4.0,0.4012,False,,,,,1.0
106,011,教育學門,碩士班,344,56,13124.0,3268.0,12780.0,3212.0,0.02621,True,0.20319,0.07658,12.66,2.653,1.0
106,021,藝術學門,碩士班,127,18,11210.0,2608.0,11083.0,2590.0,0.01133,True,0.07501,0.06641,0.86,1.129,1.0
106,022,人文學門,碩士班,90,15,3265.0,615.0,3175.0,600.0,0.02757,True,0.05316,0.01902,3.41,2.795,1.0
106,023,語文學門,碩士班,101,9,7358.0,1433.0,7257.0,1424.0,0.01373,True,0.05966,0.04348,1.62,1.372,1.0
106,031,社會及行為科學學門,碩士班,172,20,10356.0,2566.0,10184.0,2546.0,0.01661,True,0.10159,0.06102,4.06,1.665,1.0
106,032,新聞學及圖書資訊學門,碩士班,26,5,2209.0,591.0,2183.0,586.0,0.01177,True,0.01536,0.01308,0.23,1.174,1.0
106,041,商業及管理學門,碩士班,221,48,31599.0,12261.0,31378.0,12213.0,0.00699,True,0.13054,0.18801,-5.75,0.694,1.0
106,042,法律學門,碩士班,56,5,6381.0,1153.0,6325.0,1148.0,0.00878,True,0.03308,0.0379,-0.48,0.873,1.0
106,051,生命科學學門,碩士班,17,4,3987.0,1477.0,3970.0,1473.0,0.00426,True,0.01004,0.02379,-1.37,0.422,1.0
106,052,環境學門,碩士班,4,3,767.0,242.0,763.0,239.0,0.00522,True,0.00236,0.00457,-0.22,0.516,1.0
106,053,物理、化學及地球科學學門,碩士班,12,8,4523.0,1743.0,4511.0,1735.0,0.00265,True,0.00709,0.02703,-1.99,0.262,1.0
106,054,數學及統計學門,碩士班,2,1,1936.0,724.0,1934.0,723.0,0.00103,True,0.00118,0.01159,-1.04,0.102,1.0
106,061,資訊通訊科技學門,碩士班,42,8,10420.0,3879.0,10378.0,3871.0,0.00403,True,0.02481,0.06218,-3.74,0.399,1.0
106,071,工程及工程業學門,碩士班,105,22,36840.0,14220.0,36735.0,14198.0,0.00285,True,0.06202,0.22011,-15.81,0.282,1.0
106,072,製造及加工學門,碩士班,3,3,1210.0,405.0,1207.0,402.0,0.00248,True,0.00177,0.00723,-0.55,0.245,1.0
106,073,建築及營建工程學門,碩士班,48,13,5478.0,1961.0,5430.0,1948.0,0.00876,True,0.02835,0.03254,-0.42,0.871,1.0
106,081,農業學門,碩士班,14,5,1637.0,563.0,1623.0,558.0,0.00855,True,0.00827,0.00972,-0.14,0.851,1.0
106,082,林業學門,碩士班,8,0,313.0,104.0,305.0,104.0,0.02556,True,0.00473,0.00183,0.29,2.585,1.0
106,083,漁業學門,碩士班,2,1,273.0,124.0,271.0,123.0,0.00733,True,0.00118,0.00162,-0.04,0.728,1.0
106,084,獸醫學門,碩士班,2,0,270.0,102.0,268.0,102.0,0.00741,True,0.00118,0.00161,-0.04,0.733,1.0
106,091,醫藥衛生學門,碩士班,62,16,6674.0,2051.0,6612.0,2035.0,0.00929,True,0.03662,0.03962,-0.3,0.924,1.0
106,092,社會福利學門,碩士班,58,3,2195.0,478.0,2137.0,475.0,0.02642,True,0.03426,0.0128,2.15,2.677,1.0
106,101,餐旅及民生服務學門,碩士班,165,54,5257.0,1872.0,5092.0,1818.0,0.03139,True,0.09746,0.03051,6.7,3.194,1.0
106,102,衛生及職業衛生服務學門,碩士班,0,0,163.0,48.0,163.0,48.0,0.0,True,0.0,0.00098,-0.1,0.0,1.0
106,103,安全服務學門,碩士班,2,0,93.0,17.0,91.0,17.0,0.02151,True,0.00118,0.00055,0.06,2.145,1.0
106,104,運輸服務學門,碩士班,10,3,1048.0,414.0,1038.0,411.0,0.00954,True,0.00591,0.00622,-0.03,0.95,1.0
106,999,其他學門,碩士班,1,1,197.0,22.0,196.0,21.0,0.00508,False,,,,,1.0
106,011,教育學門,總計,1113,187,35969.0,8036.0,34856.0,7849.0,0.03094,True,0.0417,0.02798,1.37,1.49,1.0
106,021,藝術學門,總計,2246,359,105409.0,21622.0,103163.0,21263.0,0.02131,True,0.08415,0.0828,0.14,1.016,1.0
106,022,人文學門,總計,604,125,15281.0,3053.0,14677.0,2928.0,0.03953,True,0.02263,0.01178,1.08,1.921,1.0
106,023,語文學門,總計,1494,282,90660.0,19844.0,89166.0,19562.0,0.01648,True,0.05598,0.07157,-1.56,0.782,1.0
106,031,社會及行為科學學門,總計,847,139,39980.0,9041.0,39133.0,8902.0,0.02119,True,0.03173,0.03141,0.03,1.01,1.0
106,032,新聞學及圖書資訊學門,總計,442,91,19354.0,4392.0,18912.0,4301.0,0.02284,True,0.01656,0.01518,0.14,1.091,1.0
106,041,商業及管理學門,總計,3767,885,220619.0,58555.0,216852.0,57670.0,0.01707,True,0.14114,0.17405,-3.29,0.811,1.0
106,042,法律學門,總計,322,52,20360.0,4281.0,20038.0,4229.0,0.01582,True,0.01206,0.01608,-0.4,0.75,1.0
106,051,生命科學學門,總計,216,41,26695.0,6815.0,26479.0,6774.0,0.00809,True,0.00809,0.02125,-1.32,0.381,1.0
106,052,環境學門,總計,34,10,3215.0,831.0,3181.0,821.0,0.01058,True,0.00127,0.00255,-0.13,0.498,1.0
106,053,物理、化學及地球科學學門,總計,76,18,21150.0,5327.0,21074.0,5309.0,0.00359,True,0.00285,0.01691,-1.41,0.169,1.0
106,054,數學及統計學門,總計,49,8,13581.0,3239.0,13532.0,3231.0,0.00361,True,0.00184,0.01086,-0.9,0.169,1.0
106,061,資訊通訊科技學門,總計,841,161,80510.0,20829.0,79669.0,20668.0,0.01045,True,0.03151,0.06394,-3.24,0.493,1.0
106,071,工程及工程業學門,總計,1696,365,209907.0,53874.0,208211.0,53509.0,0.00808,True,0.06354,0.16711,-10.36,0.38,1.0
106,072,製造及加工學門,總計,140,28,9858.0,2350.0,9718.0,2322.0,0.0142,True,0.00525,0.0078,-0.25,0.673,1.0
106,073,建築及營建工程學門,總計,539,102,31910.0,7733.0,31371.0,7631.0,0.01689,True,0.02019,0.02518,-0.5,0.802,1.0
106,081,農業學門,總計,171,36,9634.0,2300.0,9463.0,2264.0,0.01775,True,0.00641,0.0076,-0.12,0.843,1.0
106,082,林業學門,總計,70,8,2392.0,563.0,2322.0,555.0,0.02926,True,0.00262,0.00186,0.08,1.409,1.0
106,083,漁業學門,總計,22,6,2305.0,568.0,2283.0,562.0,0.00954,True,0.00082,0.00183,-0.1,0.448,1.0
106,084,獸醫學門,總計,22,1,1994.0,378.0,1972.0,377.0,0.01103,True,0.00082,0.00158,-0.08,0.519,1.0
106,091,醫藥衛生學門,總計,4341,866,119622.0,26636.0,115281.0,25770.0,0.03629,True,0.16265,0.09253,7.01,1.758,1.0
106,092,社會福利學門,總計,1841,404,31289.0,8066.0,29448.0,7662.0,0.05884,True,0.06898,0.02364,4.53,2.918,1.0
106,101,餐旅及民生服務學門,總計,5579,1057,148142.0,33362.0,142563.0,32305.0,0.03766,True,0.20903,0.11442,9.46,1.827,1.0
106,102,衛生及職業衛生服務學門,總計,16,4,1241.0,283.0,1225.0,279.0,0.01289,True,0.0006,0.00098,-0.04,0.612,1.0
106,103,安全服務學門,總計,45,2,1635.0,180.0,1590.0,178.0,0.02752,True,0.00169,0.00128,0.04,1.32,1.0
106,104,運輸服務學門,總計,157,34,9913.0,2465.0,9756.0,2431.0,0.01584,True,0.00588,0.00783,-0.2,0.751,1.0
106,999,其他學門,總計,401,1,1269.0,26.0,868.0,25.0,0.316,False,,,,,1.0
107,011,教育學門,二專,0,0,,,,,,True,0.0,,,,1.0
107,021,藝術學門,二專,18,5,53.0,30.0,35.0,25.0,0.33962,True,0.01854,0.00841,1.01,2.205,1.0
107,022,人文學門,二專,14,8,,,,,,True,0.01442,,,,1.0
107,023,語文學門,二專,21,2,19.0,13.0,-2.0,11.0,1.10526,True,0.02163,-0.00048,2.21,-45.062,1.0
107,031,社會及行為科學學門,二專,0,0,,,,,,True,0.0,,,,1.0
107,032,新聞學及圖書資訊學門,二專,0,0,5.0,0.0,5.0,0.0,0.0,True,0.0,0.0012,-0.12,0.0,1.0
107,041,商業及管理學門,二專,346,134,691.0,395.0,345.0,261.0,0.50072,True,0.35633,0.08285,27.35,4.301,1.0
107,042,法律學門,二專,0,0,,,,,,True,0.0,,,,1.0
107,051,生命科學學門,二專,0,1,0.0,12.0,0.0,11.0,,True,0.0,0.0,0.0,,1.0
107,052,環境學門,二專,0,0,,,,,,True,0.0,,,,1.0
107,053,物理、化學及地球科學學門,二專,0,0,,,,,,True,0.0,,,,1.0
107,054,數學及統計學門,二專,0,0,,,,,,True,0.0,,,,1.0
107,061,資訊通訊科技學門,二專,36,28,294.0,183.0,258.0,155.0,0.12245,True,0.03708,0.06196,-2.49,0.598,1.0
107,071,工程及工程業學門,二專,36,47,429.0,281.0,393.0,234.0,0.08392,True,0.03708,0.09438,-5.73,0.393,1.0
107,072,製造及加工學門,二專,5,1,25.0,5.0,20.0,4.0,0.2,True,0.00515,0.0048,0.04,1.073,1.0
107,073,建築及營建工程學門,二專,12,6,147.0,50.0,135.0,44.0,0.08163,True,0.01236,0.03242,-2.01,0.381,1.0
107,081,農業學門,二專,20,6,122.0,62.0,102.0,56.0,0.16393,True,0.0206,0.0245,-0.39,0.841,1.0
107,082,林業學門,二專,0,0,,,,,,True,0.0,,,,1.0
107,083,漁業學門,二專,0,0,,,,,,True,0.0,,,,1.0
107,084,獸醫學門,二專,0,0,,,,,,True,0.0,,,,1.0
107,091,醫藥衛生學門,二專,32,15,1352.0,604.0,1320.0,589.0,0.02367,True,0.03296,0.317,-28.4,0.104,1.0
107,092,社會福利學門,二專,182,29,680.0,387.0,498.0,358.0,0.26765,True,0.18744,0.1196,6.78,1.567,1.0
107,101,餐旅及民生服務學門,二專,248,83,1234.0,569.0,986.0,486.0,0.20097,True,0.25541,0.23679,1.86,1.079,1.0
107,102,衛生及職業衛生服務學門,二專,0,0,,,,,,True,0.0,,,,1.0
107,103,安全服務學門,二專,0,0,,,,,,True,0.0,,,,1.0
107,104,運輸服務學門,二專,1,3,70.0,39.0,69.0,36.0,0.01429,True,0.00103,0.01657,-1.55,0.062,1.0
107,999,其他學門,二專,0,0,41.0,0.0,41.0,0.0,0.0,False,,,,,1.0
107,011,教育學門,五專,0,0,,,,,,True,0.0,,,,1.0
107,021,藝術學門,五專,96,6,4046.0,425.0,3950.0,419.0,0.02373,True,0.02301,0.05108,-2.81,0.45,1.0
107,022,人文學門,五專,0,0,,,,,,True,0.0,,,,1.0
107,023,語文學門,五專,136,19,5505.0,970.0,5369.0,951.0,0.0247,True,0.0326,0.06944,-3.68,0.469,1.0
107,031,社會及行為科學學門,五專,0,0,,,,,,True,0.0,,,,1.0
107,032,新聞學及圖書資訊學門,五專,0,0,,,,,,True,0.0,,,,1.0
107,041,商業及管理學門,五專,92,16,5459.0,954.0,5367.0,938.0,0.01685,True,0.02205,0.06941,-4.74,0.318,1.0
107,042,法律學門,五專,0,0,,,,,,True,0.0,,,,1.0
107,051,生命科學學門,五專,8,2,709.0,85.0,701.0,83.0,0.01128,True,0.00192,0.00907,-0.72,0.212,1.0
107,052,環境學門,五專,0,0,,,,,,True,0.0,,,,1.0
107,053,物理、化學及地球科學學門,五專,0,0,,,,,,True,0.0,,,,1.0
107,054,數學及統計學門,五專,0,0,,,,,,True,0.0,,,,1.0
107,061,資訊通訊科技學門,五專,32,7,2446.0,411.0,2414.0,404.0,0.01308,True,0.00767,0.03122,-2.36,0.246,1.0
107,071,工程及工程業學門,五專,53,6,3327.0,424.0,3274.0,418.0,0.01593,True,0.0127,0.04234,-2.96,0.3,1.0
107,072,製造及加工學門,五專,30,2,142.0,14.0,112.0,12.0,0.21127,True,0.00719,0.00145,0.57,4.959,1.0
107,073,建築及營建工程學門,五專,7,0,472.0,58.0,465.0,58.0,0.01483,True,0.00168,0.00601,-0.43,0.28,1.0
107,081,農業學門,五專,14,1,67.0,19.0,53.0,18.0,0.20896,True,0.00336,0.00069,0.27,4.87,1.0
107,082,林業學門,五專,0,0,,,,,,True,0.0,,,,1.0
107,083,漁業學門,五專,0,0,44.0,0.0,44.0,0.0,0.0,True,0.0,0.00057,-0.06,0.0,1.0
107,084,獸醫學門,五專,0,0,,,,,,True,0.0,,,,1.0
107,091,醫藥衛生學門,五專,2729,356,42678.0,7448.0,39949.0,7092.0,0.06394,True,0.65412,0.51664,13.75,1.266,1.0
107,092,社會福利學門,五專,402,47,4070.0,558.0,3668.0,511.0,0.09877,True,0.09636,0.04744,4.89,2.031,1.0
107,101,餐旅及民生服務學門,五專,561,65,12094.0,2092.0,11533.0,2027.0,0.04639,True,0.13447,0.14915,-1.47,0.902,1.0
107,102,衛生及職業衛生服務學門,五專,0,0,,,,,,True,0.0,,,,1.0
107,103,安全服務學門,五專,0,0,,,,,,True,0.0,,,,1.0
107,104,運輸服務學門,五專,12,1,437.0,59.0,425.0,58.0,0.02746,True,0.00288,0.0055,-0.26,0.524,1.0
107,999,其他學門,五專,0,0,,,,,,False,,,,,1.0
107,011,教育學門,博士班,44,5,2714.0,318.0,2670.0,313.0,0.01621,True,0.30137,0.09559,20.58,3.153,1.0
107,021,藝術學門,博士班,5,0,1073.0,81.0,1068.0,81.0,0.00466,True,0.03425,0.03824,-0.4,0.896,1.0
107,022,人文學門,博士班,13,1,850.0,63.0,837.0,62.0,0.01529,True,0.08904,0.02997,5.91,2.971,1.0
107,023,語文學門,博士班,19,0,1489.0,174.0,1470.0,174.0,0.01276,True,0.13014,0.05263,7.75,2.473,1.0
107,031,社會及行為科學學門,博士班,6,0,1509.0,112.0,1503.0,112.0,0.00398,True,0.0411,0.05381,-1.27,0.764,1.0
107,032,新聞學及圖書資訊學門,博士班,3,1,136.0,14.0,133.0,13.0,0.02206,True,0.02055,0.00476,1.58,4.317,1.0
107,041,商業及管理學門,博士班,15,1,2911.0,322.0,2896.0,321.0,0.00515,True,0.10274,0.10368,-0.09,0.991,1.0
107,042,法律學門,博士班,1,0,397.0,21.0,396.0,21.0,0.00252,True,0.00685,0.01418,-0.73,0.483,1.0
107,051,生命科學學門,博士班,4,0,1525.0,273.0,1521.0,273.0,0.00262,True,0.0274,0.05446,-2.71,0.503,1.0
107,052,環境學門,博士班,1,0,98.0,10.0,97.0,10.0,0.0102,True,0.00685,0.00347,0.34,1.974,1.0
107,053,物理、化學及地球科學學門,博士班,2,0,1693.0,256.0,1691.0,256.0,0.00118,True,0.0137,0.06054,-4.68,0.226,1.0
107,054,數學及統計學門,博士班,0,0,197.0,33.0,197.0,33.0,0.0,True,0.0,0.00705,-0.7,0.0,1.0
107,061,資訊通訊科技學門,博士班,1,0,1304.0,141.0,1303.0,141.0,0.00077,True,0.00685,0.04665,-3.98,0.147,1.0
107,071,工程及工程業學門,博士班,11,1,6779.0,916.0,6768.0,915.0,0.00162,True,0.07534,0.24231,-16.7,0.311,1.0
107,072,製造及加工學門,博士班,1,0,187.0,29.0,186.0,29.0,0.00535,True,0.00685,0.00666,0.02,1.029,1.0
107,073,建築及營建工程學門,博士班,2,0,886.0,102.0,884.0,102.0,0.00226,True,0.0137,0.03165,-1.79,0.433,1.0
107,081,農業學門,博士班,4,0,386.0,30.0,382.0,30.0,0.01036,True,0.0274,0.01368,1.37,2.003,1.0
107,082,林業學門,博士班,0,0,47.0,6.0,47.0,6.0,0.0,True,0.0,0.00168,-0.17,0.0,1.0
107,083,漁業學門,博士班,0,0,77.0,8.0,77.0,8.0,0.0,True,0.0,0.00276,-0.28,0.0,1.0
107,084,獸醫學門,博士班,0,0,95.0,19.0,95.0,19.0,0.0,True,0.0,0.0034,-0.34,0.0,1.0
107,091,醫藥衛生學門,博士班,10,1,3319.0,461.0,3309.0,460.0,0.00301,True,0.06849,0.11847,-5.0,0.578,1.0
107,092,社會福利學門,博士班,2,0,129.0,13.0,127.0,13.0,0.0155,True,0.0137,0.00455,0.92,3.011,1.0
107,101,餐旅及民生服務學門,博士班,2,0,202.0,13.0,200.0,13.0,0.0099,True,0.0137,0.00716,0.65,1.913,1.0
107,102,衛生及職業衛生服務學門,博士班,0,0,,,,,,True,0.0,,,,1.0
107,103,安全服務學門,博士班,0,0,,,,,,True,0.0,,,,1.0
107,104,運輸服務學門,博士班,0,0,74.0,2.0,74.0,2.0,0.0,True,0.0,0.00265,-0.26,0.0,1.0
107,999,其他學門,博士班,1,0,90.0,6.0,89.0,6.0,0.01111,False,,,,,1.0
107,011,教育學門,學士班,701,121,19813.0,4544.0,19112.0,4423.0,0.03538,True,0.03522,0.02031,1.49,1.734,1.0
107,021,藝術學門,學士班,2125,326,88618.0,19480.0,86493.0,19154.0,0.02398,True,0.10678,0.09193,1.49,1.162,1.0
107,022,人文學門,學士班,475,105,10488.0,2236.0,10013.0,2131.0,0.04529,True,0.02387,0.01064,1.32,2.243,1.0
107,023,語文學門,學士班,1176,255,73551.0,17480.0,72375.0,17225.0,0.01599,True,0.05909,0.07692,-1.78,0.768,1.0
107,031,社會及行為科學學門,學士班,710,117,28656.0,6793.0,27946.0,6676.0,0.02478,True,0.03568,0.0297,0.6,1.201,1.0
107,032,新聞學及圖書資訊學門,學士班,404,72,15625.0,3625.0,15221.0,3553.0,0.02586,True,0.0203,0.01618,0.41,1.255,1.0
107,041,商業及管理學門,學士班,3173,657,171161.0,44181.0,167988.0,43524.0,0.01854,True,0.15944,0.17854,-1.91,0.893,1.0
107,042,法律學門,學士班,297,48,13455.0,3062.0,13158.0,3014.0,0.02207,True,0.01492,0.01398,0.09,1.067,1.0
107,051,生命科學學門,學士班,185,28,19314.0,4796.0,19129.0,4768.0,0.00958,True,0.0093,0.02033,-1.1,0.457,1.0
107,052,環境學門,學士班,15,6,1858.0,481.0,1843.0,475.0,0.00807,True,0.00075,0.00196,-0.12,0.383,1.0
107,053,物理、化學及地球科學學門,學士班,63,12,14895.0,3434.0,14832.0,3422.0,0.00423,True,0.00317,0.01576,-1.26,0.201,1.0
107,054,數學及統計學門,學士班,37,15,10993.0,2476.0,10956.0,2461.0,0.00337,True,0.00186,0.01164,-0.98,0.16,1.0
107,061,資訊通訊科技學門,學士班,736,133,67787.0,16849.0,67051.0,16716.0,0.01086,True,0.03698,0.07126,-3.43,0.519,1.0
107,071,工程及工程業學門,學士班,1396,308,157005.0,37017.0,155609.0,36709.0,0.00889,True,0.07015,0.16538,-9.52,0.424,1.0
107,072,製造及加工學門,學士班,99,15,8268.0,1934.0,8169.0,1919.0,0.01197,True,0.00497,0.00868,-0.37,0.573,1.0
107,073,建築及營建工程學門,學士班,510,78,24377.0,5595.0,23867.0,5517.0,0.02092,True,0.02563,0.02537,0.03,1.01,1.0
107,081,農業學門,學士班,128,31,7598.0,1543.0,7470.0,1512.0,0.01685,True,0.00643,0.00794,-0.15,0.81,1.0
107,082,林業學門,學士班,56,7,1976.0,453.0,1920.0,446.0,0.02834,True,0.00281,0.00204,0.08,1.377,1.0
107,083,漁業學門,學士班,19,2,2114.0,474.0,2095.0,472.0,0.00899,True,0.00095,0.00223,-0.13,0.426,1.0
107,084,獸醫學門,學士班,26,1,1657.0,248.0,1631.0,247.0,0.01569,True,0.00131,0.00173,-0.04,0.757,1.0
107,091,醫藥衛生學門,學士班,1559,390,66108.0,16000.0,64549.0,15610.0,0.02358,True,0.07834,0.0686,0.97,1.142,1.0
107,092,社會福利學門,學士班,1199,310,22878.0,5832.0,21679.0,5522.0,0.05241,True,0.06025,0.02304,3.72,2.615,1.0
107,101,餐旅及民生服務學門,學士班,4596,811,121941.0,29861.0,117345.0,29050.0,0.03769,True,0.23094,0.12472,10.62,1.852,1.0
107,102,衛生及職業衛生服務學門,學士班,20,5,1436.0,371.0,1416.0,366.0,0.01393,True,0.001,0.0015,-0.05,0.667,1.0
107,103,安全服務學門,學士班,50,4,1275.0,182.0,1225.0,178.0,0.03922,True,0.00251,0.0013,0.12,1.931,1.0
107,104,運輸服務學門,學士班,146,21,7946.0,2009.0,7800.0,1988.0,0.01837,True,0.00734,0.00829,-0.1,0.885,1.0
107,999,其他學門,學士班,487,2,1112.0,47.0,625.0,45.0,0.43795,False,,,,,1.0
107,011,教育學門,碩士班,355,57,13174.0,3045.0,12819.0,2988.0,0.02695,True,0.19045,0.07724,11.32,2.466,1.0
107,021,藝術學門,碩士班,136,21,10905.0,2727.0,10769.0,2706.0,0.01247,True,0.07296,0.06488,0.81,1.125,1.0
107,022,人文學門,碩士班,101,12,3247.0,644.0,3146.0,632.0,0.03111,True,0.05418,0.01896,3.52,2.858,1.0
107,023,語文學門,碩士班,116,4,7041.0,1352.0,6925.0,1348.0,0.01647,True,0.06223,0.04172,2.05,1.492,1.0
107,031,社會及行為科學學門,碩士班,157,25,10181.0,2453.0,10024.0,2428.0,0.01542,True,0.08423,0.0604,2.38,1.395,1.0
107,032,新聞學及圖書資訊學門,碩士班,28,3,2122.0,526.0,2094.0,523.0,0.0132,True,0.01502,0.01262,0.24,1.19,1.0
107,041,商業及管理學門,碩士班,246,58,31343.0,12321.0,31097.0,12263.0,0.00785,True,0.13197,0.18736,-5.54,0.704,1.0
107,042,法律學門,碩士班,87,1,6360.0,1154.0,6273.0,1153.0,0.01368,True,0.04667,0.0378,0.89,1.235,1.0
107,051,生命科學學門,碩士班,18,6,3711.0,1381.0,3693.0,1375.0,0.00485,True,0.00966,0.02225,-1.26,0.434,1.0
107,052,環境學門,碩士班,26,6,849.0,249.0,823.0,243.0,0.03062,True,0.01395,0.00496,0.9,2.812,1.0
107,053,物理、化學及地球科學學門,碩士班,11,3,4582.0,1738.0,4571.0,1735.0,0.0024,True,0.0059,0.02754,-2.16,0.214,1.0
107,054,數學及統計學門,碩士班,3,0,1876.0,743.0,1873.0,743.0,0.0016,True,0.00161,0.01129,-0.97,0.143,1.0
107,061,資訊通訊科技學門,碩士班,65,10,11408.0,4186.0,11343.0,4176.0,0.0057,True,0.03487,0.06834,-3.35,0.51,1.0
107,071,工程及工程業學門,碩士班,103,34,35944.0,13667.0,35841.0,13633.0,0.00287,True,0.05526,0.21595,-16.07,0.256,1.0
107,072,製造及加工學門,碩士班,3,1,1355.0,388.0,1352.0,387.0,0.00221,True,0.00161,0.00815,-0.65,0.198,1.0
107,073,建築及營建工程學門,碩士班,56,11,5482.0,1976.0,5426.0,1965.0,0.01022,True,0.03004,0.03269,-0.26,0.919,1.0
107,081,農業學門,碩士班,12,2,1664.0,560.0,1652.0,558.0,0.00721,True,0.00644,0.00995,-0.35,0.647,1.0
107,082,林業學門,碩士班,3,3,306.0,104.0,303.0,101.0,0.0098,True,0.00161,0.00183,-0.02,0.88,1.0
107,083,漁業學門,碩士班,2,0,295.0,98.0,293.0,98.0,0.00678,True,0.00107,0.00177,-0.07,0.605,1.0
107,084,獸醫學門,碩士班,1,1,252.0,106.0,251.0,105.0,0.00397,True,0.00054,0.00151,-0.1,0.358,1.0
107,091,醫藥衛生學門,碩士班,78,15,7031.0,2152.0,6953.0,2137.0,0.01109,True,0.04185,0.04189,-0.0,0.999,1.0
107,092,社會福利學門,碩士班,79,6,2146.0,473.0,2067.0,467.0,0.03681,True,0.04238,0.01245,2.99,3.404,1.0
107,101,餐旅及民生服務學門,碩士班,168,27,5314.0,1744.0,5146.0,1717.0,0.03161,True,0.09013,0.03101,5.91,2.906,1.0
107,102,衛生及職業衛生服務學門,碩士班,3,0,198.0,85.0,195.0,85.0,0.01515,True,0.00161,0.00117,0.04,1.376,1.0
107,103,安全服務學門,碩士班,0,0,24.0,27.0,24.0,27.0,0.0,True,0.0,0.00014,-0.01,0.0,1.0
107,104,運輸服務學門,碩士班,7,3,1026.0,388.0,1019.0,385.0,0.00682,True,0.00376,0.00614,-0.24,0.612,1.0
107,999,其他學門,碩士班,5,0,256.0,59.0,251.0,59.0,0.01953,False,,,,,1.0
107,011,教育學門,總計,1100,183,35701.0,7907.0,34601.0,7724.0,0.03081,True,0.04066,0.02845,1.22,1.429,1.0
107,021,藝術學門,總計,2380,358,104695.0,22743.0,102315.0,22385.0,0.02273,True,0.08797,0.08412,0.39,1.046,1.0
107,022,人文學門,總計,603,126,14585.0,2943.0,13982.0,2817.0,0.04134,True,0.02229,0.0115,1.08,1.938,1.0
107,023,語文學門,總計,1468,280,87605.0,19989.0,86137.0,19709.0,0.01676,True,0.05426,0.07082,-1.66,0.766,1.0
107,031,社會及行為科學學門,總計,873,142,40346.0,9358.0,39473.0,9216.0,0.02164,True,0.03227,0.03245,-0.02,0.994,1.0
107,032,新聞學及圖書資訊學門,總計,435,76,17888.0,4165.0,17453.0,4089.0,0.02432,True,0.01608,0.01435,0.17,1.121,1.0
107,041,商業及管理學門,總計,3872,866,211565.0,58173.0,207693.0,57307.0,0.0183,True,0.14312,0.17076,-2.76,0.838,1.0
107,042,法律學門,總計,385,49,20212.0,4237.0,19827.0,4188.0,0.01905,True,0.01423,0.0163,-0.21,0.873,1.0
107,051,生命科學學門,總計,215,37,25259.0,6547.0,25044.0,6510.0,0.00851,True,0.00795,0.02059,-1.26,0.386,1.0
107,052,環境學門,總計,42,12,2805.0,740.0,2763.0,728.0,0.01497,True,0.00155,0.00227,-0.07,0.683,1.0
107,053,物理、化學及地球科學學門,總計,76,15,21170.0,5428.0,21094.0,5413.0,0.00359,True,0.00281,0.01734,-1.45,0.162,1.0
107,054,數學及統計學門,總計,40,15,13066.0,3252.0,13026.0,3237.0,0.00306,True,0.00148,0.01071,-0.92,0.138,1.0
107,061,資訊通訊科技學門,總計,870,178,83239.0,21770.0,82369.0,21592.0,0.01045,True,0.03216,0.06772,-3.56,0.475,1.0
107,071,工程及工程業學門,總計,1599,396,203484.0,52305.0,201885.0,51909.0,0.00786,True,0.0591,0.16599,-10.69,0.356,1.0
107,072,製造及加工學門,總計,138,19,9977.0,2370.0,9839.0,2351.0,0.01383,True,0.0051,0.00809,-0.3,0.63,1.0
107,073,建築及營建工程學門,總計,587,95,31364.0,7781.0,30777.0,7686.0,0.01872,True,0.0217,0.0253,-0.36,0.858,1.0
107,081,農業學門,總計,178,40,9837.0,2214.0,9659.0,2174.0,0.01809,True,0.00658,0.00794,-0.14,0.829,1.0
107,082,林業學門,總計,59,10,2329.0,563.0,2270.0,553.0,0.02533,True,0.00218,0.00187,0.03,1.166,1.0
107,083,漁業學門,總計,21,2,2530.0,580.0,2509.0,578.0,0.0083,True,0.00078,0.00206,-0.13,0.379,1.0
107,084,獸醫學門,總計,27,2,2004.0,373.0,1977.0,371.0,0.01347,True,0.001,0.00163,-0.06,0.613,1.0
107,091,醫藥衛生學門,總計,4408,777,120488.0,26665.0,116080.0,25888.0,0.03658,True,0.16293,0.09544,6.75,1.707,1.0
107,092,社會福利學門,總計,1864,392,29903.0,7263.0,28039.0,6871.0,0.06233,True,0.0689,0.02305,4.58,2.989,1.0
107,101,餐旅及民生服務學門,總計,5575,986,140785.0,34279.0,135210.0,33293.0,0.0396,True,0.20607,0.11117,9.49,1.854,1.0
107,102,衛生及職業衛生服務學門,總計,23,5,1634.0,456.0,1611.0,451.0,0.01408,True,0.00085,0.00132,-0.05,0.644,1.0
107,103,安全服務學門,總計,50,4,1299.0,209.0,1249.0,205.0,0.03849,True,0.00185,0.00103,0.08,1.796,1.0
107,104,運輸服務學門,總計,166,28,9553.0,2497.0,9387.0,2469.0,0.01738,True,0.00614,0.00772,-0.16,0.795,1.0
107,999,其他學門,總計,493,2,1499.0,112.0,1006.0,110.0,0.32889,False,,,,,1.0
108,011,教育學門,二專,0,0,,,,,,True,0.0,,,,0.9989
108,021,藝術學門,二專,9,8,36.0,21.0,27.0,13.0,0.25,True,0.00939,0.00715,0.22,1.313,0.9989
108,022,人文學門,二專,3,9,,,,,,True,0.00313,,,,0.9989
108,023,語文學門,二專,28,1,2.0,14.0,-26.0,13.0,14.0,True,0.02923,-0.00688,3.61,-4.249,0.9989
108,031,社會及行為科學學門,二專,0,0,,,,,,True,0.0,,,,0.9989
108,032,新聞學及圖書資訊學門,二專,0,0,4.0,0.0,4.0,0.0,0.0,True,0.0,0.00106,-0.11,0.0,0.9989
108,041,商業及管理學門,二專,410,116,750.0,255.0,340.0,139.0,0.54667,True,0.42797,0.09002,33.8,4.754,0.9989
108,042,法律學門,二專,0,0,,,,,,True,0.0,,,,0.9989
108,051,生命科學學門,二專,2,0,,,,,,True,0.00209,,,,0.9989
108,052,環境學門,二專,0,0,,,,,,True,0.0,,,,0.9989
108,053,物理、化學及地球科學學門,二專,0,0,,,,,,True,0.0,,,,0.9989
108,054,數學及統計學門,二專,0,0,,,,,,True,0.0,,,,0.9989
108,061,資訊通訊科技學門,二專,29,12,194.0,145.0,165.0,133.0,0.14948,True,0.03027,0.04369,-1.34,0.693,0.9989
108,071,工程及工程業學門,二專,30,9,513.0,165.0,483.0,156.0,0.05848,True,0.03132,0.12788,-9.66,0.245,0.9989
108,072,製造及加工學門,二專,3,3,28.0,12.0,25.0,9.0,0.10714,True,0.00313,0.00662,-0.35,0.473,0.9989
108,073,建築及營建工程學門,二專,14,5,136.0,52.0,122.0,47.0,0.10294,True,0.01461,0.0323,-1.77,0.452,0.9989
108,081,農業學門,二專,16,6,142.0,52.0,126.0,46.0,0.11268,True,0.0167,0.03336,-1.67,0.501,0.9989
108,082,林業學門,二專,0,0,,,,,,True,0.0,,,,0.9989
108,083,漁業學門,二專,0,0,,,,,,True,0.0,,,,0.9989
108,084,獸醫學門,二專,0,0,,,,,,True,0.0,,,,0.9989
108,091,醫藥衛生學門,二專,22,15,1327.0,662.0,1305.0,647.0,0.01658,True,0.02296,0.34551,-32.26,0.066,0.9989
108,092,社會福利學門,二專,186,77,651.0,299.0,465.0,222.0,0.28571,True,0.19415,0.12311,7.1,1.577,0.9989
108,101,餐旅及民生服務學門,二專,205,67,869.0,398.0,664.0,331.0,0.2359,True,0.21399,0.1758,3.82,1.217,0.9989
108,102,衛生及職業衛生服務學門,二專,0,0,,,,,,True,0.0,,,,0.9989
108,103,安全服務學門,二專,0,0,,,,,,True,0.0,,,,0.9989
108,104,運輸服務學門,二專,1,1,78.0,37.0,77.0,36.0,0.01282,True,0.00104,0.02039,-1.93,0.051,0.9989
108,999,其他學門,二專,3,0,54.0,9.0,51.0,9.0,0.05556,False,,,,,0.9989
108,011,教育學門,五專,0,0,,,,,,True,0.0,,,,0.9989
108,021,藝術學門,五專,96,8,3641.0,324.0,3545.0,316.0,0.02637,True,0.02331,0.04806,-2.47,0.485,0.9989
108,022,人文學門,五專,0,0,,,,,,True,0.0,,,,0.9989
108,023,語文學門,五專,127,21,5273.0,908.0,5146.0,887.0,0.02408,True,0.03084,0.06976,-3.89,0.442,0.9989
108,031,社會及行為科學學門,五專,0,0,,,,,,True,0.0,,,,0.9989
108,032,新聞學及圖書資訊學門,五專,0,0,,,,,,True,0.0,,,,0.9989
108,041,商業及管理學門,五專,95,10,5390.0,823.0,5295.0,813.0,0.01763,True,0.02307,0.07178,-4.87,0.321,0.9989
108,042,法律學門,五專,0,0,,,,,,True,0.0,,,,0.9989
108,051,生命科學學門,五專,17,0,715.0,81.0,698.0,81.0,0.02378,True,0.00413,0.00946,-0.53,0.437,0.9989
108,052,環境學門,五專,0,0,,,,,,True,0.0,,,,0.9989
108,053,物理、化學及地球科學學門,五專,0,0,,,,,,True,0.0,,,,0.9989
108,054,數學及統計學門,五專,0,0,,,,,,True,0.0,,,,0.9989
108,061,資訊通訊科技學門,五專,31,1,2363.0,310.0,2332.0,309.0,0.01312,True,0.00753,0.03161,-2.41,0.238,0.9989
108,071,工程及工程業學門,五專,61,4,3353.0,308.0,3292.0,304.0,0.01819,True,0.01481,0.04463,-2.98,0.332,0.9989
108,072,製造及加工學門,五專,27,3,125.0,16.0,98.0,13.0,0.216,True,0.00656,0.00133,0.52,4.932,0.9989
108,073,建築及營建工程學門,五專,9,1,529.0,36.0,520.0,35.0,0.01701,True,0.00219,0.00705,-0.49,0.311,0.9989
108,081,農業學門,五專,7,3,46.0,15.0,39.0,12.0,0.15217,True,0.0017,0.00053,0.12,3.208,0.9989
108,082,林業學門,五專,0,0,,,,,,True,0.0,,,,0.9989
108,083,漁業學門,五專,0,0,57.0,0.0,57.0,0.0,0.0,True,0.0,0.00077,-0.08,0.0,0.9989
108,084,獸醫學門,五專,0,0,,,,,,True,0.0,,,,0.9989
108,091,醫藥衛生學門,五專,2750,378,41036.0,7202.0,38286.0,6824.0,0.06701,True,0.6678,0.51903,14.88,1.287,0.9989
108,092,社會福利學門,五專,382,33,4046.0,513.0,3664.0,480.0,0.09441,True,0.09276,0.04967,4.31,1.868,0.9989
108,101,餐旅及民生服務學門,五專,508,54,10892.0,1740.0,10384.0,1686.0,0.04664,True,0.12336,0.14077,-1.74,0.876,0.9989
108,102,衛生及職業衛生服務學門,五專,0,0,,,,,,True,0.0,,,,0.9989
108,103,安全服務學門,五專,0,0,,,,,,True,0.0,,,,0.9989
108,104,運輸服務學門,五專,8,0,416.0,86.0,408.0,86.0,0.01923,True,0.00194,0.00553,-0.36,0.351,0.9989
108,999,其他學門,五專,0,0,,,,,,False,,,,,0.9989
108,011,教育學門,博士班,41,0,2729.0,288.0,2688.0,288.0,0.01502,True,0.26797,0.09518,17.28,2.815,0.9989
108,021,藝術學門,博士班,11,0,1144.0,102.0,1133.0,102.0,0.00962,True,0.0719,0.04012,3.18,1.792,0.9989
108,022,人文學門,博士班,12,0,840.0,84.0,828.0,84.0,0.01429,True,0.07843,0.02932,4.91,2.675,0.9989
108,023,語文學門,博士班,20,1,1485.0,152.0,1465.0,151.0,0.01347,True,0.13072,0.05187,7.89,2.52,0.9989
108,031,社會及行為科學學門,博士班,6,1,1459.0,167.0,1453.0,166.0,0.00411,True,0.03922,0.05145,-1.22,0.762,0.9989
108,032,新聞學及圖書資訊學門,博士班,1,0,151.0,13.0,150.0,13.0,0.00662,True,0.00654,0.00531,0.12,1.232,0.9989
108,041,商業及管理學門,博士班,19,1,2992.0,294.0,2973.0,293.0,0.00635,True,0.12418,0.10527,1.89,1.18,0.9989
108,042,法律學門,博士班,2,0,395.0,23.0,393.0,23.0,0.00506,True,0.01307,0.01392,-0.08,0.939,0.9989
108,051,生命科學學門,博士班,5,0,1531.0,235.0,1526.0,235.0,0.00327,True,0.03268,0.05403,-2.14,0.605,0.9989
108,052,環境學門,博士班,0,0,105.0,2.0,105.0,2.0,0.0,True,0.0,0.00372,-0.37,0.0,0.9989
108,053,物理、化學及地球科學學門,博士班,3,0,1723.0,238.0,1720.0,238.0,0.00174,True,0.01961,0.0609,-4.13,0.322,0.9989
108,054,數學及統計學門,博士班,0,0,209.0,25.0,209.0,25.0,0.0,True,0.0,0.0074,-0.74,0.0,0.9989
108,061,資訊通訊科技學門,博士班,1,0,1331.0,157.0,1330.0,157.0,0.00075,True,0.00654,0.04709,-4.06,0.139,0.9989
108,071,工程及工程業學門,博士班,12,0,6814.0,868.0,6802.0,868.0,0.00176,True,0.07843,0.24086,-16.24,0.326,0.9989
108,072,製造及加工學門,博士班,1,0,171.0,21.0,170.0,21.0,0.00585,True,0.00654,0.00602,0.05,1.086,0.9989
108,073,建築及營建工程學門,博士班,2,0,864.0,105.0,862.0,105.0,0.00231,True,0.01307,0.03052,-1.74,0.428,0.9989
108,081,農業學門,博士班,2,1,367.0,56.0,365.0,55.0,0.00545,True,0.01307,0.01292,0.02,1.012,0.9989
108,082,林業學門,博士班,1,0,50.0,5.0,49.0,5.0,0.02,True,0.00654,0.00174,0.48,3.759,0.9989
108,083,漁業學門,博士班,0,0,85.0,6.0,85.0,6.0,0.0,True,0.0,0.00301,-0.3,0.0,0.9989
108,084,獸醫學門,博士班,0,0,97.0,9.0,97.0,9.0,0.0,True,0.0,0.00343,-0.34,0.0,0.9989
108,091,醫藥衛生學門,博士班,12,0,3428.0,418.0,3416.0,418.0,0.0035,True,0.07843,0.12096,-4.25,0.648,0.9989
108,092,社會福利學門,博士班,0,0,136.0,15.0,136.0,15.0,0.0,True,0.0,0.00482,-0.48,0.0,0.9989
108,101,餐旅及民生服務學門,博士班,2,0,210.0,17.0,208.0,17.0,0.00952,True,0.01307,0.00737,0.57,1.773,0.9989
108,102,衛生及職業衛生服務學門,博士班,0,0,,,,,,True,0.0,,,,0.9989
108,103,安全服務學門,博士班,0,0,,,,,,True,0.0,,,,0.9989
108,104,運輸服務學門,博士班,0,0,78.0,5.0,78.0,5.0,0.0,True,0.0,0.00276,-0.28,0.0,0.9989
108,999,其他學門,博士班,2,0,116.0,1.0,114.0,1.0,0.01724,False,,,,,0.9989
108,011,教育學門,學士班,724,148,19550.0,4767.0,18826.0,4619.0,0.03703,True,0.03669,0.02065,1.6,1.777,0.9989
108,021,藝術學門,學士班,2147,351,86478.0,19617.0,84331.0,19266.0,0.02483,True,0.10879,0.09251,1.63,1.176,0.9989
108,022,人文學門,學士班,459,96,10174.0,2220.0,9715.0,2124.0,0.04511,True,0.02326,0.01066,1.26,2.182,0.9989
108,023,語文學門,學士班,1185,236,71175.0,17102.0,69990.0,16866.0,0.01665,True,0.06005,0.07678,-1.67,0.782,0.9989
108,031,社會及行為科學學門,學士班,745,139,28377.0,6689.0,27632.0,6550.0,0.02625,True,0.03775,0.03031,0.74,1.245,0.9989
108,032,新聞學及圖書資訊學門,學士班,386,72,15094.0,3690.0,14708.0,3618.0,0.02557,True,0.01956,0.01613,0.34,1.213,0.9989
108,041,商業及管理學門,學士班,3031,827,164903.0,43479.0,161872.0,42652.0,0.01838,True,0.15359,0.17758,-2.4,0.865,0.9989
108,042,法律學門,學士班,329,50,13220.0,3179.0,12891.0,3129.0,0.02489,True,0.01667,0.01414,0.25,1.179,0.9989
108,051,生命科學學門,學士班,184,36,18698.0,4657.0,18514.0,4621.0,0.00984,True,0.00932,0.02031,-1.1,0.459,0.9989
108,052,環境學門,學士班,16,1,1715.0,470.0,1699.0,469.0,0.00933,True,0.00081,0.00186,-0.11,0.435,0.9989
108,053,物理、化學及地球科學學門,學士班,67,12,14878.0,3300.0,14811.0,3288.0,0.0045,True,0.00339,0.01625,-1.29,0.209,0.9989
108,054,數學及統計學門,學士班,39,8,10859.0,2309.0,10820.0,2301.0,0.00359,True,0.00198,0.01187,-0.99,0.167,0.9989
108,061,資訊通訊科技學門,學士班,661,146,64823.0,16308.0,64162.0,16162.0,0.0102,True,0.03349,0.07039,-3.69,0.476,0.9989
108,071,工程及工程業學門,學士班,1405,264,154862.0,35765.0,153457.0,35501.0,0.00907,True,0.07119,0.16835,-9.72,0.423,0.9989
108,072,製造及加工學門,學士班,82,25,8078.0,2014.0,7996.0,1989.0,0.01015,True,0.00416,0.00877,-0.46,0.474,0.9989
108,073,建築及營建工程學門,學士班,503,81,23203.0,5460.0,22700.0,5379.0,0.02168,True,0.02549,0.0249,0.06,1.024,0.9989
108,081,農業學門,學士班,156,15,7859.0,1619.0,7703.0,1604.0,0.01985,True,0.0079,0.00845,-0.05,0.935,0.9989
108,082,林業學門,學士班,47,15,1923.0,457.0,1876.0,442.0,0.02444,True,0.00238,0.00206,0.03,1.155,0.9989
108,083,漁業學門,學士班,22,3,2114.0,448.0,2092.0,445.0,0.01041,True,0.00111,0.00229,-0.12,0.485,0.9989
108,084,獸醫學門,學士班,30,1,1668.0,287.0,1638.0,286.0,0.01799,True,0.00152,0.0018,-0.03,0.844,0.9989
108,091,醫藥衛生學門,學士班,1565,440,64795.0,17682.0,63230.0,17242.0,0.02415,True,0.0793,0.06936,0.99,1.143,0.9989
108,092,社會福利學門,學士班,1238,308,22651.0,6144.0,21413.0,5836.0,0.05466,True,0.06273,0.02349,3.92,2.67,0.9989
108,101,餐旅及民生服務學門,學士班,4433,839,113342.0,28918.0,108909.0,28079.0,0.03911,True,0.22463,0.11948,10.51,1.88,0.9989
108,102,衛生及職業衛生服務學門,學士班,33,4,1535.0,352.0,1502.0,348.0,0.0215,True,0.00167,0.00165,0.0,1.012,0.9989
108,103,安全服務學門,學士班,71,4,1412.0,241.0,1341.0,237.0,0.05028,True,0.0036,0.00147,0.21,2.449,0.9989
108,104,運輸服務學門,學士班,177,34,7908.0,1934.0,7731.0,1900.0,0.02238,True,0.00897,0.00848,0.05,1.058,0.9989
108,999,其他學門,學士班,581,0,1224.0,25.0,643.0,25.0,0.47467,False,,,,,0.9989
108,011,教育學門,碩士班,378,62,13187.0,3088.0,12809.0,3026.0,0.02866,True,0.18648,0.07721,10.93,2.415,0.9989
108,021,藝術學門,碩士班,162,15,10944.0,2675.0,10782.0,2660.0,0.0148,True,0.07992,0.06499,1.49,1.23,0.9989
108,022,人文學門,碩士班,100,21,3217.0,573.0,3117.0,552.0,0.03108,True,0.04933,0.01879,3.05,2.625,0.9989
108,023,語文學門,碩士班,116,13,6873.0,1427.0,6757.0,1414.0,0.01688,True,0.05723,0.04073,1.65,1.405,0.9989
108,031,社會及行為科學學門,碩士班,196,32,10385.0,2442.0,10189.0,2410.0,0.01887,True,0.09669,0.06142,3.53,1.574,0.9989
108,032,新聞學及圖書資訊學門,碩士班,25,7,2023.0,521.0,1998.0,514.0,0.01236,True,0.01233,0.01204,0.03,1.024,0.9989
108,041,商業及管理學門,碩士班,285,53,31333.0,12470.0,31048.0,12417.0,0.0091,True,0.1406,0.18715,-4.66,0.751,0.9989
108,042,法律學門,碩士班,97,6,6491.0,1089.0,6394.0,1083.0,0.01494,True,0.04785,0.03854,0.93,1.242,0.9989
108,051,生命科學學門,碩士班,9,7,3589.0,1435.0,3580.0,1428.0,0.00251,True,0.00444,0.02158,-1.71,0.206,0.9989
108,052,環境學門,碩士班,30,3,819.0,256.0,789.0,253.0,0.03663,True,0.0148,0.00476,1.0,3.109,0.9989
108,053,物理、化學及地球科學學門,碩士班,15,4,4617.0,1651.0,4602.0,1647.0,0.00325,True,0.0074,0.02774,-2.03,0.267,0.9989
108,054,數學及統計學門,碩士班,3,0,1799.0,732.0,1796.0,732.0,0.00167,True,0.00148,0.01083,-0.94,0.137,0.9989
108,061,資訊通訊科技學門,碩士班,63,17,11653.0,4351.0,11590.0,4334.0,0.00541,True,0.03108,0.06986,-3.88,0.445,0.9989
108,071,工程及工程業學門,碩士班,105,36,35974.0,13419.0,35869.0,13383.0,0.00292,True,0.0518,0.21621,-16.44,0.24,0.9989
108,072,製造及加工學門,碩士班,7,1,1331.0,492.0,1324.0,491.0,0.00526,True,0.00345,0.00798,-0.45,0.432,0.9989
108,073,建築及營建工程學門,碩士班,46,9,5502.0,1852.0,5456.0,1843.0,0.00836,True,0.02269,0.03289,-1.02,0.69,0.9989
108,081,農業學門,碩士班,9,2,1616.0,571.0,1607.0,569.0,0.00557,True,0.00444,0.00969,-0.52,0.458,0.9989
108,082,林業學門,碩士班,3,1,301.0,90.0,298.0,89.0,0.00997,True,0.00148,0.0018,-0.03,0.822,0.9989
108,083,漁業學門,碩士班,2,1,297.0,118.0,295.0,117.0,0.00673,True,0.00099,0.00178,-0.08,0.556,0.9989
108,084,獸醫學門,碩士班,0,1,245.0,91.0,245.0,90.0,0.0,True,0.0,0.00148,-0.15,0.0,0.9989
108,091,醫藥衛生學門,碩士班,86,10,7206.0,2317.0,7120.0,2307.0,0.01193,True,0.04243,0.04292,-0.05,0.989,0.9989
108,092,社會福利學門,碩士班,103,9,2150.0,436.0,2047.0,427.0,0.04791,True,0.05081,0.01234,3.85,4.118,0.9989
108,101,餐旅及民生服務學門,碩士班,177,28,5081.0,1629.0,4904.0,1601.0,0.03484,True,0.08732,0.02956,5.78,2.954,0.9989
108,102,衛生及職業衛生服務學門,碩士班,3,0,203.0,73.0,200.0,73.0,0.01478,True,0.00148,0.00121,0.03,1.223,0.9989
108,103,安全服務學門,碩士班,0,0,27.0,15.0,27.0,15.0,0.0,True,0.0,0.00016,-0.02,0.0,0.9989
108,104,運輸服務學門,碩士班,7,4,1064.0,376.0,1057.0,372.0,0.00658,True,0.00345,0.00637,-0.29,0.542,0.9989
108,999,其他學門,碩士班,6,2,276.0,59.0,270.0,57.0,0.02174,False,,,,,0.9989
108,011,教育學門,總計,1143,210,35466.0,8143.0,34323.0,7933.0,0.03223,True,0.04235,0.02901,1.33,1.46,0.9989
108,021,藝術學門,總計,2425,382,102243.0,22739.0,99818.0,22357.0,0.02372,True,0.08984,0.08436,0.55,1.065,0.9989
108,022,人文學門,總計,574,126,14231.0,2877.0,13657.0,2751.0,0.04033,True,0.02127,0.01154,0.97,1.843,0.9989
108,023,語文學門,總計,1476,272,84808.0,19603.0,83332.0,19331.0,0.0174,True,0.05468,0.07043,-1.58,0.776,0.9989
108,031,社會及行為科學學門,總計,947,172,40221.0,9298.0,39274.0,9126.0,0.02354,True,0.03509,0.03319,0.19,1.057,0.9989
108,032,新聞學及圖書資訊學門,總計,412,79,17272.0,4224.0,16860.0,4145.0,0.02385,True,0.01526,0.01425,0.1,1.071,0.9989
108,041,商業及管理學門,總計,3840,1007,205368.0,57321.0,201528.0,56314.0,0.0187,True,0.14227,0.17032,-2.8,0.835,0.9989
108,042,法律學門,總計,428,56,20106.0,4291.0,19678.0,4235.0,0.02129,True,0.01586,0.01663,-0.08,0.954,0.9989
108,051,生命科學學門,總計,217,43,24533.0,6408.0,24316.0,6365.0,0.00885,True,0.00804,0.02055,-1.25,0.391,0.9989
108,052,環境學門,總計,46,4,2639.0,728.0,2593.0,724.0,0.01743,True,0.0017,0.00219,-0.05,0.776,0.9989
108,053,物理、化學及地球科學學門,總計,85,16,21218.0,5189.0,21133.0,5173.0,0.00401,True,0.00315,0.01786,-1.47,0.176,0.9989
108,054,數學及統計學門,總計,42,8,12867.0,3066.0,12825.0,3058.0,0.00326,True,0.00156,0.01084,-0.93,0.144,0.9989
108,061,資訊通訊科技學門,總計,785,176,80364.0,21271.0,79579.0,21095.0,0.00977,True,0.02908,0.06726,-3.82,0.432,0.9989
108,071,工程及工程業學門,總計,1613,313,201516.0,50525.0,199903.0,50212.0,0.008,True,0.05976,0.16895,-10.92,0.354,0.9989
108,072,製造及加工學門,總計,120,32,9733.0,2555.0,9613.0,2523.0,0.01233,True,0.00445,0.00812,-0.37,0.548,0.9989
108,073,建築及營建工程學門,總計,574,96,30234.0,7505.0,29660.0,7409.0,0.01899,True,0.02127,0.02507,-0.38,0.848,0.9989
108,081,農業學門,總計,190,27,10030.0,2313.0,9840.0,2286.0,0.01894,True,0.00704,0.00832,-0.13,0.846,0.9989
108,082,林業學門,總計,51,16,2274.0,552.0,2223.0,536.0,0.02243,True,0.00189,0.00188,0.0,1.005,0.9989
108,083,漁業學門,總計,24,4,2553.0,572.0,2529.0,568.0,0.0094,True,0.00089,0.00214,-0.12,0.416,0.9989
108,084,獸醫學門,總計,30,2,2010.0,387.0,1980.0,385.0,0.01493,True,0.00111,0.00167,-0.06,0.665,0.9989
108,091,醫藥衛生學門,總計,4435,843,117792.0,28281.0,113357.0,27438.0,0.03765,True,0.16431,0.0958,6.85,1.715,0.9989
108,092,社會福利學門,總計,1909,427,29634.0,7407.0,27725.0,6980.0,0.06442,True,0.07073,0.02343,4.73,3.019,0.9989
108,101,餐旅及民生服務學門,總計,5325,988,130394.0,32702.0,125069.0,31714.0,0.04084,True,0.19729,0.1057,9.16,1.867,0.9989
108,102,衛生及職業衛生服務學門,總計,36,4,1738.0,425.0,1702.0,421.0,0.02071,True,0.00133,0.00144,-0.01,0.924,0.9989
108,103,安全服務學門,總計,71,4,1439.0,256.0,1368.0,252.0,0.04934,True,0.00263,0.00116,0.15,2.267,0.9989
108,104,運輸服務學門,總計,193,39,9544.0,2438.0,9351.0,2399.0,0.02022,True,0.00715,0.0079,-0.08,0.905,0.9989
108,999,其他學門,總計,592,2,1670.0,94.0,1078.0,92.0,0.35449,False,,,,,0.9989
109,011,教育學門,二專,1,0,59.0,0.0,58.0,0.0,0.01695,True,0.00107,0.00519,-0.41,0.206,0.9556
109,021,藝術學門,二專,8,4,350.0,17.0,342.0,13.0,0.02286,True,0.00858,0.03059,-2.2,0.28,0.9556
109,022,人文學門,二專,0,3,,,,,,True,0.0,,,,0.9556
109,023,語文學門,二專,21,6,475.0,1.0,454.0,-5.0,0.04421,True,0.02253,0.04061,-1.81,0.555,0.9556
109,031,社會及行為科學學門,二專,0,0,,,,,,True,0.0,,,,0.9556
109,032,新聞學及圖書資訊學門,二專,0,0,28.0,3.0,28.0,3.0,0.0,True,0.0,0.0025,-0.25,0.0,0.9556
109,041,商業及管理學門,二專,375,144,4214.0,337.0,3839.0,193.0,0.08899,True,0.40236,0.34338,5.9,1.172,0.9556
109,042,法律學門,二專,0,0,,,,,,True,0.0,,,,0.9556
109,051,生命科學學門,二專,3,0,36.0,0.0,33.0,0.0,0.08333,True,0.00322,0.00295,0.03,1.092,0.9556
109,052,環境學門,二專,0,0,,,,,,True,0.0,,,,0.9556
109,053,物理、化學及地球科學學門,二專,0,0,,,,,,True,0.0,,,,0.9556
109,054,數學及統計學門,二專,0,0,,,,,,True,0.0,,,,0.9556
109,061,資訊通訊科技學門,二專,24,9,528.0,70.0,504.0,61.0,0.04545,True,0.02575,0.04508,-1.93,0.571,0.9556
109,071,工程及工程業學門,二專,31,7,1379.0,167.0,1348.0,160.0,0.02248,True,0.03326,0.12057,-8.73,0.276,0.9556
109,072,製造及加工學門,二專,4,2,26.0,9.0,22.0,7.0,0.15385,True,0.00429,0.00197,0.23,2.178,0.9556
109,073,建築及營建工程學門,二專,14,2,212.0,41.0,198.0,39.0,0.06604,True,0.01502,0.01771,-0.27,0.848,0.9556
109,081,農業學門,二專,14,6,148.0,52.0,134.0,46.0,0.09459,True,0.01502,0.01199,0.3,1.253,0.9556
109,082,林業學門,二專,0,0,,,,,,True,0.0,,,,0.9556
109,083,漁業學門,二專,0,0,,,,,,True,0.0,,,,0.9556
109,084,獸醫學門,二專,0,0,,,,,,True,0.0,,,,0.9556
109,091,醫藥衛生學門,二專,33,14,1353.0,583.0,1320.0,569.0,0.02439,True,0.03541,0.11807,-8.27,0.3,0.9556
109,092,社會福利學門,二專,235,45,788.0,268.0,553.0,223.0,0.29822,True,0.25215,0.04946,20.27,5.098,0.9556
109,101,餐旅及民生服務學門,二專,167,58,2452.0,394.0,2285.0,336.0,0.06811,True,0.17918,0.20438,-2.52,0.877,0.9556
109,102,衛生及職業衛生服務學門,二專,0,0,,,,,,True,0.0,,,,0.9556
109,103,安全服務學門,二專,0,0,,,,,,True,0.0,,,,0.9556
109,104,運輸服務學門,二專,2,0,64.0,21.0,62.0,21.0,0.03125,True,0.00215,0.00555,-0.34,0.387,0.9556
109,999,其他學門,二專,3,0,32.0,18.0,29.0,18.0,0.09375,False,,,,,0.9556
109,011,教育學門,五專,0,0,,,,,,True,0.0,,,,0.9556
109,021,藝術學門,五專,71,8,3110.0,422.0,3039.0,414.0,0.02283,True,0.01776,0.07157,-5.38,0.248,0.9556
109,022,人文學門,五專,0,0,,,,,,True,0.0,,,,0.9556
109,023,語文學門,五專,115,24,5013.0,911.0,4898.0,887.0,0.02294,True,0.02876,0.11536,-8.66,0.249,0.9556
109,031,社會及行為科學學門,五專,0,0,,,,,,True,0.0,,,,0.9556
109,032,新聞學及圖書資訊學門,五專,0,0,,,,,,True,0.0,,,,0.9556
109,041,商業及管理學門,五專,97,12,5090.0,997.0,4993.0,985.0,0.01906,True,0.02426,0.1176,-9.33,0.206,0.9556
109,042,法律學門,五專,0,0,,,,,,True,0.0,,,,0.9556
109,051,生命科學學門,五專,15,0,682.0,111.0,667.0,111.0,0.02199,True,0.00375,0.01571,-1.2,0.239,0.9556
109,052,環境學門,五專,0,0,,,,,,True,0.0,,,,0.9556
109,053,物理、化學及地球科學學門,五專,0,0,,,,,,True,0.0,,,,0.9556
109,054,數學及統計學門,五專,0,0,,,,,,True,0.0,,,,0.9556
109,061,資訊通訊科技學門,五專,25,2,2322.0,368.0,2297.0,366.0,0.01077,True,0.00625,0.0541,-4.78,0.116,0.9556
109,071,工程及工程業學門,五專,54,6,3502.0,451.0,3448.0,445.0,0.01542,True,0.01351,0.08121,-6.77,0.166,0.9556
109,072,製造及加工學門,五專,23,4,111.0,19.0,88.0,15.0,0.20721,True,0.00575,0.00207,0.37,2.778,0.9556
109,073,建築及營建工程學門,五專,8,2,612.0,63.0,604.0,61.0,0.01307,True,0.002,0.01423,-1.22,0.141,0.9556
109,081,農業學門,五專,8,0,44.0,10.0,36.0,10.0,0.18182,True,0.002,0.00085,0.12,2.353,0.9556
109,082,林業學門,五專,0,0,,,,,,True,0.0,,,,0.9556
109,083,漁業學門,五專,1,0,64.0,0.0,63.0,0.0,0.01562,True,0.00025,0.00148,-0.12,0.169,0.9556
109,084,獸醫學門,五專,0,0,,,,,,True,0.0,,,,0.9556
109,091,醫藥衛生學門,五專,2739,366,11721.0,7203.0,8982.0,6837.0,0.23368,True,0.68509,0.21155,47.35,3.238,0.9556
109,092,社會福利學門,五專,362,38,3979.0,672.0,3617.0,634.0,0.09098,True,0.09055,0.08519,0.54,1.063,0.9556
109,101,餐旅及民生服務學門,五專,472,60,9818.0,1725.0,9346.0,1665.0,0.04807,True,0.11806,0.22012,-10.21,0.536,0.9556
109,102,衛生及職業衛生服務學門,五專,0,0,,,,,,True,0.0,,,,0.9556
109,103,安全服務學門,五專,0,0,,,,,,True,0.0,,,,0.9556
109,104,運輸服務學門,五專,8,1,389.0,68.0,381.0,67.0,0.02057,True,0.002,0.00897,-0.7,0.223,0.9556
109,999,其他學門,五專,4,0,49.0,0.0,45.0,0.0,0.08163,False,,,,,0.9556
109,011,教育學門,博士班,38,3,2739.0,300.0,2701.0,297.0,0.01387,True,0.21348,0.09562,11.79,2.233,0.9556
109,021,藝術學門,博士班,12,0,1142.0,96.0,1130.0,96.0,0.01051,True,0.06742,0.04,2.74,1.685,0.9556
109,022,人文學門,博士班,19,1,818.0,75.0,799.0,74.0,0.02323,True,0.10674,0.02829,7.85,3.773,0.9556
109,023,語文學門,博士班,18,1,1359.0,185.0,1341.0,184.0,0.01325,True,0.10112,0.04747,5.36,2.13,0.9556
109,031,社會及行為科學學門,博士班,10,0,1471.0,128.0,1461.0,128.0,0.0068,True,0.05618,0.05172,0.45,1.086,0.9556
109,032,新聞學及圖書資訊學門,博士班,2,0,141.0,16.0,139.0,16.0,0.01418,True,0.01124,0.00492,0.63,2.285,0.9556
109,041,商業及管理學門,博士班,21,1,3043.0,335.0,3022.0,334.0,0.0069,True,0.11798,0.10698,1.1,1.103,0.9556
109,042,法律學門,博士班,1,1,403.0,30.0,402.0,29.0,0.00248,True,0.00562,0.01423,-0.86,0.395,0.9556
109,051,生命科學學門,博士班,7,0,1505.0,222.0,1498.0,222.0,0.00465,True,0.03933,0.05303,-1.37,0.742,0.9556
109,052,環境學門,博士班,0,1,122.0,9.0,122.0,8.0,0.0,True,0.0,0.00432,-0.43,0.0,0.9556
109,053,物理、化學及地球科學學門,博士班,4,0,1689.0,258.0,1685.0,258.0,0.00237,True,0.02247,0.05965,-3.72,0.377,0.9556
109,054,數學及統計學門,博士班,0,0,200.0,16.0,200.0,16.0,0.0,True,0.0,0.00708,-0.71,0.0,0.9556
109,061,資訊通訊科技學門,博士班,3,0,1450.0,128.0,1447.0,128.0,0.00207,True,0.01685,0.05123,-3.44,0.329,0.9556
109,071,工程及工程業學門,博士班,20,0,6776.0,851.0,6756.0,851.0,0.00295,True,0.11236,0.23918,-12.68,0.47,0.9556
109,072,製造及加工學門,博士班,1,0,170.0,25.0,169.0,25.0,0.00588,True,0.00562,0.00598,-0.04,0.94,0.9556
109,073,建築及營建工程學門,博士班,2,0,855.0,100.0,853.0,100.0,0.00234,True,0.01124,0.0302,-1.9,0.372,0.9556
109,081,農業學門,博士班,3,0,389.0,39.0,386.0,39.0,0.00771,True,0.01685,0.01367,0.32,1.233,0.9556
109,082,林業學門,博士班,1,0,49.0,7.0,48.0,7.0,0.02041,True,0.00562,0.0017,0.39,3.306,0.9556
109,083,漁業學門,博士班,0,0,84.0,9.0,84.0,9.0,0.0,True,0.0,0.00297,-0.3,0.0,0.9556
109,084,獸醫學門,博士班,0,0,93.0,19.0,93.0,19.0,0.0,True,0.0,0.00329,-0.33,0.0,0.9556
109,091,醫藥衛生學門,博士班,14,1,3494.0,465.0,3480.0,464.0,0.00401,True,0.07865,0.1232,-4.46,0.638,0.9556
109,092,社會福利學門,博士班,0,0,141.0,11.0,141.0,11.0,0.0,True,0.0,0.00499,-0.5,0.0,0.9556
109,101,餐旅及民生服務學門,博士班,2,0,218.0,29.0,216.0,29.0,0.00917,True,0.01124,0.00765,0.36,1.469,0.9556
109,102,衛生及職業衛生服務學門,博士班,0,0,,,,,,True,0.0,,,,0.9556
109,103,安全服務學門,博士班,0,0,,,,,,True,0.0,,,,0.9556
109,104,運輸服務學門,博士班,0,0,74.0,12.0,74.0,12.0,0.0,True,0.0,0.00262,-0.26,0.0,0.9556
109,999,其他學門,博士班,2,0,130.0,3.0,128.0,3.0,0.01538,False,,,,,0.9556
109,011,教育學門,學士班,770,132,19583.0,4566.0,18813.0,4434.0,0.03932,True,0.03863,0.02156,1.71,1.792,0.9556
109,021,藝術學門,學士班,2246,334,82325.0,18792.0,80079.0,18458.0,0.02728,True,0.11268,0.09176,2.09,1.228,0.9556
109,022,人文學門,學士班,426,116,10190.0,2133.0,9764.0,2017.0,0.04181,True,0.02137,0.01119,1.02,1.91,0.9556
109,023,語文學門,學士班,1215,198,69235.0,16022.0,68020.0,15824.0,0.01755,True,0.06096,0.07794,-1.7,0.782,0.9556
109,031,社會及行為科學學門,學士班,762,167,28144.0,6646.0,27382.0,6479.0,0.02708,True,0.03823,0.03138,0.69,1.218,0.9556
109,032,新聞學及圖書資訊學門,學士班,348,75,14492.0,3493.0,14144.0,3418.0,0.02401,True,0.01746,0.01621,0.13,1.077,0.9556
109,041,商業及管理學門,學士班,2961,736,158712.0,39532.0,155751.0,38796.0,0.01866,True,0.14856,0.17847,-2.99,0.832,0.9556
109,042,法律學門,學士班,381,63,10671.0,3117.0,10290.0,3054.0,0.0357,True,0.01911,0.01179,0.73,1.621,0.9556
109,051,生命科學學門,學士班,192,40,17968.0,4463.0,17776.0,4423.0,0.01069,True,0.00963,0.02037,-1.07,0.473,0.9556
109,052,環境學門,學士班,23,4,1680.0,420.0,1657.0,416.0,0.01369,True,0.00115,0.0019,-0.08,0.605,0.9556
109,053,物理、化學及地球科學學門,學士班,70,8,14788.0,3267.0,14718.0,3259.0,0.00473,True,0.00351,0.01686,-1.34,0.208,0.9556
109,054,數學及統計學門,學士班,36,8,10917.0,2326.0,10881.0,2318.0,0.0033,True,0.00181,0.01247,-1.07,0.145,0.9556
109,061,資訊通訊科技學門,學士班,672,114,63677.0,14345.0,63005.0,14231.0,0.01055,True,0.03371,0.07219,-3.85,0.467,0.9556
109,071,工程及工程業學門,學士班,1449,213,151443.0,33588.0,149994.0,33375.0,0.00957,True,0.0727,0.17187,-9.92,0.423,0.9556
109,072,製造及加工學門,學士班,83,16,7995.0,1775.0,7912.0,1759.0,0.01038,True,0.00416,0.00907,-0.49,0.459,0.9556
109,073,建築及營建工程學門,學士班,536,75,22947.0,5004.0,22411.0,4929.0,0.02336,True,0.02689,0.02568,0.12,1.047,0.9556
109,081,農業學門,學士班,165,20,8040.0,1602.0,7875.0,1582.0,0.02052,True,0.00828,0.00902,-0.07,0.918,0.9556
109,082,林業學門,學士班,46,11,1916.0,437.0,1870.0,426.0,0.02401,True,0.00231,0.00214,0.02,1.079,0.9556
109,083,漁業學門,學士班,21,5,2048.0,448.0,2027.0,443.0,0.01025,True,0.00105,0.00232,-0.13,0.453,0.9556
109,084,獸醫學門,學士班,31,1,1655.0,298.0,1624.0,297.0,0.01873,True,0.00156,0.00186,-0.03,0.839,0.9556
109,091,醫藥衛生學門,學士班,1618,383,55576.0,16464.0,53958.0,16081.0,0.02911,True,0.08118,0.06183,1.93,1.313,0.9556
109,092,社會福利學門,學士班,1338,303,23940.0,5877.0,22602.0,5574.0,0.05589,True,0.06713,0.0259,4.12,2.592,0.9556
109,101,餐旅及民生服務學門,學士班,4292,818,104459.0,25651.0,100167.0,24833.0,0.04109,True,0.21533,0.11478,10.06,1.876,0.9556
109,102,衛生及職業衛生服務學門,學士班,30,7,1527.0,393.0,1497.0,386.0,0.01965,True,0.00151,0.00172,-0.02,0.878,0.9556
109,103,安全服務學門,學士班,66,11,1328.0,275.0,1262.0,264.0,0.0497,True,0.00331,0.00145,0.19,2.283,0.9556
109,104,運輸服務學門,學士班,155,21,7389.0,1890.0,7234.0,1869.0,0.02098,True,0.00778,0.00829,-0.05,0.938,0.9556
109,999,其他學門,學士班,739,0,1229.0,39.0,490.0,39.0,0.6013,False,,,,,0.9556
109,011,教育學門,碩士班,443,40,13427.0,2983.0,12984.0,2943.0,0.03299,True,0.20082,0.078,12.28,2.575,0.9556
109,021,藝術學門,碩士班,156,32,11081.0,2592.0,10925.0,2560.0,0.01408,True,0.07072,0.06563,0.51,1.078,0.9556
109,022,人文學門,碩士班,112,14,3240.0,566.0,3128.0,552.0,0.03457,True,0.05077,0.01879,3.2,2.702,0.9556
109,023,語文學門,碩士班,116,12,6794.0,1356.0,6678.0,1344.0,0.01707,True,0.05258,0.04012,1.25,1.311,0.9556
109,031,社會及行為科學學門,碩士班,218,31,10230.0,2598.0,10012.0,2567.0,0.02131,True,0.09882,0.06015,3.87,1.643,0.9556
109,032,新聞學及圖書資訊學門,碩士班,22,5,1981.0,496.0,1959.0,491.0,0.01111,True,0.00997,0.01177,-0.18,0.847,0.9556
109,041,商業及管理學門,碩士班,296,87,31030.0,12200.0,30734.0,12113.0,0.00954,True,0.13418,0.18463,-5.04,0.727,0.9556
109,042,法律學門,碩士班,112,4,6624.0,1143.0,6512.0,1139.0,0.01691,True,0.05077,0.03912,1.16,1.298,0.9556
109,051,生命科學學門,碩士班,12,5,3527.0,1243.0,3515.0,1238.0,0.0034,True,0.00544,0.02112,-1.57,0.258,0.9556
109,052,環境學門,碩士班,38,3,849.0,257.0,811.0,254.0,0.04476,True,0.01723,0.00487,1.24,3.538,0.9556
109,053,物理、化學及地球科學學門,碩士班,19,3,4593.0,1757.0,4574.0,1754.0,0.00414,True,0.00861,0.02748,-1.89,0.313,0.9556
109,054,數學及統計學門,碩士班,3,1,1740.0,719.0,1737.0,718.0,0.00172,True,0.00136,0.01043,-0.91,0.13,0.9556
109,061,資訊通訊科技學門,碩士班,47,25,12266.0,4170.0,12219.0,4145.0,0.00383,True,0.02131,0.07341,-5.21,0.29,0.9556
109,071,工程及工程業學門,碩士班,103,39,36126.0,13255.0,36023.0,13216.0,0.00285,True,0.04669,0.21641,-16.97,0.216,0.9556
109,072,製造及加工學門,碩士班,7,0,1284.0,482.0,1277.0,482.0,0.00545,True,0.00317,0.00767,-0.45,0.413,0.9556
109,073,建築及營建工程學門,碩士班,51,13,5435.0,1909.0,5384.0,1896.0,0.00938,True,0.02312,0.03234,-0.92,0.715,0.9556
109,081,農業學門,碩士班,7,1,1659.0,505.0,1652.0,504.0,0.00422,True,0.00317,0.00992,-0.68,0.32,0.9556
109,082,林業學門,碩士班,11,0,308.0,101.0,297.0,101.0,0.03571,True,0.00499,0.00178,0.32,2.803,0.9556
109,083,漁業學門,碩士班,3,0,316.0,107.0,313.0,107.0,0.00949,True,0.00136,0.00188,-0.05,0.723,0.9556
109,084,獸醫學門,碩士班,0,0,228.0,82.0,228.0,82.0,0.0,True,0.0,0.00137,-0.14,0.0,0.9556
109,091,醫藥衛生學門,碩士班,97,15,7368.0,2243.0,7271.0,2228.0,0.01317,True,0.04397,0.04368,0.03,1.007,0.9556
109,092,社會福利學門,碩士班,124,15,2258.0,432.0,2134.0,417.0,0.05492,True,0.05621,0.01282,4.34,4.385,0.9556
109,101,餐旅及民生服務學門,碩士班,202,28,5183.0,1733.0,4981.0,1705.0,0.03897,True,0.09157,0.02992,6.16,3.06,0.9556
109,102,衛生及職業衛生服務學門,碩士班,2,0,191.0,79.0,189.0,79.0,0.01047,True,0.00091,0.00114,-0.02,0.798,0.9556
109,103,安全服務學門,碩士班,0,0,28.0,16.0,28.0,16.0,0.0,True,0.0,0.00017,-0.02,0.0,0.9556
109,104,運輸服務學門,碩士班,5,2,900.0,348.0,895.0,346.0,0.00556,True,0.00227,0.00538,-0.31,0.422,0.9556
109,999,其他學門,碩士班,9,0,308.0,58.0,299.0,58.0,0.02922,False,,,,,0.9556
109,011,教育學門,總計,1252,175,35808.0,7849.0,34556.0,7674.0,0.03496,True,0.04595,0.03082,1.51,1.491,0.9556
109,021,藝術學門,總計,2493,378,98008.0,21919.0,95515.0,21541.0,0.02544,True,0.0915,0.0852,0.63,1.074,0.9556
109,022,人文學門,總計,557,134,14248.0,2774.0,13691.0,2640.0,0.03909,True,0.02044,0.01221,0.82,1.674,0.9556
109,023,語文學門,總計,1485,241,82876.0,18475.0,81391.0,18234.0,0.01792,True,0.0545,0.0726,-1.81,0.751,0.9556
109,031,社會及行為科學學門,總計,990,198,39845.0,9372.0,38855.0,9174.0,0.02485,True,0.03634,0.03466,0.17,1.048,0.9556
109,032,新聞學及圖書資訊學門,總計,372,80,16642.0,4008.0,16270.0,3928.0,0.02235,True,0.01365,0.01451,-0.09,0.941,0.9556
109,041,商業及管理學門,總計,3750,980,202089.0,53401.0,198339.0,52421.0,0.01856,True,0.13763,0.17692,-3.93,0.778,0.9556
109,042,法律學門,總計,494,68,17698.0,4290.0,17204.0,4222.0,0.02791,True,0.01813,0.01535,0.28,1.181,0.9556
109,051,生命科學學門,總計,229,45,23718.0,6039.0,23489.0,5994.0,0.00966,True,0.0084,0.02095,-1.26,0.401,0.9556
109,052,環境學門,總計,61,8,2651.0,686.0,2590.0,678.0,0.02301,True,0.00224,0.00231,-0.01,0.97,0.9556
109,053,物理、化學及地球科學學門,總計,93,11,21070.0,5282.0,20977.0,5271.0,0.00441,True,0.00341,0.01871,-1.53,0.182,0.9556
109,054,數學及統計學門,總計,39,9,12857.0,3061.0,12818.0,3052.0,0.00303,True,0.00143,0.01143,-1.0,0.125,0.9556
109,061,資訊通訊科技學門,總計,771,150,80243.0,19081.0,79472.0,18931.0,0.00961,True,0.0283,0.07089,-4.26,0.399,0.9556
109,071,工程及工程業學門,總計,1657,265,199226.0,48312.0,197569.0,48047.0,0.00832,True,0.06082,0.17623,-11.54,0.345,0.9556
109,072,製造及加工學門,總計,118,22,9586.0,2310.0,9468.0,2288.0,0.01231,True,0.00433,0.00845,-0.41,0.512,0.9556
109,073,建築及營建工程學門,總計,611,92,30061.0,7117.0,29450.0,7025.0,0.02033,True,0.02243,0.02627,-0.38,0.854,0.9556
109,081,農業學門,總計,197,27,10280.0,2208.0,10083.0,2181.0,0.01916,True,0.00723,0.00899,-0.18,0.804,0.9556
109,082,林業學門,總計,58,11,2273.0,545.0,2215.0,534.0,0.02552,True,0.00213,0.00198,0.01,1.076,0.9556
109,083,漁業學門,總計,25,5,2512.0,564.0,2487.0,559.0,0.00995,True,0.00092,0.00222,-0.13,0.414,0.9556
109,084,獸醫學門,總計,31,1,1976.0,399.0,1945.0,398.0,0.01569,True,0.00114,0.00173,-0.06,0.659,0.9556
109,091,醫藥衛生學門,總計,4501,779,79512.0,26958.0,75011.0,26179.0,0.05661,True,0.1652,0.06691,9.83,2.469,0.9556
109,092,社會福利學門,總計,2059,401,31106.0,7260.0,29047.0,6859.0,0.06619,True,0.07557,0.02591,4.97,2.917,0.9556
109,101,餐旅及民生服務學門,總計,5135,964,122130.0,29532.0,116995.0,28568.0,0.04205,True,0.18847,0.10436,8.41,1.806,0.9556
109,102,衛生及職業衛生服務學門,總計,32,7,1718.0,472.0,1686.0,465.0,0.01863,True,0.00117,0.0015,-0.03,0.78,0.9556
109,103,安全服務學門,總計,66,11,1356.0,291.0,1290.0,280.0,0.04867,True,0.00242,0.00115,0.13,2.104,0.9556
109,104,運輸服務學門,總計,170,24,8816.0,2339.0,8646.0,2315.0,0.01928,True,0.00624,0.00771,-0.15,0.809,0.9556
109,999,其他學門,總計,757,0,1748.0,118.0,991.0,118.0,0.43307,False,,,,,0.9556
110,011,教育學門,二專,2,0,59.0,22.0,57.0,22.0,0.0339,True,0.00198,0.00625,-0.43,0.317,1.0
110,021,藝術學門,二專,6,1,268.0,125.0,262.0,124.0,0.02239,True,0.00594,0.02873,-2.28,0.207,1.0
110,022,人文學門,二專,1,0,1.0,0.0,0.0,0.0,1.0,True,0.00099,0.0,0.1,inf,1.0
110,023,語文學門,二專,16,13,371.0,217.0,355.0,204.0,0.04313,True,0.01584,0.03893,-2.31,0.407,1.0
110,031,社會及行為科學學門,二專,0,0,,,,,,True,0.0,,,,1.0
110,032,新聞學及圖書資訊學門,二專,0,0,22.0,0.0,22.0,0.0,0.0,True,0.0,0.00241,-0.24,0.0,1.0
110,041,商業及管理學門,二專,370,127,3174.0,1833.0,2804.0,1706.0,0.11657,True,0.36634,0.30752,5.88,1.191,1.0
110,042,法律學門,二專,0,0,,,,,,True,0.0,,,,1.0
110,051,生命科學學門,二專,4,0,36.0,15.0,32.0,15.0,0.11111,True,0.00396,0.00351,0.04,1.128,1.0
110,052,環境學門,二專,0,0,,,,,,True,0.0,,,,1.0
110,053,物理、化學及地球科學學門,二專,0,0,,,,,,True,0.0,,,,1.0
110,054,數學及統計學門,二專,0,0,,,,,,True,0.0,,,,1.0
110,061,資訊通訊科技學門,二專,16,7,506.0,180.0,490.0,173.0,0.03162,True,0.01584,0.05374,-3.79,0.295,1.0
110,071,工程及工程業學門,二專,28,6,1108.0,492.0,1080.0,486.0,0.02527,True,0.02772,0.11845,-9.07,0.234,1.0
110,072,製造及加工學門,二專,22,0,61.0,8.0,39.0,8.0,0.36066,True,0.02178,0.00428,1.75,5.089,1.0
110,073,建築及營建工程學門,二專,10,6,206.0,68.0,196.0,62.0,0.04854,True,0.0099,0.0215,-1.16,0.46,1.0
110,081,農業學門,二專,15,5,127.0,80.0,112.0,75.0,0.11811,True,0.01485,0.01228,0.26,1.209,1.0
110,082,林業學門,二專,0,0,,,,,,True,0.0,,,,1.0
110,083,漁業學門,二專,0,0,,,,,,True,0.0,,,,1.0
110,084,獸醫學門,二專,0,0,,,,,,True,0.0,,,,1.0
110,091,醫藥衛生學門,二專,40,7,1389.0,566.0,1349.0,559.0,0.0288,True,0.0396,0.14795,-10.84,0.268,1.0
110,092,社會福利學門,二專,330,59,813.0,346.0,483.0,287.0,0.4059,True,0.32673,0.05297,27.38,6.168,1.0
110,101,餐旅及民生服務學門,二專,144,55,1939.0,912.0,1795.0,857.0,0.07427,True,0.14257,0.19686,-5.43,0.724,1.0
110,102,衛生及職業衛生服務學門,二專,0,0,,,,,,True,0.0,,,,1.0
110,103,安全服務學門,二專,0,0,,,,,,True,0.0,,,,1.0
110,104,運輸服務學門,二專,6,1,48.0,41.0,42.0,40.0,0.125,True,0.00594,0.00461,0.13,1.289,1.0
110,999,其他學門,二專,0,3,1.0,28.0,1.0,25.0,0.0,False,,,,,1.0
110,011,教育學門,五專,0,0,,,,,,True,0.0,,,,1.0
110,021,藝術學門,五專,48,12,2535.0,431.0,2487.0,419.0,0.01893,True,0.0124,0.03574,-2.33,0.347,1.0
110,022,人文學門,五專,0,0,,,,,,True,0.0,,,,1.0
110,023,語文學門,五專,103,15,4842.0,742.0,4739.0,727.0,0.02127,True,0.0266,0.06811,-4.15,0.391,1.0
110,031,社會及行為科學學門,五專,0,0,,,,,,True,0.0,,,,1.0
110,032,新聞學及圖書資訊學門,五專,0,0,,,,,,True,0.0,,,,1.0
110,041,商業及管理學門,五專,102,10,4864.0,861.0,4762.0,851.0,0.02097,True,0.02634,0.06844,-4.21,0.385,1.0
110,042,法律學門,五專,0,0,,,,,,True,0.0,,,,1.0
110,051,生命科學學門,五專,16,2,629.0,105.0,613.0,103.0,0.02544,True,0.00413,0.00881,-0.47,0.469,1.0
110,052,環境學門,五專,0,0,,,,,,True,0.0,,,,1.0
110,053,物理、化學及地球科學學門,五專,0,0,,,,,,True,0.0,,,,1.0
110,054,數學及統計學門,五專,0,0,,,,,,True,0.0,,,,1.0
110,061,資訊通訊科技學門,五專,30,4,2301.0,370.0,2271.0,366.0,0.01304,True,0.00775,0.03264,-2.49,0.237,1.0
110,071,工程及工程業學門,五專,56,5,3487.0,441.0,3431.0,436.0,0.01606,True,0.01446,0.04931,-3.48,0.293,1.0
110,072,製造及加工學門,五專,21,2,104.0,21.0,83.0,19.0,0.20192,True,0.00542,0.00119,0.42,4.555,1.0
110,073,建築及營建工程學門,五專,10,0,724.0,32.0,714.0,32.0,0.01381,True,0.00258,0.01026,-0.77,0.251,1.0
110,081,農業學門,五專,7,2,30.0,12.0,23.0,10.0,0.23333,True,0.00181,0.00033,0.15,5.485,1.0
110,082,林業學門,五專,0,0,,,,,,True,0.0,,,,1.0
110,083,漁業學門,五專,0,0,79.0,0.0,79.0,0.0,0.0,True,0.0,0.00114,-0.11,0.0,1.0
110,084,獸醫學門,五專,0,0,,,,,,True,0.0,,,,1.0
110,091,醫藥衛生學門,五專,2646,385,41040.0,7228.0,38394.0,6843.0,0.06447,True,0.68337,0.55179,13.16,1.238,1.0
110,092,社會福利學門,五專,390,56,3888.0,638.0,3498.0,582.0,0.10031,True,0.10072,0.05027,5.04,2.004,1.0
110,101,餐旅及民生服務學門,五專,435,47,8584.0,1842.0,8149.0,1795.0,0.05068,True,0.11235,0.11712,-0.48,0.959,1.0
110,102,衛生及職業衛生服務學門,五專,0,0,,,,,,True,0.0,,,,1.0
110,103,安全服務學門,五專,0,0,,,,,,True,0.0,,,,1.0
110,104,運輸服務學門,五專,8,1,346.0,62.0,338.0,61.0,0.02312,True,0.00207,0.00486,-0.28,0.426,1.0
110,999,其他學門,五專,7,0,87.0,0.0,80.0,0.0,0.08046,False,,,,,1.0
110,011,教育學門,博士班,43,4,2719.0,308.0,2676.0,304.0,0.01581,True,0.21393,0.0937,12.02,2.283,1.0
110,021,藝術學門,博士班,11,0,1160.0,111.0,1149.0,111.0,0.00948,True,0.05473,0.04023,1.45,1.36,1.0
110,022,人文學門,博士班,25,1,852.0,84.0,827.0,83.0,0.02934,True,0.12438,0.02896,9.54,4.295,1.0
110,023,語文學門,博士班,18,2,1336.0,164.0,1318.0,162.0,0.01347,True,0.08955,0.04615,4.34,1.94,1.0
110,031,社會及行為科學學門,博士班,14,2,1484.0,149.0,1470.0,147.0,0.00943,True,0.06965,0.05147,1.82,1.353,1.0
110,032,新聞學及圖書資訊學門,博士班,2,0,129.0,16.0,127.0,16.0,0.0155,True,0.00995,0.00445,0.55,2.236,1.0
110,041,商業及管理學門,博士班,18,0,3092.0,353.0,3074.0,353.0,0.00582,True,0.08955,0.10763,-1.81,0.832,1.0
110,042,法律學門,博士班,3,0,401.0,27.0,398.0,27.0,0.00748,True,0.01493,0.01394,0.1,1.071,1.0
110,051,生命科學學門,博士班,8,1,1548.0,250.0,1540.0,249.0,0.00517,True,0.0398,0.05392,-1.41,0.738,1.0
110,052,環境學門,博士班,0,0,128.0,17.0,128.0,17.0,0.0,True,0.0,0.00448,-0.45,0.0,1.0
110,053,物理、化學及地球科學學門,博士班,4,0,1735.0,229.0,1731.0,229.0,0.00231,True,0.0199,0.06061,-4.07,0.328,1.0
110,054,數學及統計學門,博士班,1,0,199.0,28.0,198.0,28.0,0.00503,True,0.00498,0.00693,-0.2,0.719,1.0
110,061,資訊通訊科技學門,博士班,5,0,1540.0,161.0,1535.0,161.0,0.00325,True,0.02488,0.05375,-2.89,0.463,1.0
110,071,工程及工程業學門,博士班,22,2,6752.0,926.0,6730.0,924.0,0.00326,True,0.10945,0.23564,-12.62,0.464,1.0
110,072,製造及加工學門,博士班,1,0,149.0,32.0,148.0,32.0,0.00671,True,0.00498,0.00518,-0.02,0.961,1.0
110,073,建築及營建工程學門,博士班,3,0,888.0,109.0,885.0,109.0,0.00338,True,0.01493,0.03099,-1.61,0.482,1.0
110,081,農業學門,博士班,2,1,388.0,48.0,386.0,47.0,0.00515,True,0.00995,0.01352,-0.36,0.736,1.0
110,082,林業學門,博士班,0,0,57.0,1.0,57.0,1.0,0.0,True,0.0,0.002,-0.2,0.0,1.0
110,083,漁業學門,博士班,0,0,97.0,8.0,97.0,8.0,0.0,True,0.0,0.0034,-0.34,0.0,1.0
110,084,獸醫學門,博士班,0,0,84.0,13.0,84.0,13.0,0.0,True,0.0,0.00294,-0.29,0.0,1.0
110,091,醫藥衛生學門,博士班,16,0,3584.0,465.0,3568.0,465.0,0.00446,True,0.0796,0.12493,-4.53,0.637,1.0
110,092,社會福利學門,博士班,1,0,135.0,18.0,134.0,18.0,0.00741,True,0.00498,0.00469,0.03,1.062,1.0
110,101,餐旅及民生服務學門,博士班,4,0,226.0,28.0,222.0,28.0,0.0177,True,0.0199,0.00777,1.21,2.561,1.0
110,102,衛生及職業衛生服務學門,博士班,0,0,,,,,,True,0.0,,,,1.0
110,103,安全服務學門,博士班,0,0,,,,,,True,0.0,,,,1.0
110,104,運輸服務學門,博士班,0,0,78.0,9.0,78.0,9.0,0.0,True,0.0,0.00273,-0.27,0.0,1.0
110,999,其他學門,博士班,1,0,146.0,3.0,145.0,3.0,0.00685,False,,,,,1.0
110,011,教育學門,學士班,843,141,19196.0,4525.0,18353.0,4384.0,0.04392,True,0.04203,0.02086,2.12,2.015,1.0
110,021,藝術學門,學士班,2317,367,82203.0,18734.0,79886.0,18367.0,0.02819,True,0.11552,0.09079,2.47,1.272,1.0
110,022,人文學門,學士班,425,87,10045.0,2066.0,9620.0,1979.0,0.04231,True,0.02119,0.01093,1.03,1.939,1.0
110,023,語文學門,學士班,1192,239,66962.0,15698.0,65770.0,15459.0,0.0178,True,0.05943,0.07475,-1.53,0.795,1.0
110,031,社會及行為科學學門,學士班,815,150,28511.0,6220.0,27696.0,6070.0,0.02859,True,0.04063,0.03148,0.91,1.291,1.0
110,032,新聞學及圖書資訊學門,學士班,351,67,14447.0,3242.0,14096.0,3175.0,0.0243,True,0.0175,0.01602,0.15,1.092,1.0
110,041,商業及管理學門,學士班,2954,731,159295.0,38268.0,156341.0,37537.0,0.01854,True,0.14727,0.17768,-3.04,0.829,1.0
110,042,法律學門,學士班,404,77,13193.0,2974.0,12789.0,2897.0,0.03062,True,0.02014,0.01453,0.56,1.386,1.0
110,051,生命科學學門,學士班,186,37,17636.0,4136.0,17450.0,4099.0,0.01055,True,0.00927,0.01983,-1.06,0.467,1.0
110,052,環境學門,學士班,26,3,1649.0,385.0,1623.0,382.0,0.01577,True,0.0013,0.00184,-0.05,0.707,1.0
110,053,物理、化學及地球科學學門,學士班,69,10,15279.0,3088.0,15210.0,3078.0,0.00452,True,0.00344,0.01729,-1.38,0.199,1.0
110,054,數學及統計學門,學士班,52,3,10951.0,2219.0,10899.0,2216.0,0.00475,True,0.00259,0.01239,-0.98,0.209,1.0
110,061,資訊通訊科技學門,學士班,676,142,66233.0,14257.0,65557.0,14115.0,0.01021,True,0.0337,0.0745,-4.08,0.452,1.0
110,071,工程及工程業學門,學士班,1462,267,153270.0,33229.0,151808.0,32962.0,0.00954,True,0.07289,0.17253,-9.96,0.422,1.0
110,072,製造及加工學門,學士班,81,21,7648.0,1833.0,7567.0,1812.0,0.01059,True,0.00404,0.0086,-0.46,0.47,1.0
110,073,建築及營建工程學門,學士班,534,88,23103.0,4891.0,22569.0,4803.0,0.02311,True,0.02662,0.02565,0.1,1.038,1.0
110,081,農業學門,學士班,186,30,8035.0,1736.0,7849.0,1706.0,0.02315,True,0.00927,0.00892,0.03,1.039,1.0
110,082,林業學門,學士班,42,11,1907.0,432.0,1865.0,421.0,0.02202,True,0.00209,0.00212,-0.0,0.986,1.0
110,083,漁業學門,學士班,20,4,1967.0,457.0,1947.0,453.0,0.01017,True,0.001,0.00221,-0.12,0.452,1.0
110,084,獸醫學門,學士班,31,6,1828.0,355.0,1797.0,349.0,0.01696,True,0.00155,0.00204,-0.05,0.76,1.0
110,091,醫藥衛生學門,學士班,1715,412,65233.0,16542.0,63518.0,16130.0,0.02629,True,0.0855,0.07219,1.33,1.184,1.0
110,092,社會福利學門,學士班,1411,328,24207.0,6506.0,22796.0,6178.0,0.05829,True,0.07035,0.02591,4.44,2.715,1.0
110,101,餐旅及民生服務學門,學士班,4044,769,97294.0,24408.0,93250.0,23639.0,0.04156,True,0.20162,0.10598,9.56,1.902,1.0
110,102,衛生及職業衛生服務學門,學士班,33,9,1502.0,372.0,1469.0,363.0,0.02197,True,0.00165,0.00167,-0.0,0.988,1.0
110,103,安全服務學門,學士班,46,17,1182.0,356.0,1136.0,339.0,0.03892,True,0.00229,0.00129,0.1,1.775,1.0
110,104,運輸服務學門,學士班,143,25,7184.0,1773.0,7041.0,1748.0,0.01991,True,0.00713,0.008,-0.09,0.891,1.0
110,999,其他學門,學士班,937,1,1515.0,39.0,578.0,38.0,0.61848,False,,,,,1.0
110,011,教育學門,碩士班,469,56,13801.0,3076.0,13332.0,3020.0,0.03398,True,0.19949,0.07882,12.07,2.531,1.0
110,021,藝術學門,碩士班,168,22,11272.0,2628.0,11104.0,2606.0,0.0149,True,0.07146,0.06565,0.58,1.088,1.0
110,022,人文學門,碩士班,126,9,3285.0,563.0,3159.0,554.0,0.03836,True,0.05359,0.01868,3.49,2.869,1.0
110,023,語文學門,碩士班,124,13,6916.0,1257.0,6792.0,1244.0,0.01793,True,0.05274,0.04015,1.26,1.314,1.0
110,031,社會及行為科學學門,碩士班,249,31,10427.0,2477.0,10178.0,2446.0,0.02388,True,0.10591,0.06017,4.57,1.76,1.0
110,032,新聞學及圖書資訊學門,碩士班,20,4,1951.0,521.0,1931.0,517.0,0.01025,True,0.00851,0.01142,-0.29,0.745,1.0
110,041,商業及管理學門,碩士班,277,78,31149.0,12243.0,30872.0,12165.0,0.00889,True,0.11782,0.18251,-6.47,0.646,1.0
110,042,法律學門,碩士班,127,6,6582.0,1249.0,6455.0,1243.0,0.0193,True,0.05402,0.03816,1.59,1.416,1.0
110,051,生命科學學門,碩士班,17,2,3490.0,1340.0,3473.0,1338.0,0.00487,True,0.00723,0.02053,-1.33,0.352,1.0
110,052,環境學門,碩士班,27,3,838.0,214.0,811.0,211.0,0.03222,True,0.01148,0.00479,0.67,2.397,1.0
110,053,物理、化學及地球科學學門,碩士班,15,7,4589.0,1775.0,4574.0,1768.0,0.00327,True,0.00638,0.02704,-2.07,0.236,1.0
110,054,數學及統計學門,碩士班,4,2,1761.0,660.0,1757.0,658.0,0.00227,True,0.0017,0.01039,-0.87,0.164,1.0
110,061,資訊通訊科技學門,碩士班,53,13,12983.0,4418.0,12930.0,4405.0,0.00408,True,0.02254,0.07644,-5.39,0.295,1.0
110,071,工程及工程業學門,碩士班,114,33,36953.0,13751.0,36839.0,13718.0,0.00308,True,0.04849,0.21779,-16.93,0.223,1.0
110,072,製造及加工學門,碩士班,7,3,1255.0,493.0,1248.0,490.0,0.00558,True,0.00298,0.00738,-0.44,0.404,1.0
110,073,建築及營建工程學門,碩士班,61,9,5485.0,1866.0,5424.0,1857.0,0.01112,True,0.02595,0.03207,-0.61,0.809,1.0
110,081,農業學門,碩士班,7,2,1670.0,595.0,1663.0,593.0,0.00419,True,0.00298,0.00983,-0.68,0.303,1.0
110,082,林業學門,碩士班,13,0,327.0,64.0,314.0,64.0,0.03976,True,0.00553,0.00186,0.37,2.973,1.0
110,083,漁業學門,碩士班,4,1,341.0,107.0,337.0,106.0,0.01173,True,0.0017,0.00199,-0.03,0.854,1.0
110,084,獸醫學門,碩士班,0,0,238.0,93.0,238.0,93.0,0.0,True,0.0,0.00141,-0.14,0.0,1.0
110,091,醫藥衛生學門,碩士班,104,19,7589.0,2399.0,7485.0,2380.0,0.0137,True,0.04424,0.04425,-0.0,1.0,1.0
110,092,社會福利學門,碩士班,147,10,2378.0,450.0,2231.0,440.0,0.06182,True,0.06253,0.01319,4.93,4.741,1.0
110,101,餐旅及民生服務學門,碩士班,214,42,5094.0,1605.0,4880.0,1563.0,0.04201,True,0.09103,0.02885,6.22,3.155,1.0
110,102,衛生及職業衛生服務學門,碩士班,1,1,190.0,84.0,189.0,83.0,0.00526,True,0.00043,0.00112,-0.07,0.384,1.0
110,103,安全服務學門,碩士班,0,0,31.0,15.0,31.0,15.0,0.0,True,0.0,0.00018,-0.02,0.0,1.0
110,104,運輸服務學門,碩士班,3,4,908.0,361.0,905.0,357.0,0.0033,True,0.00128,0.00535,-0.41,0.239,1.0
110,999,其他學門,碩士班,3,3,276.0,94.0,273.0,91.0,0.01087,False,,,,,1.0
110,011,教育學門,總計,1357,201,35775.0,7931.0,34418.0,7730.0,0.03793,True,0.04936,0.02977,1.96,1.658,1.0
110,021,藝術學門,總計,2550,402,97438.0,22029.0,94888.0,21627.0,0.02617,True,0.09275,0.08206,1.07,1.13,1.0
110,022,人文學門,總計,577,97,14183.0,2713.0,13606.0,2616.0,0.04068,True,0.02099,0.01177,0.92,1.783,1.0
110,023,語文學門,總計,1453,282,80427.0,18078.0,78974.0,17796.0,0.01807,True,0.05285,0.0683,-1.54,0.774,1.0
110,031,社會及行為科學學門,總計,1078,183,40422.0,8846.0,39344.0,8663.0,0.02667,True,0.03921,0.03403,0.52,1.152,1.0
110,032,新聞學及圖書資訊學門,總計,373,71,16549.0,3779.0,16176.0,3708.0,0.02254,True,0.01357,0.01399,-0.04,0.97,1.0
110,041,商業及管理學門,總計,3721,946,201574.0,53558.0,197853.0,52612.0,0.01846,True,0.13535,0.17111,-3.58,0.791,1.0
110,042,法律學門,總計,534,83,20176.0,4250.0,19642.0,4167.0,0.02647,True,0.01942,0.01699,0.24,1.143,1.0
110,051,生命科學學門,總計,231,42,23339.0,5846.0,23108.0,5804.0,0.0099,True,0.0084,0.01998,-1.16,0.42,1.0
110,052,環境學門,總計,53,6,2615.0,616.0,2562.0,610.0,0.02027,True,0.00193,0.00222,-0.03,0.869,1.0
110,053,物理、化學及地球科學學門,總計,88,17,21603.0,5092.0,21515.0,5075.0,0.00407,True,0.0032,0.01861,-1.54,0.172,1.0
110,054,數學及統計學門,總計,57,5,12911.0,2907.0,12854.0,2902.0,0.00441,True,0.00207,0.01112,-0.9,0.186,1.0
110,061,資訊通訊科技學門,總計,780,166,83563.0,19386.0,82783.0,19220.0,0.00933,True,0.02837,0.07159,-4.32,0.396,1.0
110,071,工程及工程業學門,總計,1682,313,201570.0,48839.0,199888.0,48526.0,0.00834,True,0.06118,0.17287,-11.17,0.354,1.0
110,072,製造及加工學門,總計,132,26,9217.0,2387.0,9085.0,2361.0,0.01432,True,0.0048,0.00786,-0.31,0.611,1.0
110,073,建築及營建工程學門,總計,618,103,30406.0,6966.0,29788.0,6863.0,0.02032,True,0.02248,0.02576,-0.33,0.873,1.0
110,081,農業學門,總計,217,40,10250.0,2471.0,10033.0,2431.0,0.02117,True,0.00789,0.00868,-0.08,0.909,1.0
110,082,林業學門,總計,55,11,2291.0,497.0,2236.0,486.0,0.02401,True,0.002,0.00193,0.01,1.036,1.0
110,083,漁業學門,總計,24,5,2484.0,572.0,2460.0,567.0,0.00966,True,0.00087,0.00213,-0.13,0.408,1.0
110,084,獸醫學門,總計,31,6,2150.0,461.0,2119.0,455.0,0.01442,True,0.00113,0.00183,-0.07,0.617,1.0
110,091,醫藥衛生學門,總計,4521,823,118835.0,27200.0,114314.0,26377.0,0.03804,True,0.16445,0.09886,6.56,1.663,1.0
110,092,社會福利學門,總計,2279,453,31421.0,7958.0,29142.0,7505.0,0.07253,True,0.0829,0.0252,5.77,3.29,1.0
110,101,餐旅及民生服務學門,總計,4841,913,113137.0,28795.0,108296.0,27882.0,0.04279,True,0.17609,0.09366,8.24,1.88,1.0
110,102,衛生及職業衛生服務學門,總計,34,10,1692.0,456.0,1658.0,446.0,0.02009,True,0.00124,0.00143,-0.02,0.867,1.0
110,103,安全服務學門,總計,46,17,1213.0,371.0,1167.0,354.0,0.03792,True,0.00167,0.00101,0.07,1.653,1.0
110,104,運輸服務學門,總計,160,31,8564.0,2246.0,8404.0,2215.0,0.01868,True,0.00582,0.00727,-0.15,0.801,1.0
110,999,其他學門,總計,948,7,2025.0,164.0,1077.0,157.0,0.46815,False,,,,,1.0
111,011,教育學門,二專,2,1,60.0,27.0,58.0,26.0,0.03333,True,0.00257,0.00778,-0.52,0.33,1.0
111,021,藝術學門,二專,7,2,190.0,123.0,183.0,121.0,0.03684,True,0.009,0.02455,-1.56,0.367,1.0
111,022,人文學門,二專,0,1,0.0,1.0,0.0,0.0,,True,0.0,0.0,0.0,,1.0
111,023,語文學門,二專,11,3,335.0,165.0,324.0,162.0,0.03284,True,0.01414,0.04347,-2.93,0.325,1.0
111,031,社會及行為科學學門,二專,0,0,,,,,,True,0.0,,,,1.0
111,032,新聞學及圖書資訊學門,二專,0,0,0.0,9.0,0.0,9.0,,True,0.0,0.0,0.0,,1.0
111,041,商業及管理學門,二專,226,117,2270.0,1406.0,2044.0,1289.0,0.09956,True,0.29049,0.27422,1.63,1.059,1.0
111,042,法律學門,二專,0,0,,,,,,True,0.0,,,,1.0
111,051,生命科學學門,二專,2,2,34.0,18.0,32.0,16.0,0.05882,True,0.00257,0.00429,-0.17,0.599,1.0
111,052,環境學門,二專,0,0,,,,,,True,0.0,,,,1.0
111,053,物理、化學及地球科學學門,二專,0,0,,,,,,True,0.0,,,,1.0
111,054,數學及統計學門,二專,0,0,,,,,,True,0.0,,,,1.0
111,061,資訊通訊科技學門,二專,18,3,428.0,175.0,410.0,172.0,0.04206,True,0.02314,0.055,-3.19,0.421,1.0
111,071,工程及工程業學門,二專,21,8,978.0,441.0,957.0,433.0,0.02147,True,0.02699,0.12839,-10.14,0.21,1.0
111,072,製造及加工學門,二專,18,3,54.0,10.0,36.0,7.0,0.33333,True,0.02314,0.00483,1.83,4.791,1.0
111,073,建築及營建工程學門,二專,14,3,152.0,83.0,138.0,80.0,0.09211,True,0.01799,0.01851,-0.05,0.972,1.0
111,081,農業學門,二專,6,9,109.0,58.0,103.0,49.0,0.05505,True,0.00771,0.01382,-0.61,0.558,1.0
111,082,林業學門,二專,0,0,,,,,,True,0.0,,,,1.0
111,083,漁業學門,二專,0,0,,,,,,True,0.0,,,,1.0
111,084,獸醫學門,二專,0,0,,,,,,True,0.0,,,,1.0
111,091,醫藥衛生學門,二專,32,21,1297.0,570.0,1265.0,549.0,0.02467,True,0.04113,0.16971,-12.86,0.242,1.0
111,092,社會福利學門,二專,305,80,780.0,332.0,475.0,252.0,0.39103,True,0.39203,0.06372,32.83,6.152,1.0
111,101,餐旅及民生服務學門,二專,112,42,1485.0,758.0,1373.0,716.0,0.07542,True,0.14396,0.1842,-4.02,0.782,1.0
111,102,衛生及職業衛生服務學門,二專,0,0,,,,,,True,0.0,,,,1.0
111,103,安全服務學門,二專,0,0,,,,,,True,0.0,,,,1.0
111,104,運輸服務學門,二專,4,2,60.0,17.0,56.0,15.0,0.06667,True,0.00514,0.00751,-0.24,0.684,1.0
111,999,其他學門,二專,0,0,0.0,1.0,0.0,1.0,,False,,,,,1.0
111,011,教育學門,五專,0,0,,,,,,True,0.0,,,,1.0
111,021,藝術學門,五專,34,7,2226.0,282.0,2192.0,275.0,0.01527,True,0.00905,0.03227,-2.32,0.28,1.0
111,022,人文學門,五專,0,0,,,,,,True,0.0,,,,1.0
111,023,語文學門,五專,102,8,4755.0,676.0,4653.0,668.0,0.02145,True,0.02716,0.06851,-4.14,0.396,1.0
111,031,社會及行為科學學門,五專,0,0,,,,,,True,0.0,,,,1.0
111,032,新聞學及圖書資訊學門,五專,0,0,,,,,,True,0.0,,,,1.0
111,041,商業及管理學門,五專,104,10,4871.0,723.0,4767.0,713.0,0.02135,True,0.0277,0.07019,-4.25,0.395,1.0
111,042,法律學門,五專,0,0,,,,,,True,0.0,,,,1.0
111,051,生命科學學門,五專,10,4,487.0,118.0,477.0,114.0,0.02053,True,0.00266,0.00702,-0.44,0.379,1.0
111,052,環境學門,五專,0,0,,,,,,True,0.0,,,,1.0
111,053,物理、化學及地球科學學門,五專,0,0,,,,,,True,0.0,,,,1.0
111,054,數學及統計學門,五專,0,0,,,,,,True,0.0,,,,1.0
111,061,資訊通訊科技學門,五專,34,3,2426.0,268.0,2392.0,265.0,0.01401,True,0.00905,0.03522,-2.62,0.257,1.0
111,071,工程及工程業學門,五專,47,4,3673.0,344.0,3626.0,340.0,0.0128,True,0.01252,0.05339,-4.09,0.235,1.0
111,072,製造及加工學門,五專,13,3,123.0,14.0,110.0,11.0,0.10569,True,0.00346,0.00162,0.18,2.136,1.0
111,073,建築及營建工程學門,五專,10,1,838.0,20.0,828.0,19.0,0.01193,True,0.00266,0.01219,-0.95,0.218,1.0
111,081,農業學門,五專,5,0,24.0,4.0,19.0,4.0,0.20833,True,0.00133,0.00028,0.11,4.75,1.0
111,082,林業學門,五專,0,0,,,,,,True,0.0,,,,1.0
111,083,漁業學門,五專,1,0,91.0,0.0,90.0,0.0,0.01099,True,0.00027,0.00133,-0.11,0.203,1.0
111,084,獸醫學門,五專,0,0,,,,,,True,0.0,,,,1.0
111,091,醫藥衛生學門,五專,2602,360,40158.0,7118.0,37556.0,6758.0,0.06479,True,0.69294,0.55296,14.0,1.253,1.0
111,092,社會福利學門,五專,398,26,3853.0,567.0,3455.0,541.0,0.1033,True,0.10599,0.05087,5.51,2.084,1.0
111,101,餐旅及民生服務學門,五專,388,49,7775.0,1458.0,7387.0,1409.0,0.0499,True,0.10333,0.10876,-0.54,0.95,1.0
111,102,衛生及職業衛生服務學門,五專,0,0,24.0,0.0,24.0,0.0,0.0,True,0.0,0.00035,-0.03,0.0,1.0
111,103,安全服務學門,五專,0,0,,,,,,True,0.0,,,,1.0
111,104,運輸服務學門,五專,7,1,349.0,49.0,342.0,48.0,0.02006,True,0.00186,0.00504,-0.32,0.369,1.0
111,999,其他學門,五專,11,0,119.0,0.0,108.0,0.0,0.09244,False,,,,,1.0
111,011,教育學門,博士班,54,2,2562.0,314.0,2508.0,312.0,0.02108,True,0.23581,0.08871,14.71,2.658,1.0
111,021,藝術學門,博士班,9,0,1141.0,132.0,1132.0,132.0,0.00789,True,0.0393,0.04004,-0.07,0.982,1.0
111,022,人文學門,博士班,30,0,854.0,92.0,824.0,92.0,0.03513,True,0.131,0.02914,10.19,4.496,1.0
111,023,語文學門,博士班,20,0,1307.0,150.0,1287.0,150.0,0.0153,True,0.08734,0.04552,4.18,1.919,1.0
111,031,社會及行為科學學門,博士班,15,0,1452.0,150.0,1437.0,150.0,0.01033,True,0.0655,0.05083,1.47,1.289,1.0
111,032,新聞學及圖書資訊學門,博士班,2,0,138.0,20.0,136.0,20.0,0.01449,True,0.00873,0.00481,0.39,1.815,1.0
111,041,商業及管理學門,博士班,23,1,3005.0,359.0,2982.0,358.0,0.00765,True,0.10044,0.10547,-0.5,0.952,1.0
111,042,法律學門,博士班,4,0,397.0,27.0,393.0,27.0,0.01008,True,0.01747,0.0139,0.36,1.257,1.0
111,051,生命科學學門,博士班,5,0,1563.0,190.0,1558.0,190.0,0.0032,True,0.02183,0.05511,-3.33,0.396,1.0
111,052,環境學門,博士班,0,0,130.0,16.0,130.0,16.0,0.0,True,0.0,0.0046,-0.46,0.0,1.0
111,053,物理、化學及地球科學學門,博士班,3,0,1739.0,232.0,1736.0,232.0,0.00173,True,0.0131,0.0614,-4.83,0.213,1.0
111,054,數學及統計學門,博士班,1,0,189.0,28.0,188.0,28.0,0.00529,True,0.00437,0.00665,-0.23,0.657,1.0
111,061,資訊通訊科技學門,博士班,4,0,1535.0,156.0,1531.0,156.0,0.00261,True,0.01747,0.05415,-3.67,0.323,1.0
111,071,工程及工程業學門,博士班,23,3,6754.0,874.0,6731.0,871.0,0.00341,True,0.10044,0.23807,-13.76,0.422,1.0
111,072,製造及加工學門,博士班,1,0,156.0,16.0,155.0,16.0,0.00641,True,0.00437,0.00548,-0.11,0.797,1.0
111,073,建築及營建工程學門,博士班,5,0,920.0,106.0,915.0,106.0,0.00543,True,0.02183,0.03236,-1.05,0.675,1.0
111,081,農業學門,博士班,3,0,411.0,41.0,408.0,41.0,0.0073,True,0.0131,0.01443,-0.13,0.908,1.0
111,082,林業學門,博士班,0,0,48.0,6.0,48.0,6.0,0.0,True,0.0,0.0017,-0.17,0.0,1.0
111,083,漁業學門,博士班,0,0,107.0,9.0,107.0,9.0,0.0,True,0.0,0.00378,-0.38,0.0,1.0
111,084,獸醫學門,博士班,0,0,82.0,11.0,82.0,11.0,0.0,True,0.0,0.0029,-0.29,0.0,1.0
111,091,醫藥衛生學門,博士班,19,2,3570.0,506.0,3551.0,504.0,0.00532,True,0.08297,0.1256,-4.26,0.661,1.0
111,092,社會福利學門,博士班,2,0,127.0,17.0,125.0,17.0,0.01575,True,0.00873,0.00442,0.43,1.975,1.0
111,101,餐旅及民生服務學門,博士班,6,0,232.0,22.0,226.0,22.0,0.02586,True,0.0262,0.00799,1.82,3.279,1.0
111,102,衛生及職業衛生服務學門,博士班,0,0,,,,,,True,0.0,,,,1.0
111,103,安全服務學門,博士班,0,0,,,,,,True,0.0,,,,1.0
111,104,運輸服務學門,博士班,0,0,83.0,7.0,83.0,7.0,0.0,True,0.0,0.00294,-0.29,0.0,1.0
111,999,其他學門,博士班,0,0,170.0,7.0,170.0,7.0,0.0,False,,,,,1.0
111,011,教育學門,學士班,982,174,19157.0,4534.0,18175.0,4360.0,0.05126,True,0.05017,0.02176,2.84,2.306,1.0
111,021,藝術學門,學士班,2236,385,76437.0,18389.0,74201.0,18004.0,0.02925,True,0.11424,0.08884,2.54,1.286,1.0
111,022,人文學門,學士班,414,75,9737.0,2082.0,9323.0,2007.0,0.04252,True,0.02115,0.01116,1.0,1.895,1.0
111,023,語文學門,學士班,1172,210,61165.0,15395.0,59993.0,15185.0,0.01916,True,0.05988,0.07183,-1.2,0.834,1.0
111,031,社會及行為科學學門,學士班,826,160,28162.0,6306.0,27336.0,6146.0,0.02933,True,0.0422,0.03273,0.95,1.289,1.0
111,032,新聞學及圖書資訊學門,學士班,419,70,13840.0,3300.0,13421.0,3230.0,0.03027,True,0.02141,0.01607,0.53,1.332,1.0
111,041,商業及管理學門,學士班,2778,808,149866.0,39613.0,147088.0,38805.0,0.01854,True,0.14193,0.17611,-3.42,0.806,1.0
111,042,法律學門,學士班,426,56,12925.0,3031.0,12499.0,2975.0,0.03296,True,0.02176,0.01496,0.68,1.455,1.0
111,051,生命科學學門,學士班,172,51,16890.0,4038.0,16718.0,3987.0,0.01018,True,0.00879,0.02002,-1.12,0.439,1.0
111,052,環境學門,學士班,26,3,1629.0,354.0,1603.0,351.0,0.01596,True,0.00133,0.00192,-0.06,0.693,1.0
111,053,物理、化學及地球科學學門,學士班,79,9,15281.0,3242.0,15202.0,3233.0,0.00517,True,0.00404,0.0182,-1.42,0.222,1.0
111,054,數學及統計學門,學士班,56,3,10663.0,2258.0,10607.0,2255.0,0.00525,True,0.00286,0.0127,-0.98,0.225,1.0
111,061,資訊通訊科技學門,學士班,670,120,64842.0,15398.0,64172.0,15278.0,0.01033,True,0.03423,0.07683,-4.26,0.446,1.0
111,071,工程及工程業學門,學士班,1431,260,148656.0,35047.0,147225.0,34787.0,0.00963,True,0.07311,0.17627,-10.32,0.415,1.0
111,072,製造及加工學門,學士班,68,25,6945.0,1851.0,6877.0,1826.0,0.00979,True,0.00347,0.00823,-0.48,0.422,1.0
111,073,建築及營建工程學門,學士班,502,103,22468.0,4971.0,21966.0,4868.0,0.02234,True,0.02565,0.0263,-0.07,0.975,1.0
111,081,農業學門,學士班,195,28,7941.0,1725.0,7746.0,1697.0,0.02456,True,0.00996,0.00927,0.07,1.074,1.0
111,082,林業學門,學士班,40,6,1891.0,368.0,1851.0,362.0,0.02115,True,0.00204,0.00222,-0.02,0.919,1.0
111,083,漁業學門,學士班,21,2,1901.0,424.0,1880.0,422.0,0.01105,True,0.00107,0.00225,-0.12,0.476,1.0
111,084,獸醫學門,學士班,28,7,1761.0,385.0,1733.0,378.0,0.0159,True,0.00143,0.00207,-0.06,0.691,1.0
111,091,醫藥衛生學門,學士班,1785,401,63841.0,16469.0,62056.0,16068.0,0.02796,True,0.0912,0.0743,1.69,1.227,1.0
111,092,社會福利學門,學士班,1403,354,23253.0,6803.0,21850.0,6449.0,0.06034,True,0.07168,0.02616,4.55,2.74,1.0
111,101,餐旅及民生服務學門,學士班,3622,806,86300.0,23572.0,82678.0,22766.0,0.04197,True,0.18505,0.09899,8.61,1.869,1.0
111,102,衛生及職業衛生服務學門,學士班,43,6,1397.0,389.0,1354.0,383.0,0.03078,True,0.0022,0.00162,0.06,1.358,1.0
111,103,安全服務學門,學士班,36,14,979.0,344.0,943.0,330.0,0.03677,True,0.00184,0.00113,0.07,1.628,1.0
111,104,運輸服務學門,學士班,143,28,6866.0,1825.0,6723.0,1797.0,0.02083,True,0.00731,0.00805,-0.07,0.908,1.0
111,999,其他學門,學士班,980,0,1674.0,86.0,694.0,86.0,0.58542,False,,,,,1.0
111,011,教育學門,碩士班,523,65,13780.0,3054.0,13257.0,2989.0,0.03795,True,0.20713,0.07702,13.01,2.689,1.0
111,021,藝術學門,碩士班,169,26,11253.0,2583.0,11084.0,2557.0,0.01502,True,0.06693,0.06439,0.25,1.039,1.0
111,022,人文學門,碩士班,117,16,3327.0,514.0,3210.0,498.0,0.03517,True,0.04634,0.01865,2.77,2.485,1.0
111,023,語文學門,碩士班,118,9,6778.0,1178.0,6660.0,1169.0,0.01741,True,0.04673,0.03869,0.8,1.208,1.0
111,031,社會及行為科學學門,碩士班,259,25,10604.0,2395.0,10345.0,2370.0,0.02442,True,0.10257,0.0601,4.25,1.707,1.0
111,032,新聞學及圖書資訊學門,碩士班,14,4,2058.0,479.0,2044.0,475.0,0.0068,True,0.00554,0.01187,-0.63,0.467,1.0
111,041,商業及管理學門,碩士班,316,90,31594.0,11760.0,31278.0,11670.0,0.01,True,0.12515,0.18171,-5.66,0.689,1.0
111,042,法律學門,碩士班,128,5,6666.0,1137.0,6538.0,1132.0,0.0192,True,0.05069,0.03798,1.27,1.335,1.0
111,051,生命科學學門,碩士班,29,4,3411.0,1228.0,3382.0,1224.0,0.0085,True,0.01149,0.01965,-0.82,0.585,1.0
111,052,環境學門,碩士班,18,7,836.0,263.0,818.0,256.0,0.02153,True,0.00713,0.00475,0.24,1.501,1.0
111,053,物理、化學及地球科學學門,碩士班,16,5,4649.0,1564.0,4633.0,1559.0,0.00344,True,0.00634,0.02692,-2.06,0.236,1.0
111,054,數學及統計學門,碩士班,5,0,1751.0,710.0,1746.0,710.0,0.00286,True,0.00198,0.01014,-0.82,0.195,1.0
111,061,資訊通訊科技學門,碩士班,73,11,13852.0,4373.0,13779.0,4362.0,0.00527,True,0.02891,0.08005,-5.11,0.361,1.0
111,071,工程及工程業學門,碩士班,125,32,38879.0,13023.0,38754.0,12991.0,0.00322,True,0.0495,0.22514,-17.56,0.22,1.0
111,072,製造及加工學門,碩士班,4,3,1136.0,447.0,1132.0,444.0,0.00352,True,0.00158,0.00658,-0.5,0.24,1.0
111,073,建築及營建工程學門,碩士班,69,9,5448.0,1746.0,5379.0,1737.0,0.01267,True,0.02733,0.03125,-0.39,0.875,1.0
111,081,農業學門,碩士班,9,2,1699.0,516.0,1690.0,514.0,0.0053,True,0.00356,0.00982,-0.63,0.363,1.0
111,082,林業學門,碩士班,8,3,335.0,89.0,327.0,86.0,0.02388,True,0.00317,0.0019,0.13,1.668,1.0
111,083,漁業學門,碩士班,2,1,302.0,114.0,300.0,113.0,0.00662,True,0.00079,0.00174,-0.1,0.454,1.0
111,084,獸醫學門,碩士班,0,0,248.0,76.0,248.0,76.0,0.0,True,0.0,0.00144,-0.14,0.0,1.0
111,091,醫藥衛生學門,碩士班,130,21,7737.0,2453.0,7607.0,2432.0,0.0168,True,0.05149,0.04419,0.73,1.165,1.0
111,092,社會福利學門,碩士班,148,13,2462.0,452.0,2314.0,439.0,0.06011,True,0.05861,0.01344,4.52,4.361,1.0
111,101,餐旅及民生服務學門,碩士班,240,35,4755.0,1496.0,4515.0,1461.0,0.05047,True,0.09505,0.02623,6.88,3.624,1.0
111,102,衛生及職業衛生服務學門,碩士班,2,0,151.0,73.0,149.0,73.0,0.01325,True,0.00079,0.00087,-0.01,0.908,1.0
111,103,安全服務學門,碩士班,0,0,27.0,19.0,27.0,19.0,0.0,True,0.0,0.00016,-0.02,0.0,1.0
111,104,運輸服務學門,碩士班,3,0,921.0,314.0,918.0,314.0,0.00326,True,0.00119,0.00533,-0.41,0.223,1.0
111,999,其他學門,碩士班,2,0,267.0,83.0,265.0,83.0,0.00749,False,,,,,1.0
111,011,教育學門,總計,1561,242,35559.0,7929.0,33998.0,7687.0,0.0439,True,0.05812,0.0306,2.75,1.899,1.0
111,021,藝術學門,總計,2455,420,91247.0,21509.0,88792.0,21089.0,0.0269,True,0.0914,0.07992,1.15,1.144,1.0
111,022,人文學門,總計,561,92,13918.0,2689.0,13357.0,2597.0,0.04031,True,0.02089,0.01202,0.89,1.738,1.0
111,023,語文學門,總計,1423,230,74340.0,17564.0,72917.0,17334.0,0.01914,True,0.05298,0.06563,-1.26,0.807,1.0
111,031,社會及行為科學學門,總計,1100,185,40218.0,8851.0,39118.0,8666.0,0.02735,True,0.04095,0.03521,0.57,1.163,1.0
111,032,新聞學及圖書資訊學門,總計,435,74,16036.0,3808.0,15601.0,3734.0,0.02713,True,0.0162,0.01404,0.22,1.154,1.0
111,041,商業及管理學門,總計,3447,1026,191606.0,53861.0,188159.0,52835.0,0.01799,True,0.12833,0.16936,-4.1,0.758,1.0
111,042,法律學門,總計,558,61,19988.0,4195.0,19430.0,4134.0,0.02792,True,0.02077,0.01749,0.33,1.188,1.0
111,051,生命科學學門,總計,218,61,22385.0,5592.0,22167.0,5531.0,0.00974,True,0.00812,0.01995,-1.18,0.407,1.0
111,052,環境學門,總計,44,10,2595.0,633.0,2551.0,623.0,0.01696,True,0.00164,0.0023,-0.07,0.713,1.0
111,053,物理、化學及地球科學學門,總計,98,14,21669.0,5038.0,21571.0,5024.0,0.00452,True,0.00365,0.01942,-1.58,0.188,1.0
111,054,數學及統計學門,總計,62,3,12603.0,2996.0,12541.0,2993.0,0.00492,True,0.00231,0.01129,-0.9,0.205,1.0
111,061,資訊通訊科技學門,總計,799,137,83083.0,20370.0,82284.0,20233.0,0.00962,True,0.02975,0.07406,-4.43,0.402,1.0
111,071,工程及工程業學門,總計,1647,307,198940.0,49729.0,197293.0,49422.0,0.00828,True,0.06132,0.17758,-11.63,0.345,1.0
111,072,製造及加工學門,總計,104,34,8414.0,2338.0,8310.0,2304.0,0.01236,True,0.00387,0.00748,-0.36,0.517,1.0
111,073,建築及營建工程學門,總計,600,116,29826.0,6926.0,29226.0,6810.0,0.02012,True,0.02234,0.02631,-0.4,0.849,1.0
111,081,農業學門,總計,218,39,10184.0,2344.0,9966.0,2305.0,0.02141,True,0.00812,0.00897,-0.08,0.905,1.0
111,082,林業學門,總計,48,9,2274.0,463.0,2226.0,454.0,0.02111,True,0.00179,0.002,-0.02,0.895,1.0
111,083,漁業學門,總計,24,3,2401.0,547.0,2377.0,544.0,0.01,True,0.00089,0.00214,-0.12,0.416,1.0
111,084,獸醫學門,總計,28,7,2091.0,472.0,2063.0,465.0,0.01339,True,0.00104,0.00186,-0.08,0.559,1.0
111,091,醫藥衛生學門,總計,4568,805,116603.0,27116.0,112035.0,26311.0,0.03918,True,0.17007,0.10084,6.92,1.687,1.0
111,092,社會福利學門,總計,2256,473,30475.0,8171.0,28219.0,7698.0,0.07403,True,0.08399,0.0254,5.86,3.307,1.0
111,101,餐旅及民生服務學門,總計,4368,932,100547.0,27306.0,96179.0,26374.0,0.04344,True,0.16262,0.08657,7.6,1.878,1.0
111,102,衛生及職業衛生服務學門,總計,45,6,1572.0,462.0,1527.0,456.0,0.02863,True,0.00168,0.00137,0.03,1.226,1.0
111,103,安全服務學門,總計,36,14,1006.0,363.0,970.0,349.0,0.03579,True,0.00134,0.00087,0.05,1.54,1.0
111,104,運輸服務學門,總計,157,31,8279.0,2212.0,8122.0,2181.0,0.01896,True,0.00585,0.00731,-0.15,0.8,1.0
111,999,其他學門,總計,993,0,2230.0,177.0,1237.0,177.0,0.44529,False,,,,,1.0
112,011,教育學門,二專,2,0,67.0,27.0,65.0,27.0,0.02985,True,0.00294,0.01053,-0.76,0.279,1.0
112,021,藝術學門,二專,7,2,150.0,67.0,143.0,65.0,0.04667,True,0.01029,0.02317,-1.29,0.444,1.0
112,022,人文學門,二專,0,0,,,,,,True,0.0,,,,1.0
112,023,語文學門,二專,13,3,265.0,130.0,252.0,127.0,0.04906,True,0.01912,0.04084,-2.17,0.468,1.0
112,031,社會及行為科學學門,二專,0,0,,,,,,True,0.0,,,,1.0
112,032,新聞學及圖書資訊學門,二專,0,0,,,,,,True,0.0,,,,1.0
112,041,商業及管理學門,二專,143,99,1563.0,973.0,1420.0,874.0,0.09149,True,0.21029,0.23011,-1.98,0.914,1.0
112,042,法律學門,二專,0,0,,,,,,True,0.0,,,,1.0
112,051,生命科學學門,二專,8,0,36.0,11.0,28.0,11.0,0.22222,True,0.01176,0.00454,0.72,2.59,1.0
112,052,環境學門,二專,0,0,,,,,,True,0.0,,,,1.0
112,053,物理、化學及地球科學學門,二專,0,0,,,,,,True,0.0,,,,1.0
112,054,數學及統計學門,二專,0,0,,,,,,True,0.0,,,,1.0
112,061,資訊通訊科技學門,二專,16,2,384.0,132.0,368.0,130.0,0.04167,True,0.02353,0.05963,-3.61,0.395,1.0
112,071,工程及工程業學門,二專,34,8,873.0,321.0,839.0,313.0,0.03895,True,0.05,0.13596,-8.6,0.368,1.0
112,072,製造及加工學門,二專,9,5,52.0,22.0,43.0,17.0,0.17308,True,0.01324,0.00697,0.63,1.9,1.0
112,073,建築及營建工程學門,二專,7,5,141.0,67.0,134.0,62.0,0.04965,True,0.01029,0.02171,-1.14,0.474,1.0
112,081,農業學門,二專,8,4,93.0,46.0,85.0,42.0,0.08602,True,0.01176,0.01377,-0.2,0.854,1.0
112,082,林業學門,二專,0,0,,,,,,True,0.0,,,,1.0
112,083,漁業學門,二專,0,0,,,,,,True,0.0,,,,1.0
112,084,獸醫學門,二專,0,0,,,,,,True,0.0,,,,1.0
112,091,醫藥衛生學門,二專,21,11,1227.0,382.0,1206.0,371.0,0.01711,True,0.03088,0.19543,-16.46,0.158,1.0
112,092,社會福利學門,二專,315,79,777.0,407.0,462.0,328.0,0.40541,True,0.46324,0.07487,38.84,6.187,1.0
112,101,餐旅及民生服務學門,二專,93,39,1130.0,559.0,1037.0,520.0,0.0823,True,0.13676,0.16804,-3.13,0.814,1.0
112,102,衛生及職業衛生服務學門,二專,0,0,,,,,,True,0.0,,,,1.0
112,103,安全服務學門,二專,0,0,,,,,,True,0.0,,,,1.0
112,104,運輸服務學門,二專,4,2,93.0,22.0,89.0,20.0,0.04301,True,0.00588,0.01442,-0.85,0.408,1.0
112,999,其他學門,二專,0,0,,,,,,False,,,,,1.0
112,011,教育學門,五專,0,0,,,,,,True,0.0,,,,1.0
112,021,藝術學門,五專,30,2,1994.0,186.0,1964.0,184.0,0.01505,True,0.00823,0.02964,-2.14,0.278,1.0
112,022,人文學門,五專,0,0,,,,,,True,0.0,,,,1.0
112,023,語文學門,五專,100,11,4717.0,670.0,4617.0,659.0,0.0212,True,0.02744,0.06968,-4.22,0.394,1.0
112,031,社會及行為科學學門,五專,0,0,,,,,,True,0.0,,,,1.0
112,032,新聞學及圖書資訊學門,五專,0,0,,,,,,True,0.0,,,,1.0
112,041,商業及管理學門,五專,92,9,4860.0,749.0,4768.0,740.0,0.01893,True,0.02525,0.07196,-4.67,0.351,1.0
112,042,法律學門,五專,0,0,,,,,,True,0.0,,,,1.0
112,051,生命科學學門,五專,8,2,491.0,70.0,483.0,68.0,0.01629,True,0.0022,0.00729,-0.51,0.302,1.0
112,052,環境學門,五專,0,0,8.0,0.0,8.0,0.0,0.0,True,0.0,0.00012,-0.01,0.0,1.0
112,053,物理、化學及地球科學學門,五專,0,0,,,,,,True,0.0,,,,1.0
112,054,數學及統計學門,五專,0,0,,,,,,True,0.0,,,,1.0
112,061,資訊通訊科技學門,五專,28,4,2390.0,285.0,2362.0,281.0,0.01172,True,0.00768,0.03565,-2.8,0.215,1.0
112,071,工程及工程業學門,五專,47,4,3658.0,491.0,3611.0,487.0,0.01285,True,0.0129,0.0545,-4.16,0.237,1.0
112,072,製造及加工學門,五專,18,2,140.0,11.0,122.0,9.0,0.12857,True,0.00494,0.00184,0.31,2.685,1.0
112,073,建築及營建工程學門,五專,12,0,851.0,92.0,839.0,92.0,0.0141,True,0.00329,0.01266,-0.94,0.26,1.0
112,081,農業學門,五專,4,0,14.0,7.0,10.0,7.0,0.28571,True,0.0011,0.00015,0.1,7.333,1.0
112,082,林業學門,五專,0,0,,,,,,True,0.0,,,,1.0
112,083,漁業學門,五專,2,0,99.0,14.0,97.0,14.0,0.0202,True,0.00055,0.00146,-0.09,0.377,1.0
112,084,獸醫學門,五專,0,0,,,,,,True,0.0,,,,1.0
112,091,醫藥衛生學門,五專,2494,384,38516.0,6806.0,36022.0,6422.0,0.06475,True,0.68441,0.54363,14.08,1.259,1.0
112,092,社會福利學門,五專,437,39,4223.0,632.0,3786.0,593.0,0.10348,True,0.11992,0.05714,6.28,2.099,1.0
112,101,餐旅及民生服務學門,五專,364,36,7345.0,1165.0,6981.0,1129.0,0.04956,True,0.09989,0.10535,-0.55,0.948,1.0
112,102,衛生及職業衛生服務學門,五專,0,0,282.0,26.0,282.0,26.0,0.0,True,0.0,0.00426,-0.43,0.0,1.0
112,103,安全服務學門,五專,0,0,,,,,,True,0.0,,,,1.0
112,104,運輸服務學門,五專,8,0,318.0,53.0,310.0,53.0,0.02516,True,0.0022,0.00468,-0.25,0.47,1.0
112,999,其他學門,五專,12,0,158.0,0.0,146.0,0.0,0.07595,False,,,,,1.0
112,011,教育學門,博士班,63,2,2572.0,304.0,2509.0,302.0,0.02449,True,0.27511,0.08923,18.59,3.083,1.0
112,021,藝術學門,博士班,11,0,1179.0,94.0,1168.0,94.0,0.00933,True,0.04803,0.04154,0.65,1.156,1.0
112,022,人文學門,博士班,26,2,894.0,67.0,868.0,65.0,0.02908,True,0.11354,0.03087,8.27,3.678,1.0
112,023,語文學門,博士班,20,0,1269.0,157.0,1249.0,157.0,0.01576,True,0.08734,0.04442,4.29,1.966,1.0
112,031,社會及行為科學學門,博士班,13,1,1408.0,145.0,1395.0,144.0,0.00923,True,0.05677,0.04961,0.72,1.144,1.0
112,032,新聞學及圖書資訊學門,博士班,2,0,142.0,18.0,140.0,18.0,0.01408,True,0.00873,0.00498,0.38,1.753,1.0
112,041,商業及管理學門,博士班,14,6,3004.0,355.0,2990.0,349.0,0.00466,True,0.06114,0.10634,-4.52,0.575,1.0
112,042,法律學門,博士班,4,0,408.0,28.0,404.0,28.0,0.0098,True,0.01747,0.01437,0.31,1.216,1.0
112,051,生命科學學門,博士班,5,1,1561.0,216.0,1556.0,215.0,0.0032,True,0.02183,0.05534,-3.35,0.394,1.0
112,052,環境學門,博士班,1,0,133.0,16.0,132.0,16.0,0.00752,True,0.00437,0.00469,-0.03,0.932,1.0
112,053,物理、化學及地球科學學門,博士班,2,2,1681.0,237.0,1679.0,235.0,0.00119,True,0.00873,0.05971,-5.1,0.146,1.0
112,054,數學及統計學門,博士班,1,0,203.0,16.0,202.0,16.0,0.00493,True,0.00437,0.00718,-0.28,0.609,1.0
112,061,資訊通訊科技學門,博士班,3,1,1515.0,148.0,1512.0,147.0,0.00198,True,0.0131,0.05378,-4.07,0.244,1.0
112,071,工程及工程業學門,博士班,23,2,6608.0,908.0,6585.0,906.0,0.00348,True,0.10044,0.2342,-13.38,0.429,1.0
112,072,製造及加工學門,博士班,1,0,153.0,18.0,152.0,18.0,0.00654,True,0.00437,0.00541,-0.1,0.808,1.0
112,073,建築及營建工程學門,博士班,6,1,879.0,103.0,873.0,102.0,0.00683,True,0.0262,0.03105,-0.48,0.844,1.0
112,081,農業學門,博士班,5,0,419.0,43.0,414.0,43.0,0.01193,True,0.02183,0.01472,0.71,1.483,1.0
112,082,林業學門,博士班,0,0,55.0,4.0,55.0,4.0,0.0,True,0.0,0.00196,-0.2,0.0,1.0
112,083,漁業學門,博士班,0,0,109.0,11.0,109.0,11.0,0.0,True,0.0,0.00388,-0.39,0.0,1.0
112,084,獸醫學門,博士班,1,0,84.0,10.0,83.0,10.0,0.0119,True,0.00437,0.00295,0.14,1.481,1.0
112,091,醫藥衛生學門,博士班,20,1,3607.0,495.0,3587.0,494.0,0.00554,True,0.08734,0.12757,-4.02,0.685,1.0
112,092,社會福利學門,博士班,2,0,129.0,14.0,127.0,14.0,0.0155,True,0.00873,0.00452,0.42,1.931,1.0
112,101,餐旅及民生服務學門,博士班,5,0,239.0,24.0,234.0,24.0,0.02092,True,0.02183,0.00832,1.35,2.624,1.0
112,102,衛生及職業衛生服務學門,博士班,0,0,,,,,,True,0.0,,,,1.0
112,103,安全服務學門,博士班,0,0,,,,,,True,0.0,,,,1.0
112,104,運輸服務學門,博士班,1,0,95.0,3.0,94.0,3.0,0.01053,True,0.00437,0.00334,0.1,1.308,1.0
112,999,其他學門,博士班,1,0,158.0,12.0,157.0,12.0,0.00633,False,,,,,1.0
112,011,教育學門,學士班,1032,179,19168.0,4553.0,18136.0,4374.0,0.05384,True,0.05453,0.0229,3.16,2.381,1.0
112,021,藝術學門,學士班,2106,361,71515.0,17417.0,69409.0,17056.0,0.02945,True,0.11127,0.08763,2.36,1.27,1.0
112,022,人文學門,學士班,435,56,9398.0,1964.0,8963.0,1908.0,0.04629,True,0.02298,0.01132,1.17,2.03,1.0
112,023,語文學門,學士班,1167,225,56008.0,14380.0,54841.0,14155.0,0.02084,True,0.06166,0.06924,-0.76,0.891,1.0
112,031,社會及行為科學學門,學士班,808,177,27673.0,6357.0,26865.0,6180.0,0.0292,True,0.04269,0.03392,0.88,1.259,1.0
112,032,新聞學及圖書資訊學門,學士班,411,110,12313.0,3308.0,11902.0,3198.0,0.03338,True,0.02172,0.01503,0.67,1.445,1.0
112,041,商業及管理學門,學士班,2540,660,140066.0,37596.0,137526.0,36936.0,0.01813,True,0.1342,0.17363,-3.94,0.773,1.0
112,042,法律學門,學士班,407,89,12660.0,3030.0,12253.0,2941.0,0.03215,True,0.0215,0.01547,0.6,1.39,1.0
112,051,生命科學學門,學士班,176,28,15974.0,4073.0,15798.0,4045.0,0.01102,True,0.0093,0.01994,-1.06,0.466,1.0
112,052,環境學門,學士班,25,4,1627.0,342.0,1602.0,338.0,0.01537,True,0.00132,0.00202,-0.07,0.653,1.0
112,053,物理、化學及地球科學學門,學士班,78,9,15328.0,3184.0,15250.0,3175.0,0.00509,True,0.00412,0.01925,-1.51,0.214,1.0
112,054,數學及統計學門,學士班,61,6,10315.0,2276.0,10254.0,2270.0,0.00591,True,0.00322,0.01295,-0.97,0.249,1.0
112,061,資訊通訊科技學門,學士班,655,118,62928.0,14547.0,62273.0,14429.0,0.01041,True,0.03461,0.07862,-4.4,0.44,1.0
112,071,工程及工程業學門,學士班,1427,229,145646.0,34258.0,144219.0,34029.0,0.0098,True,0.07539,0.18208,-10.67,0.414,1.0
112,072,製造及加工學門,學士班,53,20,6332.0,1756.0,6279.0,1736.0,0.00837,True,0.0028,0.00793,-0.51,0.353,1.0
112,073,建築及營建工程學門,學士班,467,76,21616.0,4847.0,21149.0,4771.0,0.0216,True,0.02467,0.0267,-0.2,0.924,1.0
112,081,農業學門,學士班,206,34,7748.0,1750.0,7542.0,1716.0,0.02659,True,0.01088,0.00952,0.14,1.143,1.0
112,082,林業學門,學士班,38,9,1848.0,419.0,1810.0,410.0,0.02056,True,0.00201,0.00229,-0.03,0.878,1.0
112,083,漁業學門,學士班,15,2,1839.0,396.0,1824.0,394.0,0.00816,True,0.00079,0.0023,-0.15,0.343,1.0
112,084,獸醫學門,學士班,24,7,1723.0,364.0,1699.0,357.0,0.01393,True,0.00127,0.00214,-0.09,0.593,1.0
112,091,醫藥衛生學門,學士班,1756,458,62101.0,16288.0,60345.0,15830.0,0.02828,True,0.09278,0.07619,1.66,1.218,1.0
112,092,社會福利學門,學士班,1383,347,22600.0,7097.0,21217.0,6750.0,0.06119,True,0.07307,0.02679,4.63,2.728,1.0
112,101,餐旅及民生服務學門,學士班,3436,674,75730.0,21915.0,72294.0,21241.0,0.04537,True,0.18154,0.09127,9.03,1.989,1.0
112,102,衛生及職業衛生服務學門,學士班,36,9,1430.0,436.0,1394.0,427.0,0.02517,True,0.0019,0.00176,0.01,1.08,1.0
112,103,安全服務學門,學士班,37,10,762.0,306.0,725.0,296.0,0.04856,True,0.00195,0.00092,0.1,2.12,1.0
112,104,運輸服務學門,學士班,148,29,6664.0,1794.0,6516.0,1765.0,0.02221,True,0.00782,0.00823,-0.04,0.95,1.0
112,999,其他學門,學士班,864,0,1695.0,125.0,831.0,125.0,0.50973,False,,,,,1.0
112,011,教育學門,碩士班,511,62,14024.0,2752.0,13513.0,2690.0,0.03644,True,0.20697,0.07769,12.93,2.664,1.0
112,021,藝術學門,碩士班,159,40,11163.0,2549.0,11004.0,2509.0,0.01424,True,0.0644,0.06326,0.11,1.018,1.0
112,022,人文學門,碩士班,131,25,3330.0,511.0,3199.0,486.0,0.03934,True,0.05306,0.01839,3.47,2.885,1.0
112,023,語文學門,碩士班,105,14,6660.0,1216.0,6555.0,1202.0,0.01577,True,0.04253,0.03768,0.48,1.129,1.0
112,031,社會及行為科學學門,碩士班,260,35,10687.0,2419.0,10427.0,2384.0,0.02433,True,0.10531,0.05994,4.54,1.757,1.0
112,032,新聞學及圖書資訊學門,碩士班,8,5,2068.0,473.0,2060.0,468.0,0.00387,True,0.00324,0.01184,-0.86,0.274,1.0
112,041,商業及管理學門,碩士班,307,74,30922.0,11756.0,30615.0,11682.0,0.00993,True,0.12434,0.176,-5.17,0.706,1.0
112,042,法律學門,碩士班,110,13,6609.0,1116.0,6499.0,1103.0,0.01664,True,0.04455,0.03736,0.72,1.192,1.0
112,051,生命科學學門,碩士班,26,3,3500.0,1170.0,3474.0,1167.0,0.00743,True,0.01053,0.01997,-0.94,0.527,1.0
112,052,環境學門,碩士班,17,5,850.0,220.0,833.0,215.0,0.02,True,0.00689,0.00479,0.21,1.438,1.0
112,053,物理、化學及地球科學學門,碩士班,14,7,4807.0,1619.0,4793.0,1612.0,0.00291,True,0.00567,0.02755,-2.19,0.206,1.0
112,054,數學及統計學門,碩士班,2,3,1824.0,635.0,1822.0,632.0,0.0011,True,0.00081,0.01047,-0.97,0.077,1.0
112,061,資訊通訊科技學門,碩士班,77,23,14614.0,4528.0,14537.0,4505.0,0.00527,True,0.03119,0.08357,-5.24,0.373,1.0
112,071,工程及工程業學門,碩士班,130,31,40349.0,13370.0,40219.0,13339.0,0.00322,True,0.05265,0.23122,-17.86,0.228,1.0
112,072,製造及加工學門,碩士班,4,1,1061.0,425.0,1057.0,424.0,0.00377,True,0.00162,0.00608,-0.45,0.266,1.0
112,073,建築及營建工程學門,碩士班,59,15,5392.0,1816.0,5333.0,1801.0,0.01094,True,0.0239,0.03066,-0.68,0.78,1.0
112,081,農業學門,碩士班,14,0,1687.0,519.0,1673.0,519.0,0.0083,True,0.00567,0.00962,-0.4,0.589,1.0
112,082,林業學門,碩士班,3,3,314.0,106.0,311.0,103.0,0.00955,True,0.00122,0.00179,-0.06,0.682,1.0
112,083,漁業學門,碩士班,2,0,281.0,115.0,279.0,115.0,0.00712,True,0.00081,0.0016,-0.08,0.506,1.0
112,084,獸醫學門,碩士班,1,0,241.0,95.0,240.0,95.0,0.00415,True,0.00041,0.00138,-0.1,0.297,1.0
112,091,醫藥衛生學門,碩士班,155,22,7719.0,2384.0,7564.0,2362.0,0.02008,True,0.06278,0.04348,1.93,1.444,1.0
112,092,社會福利學門,碩士班,155,11,2523.0,510.0,2368.0,499.0,0.06143,True,0.06278,0.01361,4.92,4.613,1.0
112,101,餐旅及民生服務學門,碩士班,213,47,4646.0,1413.0,4433.0,1366.0,0.04585,True,0.08627,0.02548,6.08,3.386,1.0
112,102,衛生及職業衛生服務學門,碩士班,3,0,192.0,73.0,189.0,73.0,0.01562,True,0.00122,0.00109,0.01,1.119,1.0
112,103,安全服務學門,碩士班,0,0,23.0,18.0,23.0,18.0,0.0,True,0.0,0.00013,-0.01,0.0,1.0
112,104,運輸服務學門,碩士班,3,0,929.0,319.0,926.0,319.0,0.00323,True,0.00122,0.00532,-0.41,0.229,1.0
112,999,其他學門,碩士班,4,0,288.0,68.0,284.0,68.0,0.01389,False,,,,,1.0
112,011,教育學門,總計,1608,243,35831.0,7636.0,34223.0,7393.0,0.04488,True,0.06197,0.03209,2.99,1.931,1.0
112,021,藝術學門,總計,2313,405,86001.0,20313.0,83688.0,19908.0,0.0269,True,0.08914,0.07846,1.07,1.136,1.0
112,022,人文學門,總計,592,83,13622.0,2542.0,13030.0,2459.0,0.04346,True,0.02281,0.01222,1.06,1.867,1.0
112,023,語文學門,總計,1405,253,68919.0,16553.0,67514.0,16300.0,0.02039,True,0.05414,0.0633,-0.92,0.855,1.0
112,031,社會及行為科學學門,總計,1081,213,39768.0,8921.0,38687.0,8708.0,0.02718,True,0.04166,0.03627,0.54,1.149,1.0
112,032,新聞學及圖書資訊學門,總計,421,115,14523.0,3799.0,14102.0,3684.0,0.02899,True,0.01622,0.01322,0.3,1.227,1.0
112,041,商業及管理學門,總計,3096,848,180415.0,51429.0,177319.0,50581.0,0.01716,True,0.11931,0.16625,-4.69,0.718,1.0
112,042,法律學門,總計,521,102,19677.0,4174.0,19156.0,4072.0,0.02648,True,0.02008,0.01796,0.21,1.118,1.0
112,051,生命科學學門,總計,223,34,21562.0,5540.0,21339.0,5506.0,0.01034,True,0.00859,0.02001,-1.14,0.429,1.0
112,052,環境學門,總計,43,9,2618.0,578.0,2575.0,569.0,0.01642,True,0.00166,0.00241,-0.07,0.689,1.0
112,053,物理、化學及地球科學學門,總計,94,18,21816.0,5040.0,21722.0,5022.0,0.00431,True,0.00362,0.02037,-1.68,0.178,1.0
112,054,數學及統計學門,總計,64,9,12342.0,2927.0,12278.0,2918.0,0.00519,True,0.00247,0.01151,-0.9,0.215,1.0
112,061,資訊通訊科技學門,總計,779,148,81831.0,19640.0,81052.0,19492.0,0.00952,True,0.03002,0.07599,-4.6,0.395,1.0
112,071,工程及工程業學門,總計,1661,274,197134.0,49348.0,195473.0,49074.0,0.00843,True,0.06401,0.18327,-11.93,0.349,1.0
112,072,製造及加工學門,總計,85,28,7738.0,2232.0,7653.0,2204.0,0.01098,True,0.00328,0.00718,-0.39,0.457,1.0
112,073,建築及營建工程學門,總計,551,97,28879.0,6925.0,28328.0,6828.0,0.01908,True,0.02123,0.02656,-0.53,0.799,1.0
112,081,農業學門,總計,237,38,9961.0,2365.0,9724.0,2327.0,0.02379,True,0.00913,0.00912,0.0,1.001,1.0
112,082,林業學門,總計,41,12,2217.0,529.0,2176.0,517.0,0.01849,True,0.00158,0.00204,-0.05,0.775,1.0
112,083,漁業學門,總計,19,2,2328.0,536.0,2309.0,534.0,0.00816,True,0.00073,0.00216,-0.14,0.338,1.0
112,084,獸醫學門,總計,26,7,2048.0,469.0,2022.0,462.0,0.0127,True,0.001,0.0019,-0.09,0.526,1.0
112,091,醫藥衛生學門,總計,4446,876,113170.0,26355.0,108724.0,25479.0,0.03929,True,0.17134,0.10194,6.94,1.681,1.0
112,092,社會福利學門,總計,2292,476,30252.0,8660.0,27960.0,8184.0,0.07576,True,0.08833,0.02621,6.21,3.37,1.0
112,101,餐旅及民生服務學門,總計,4111,796,89090.0,25076.0,84979.0,24280.0,0.04614,True,0.15843,0.07967,7.88,1.989,1.0
112,102,衛生及職業衛生服務學門,總計,39,9,1904.0,535.0,1865.0,526.0,0.02048,True,0.0015,0.00175,-0.02,0.857,1.0
112,103,安全服務學門,總計,37,10,785.0,324.0,748.0,314.0,0.04713,True,0.00143,0.0007,0.07,2.043,1.0
112,104,運輸服務學門,總計,164,31,8099.0,2191.0,7935.0,2160.0,0.02025,True,0.00632,0.00744,-0.11,0.849,1.0
112,999,其他學門,總計,881,0,2299.0,205.0,1418.0,205.0,0.38321,False,,,,,1.0
113,011,教育學門,二專,0,2,71.0,28.0,71.0,26.0,0.0,True,0.0,0.01319,-1.32,0.0,1.0
113,021,藝術學門,二專,7,2,139.0,64.0,132.0,62.0,0.05036,True,0.00878,0.02453,-1.58,0.358,1.0
113,022,人文學門,二專,0,0,,,,,,True,0.0,,,,1.0
113,023,語文學門,二專,8,2,212.0,91.0,204.0,89.0,0.03774,True,0.01004,0.0379,-2.79,0.265,1.0
113,031,社會及行為科學學門,二專,0,0,,,,,,True,0.0,,,,1.0
113,032,新聞學及圖書資訊學門,二專,0,0,,,,,,True,0.0,,,,1.0
113,041,商業及管理學門,二專,194,57,1210.0,693.0,1016.0,636.0,0.16033,True,0.24341,0.18878,5.46,1.289,1.0
113,042,法律學門,二專,0,0,,,,,,True,0.0,,,,1.0
113,051,生命科學學門,二專,5,2,32.0,11.0,27.0,9.0,0.15625,True,0.00627,0.00502,0.13,1.249,1.0
113,052,環境學門,二專,0,0,,,,,,True,0.0,,,,1.0
113,053,物理、化學及地球科學學門,二專,0,0,,,,,,True,0.0,,,,1.0
113,054,數學及統計學門,二專,0,0,,,,,,True,0.0,,,,1.0
113,061,資訊通訊科技學門,二專,12,6,284.0,139.0,272.0,133.0,0.04225,True,0.01506,0.05054,-3.55,0.298,1.0
113,071,工程及工程業學門,二專,41,8,755.0,363.0,714.0,355.0,0.0543,True,0.05144,0.13266,-8.12,0.388,1.0
113,072,製造及加工學門,二專,8,5,66.0,11.0,58.0,6.0,0.12121,True,0.01004,0.01078,-0.07,0.931,1.0
113,073,建築及營建工程學門,二專,5,3,129.0,40.0,124.0,37.0,0.03876,True,0.00627,0.02304,-1.68,0.272,1.0
113,081,農業學門,二專,19,1,96.0,43.0,77.0,42.0,0.19792,True,0.02384,0.01431,0.95,1.666,1.0
113,082,林業學門,二專,0,0,,,,,,True,0.0,,,,1.0
113,083,漁業學門,二專,0,0,,,,,,True,0.0,,,,1.0
113,084,獸醫學門,二專,0,0,,,,,,True,0.0,,,,1.0
113,091,醫藥衛生學門,二專,25,10,1196.0,466.0,1171.0,456.0,0.0209,True,0.03137,0.21758,-18.62,0.144,1.0
113,092,社會福利學門,二專,394,88,1017.0,335.0,623.0,247.0,0.38741,True,0.49435,0.11576,37.86,4.27,1.0
113,101,餐旅及民生服務學門,二專,77,22,903.0,438.0,826.0,416.0,0.08527,True,0.09661,0.15347,-5.69,0.63,1.0
113,102,衛生及職業衛生服務學門,二專,0,0,,,,,,True,0.0,,,,1.0
113,103,安全服務學門,二專,0,0,,,,,,True,0.0,,,,1.0
113,104,運輸服務學門,二專,2,2,69.0,32.0,67.0,30.0,0.02899,True,0.00251,0.01245,-0.99,0.202,1.0
113,999,其他學門,二專,0,0,,,,,,False,,,,,1.0
113,011,教育學門,五專,0,0,,,,,,True,0.0,,,,1.0
113,021,藝術學門,五專,32,0,1917.0,161.0,1885.0,161.0,0.01669,True,0.00904,0.0292,-2.02,0.31,1.0
113,022,人文學門,五專,0,0,,,,,,True,0.0,,,,1.0
113,023,語文學門,五專,99,18,4660.0,669.0,4561.0,651.0,0.02124,True,0.02798,0.07066,-4.27,0.396,1.0
113,031,社會及行為科學學門,五專,0,0,,,,,,True,0.0,,,,1.0
113,032,新聞學及圖書資訊學門,五專,0,0,,,,,,True,0.0,,,,1.0
113,041,商業及管理學門,五專,93,6,4854.0,653.0,4761.0,647.0,0.01916,True,0.02629,0.07376,-4.75,0.356,1.0
113,042,法律學門,五專,0,0,,,,,,True,0.0,,,,1.0
113,051,生命科學學門,五專,9,0,504.0,72.0,495.0,72.0,0.01786,True,0.00254,0.00767,-0.51,0.331,1.0
113,052,環境學門,五專,0,0,6.0,0.0,6.0,0.0,0.0,True,0.0,9e-05,-0.01,0.0,1.0
113,053,物理、化學及地球科學學門,五專,0,0,,,,,,True,0.0,,,,1.0
113,054,數學及統計學門,五專,0,0,,,,,,True,0.0,,,,1.0
113,061,資訊通訊科技學門,五專,32,3,2428.0,295.0,2396.0,292.0,0.01318,True,0.00904,0.03712,-2.81,0.244,1.0
113,071,工程及工程業學門,五專,46,9,3715.0,514.0,3669.0,505.0,0.01238,True,0.013,0.05684,-4.38,0.229,1.0
113,072,製造及加工學門,五專,21,2,171.0,16.0,150.0,14.0,0.12281,True,0.00594,0.00232,0.36,2.56,1.0
113,073,建築及營建工程學門,五專,14,2,839.0,94.0,825.0,92.0,0.01669,True,0.00396,0.01278,-0.88,0.31,1.0
113,081,農業學門,五專,4,2,37.0,3.0,33.0,1.0,0.10811,True,0.00113,0.00051,0.06,2.216,1.0
113,082,林業學門,五專,0,0,,,,,,True,0.0,,,,1.0
113,083,漁業學門,五專,3,0,77.0,18.0,74.0,18.0,0.03896,True,0.00085,0.00115,-0.03,0.739,1.0
113,084,獸醫學門,五專,0,0,,,,,,True,0.0,,,,1.0
113,091,醫藥衛生學門,五專,2385,361,36805.0,6395.0,34420.0,6034.0,0.0648,True,0.67411,0.53328,14.08,1.264,1.0
113,092,社會福利學門,五專,449,39,4416.0,636.0,3967.0,597.0,0.10168,True,0.12691,0.06146,6.54,2.065,1.0
113,101,餐旅及民生服務學門,五專,345,49,7029.0,1034.0,6684.0,985.0,0.04908,True,0.09751,0.10356,-0.6,0.942,1.0
113,102,衛生及職業衛生服務學門,五專,0,0,317.0,39.0,317.0,39.0,0.0,True,0.0,0.00491,-0.49,0.0,1.0
113,103,安全服務學門,五專,0,0,,,,,,True,0.0,,,,1.0
113,104,運輸服務學門,五專,6,1,307.0,51.0,301.0,50.0,0.01954,True,0.0017,0.00466,-0.3,0.365,1.0
113,999,其他學門,五專,23,0,185.0,0.0,162.0,0.0,0.12432,False,,,,,1.0
113,011,教育學門,博士班,60,6,2553.0,317.0,2493.0,311.0,0.0235,True,0.26667,0.0877,17.9,3.041,1.0
113,021,藝術學門,博士班,9,1,1146.0,124.0,1137.0,123.0,0.00785,True,0.04,0.04,0.0,1.0,1.0
113,022,人文學門,博士班,26,2,879.0,101.0,853.0,99.0,0.02958,True,0.11556,0.03001,8.56,3.851,1.0
113,023,語文學門,博士班,18,0,1254.0,126.0,1236.0,126.0,0.01435,True,0.08,0.04348,3.65,1.84,1.0
113,031,社會及行為科學學門,博士班,13,1,1401.0,143.0,1388.0,142.0,0.00928,True,0.05778,0.04883,0.9,1.183,1.0
113,032,新聞學及圖書資訊學門,博士班,2,1,137.0,18.0,135.0,17.0,0.0146,True,0.00889,0.00475,0.41,1.872,1.0
113,041,商業及管理學門,博士班,16,0,2986.0,360.0,2970.0,360.0,0.00536,True,0.07111,0.10448,-3.34,0.681,1.0
113,042,法律學門,博士班,5,0,415.0,23.0,410.0,23.0,0.01205,True,0.02222,0.01442,0.78,1.541,1.0
113,051,生命科學學門,博士班,3,1,1566.0,212.0,1563.0,211.0,0.00192,True,0.01333,0.05498,-4.16,0.242,1.0
113,052,環境學門,博士班,2,0,151.0,19.0,149.0,19.0,0.01325,True,0.00889,0.00524,0.37,1.697,1.0
113,053,物理、化學及地球科學學門,博士班,1,0,1569.0,252.0,1568.0,252.0,0.00064,True,0.00444,0.05516,-5.07,0.08,1.0
113,054,數學及統計學門,博士班,0,0,208.0,27.0,208.0,27.0,0.0,True,0.0,0.00732,-0.73,0.0,1.0
113,061,資訊通訊科技學門,博士班,3,0,1525.0,166.0,1522.0,166.0,0.00197,True,0.01333,0.05354,-4.02,0.249,1.0
113,071,工程及工程業學門,博士班,25,5,7022.0,966.0,6997.0,961.0,0.00356,True,0.11111,0.24615,-13.5,0.451,1.0
113,072,製造及加工學門,博士班,1,0,164.0,12.0,163.0,12.0,0.0061,True,0.00444,0.00573,-0.13,0.775,1.0
113,073,建築及營建工程學門,博士班,6,0,855.0,108.0,849.0,108.0,0.00702,True,0.02667,0.02987,-0.32,0.893,1.0
113,081,農業學門,博士班,5,0,449.0,47.0,444.0,47.0,0.01114,True,0.02222,0.01562,0.66,1.423,1.0
113,082,林業學門,博士班,0,0,50.0,9.0,50.0,9.0,0.0,True,0.0,0.00176,-0.18,0.0,1.0
113,083,漁業學門,博士班,0,0,110.0,13.0,110.0,13.0,0.0,True,0.0,0.00387,-0.39,0.0,1.0
113,084,獸醫學門,博士班,1,0,86.0,7.0,85.0,7.0,0.01163,True,0.00444,0.00299,0.15,1.485,1.0
113,091,醫藥衛生學門,博士班,21,2,3654.0,518.0,3633.0,516.0,0.00575,True,0.09333,0.12781,-3.45,0.73,1.0
113,092,社會福利學門,博士班,1,0,129.0,11.0,128.0,11.0,0.00775,True,0.00444,0.0045,-0.01,0.987,1.0
113,101,餐旅及民生服務學門,博士班,6,0,244.0,23.0,238.0,23.0,0.02459,True,0.02667,0.00837,1.83,3.186,1.0
113,102,衛生及職業衛生服務學門,博士班,0,0,,,,,,True,0.0,,,,1.0
113,103,安全服務學門,博士班,0,0,,,,,,True,0.0,,,,1.0
113,104,運輸服務學門,博士班,1,0,98.0,9.0,97.0,9.0,0.0102,True,0.00444,0.00341,0.1,1.302,1.0
113,999,其他學門,博士班,1,0,165.0,8.0,164.0,8.0,0.00606,False,,,,,1.0
113,011,教育學門,學士班,1068,196,19282.0,4353.0,18214.0,4157.0,0.05539,True,0.05628,0.02358,3.27,2.387,1.0
113,021,藝術學門,學士班,2053,310,67355.0,15684.0,65302.0,15374.0,0.03048,True,0.10819,0.08453,2.37,1.28,1.0
113,022,人文學門,學士班,426,74,9146.0,1982.0,8720.0,1908.0,0.04658,True,0.02245,0.01129,1.12,1.988,1.0
113,023,語文學門,學士班,1155,206,52065.0,13508.0,50910.0,13302.0,0.02218,True,0.06087,0.0659,-0.5,0.924,1.0
113,031,社會及行為科學學門,學士班,848,173,27059.0,6169.0,26211.0,5996.0,0.03134,True,0.04469,0.03393,1.08,1.317,1.0
113,032,新聞學及圖書資訊學門,學士班,472,97,11958.0,2893.0,11486.0,2796.0,0.03947,True,0.02487,0.01487,1.0,1.672,1.0
113,041,商業及管理學門,學士班,2480,638,134023.0,34448.0,131543.0,33810.0,0.0185,True,0.1307,0.17027,-3.96,0.768,1.0
113,042,法律學門,學士班,403,91,12601.0,2876.0,12198.0,2785.0,0.03198,True,0.02124,0.01579,0.55,1.345,1.0
113,051,生命科學學門,學士班,200,35,15919.0,3932.0,15719.0,3897.0,0.01256,True,0.01054,0.02035,-0.98,0.518,1.0
113,052,環境學門,學士班,19,7,1579.0,385.0,1560.0,378.0,0.01203,True,0.001,0.00202,-0.1,0.495,1.0
113,053,物理、化學及地球科學學門,學士班,84,19,15087.0,3201.0,15003.0,3182.0,0.00557,True,0.00443,0.01942,-1.5,0.228,1.0
113,054,數學及統計學門,學士班,57,15,10053.0,2282.0,9996.0,2267.0,0.00567,True,0.003,0.01294,-0.99,0.232,1.0
113,061,資訊通訊科技學門,學士班,710,114,64768.0,13987.0,64058.0,13873.0,0.01096,True,0.03742,0.08292,-4.55,0.451,1.0
113,071,工程及工程業學門,學士班,1554,254,145451.0,32458.0,143897.0,32204.0,0.01068,True,0.0819,0.18626,-10.44,0.44,1.0
113,072,製造及加工學門,學士班,68,10,5948.0,1489.0,5880.0,1479.0,0.01143,True,0.00358,0.00761,-0.4,0.47,1.0
113,073,建築及營建工程學門,學士班,467,115,21401.0,4803.0,20934.0,4688.0,0.02182,True,0.02461,0.0271,-0.25,0.908,1.0
113,081,農業學門,學士班,219,27,7520.0,1698.0,7301.0,1671.0,0.02912,True,0.01154,0.00945,0.21,1.221,1.0
113,082,林業學門,學士班,40,5,1766.0,394.0,1726.0,389.0,0.02265,True,0.00211,0.00223,-0.01,0.946,1.0
113,083,漁業學門,學士班,12,6,1781.0,395.0,1769.0,389.0,0.00674,True,0.00063,0.00229,-0.17,0.275,1.0
113,084,獸醫學門,學士班,23,5,1758.0,331.0,1735.0,326.0,0.01308,True,0.00121,0.00225,-0.1,0.538,1.0
113,091,醫藥衛生學門,學士班,1667,406,60461.0,15781.0,58794.0,15375.0,0.02757,True,0.08785,0.0761,1.17,1.154,1.0
113,092,社會福利學門,學士班,1452,362,22614.0,6848.0,21162.0,6486.0,0.06421,True,0.07652,0.02739,4.91,2.794,1.0
113,101,餐旅及民生服務學門,學士班,3332,650,73689.0,18172.0,70357.0,17522.0,0.04522,True,0.1756,0.09107,8.45,1.928,1.0
113,102,衛生及職業衛生服務學門,學士班,22,6,1309.0,382.0,1287.0,376.0,0.01681,True,0.00116,0.00167,-0.05,0.695,1.0
113,103,安全服務學門,學士班,11,4,516.0,166.0,505.0,162.0,0.02132,True,0.00058,0.00065,-0.01,0.892,1.0
113,104,運輸服務學門,學士班,133,32,6425.0,1672.0,6292.0,1640.0,0.0207,True,0.00701,0.00814,-0.11,0.861,1.0
113,999,其他學門,學士班,866,3,1681.0,204.0,815.0,201.0,0.51517,False,,,,,1.0
113,011,教育學門,碩士班,493,74,13905.0,2979.0,13412.0,2905.0,0.03545,True,0.19775,0.07659,12.12,2.582,1.0
113,021,藝術學門,碩士班,186,22,10894.0,2677.0,10708.0,2655.0,0.01707,True,0.07461,0.06115,1.35,1.22,1.0
113,022,人文學門,碩士班,150,20,3258.0,621.0,3108.0,601.0,0.04604,True,0.06017,0.01775,4.24,3.39,1.0
113,023,語文學門,碩士班,98,13,6405.0,1317.0,6307.0,1304.0,0.0153,True,0.03931,0.03602,0.33,1.091,1.0
113,031,社會及行為科學學門,碩士班,262,42,10615.0,2627.0,10353.0,2585.0,0.02468,True,0.10509,0.05912,4.6,1.778,1.0
113,032,新聞學及圖書資訊學門,碩士班,6,2,1999.0,527.0,1993.0,525.0,0.003,True,0.00241,0.01138,-0.9,0.212,1.0
113,041,商業及管理學門,碩士班,281,92,30729.0,12168.0,30448.0,12076.0,0.00914,True,0.11272,0.17387,-6.11,0.648,1.0
113,042,法律學門,碩士班,146,9,6591.0,1146.0,6445.0,1137.0,0.02215,True,0.05856,0.0368,2.18,1.591,1.0
113,051,生命科學學門,碩士班,24,11,3582.0,1222.0,3558.0,1211.0,0.0067,True,0.00963,0.02032,-1.07,0.474,1.0
113,052,環境學門,碩士班,12,0,829.0,246.0,817.0,246.0,0.01448,True,0.00481,0.00467,0.01,1.03,1.0
113,053,物理、化學及地球科學學門,碩士班,18,7,4770.0,1608.0,4752.0,1601.0,0.00377,True,0.00722,0.02714,-1.99,0.266,1.0
113,054,數學及統計學門,碩士班,4,1,1805.0,722.0,1801.0,721.0,0.00222,True,0.0016,0.01028,-0.87,0.156,1.0
113,061,資訊通訊科技學門,碩士班,75,18,15003.0,5038.0,14928.0,5020.0,0.005,True,0.03008,0.08525,-5.52,0.353,1.0
113,071,工程及工程業學門,碩士班,157,36,42711.0,14569.0,42554.0,14533.0,0.00368,True,0.06298,0.243,-18.0,0.259,1.0
113,072,製造及加工學門,碩士班,2,2,1040.0,402.0,1038.0,400.0,0.00192,True,0.0008,0.00593,-0.51,0.135,1.0
113,073,建築及營建工程學門,碩士班,47,16,5303.0,1798.0,5256.0,1782.0,0.00886,True,0.01885,0.03001,-1.12,0.628,1.0
113,081,農業學門,碩士班,14,2,1605.0,564.0,1591.0,562.0,0.00872,True,0.00562,0.00909,-0.35,0.618,1.0
113,082,林業學門,碩士班,2,2,305.0,93.0,303.0,91.0,0.00656,True,0.0008,0.00173,-0.09,0.462,1.0
113,083,漁業學門,碩士班,2,1,298.0,97.0,296.0,96.0,0.00671,True,0.0008,0.00169,-0.09,0.473,1.0
113,084,獸醫學門,碩士班,1,0,235.0,85.0,234.0,85.0,0.00426,True,0.0004,0.00134,-0.09,0.299,1.0
113,091,醫藥衛生學門,碩士班,146,30,7588.0,2504.0,7442.0,2474.0,0.01924,True,0.05856,0.0425,1.61,1.378,1.0
113,092,社會福利學門,碩士班,160,29,2692.0,572.0,2532.0,543.0,0.05944,True,0.06418,0.01446,4.97,4.438,1.0
113,101,餐旅及民生服務學門,碩士班,199,41,4345.0,1396.0,4146.0,1355.0,0.0458,True,0.07982,0.02368,5.61,3.371,1.0
113,102,衛生及職業衛生服務學門,碩士班,3,0,200.0,68.0,197.0,68.0,0.015,True,0.0012,0.00112,0.01,1.071,1.0
113,103,安全服務學門,碩士班,0,0,25.0,12.0,25.0,12.0,0.0,True,0.0,0.00014,-0.01,0.0,1.0
113,104,運輸服務學門,碩士班,5,2,877.0,385.0,872.0,383.0,0.0057,True,0.00201,0.00498,-0.3,0.404,1.0
113,999,其他學門,碩士班,4,1,279.0,76.0,275.0,75.0,0.01434,False,,,,,1.0
113,011,教育學門,總計,1621,278,35811.0,7677.0,34190.0,7399.0,0.04527,True,0.06228,0.03269,2.96,1.905,1.0
113,021,藝術學門,總計,2287,335,81451.0,18710.0,79164.0,18375.0,0.02808,True,0.08787,0.07568,1.22,1.161,1.0
113,022,人文學門,總計,602,96,13283.0,2704.0,12681.0,2608.0,0.04532,True,0.02313,0.01212,1.1,1.908,1.0
113,023,語文學門,總計,1378,239,64596.0,15711.0,63218.0,15472.0,0.02133,True,0.05294,0.06044,-0.75,0.876,1.0
113,031,社會及行為科學學門,總計,1123,216,39075.0,8939.0,37952.0,8723.0,0.02874,True,0.04315,0.03628,0.69,1.189,1.0
113,032,新聞學及圖書資訊學門,總計,480,100,14094.0,3438.0,13614.0,3338.0,0.03406,True,0.01844,0.01301,0.54,1.417,1.0
113,041,商業及管理學門,總計,3064,793,173802.0,48322.0,170738.0,47529.0,0.01763,True,0.11772,0.16323,-4.55,0.721,1.0
113,042,法律學門,總計,554,100,19607.0,4045.0,19053.0,3945.0,0.02826,True,0.02128,0.01821,0.31,1.169,1.0
113,051,生命科學學門,總計,241,49,21603.0,5449.0,21362.0,5400.0,0.01116,True,0.00926,0.02042,-1.12,0.453,1.0
113,052,環境學門,總計,33,7,2565.0,650.0,2532.0,643.0,0.01287,True,0.00127,0.00242,-0.11,0.525,1.0
113,053,物理、化學及地球科學學門,總計,103,26,21426.0,5061.0,21323.0,5035.0,0.00481,True,0.00396,0.02038,-1.64,0.194,1.0
113,054,數學及統計學門,總計,61,16,12066.0,3031.0,12005.0,3015.0,0.00506,True,0.00234,0.01148,-0.91,0.204,1.0
113,061,資訊通訊科技學門,總計,832,141,84008.0,19625.0,83176.0,19484.0,0.0099,True,0.03197,0.07952,-4.76,0.402,1.0
113,071,工程及工程業學門,總計,1823,312,199654.0,48870.0,197831.0,48558.0,0.00913,True,0.07004,0.18913,-11.91,0.37,1.0
113,072,製造及加工學門,總計,100,19,7389.0,1930.0,7289.0,1911.0,0.01353,True,0.00384,0.00697,-0.31,0.551,1.0
113,073,建築及營建工程學門,總計,539,136,28527.0,6843.0,27988.0,6707.0,0.01889,True,0.02071,0.02676,-0.6,0.774,1.0
113,081,農業學門,總計,261,32,9707.0,2355.0,9446.0,2323.0,0.02689,True,0.01003,0.00903,0.1,1.111,1.0
113,082,林業學門,總計,42,7,2121.0,496.0,2079.0,489.0,0.0198,True,0.00161,0.00199,-0.04,0.809,1.0
113,083,漁業學門,總計,17,7,2266.0,523.0,2249.0,516.0,0.0075,True,0.00065,0.00215,-0.15,0.302,1.0
113,084,獸醫學門,總計,25,5,2079.0,423.0,2054.0,418.0,0.01203,True,0.00096,0.00196,-0.1,0.49,1.0
113,091,醫藥衛生學門,總計,4244,809,109704.0,25664.0,105460.0,24855.0,0.03869,True,0.16306,0.10082,6.22,1.617,1.0
113,092,社會福利學門,總計,2456,518,30868.0,8402.0,28412.0,7884.0,0.07956,True,0.09436,0.02716,6.72,3.474,1.0
113,101,餐旅及民生服務學門,總計,3959,762,86210.0,21063.0,82251.0,20301.0,0.04592,True,0.15211,0.07863,7.35,1.935,1.0
113,102,衛生及職業衛生服務學門,總計,25,6,1826.0,489.0,1801.0,483.0,0.01369,True,0.00096,0.00172,-0.08,0.558,1.0
113,103,安全服務學門,總計,11,4,541.0,178.0,530.0,174.0,0.02033,True,0.00042,0.00051,-0.01,0.824,1.0
113,104,運輸服務學門,總計,147,37,7776.0,2149.0,7629.0,2112.0,0.0189,True,0.00565,0.00729,-0.16,0.775,1.0
113,999,其他學門,總計,894,4,2310.0,288.0,1416.0,284.0,0.38701,False,,,,,1.0
114,011,教育學門,二專,0,0,71.0,28.0,71.0,28.0,0.0,True,0.0,0.01396,-1.4,0.0,1.0
114,021,藝術學門,二專,2,2,150.0,48.0,148.0,46.0,0.01333,True,0.0025,0.02911,-2.66,0.086,1.0
114,022,人文學門,二專,0,0,,,,,,True,0.0,,,,1.0
114,023,語文學門,二專,7,4,172.0,92.0,165.0,88.0,0.0407,True,0.00875,0.03245,-2.37,0.27,1.0
114,031,社會及行為科學學門,二專,0,0,,,,,,True,0.0,,,,1.0
114,032,新聞學及圖書資訊學門,二專,0,0,,,,,,True,0.0,,,,1.0
114,041,商業及管理學門,二專,228,58,1075.0,421.0,847.0,363.0,0.21209,True,0.285,0.16657,11.84,1.711,1.0
114,042,法律學門,二專,0,0,,,,,,True,0.0,,,,1.0
114,051,生命科學學門,二專,0,5,27.0,16.0,27.0,11.0,0.0,True,0.0,0.00531,-0.53,0.0,1.0
114,052,環境學門,二專,0,0,,,,,,True,0.0,,,,1.0
114,053,物理、化學及地球科學學門,二專,0,0,,,,,,True,0.0,,,,1.0
114,054,數學及統計學門,二專,0,0,,,,,,True,0.0,,,,1.0
114,061,資訊通訊科技學門,二專,6,4,249.0,109.0,243.0,105.0,0.0241,True,0.0075,0.04779,-4.03,0.157,1.0
114,071,工程及工程業學門,二專,25,14,675.0,280.0,650.0,266.0,0.03704,True,0.03125,0.12783,-9.66,0.244,1.0
114,072,製造及加工學門,二專,8,2,58.0,28.0,50.0,26.0,0.13793,True,0.01,0.00983,0.02,1.017,1.0
114,073,建築及營建工程學門,二專,2,2,104.0,52.0,102.0,50.0,0.01923,True,0.0025,0.02006,-1.76,0.125,1.0
114,081,農業學門,二專,15,5,83.0,45.0,68.0,40.0,0.18072,True,0.01875,0.01337,0.54,1.402,1.0
114,082,林業學門,二專,0,0,,,,,,True,0.0,,,,1.0
114,083,漁業學門,二專,0,0,,,,,,True,0.0,,,,1.0
114,084,獸醫學門,二專,0,0,,,,,,True,0.0,,,,1.0
114,091,醫藥衛生學門,二專,28,7,1236.0,392.0,1208.0,385.0,0.02265,True,0.035,0.23756,-20.26,0.147,1.0
114,092,社會福利學門,二專,408,95,1153.0,368.0,745.0,273.0,0.35386,True,0.51,0.14651,36.35,3.481,1.0
114,101,餐旅及民生服務學門,二專,67,31,775.0,337.0,708.0,306.0,0.08645,True,0.08375,0.13923,-5.55,0.602,1.0
114,102,衛生及職業衛生服務學門,二專,0,0,,,,,,True,0.0,,,,1.0
114,103,安全服務學門,二專,0,0,,,,,,True,0.0,,,,1.0
114,104,運輸服務學門,二專,4,1,57.0,38.0,53.0,37.0,0.07018,True,0.005,0.01042,-0.54,0.48,1.0
114,999,其他學門,二專,0,0,,,,,,False,,,,,1.0
114,011,教育學門,五專,0,0,,,,,,True,0.0,,,,1.0
114,021,藝術學門,五專,37,0,1917.0,132.0,1880.0,132.0,0.0193,True,0.01073,0.03056,-1.98,0.351,1.0
114,022,人文學門,五專,0,0,,,,,,True,0.0,,,,1.0
114,023,語文學門,五專,109,12,4608.0,654.0,4499.0,642.0,0.02365,True,0.03162,0.07314,-4.15,0.432,1.0
114,031,社會及行為科學學門,五專,0,0,,,,,,True,0.0,,,,1.0
114,032,新聞學及圖書資訊學門,五專,0,0,,,,,,True,0.0,,,,1.0
114,041,商業及管理學門,五專,101,13,4762.0,699.0,4661.0,686.0,0.02121,True,0.0293,0.07577,-4.65,0.387,1.0
114,042,法律學門,五專,0,0,,,,,,True,0.0,,,,1.0
114,051,生命科學學門,五專,9,0,476.0,71.0,467.0,71.0,0.01891,True,0.00261,0.00759,-0.5,0.344,1.0
114,052,環境學門,五專,0,0,6.0,0.0,6.0,0.0,0.0,True,0.0,0.0001,-0.01,0.0,1.0
114,053,物理、化學及地球科學學門,五專,0,0,,,,,,True,0.0,,,,1.0
114,054,數學及統計學門,五專,0,0,,,,,,True,0.0,,,,1.0
114,061,資訊通訊科技學門,五專,36,1,2446.0,301.0,2410.0,300.0,0.01472,True,0.01044,0.03918,-2.87,0.266,1.0
114,071,工程及工程業學門,五專,50,5,3758.0,451.0,3708.0,446.0,0.0133,True,0.01451,0.06028,-4.58,0.241,1.0
114,072,製造及加工學門,五專,21,0,196.0,6.0,175.0,6.0,0.10714,True,0.00609,0.00284,0.32,2.144,1.0
114,073,建築及營建工程學門,五專,18,0,751.0,99.0,733.0,99.0,0.02397,True,0.00522,0.01192,-0.67,0.438,1.0
114,081,農業學門,五專,5,0,67.0,7.0,62.0,7.0,0.07463,True,0.00145,0.00101,0.04,1.436,1.0
114,082,林業學門,五專,0,0,,,,,,True,0.0,,,,1.0
114,083,漁業學門,五專,4,0,72.0,11.0,68.0,11.0,0.05556,True,0.00116,0.00111,0.0,1.045,1.0
114,084,獸醫學門,五專,0,0,,,,,,True,0.0,,,,1.0
114,091,醫藥衛生學門,五專,2230,349,34249.0,6506.0,32019.0,6157.0,0.06511,True,0.64694,0.52052,12.64,1.243,1.0
114,092,社會福利學門,五專,460,27,4236.0,655.0,3776.0,628.0,0.10859,True,0.13345,0.06139,7.21,2.174,1.0
114,101,餐旅及民生服務學門,五專,359,39,6823.0,1004.0,6464.0,965.0,0.05262,True,0.10415,0.10508,-0.09,0.991,1.0
114,102,衛生及職業衛生服務學門,五專,1,0,301.0,26.0,300.0,26.0,0.00332,True,0.00029,0.00488,-0.46,0.059,1.0
114,103,安全服務學門,五專,0,0,,,,,,True,0.0,,,,1.0
114,104,運輸服務學門,五專,7,1,292.0,48.0,285.0,47.0,0.02397,True,0.00203,0.00463,-0.26,0.438,1.0
114,999,其他學門,五專,20,0,204.0,10.0,184.0,10.0,0.09804,False,,,,,1.0
114,011,教育學門,博士班,65,3,2615.0,282.0,2550.0,279.0,0.02486,True,0.25692,0.08826,16.87,2.911,1.0
114,021,藝術學門,博士班,9,1,1121.0,115.0,1112.0,114.0,0.00803,True,0.03557,0.03849,-0.29,0.924,1.0
114,022,人文學門,博士班,25,2,885.0,81.0,860.0,79.0,0.02825,True,0.09881,0.02977,6.9,3.319,1.0
114,023,語文學門,博士班,17,2,1223.0,150.0,1206.0,148.0,0.0139,True,0.06719,0.04174,2.54,1.61,1.0
114,031,社會及行為科學學門,博士班,24,1,1445.0,144.0,1421.0,143.0,0.01661,True,0.09486,0.04918,4.57,1.929,1.0
114,032,新聞學及圖書資訊學門,博士班,1,0,133.0,21.0,132.0,21.0,0.00752,True,0.00395,0.00457,-0.06,0.864,1.0
114,041,商業及管理學門,博士班,21,1,2978.0,393.0,2957.0,392.0,0.00705,True,0.083,0.10235,-1.93,0.811,1.0
114,042,法律學門,博士班,7,0,416.0,33.0,409.0,33.0,0.01683,True,0.02767,0.01416,1.35,1.954,1.0
114,051,生命科學學門,博士班,5,0,1613.0,207.0,1608.0,207.0,0.0031,True,0.01976,0.05566,-3.59,0.355,1.0
114,052,環境學門,博士班,2,0,170.0,10.0,168.0,10.0,0.01176,True,0.00791,0.00581,0.21,1.361,1.0
114,053,物理、化學及地球科學學門,博士班,4,1,1567.0,254.0,1563.0,253.0,0.00255,True,0.01581,0.0541,-3.83,0.292,1.0
114,054,數學及統計學門,博士班,0,0,213.0,29.0,213.0,29.0,0.0,True,0.0,0.00737,-0.74,0.0,1.0
114,061,資訊通訊科技學門,博士班,3,1,1602.0,162.0,1599.0,161.0,0.00187,True,0.01186,0.05535,-4.35,0.214,1.0
114,071,工程及工程業學門,博士班,24,0,7151.0,973.0,7127.0,973.0,0.00336,True,0.09486,0.24669,-15.18,0.385,1.0
114,072,製造及加工學門,博士班,0,1,159.0,20.0,159.0,19.0,0.0,True,0.0,0.0055,-0.55,0.0,1.0
114,073,建築及營建工程學門,博士班,7,1,856.0,141.0,849.0,140.0,0.00818,True,0.02767,0.02939,-0.17,0.941,1.0
114,081,農業學門,博士班,6,0,447.0,54.0,441.0,54.0,0.01342,True,0.02372,0.01526,0.85,1.554,1.0
114,082,林業學門,博士班,0,0,53.0,6.0,53.0,6.0,0.0,True,0.0,0.00183,-0.18,0.0,1.0
114,083,漁業學門,博士班,0,0,117.0,13.0,117.0,13.0,0.0,True,0.0,0.00405,-0.4,0.0,1.0
114,084,獸醫學門,博士班,1,0,85.0,9.0,84.0,9.0,0.01176,True,0.00395,0.00291,0.1,1.357,1.0
114,091,醫藥衛生學門,博士班,26,0,3842.0,511.0,3816.0,511.0,0.00677,True,0.10277,0.13208,-2.93,0.778,1.0
114,092,社會福利學門,博士班,1,0,127.0,10.0,126.0,10.0,0.00787,True,0.00395,0.00436,-0.04,0.906,1.0
114,101,餐旅及民生服務學門,博士班,5,2,229.0,46.0,224.0,44.0,0.02183,True,0.01976,0.00775,1.2,2.55,1.0
114,102,衛生及職業衛生服務學門,博士班,0,0,,,,,,True,0.0,,,,1.0
114,103,安全服務學門,博士班,0,0,,,,,,True,0.0,,,,1.0
114,104,運輸服務學門,博士班,0,0,97.0,8.0,97.0,8.0,0.0,True,0.0,0.00336,-0.34,0.0,1.0
114,999,其他學門,博士班,2,0,160.0,13.0,158.0,13.0,0.0125,False,,,,,1.0
114,011,教育學門,學士班,1121,224,19160.0,4556.0,18039.0,4332.0,0.05851,True,0.05819,0.02384,3.44,2.441,1.0
114,021,藝術學門,學士班,2089,323,64066.0,14828.0,61977.0,14505.0,0.03261,True,0.10844,0.0819,2.65,1.324,1.0
114,022,人文學門,學士班,409,80,8893.0,1988.0,8484.0,1908.0,0.04599,True,0.02123,0.01121,1.0,1.894,1.0
114,023,語文學門,學士班,1150,210,48912.0,12344.0,47762.0,12134.0,0.02351,True,0.0597,0.06312,-0.34,0.946,1.0
114,031,社會及行為科學學門,學士班,841,219,26500.0,6254.0,25659.0,6035.0,0.03174,True,0.04366,0.03391,0.97,1.288,1.0
114,032,新聞學及圖書資訊學門,學士班,418,163,11219.0,3017.0,10801.0,2854.0,0.03726,True,0.0217,0.01427,0.74,1.521,1.0
114,041,商業及管理學門,學士班,2534,656,127350.0,33138.0,124816.0,32482.0,0.0199,True,0.13154,0.16494,-3.34,0.798,1.0
114,042,法律學門,學士班,433,75,12413.0,2915.0,11980.0,2840.0,0.03488,True,0.02248,0.01583,0.66,1.42,1.0
114,051,生命科學學門,學士班,218,39,15912.0,3767.0,15694.0,3728.0,0.0137,True,0.01132,0.02074,-0.94,0.546,1.0
114,052,環境學門,學士班,13,10,1575.0,367.0,1562.0,357.0,0.00825,True,0.00067,0.00206,-0.14,0.325,1.0
114,053,物理、化學及地球科學學門,學士班,115,2,14894.0,3321.0,14779.0,3319.0,0.00772,True,0.00597,0.01953,-1.36,0.306,1.0
114,054,數學及統計學門,學士班,58,10,9969.0,2089.0,9911.0,2079.0,0.00582,True,0.00301,0.0131,-1.01,0.23,1.0
114,061,資訊通訊科技學門,學士班,765,122,64757.0,14374.0,63992.0,14252.0,0.01181,True,0.03971,0.08456,-4.48,0.47,1.0
114,071,工程及工程業學門,學士班,1683,290,146748.0,32111.0,145065.0,31821.0,0.01147,True,0.08737,0.1917,-10.43,0.456,1.0
114,072,製造及加工學門,學士班,67,12,5889.0,1483.0,5822.0,1471.0,0.01138,True,0.00348,0.00769,-0.42,0.453,1.0
114,073,建築及營建工程學門,學士班,448,88,21132.0,4719.0,20684.0,4631.0,0.0212,True,0.02326,0.02733,-0.41,0.851,1.0
114,081,農業學門,學士班,220,38,7712.0,1738.0,7492.0,1700.0,0.02853,True,0.01142,0.0099,0.15,1.154,1.0
114,082,林業學門,學士班,45,9,1726.0,397.0,1681.0,388.0,0.02607,True,0.00234,0.00222,0.01,1.054,1.0
114,083,漁業學門,學士班,13,3,1739.0,361.0,1726.0,358.0,0.00748,True,0.00067,0.00228,-0.16,0.294,1.0
114,084,獸醫學門,學士班,25,4,1804.0,327.0,1779.0,323.0,0.01386,True,0.0013,0.00235,-0.11,0.553,1.0
114,091,醫藥衛生學門,學士班,1696,414,59315.0,15735.0,57619.0,15321.0,0.02859,True,0.08804,0.07614,1.19,1.156,1.0
114,092,社會福利學門,學士班,1448,386,22312.0,6692.0,20864.0,6306.0,0.0649,True,0.07517,0.02757,4.76,2.727,1.0
114,101,餐旅及民生服務學門,學士班,3280,639,73855.0,16118.0,70575.0,15479.0,0.04441,True,0.17027,0.09326,7.7,1.826,1.0
114,102,衛生及職業衛生服務學門,學士班,26,3,1280.0,382.0,1254.0,379.0,0.02031,True,0.00135,0.00166,-0.03,0.813,1.0
114,103,安全服務學門,學士班,8,2,432.0,165.0,424.0,163.0,0.01852,True,0.00042,0.00056,-0.01,0.75,1.0
114,104,運輸服務學門,學士班,141,13,6434.0,1505.0,6293.0,1492.0,0.02191,True,0.00732,0.00832,-0.1,0.88,1.0
114,999,其他學門,學士班,942,1,1656.0,113.0,714.0,112.0,0.56884,False,,,,,1.0
114,011,教育學門,碩士班,518,92,13852.0,3152.0,13334.0,3060.0,0.0374,True,0.19824,0.07578,12.25,2.616,1.0
114,021,藝術學門,碩士班,205,22,10758.0,2634.0,10553.0,2612.0,0.01906,True,0.07845,0.05998,1.85,1.308,1.0
114,022,人文學門,碩士班,148,18,3252.0,633.0,3104.0,615.0,0.04551,True,0.05664,0.01764,3.9,3.211,1.0
114,023,語文學門,碩士班,103,15,6436.0,1305.0,6333.0,1290.0,0.016,True,0.03942,0.03599,0.34,1.095,1.0
114,031,社會及行為科學學門,碩士班,270,52,10520.0,2835.0,10250.0,2783.0,0.02567,True,0.10333,0.05825,4.51,1.774,1.0
114,032,新聞學及圖書資訊學門,碩士班,5,1,1902.0,545.0,1897.0,544.0,0.00263,True,0.00191,0.01078,-0.89,0.177,1.0
114,041,商業及管理學門,碩士班,310,83,30655.0,12104.0,30345.0,12021.0,0.01011,True,0.11864,0.17246,-5.38,0.688,1.0
114,042,法律學門,碩士班,155,13,6471.0,1132.0,6316.0,1119.0,0.02395,True,0.05932,0.0359,2.34,1.652,1.0
114,051,生命科學學門,碩士班,28,5,3550.0,1330.0,3522.0,1325.0,0.00789,True,0.01072,0.02002,-0.93,0.535,1.0
114,052,環境學門,碩士班,13,2,820.0,261.0,807.0,259.0,0.01585,True,0.00498,0.00459,0.04,1.085,1.0
114,053,物理、化學及地球科學學門,碩士班,16,2,4858.0,1628.0,4842.0,1626.0,0.00329,True,0.00612,0.02752,-2.14,0.222,1.0
114,054,數學及統計學門,碩士班,6,1,1821.0,697.0,1815.0,696.0,0.00329,True,0.0023,0.01032,-0.8,0.223,1.0
114,061,資訊通訊科技學門,碩士班,79,23,15599.0,5360.0,15520.0,5337.0,0.00506,True,0.03023,0.08821,-5.8,0.343,1.0
114,071,工程及工程業學門,碩士班,169,38,43612.0,15522.0,43443.0,15484.0,0.00388,True,0.06468,0.2469,-18.22,0.262,1.0
114,072,製造及加工學門,碩士班,3,0,1002.0,388.0,999.0,388.0,0.00299,True,0.00115,0.00568,-0.45,0.202,1.0
114,073,建築及營建工程學門,碩士班,32,20,5292.0,1803.0,5260.0,1783.0,0.00605,True,0.01225,0.02989,-1.76,0.41,1.0
114,081,農業學門,碩士班,10,6,1607.0,540.0,1597.0,534.0,0.00622,True,0.00383,0.00908,-0.52,0.422,1.0
114,082,林業學門,碩士班,4,0,289.0,102.0,285.0,102.0,0.01384,True,0.00153,0.00162,-0.01,0.944,1.0
114,083,漁業學門,碩士班,1,1,319.0,91.0,318.0,90.0,0.00313,True,0.00038,0.00181,-0.14,0.21,1.0
114,084,獸醫學門,碩士班,0,1,239.0,89.0,239.0,88.0,0.0,True,0.0,0.00136,-0.14,0.0,1.0
114,091,醫藥衛生學門,碩士班,151,26,7499.0,2456.0,7348.0,2430.0,0.02014,True,0.05779,0.04176,1.6,1.384,1.0
114,092,社會福利學門,碩士班,166,35,2770.0,639.0,2604.0,604.0,0.05993,True,0.06353,0.0148,4.87,4.293,1.0
114,101,餐旅及民生服務學門,碩士班,208,49,4324.0,1373.0,4116.0,1324.0,0.0481,True,0.0796,0.02339,5.62,3.403,1.0
114,102,衛生及職業衛生服務學門,碩士班,7,1,197.0,84.0,190.0,83.0,0.03553,True,0.00268,0.00108,0.16,2.481,1.0
114,103,安全服務學門,碩士班,0,0,33.0,6.0,33.0,6.0,0.0,True,0.0,0.00019,-0.02,0.0,1.0
114,104,運輸服務學門,碩士班,6,1,887.0,310.0,881.0,309.0,0.00676,True,0.0023,0.00501,-0.27,0.459,1.0
114,999,其他學門,碩士班,6,2,273.0,80.0,267.0,78.0,0.02198,False,,,,,1.0
114,011,教育學門,總計,1704,319,35698.0,8018.0,33994.0,7699.0,0.04773,True,0.0646,0.03306,3.15,1.954,1.0
114,021,藝術學門,總計,2342,348,78012.0,17757.0,75670.0,17409.0,0.03002,True,0.08879,0.0736,1.52,1.206,1.0
114,022,人文學門,總計,582,100,13030.0,2702.0,12448.0,2602.0,0.04467,True,0.02206,0.01211,1.0,1.822,1.0
114,023,語文學門,總計,1386,243,61351.0,14545.0,59965.0,14302.0,0.02259,True,0.05255,0.05832,-0.58,0.901,1.0
114,031,社會及行為科學學門,總計,1135,272,38465.0,9233.0,37330.0,8961.0,0.02951,True,0.04303,0.03631,0.67,1.185,1.0
114,032,新聞學及圖書資訊學門,總計,424,164,13254.0,3583.0,12830.0,3419.0,0.03199,True,0.01607,0.01248,0.36,1.288,1.0
114,041,商業及管理學門,總計,3194,811,166820.0,46755.0,163626.0,45944.0,0.01915,True,0.12109,0.15914,-3.8,0.761,1.0
114,042,法律學門,總計,595,88,19300.0,4080.0,18705.0,3992.0,0.03083,True,0.02256,0.01819,0.44,1.24,1.0
114,051,生命科學學門,總計,260,49,21578.0,5391.0,21318.0,5342.0,0.01205,True,0.00986,0.02073,-1.09,0.476,1.0
114,052,環境學門,總計,28,12,2571.0,638.0,2543.0,626.0,0.01089,True,0.00106,0.00247,-0.14,0.429,1.0
114,053,物理、化學及地球科學學門,總計,135,5,21319.0,5203.0,21184.0,5198.0,0.00633,True,0.00512,0.0206,-1.55,0.249,1.0
114,054,數學及統計學門,總計,64,11,12003.0,2815.0,11939.0,2804.0,0.00533,True,0.00243,0.01161,-0.92,0.209,1.0
114,061,資訊通訊科技學門,總計,889,151,84653.0,20306.0,83764.0,20155.0,0.0105,True,0.0337,0.08147,-4.78,0.414,1.0
114,071,工程及工程業學門,總計,1951,347,201944.0,49337.0,199993.0,48990.0,0.00966,True,0.07397,0.19451,-12.05,0.38,1.0
114,072,製造及加工學門,總計,99,15,7304.0,1925.0,7205.0,1910.0,0.01355,True,0.00375,0.00701,-0.33,0.535,1.0
114,073,建築及營建工程學門,總計,507,111,28135.0,6814.0,27628.0,6703.0,0.01802,True,0.01922,0.02687,-0.76,0.715,1.0
114,081,農業學門,總計,256,49,9916.0,2384.0,9660.0,2335.0,0.02582,True,0.00971,0.0094,0.03,1.033,1.0
114,082,林業學門,總計,49,9,2068.0,505.0,2019.0,496.0,0.02369,True,0.00186,0.00196,-0.01,0.949,1.0
114,083,漁業學門,總計,18,4,2247.0,476.0,2229.0,472.0,0.00801,True,0.00068,0.00217,-0.15,0.313,1.0
114,084,獸醫學門,總計,26,5,2128.0,425.0,2102.0,420.0,0.01222,True,0.00099,0.00204,-0.11,0.485,1.0
114,091,醫藥衛生學門,總計,4131,796,106141.0,25600.0,102010.0,24804.0,0.03892,True,0.15661,0.09921,5.74,1.579,1.0
114,092,社會福利學門,總計,2483,543,30598.0,8364.0,28115.0,7821.0,0.08115,True,0.09414,0.02734,6.68,3.443,1.0
114,101,餐旅及民生服務學門,總計,3919,760,86006.0,18878.0,82087.0,18118.0,0.04557,True,0.14858,0.07984,6.87,1.861,1.0
114,102,衛生及職業衛生服務學門,總計,34,4,1778.0,492.0,1744.0,488.0,0.01912,True,0.00129,0.0017,-0.04,0.759,1.0
114,103,安全服務學門,總計,8,2,465.0,171.0,457.0,169.0,0.0172,True,0.0003,0.00044,-0.01,0.682,1.0
114,104,運輸服務學門,總計,158,16,7767.0,1909.0,7609.0,1893.0,0.02034,True,0.00599,0.0074,-0.14,0.809,1.0
114,999,其他學門,總計,970,3,2293.0,216.0,1323.0,213.0,0.42303,False,,,,,1.0
